ISO-10303-21;
HEADER;
/* Generated by software containing ST-Developer
 * from STEP Tools, Inc. (www.steptools.com) 
 */

FILE_DESCRIPTION(
/* description */ (''),
/* implementation_level */ '2;1');

FILE_NAME(
/* name */ 
'fdm_innenkontur_untersuchungsobjekt_quadrat_10_15_20mm.step',
/* time_stamp */ '2026-07-27T16:30:00+02:00',
/* author */ (''),
/* organization */ (''),
/* preprocessor_version */ 'ST-DEVELOPER v20.1',
/* originating_system */ 'Autodesk Translation Framework v15.8.0.0',
/* authorisation */ '');

FILE_SCHEMA (('AUTOMOTIVE_DESIGN { 1 0 10303 214 3 1 1 }'));
ENDSEC;

DATA;
#10=MECHANICAL_DESIGN_GEOMETRIC_PRESENTATION_REPRESENTATION('',(#13),#3179);
#11=SHAPE_REPRESENTATION_RELATIONSHIP('SRR','None',#3186,#12);
#12=ADVANCED_BREP_SHAPE_REPRESENTATION('',(#14),#3178);
#13=STYLED_ITEM('',(#3195),#14);
#14=MANIFOLD_SOLID_BREP('K\X\F6rper1',#1991);
#15=FACE_BOUND('',#180,.T.);
#16=FACE_BOUND('',#181,.T.);
#17=FACE_BOUND('',#182,.T.);
#18=FACE_BOUND('',#183,.T.);
#19=FACE_BOUND('',#184,.T.);
#20=FACE_BOUND('',#261,.T.);
#21=FACE_BOUND('',#262,.T.);
#22=FACE_BOUND('',#263,.T.);
#23=CYLINDRICAL_SURFACE('',#2040,12.);
#24=CYLINDRICAL_SURFACE('',#2043,12.);
#25=CYLINDRICAL_SURFACE('',#2119,12.);
#26=CIRCLE('',#2029,11.);
#27=CIRCLE('',#2030,12.);
#28=CIRCLE('',#2033,11.);
#29=CIRCLE('',#2034,12.);
#30=CIRCLE('',#2037,11.);
#31=CIRCLE('',#2038,12.);
#32=CIRCLE('',#2041,12.);
#33=CIRCLE('',#2044,12.);
#34=CIRCLE('',#2120,12.);
#35=CONICAL_SURFACE('',#2028,11.5,0.785398163397449);
#36=CONICAL_SURFACE('',#2032,11.5,0.785398163397449);
#37=CONICAL_SURFACE('',#2036,11.5,0.785398163397449);
#38=FACE_OUTER_BOUND('',#147,.T.);
#39=FACE_OUTER_BOUND('',#148,.T.);
#40=FACE_OUTER_BOUND('',#149,.T.);
#41=FACE_OUTER_BOUND('',#150,.T.);
#42=FACE_OUTER_BOUND('',#151,.T.);
#43=FACE_OUTER_BOUND('',#152,.T.);
#44=FACE_OUTER_BOUND('',#153,.T.);
#45=FACE_OUTER_BOUND('',#154,.T.);
#46=FACE_OUTER_BOUND('',#155,.T.);
#47=FACE_OUTER_BOUND('',#156,.T.);
#48=FACE_OUTER_BOUND('',#157,.T.);
#49=FACE_OUTER_BOUND('',#158,.T.);
#50=FACE_OUTER_BOUND('',#159,.T.);
#51=FACE_OUTER_BOUND('',#160,.T.);
#52=FACE_OUTER_BOUND('',#161,.T.);
#53=FACE_OUTER_BOUND('',#162,.T.);
#54=FACE_OUTER_BOUND('',#163,.T.);
#55=FACE_OUTER_BOUND('',#164,.T.);
#56=FACE_OUTER_BOUND('',#165,.T.);
#57=FACE_OUTER_BOUND('',#166,.T.);
#58=FACE_OUTER_BOUND('',#167,.T.);
#59=FACE_OUTER_BOUND('',#168,.T.);
#60=FACE_OUTER_BOUND('',#169,.T.);
#61=FACE_OUTER_BOUND('',#170,.T.);
#62=FACE_OUTER_BOUND('',#171,.T.);
#63=FACE_OUTER_BOUND('',#172,.T.);
#64=FACE_OUTER_BOUND('',#173,.T.);
#65=FACE_OUTER_BOUND('',#174,.T.);
#66=FACE_OUTER_BOUND('',#175,.T.);
#67=FACE_OUTER_BOUND('',#176,.T.);
#68=FACE_OUTER_BOUND('',#177,.T.);
#69=FACE_OUTER_BOUND('',#178,.T.);
#70=FACE_OUTER_BOUND('',#179,.T.);
#71=FACE_OUTER_BOUND('',#185,.T.);
#72=FACE_OUTER_BOUND('',#186,.T.);
#73=FACE_OUTER_BOUND('',#187,.T.);
#74=FACE_OUTER_BOUND('',#188,.T.);
#75=FACE_OUTER_BOUND('',#189,.T.);
#76=FACE_OUTER_BOUND('',#190,.T.);
#77=FACE_OUTER_BOUND('',#191,.T.);
#78=FACE_OUTER_BOUND('',#192,.T.);
#79=FACE_OUTER_BOUND('',#193,.T.);
#80=FACE_OUTER_BOUND('',#194,.T.);
#81=FACE_OUTER_BOUND('',#195,.T.);
#82=FACE_OUTER_BOUND('',#196,.T.);
#83=FACE_OUTER_BOUND('',#197,.T.);
#84=FACE_OUTER_BOUND('',#198,.T.);
#85=FACE_OUTER_BOUND('',#199,.T.);
#86=FACE_OUTER_BOUND('',#200,.T.);
#87=FACE_OUTER_BOUND('',#201,.T.);
#88=FACE_OUTER_BOUND('',#202,.T.);
#89=FACE_OUTER_BOUND('',#203,.T.);
#90=FACE_OUTER_BOUND('',#204,.T.);
#91=FACE_OUTER_BOUND('',#205,.T.);
#92=FACE_OUTER_BOUND('',#206,.T.);
#93=FACE_OUTER_BOUND('',#207,.T.);
#94=FACE_OUTER_BOUND('',#208,.T.);
#95=FACE_OUTER_BOUND('',#209,.T.);
#96=FACE_OUTER_BOUND('',#210,.T.);
#97=FACE_OUTER_BOUND('',#211,.T.);
#98=FACE_OUTER_BOUND('',#212,.T.);
#99=FACE_OUTER_BOUND('',#213,.T.);
#100=FACE_OUTER_BOUND('',#214,.T.);
#101=FACE_OUTER_BOUND('',#215,.T.);
#102=FACE_OUTER_BOUND('',#216,.T.);
#103=FACE_OUTER_BOUND('',#217,.T.);
#104=FACE_OUTER_BOUND('',#218,.T.);
#105=FACE_OUTER_BOUND('',#219,.T.);
#106=FACE_OUTER_BOUND('',#220,.T.);
#107=FACE_OUTER_BOUND('',#221,.T.);
#108=FACE_OUTER_BOUND('',#222,.T.);
#109=FACE_OUTER_BOUND('',#223,.T.);
#110=FACE_OUTER_BOUND('',#224,.T.);
#111=FACE_OUTER_BOUND('',#225,.T.);
#112=FACE_OUTER_BOUND('',#226,.T.);
#113=FACE_OUTER_BOUND('',#227,.T.);
#114=FACE_OUTER_BOUND('',#228,.T.);
#115=FACE_OUTER_BOUND('',#229,.T.);
#116=FACE_OUTER_BOUND('',#230,.T.);
#117=FACE_OUTER_BOUND('',#231,.T.);
#118=FACE_OUTER_BOUND('',#232,.T.);
#119=FACE_OUTER_BOUND('',#233,.T.);
#120=FACE_OUTER_BOUND('',#234,.T.);
#121=FACE_OUTER_BOUND('',#235,.T.);
#122=FACE_OUTER_BOUND('',#236,.T.);
#123=FACE_OUTER_BOUND('',#237,.T.);
#124=FACE_OUTER_BOUND('',#238,.T.);
#125=FACE_OUTER_BOUND('',#239,.T.);
#126=FACE_OUTER_BOUND('',#240,.T.);
#127=FACE_OUTER_BOUND('',#241,.T.);
#128=FACE_OUTER_BOUND('',#242,.T.);
#129=FACE_OUTER_BOUND('',#243,.T.);
#130=FACE_OUTER_BOUND('',#244,.T.);
#131=FACE_OUTER_BOUND('',#245,.T.);
#132=FACE_OUTER_BOUND('',#246,.T.);
#133=FACE_OUTER_BOUND('',#247,.T.);
#134=FACE_OUTER_BOUND('',#248,.T.);
#135=FACE_OUTER_BOUND('',#249,.T.);
#136=FACE_OUTER_BOUND('',#250,.T.);
#137=FACE_OUTER_BOUND('',#251,.T.);
#138=FACE_OUTER_BOUND('',#252,.T.);
#139=FACE_OUTER_BOUND('',#253,.T.);
#140=FACE_OUTER_BOUND('',#254,.T.);
#141=FACE_OUTER_BOUND('',#255,.T.);
#142=FACE_OUTER_BOUND('',#256,.T.);
#143=FACE_OUTER_BOUND('',#257,.T.);
#144=FACE_OUTER_BOUND('',#258,.T.);
#145=FACE_OUTER_BOUND('',#259,.T.);
#146=FACE_OUTER_BOUND('',#260,.T.);
#147=EDGE_LOOP('',(#1233,#1234,#1235,#1236,#1237,#1238,#1239,#1240,#1241,
#1242,#1243,#1244));
#148=EDGE_LOOP('',(#1245,#1246,#1247,#1248));
#149=EDGE_LOOP('',(#1249,#1250,#1251,#1252));
#150=EDGE_LOOP('',(#1253,#1254,#1255,#1256));
#151=EDGE_LOOP('',(#1257,#1258,#1259,#1260));
#152=EDGE_LOOP('',(#1261,#1262,#1263,#1264));
#153=EDGE_LOOP('',(#1265,#1266,#1267,#1268));
#154=EDGE_LOOP('',(#1269,#1270,#1271,#1272));
#155=EDGE_LOOP('',(#1273,#1274,#1275,#1276));
#156=EDGE_LOOP('',(#1277,#1278,#1279,#1280));
#157=EDGE_LOOP('',(#1281,#1282,#1283,#1284));
#158=EDGE_LOOP('',(#1285,#1286,#1287,#1288));
#159=EDGE_LOOP('',(#1289,#1290,#1291,#1292));
#160=EDGE_LOOP('',(#1293,#1294,#1295,#1296,#1297,#1298,#1299,#1300,#1301));
#161=EDGE_LOOP('',(#1302,#1303,#1304,#1305));
#162=EDGE_LOOP('',(#1306,#1307,#1308,#1309));
#163=EDGE_LOOP('',(#1310,#1311,#1312,#1313));
#164=EDGE_LOOP('',(#1314,#1315,#1316,#1317));
#165=EDGE_LOOP('',(#1318,#1319,#1320,#1321));
#166=EDGE_LOOP('',(#1322,#1323,#1324,#1325));
#167=EDGE_LOOP('',(#1326,#1327,#1328,#1329));
#168=EDGE_LOOP('',(#1330,#1331,#1332,#1333));
#169=EDGE_LOOP('',(#1334,#1335,#1336,#1337));
#170=EDGE_LOOP('',(#1338,#1339,#1340,#1341));
#171=EDGE_LOOP('',(#1342,#1343,#1344,#1345));
#172=EDGE_LOOP('',(#1346,#1347,#1348,#1349));
#173=EDGE_LOOP('',(#1350,#1351,#1352,#1353));
#174=EDGE_LOOP('',(#1354,#1355,#1356,#1357));
#175=EDGE_LOOP('',(#1358,#1359,#1360,#1361));
#176=EDGE_LOOP('',(#1362,#1363,#1364,#1365));
#177=EDGE_LOOP('',(#1366,#1367,#1368,#1369));
#178=EDGE_LOOP('',(#1370,#1371,#1372,#1373));
#179=EDGE_LOOP('',(#1374,#1375,#1376,#1377,#1378,#1379));
#180=EDGE_LOOP('',(#1380,#1381,#1382,#1383,#1384,#1385,#1386,#1387,#1388,
#1389,#1390,#1391));
#181=EDGE_LOOP('',(#1392,#1393,#1394,#1395,#1396,#1397,#1398,#1399,#1400));
#182=EDGE_LOOP('',(#1401,#1402,#1403,#1404,#1405,#1406,#1407,#1408,#1409,
#1410,#1411,#1412));
#183=EDGE_LOOP('',(#1413,#1414,#1415,#1416,#1417,#1418,#1419,#1420,#1421,
#1422,#1423,#1424));
#184=EDGE_LOOP('',(#1425,#1426,#1427,#1428,#1429,#1430,#1431,#1432,#1433,
#1434,#1435,#1436));
#185=EDGE_LOOP('',(#1437,#1438,#1439,#1440));
#186=EDGE_LOOP('',(#1441,#1442,#1443,#1444));
#187=EDGE_LOOP('',(#1445,#1446,#1447,#1448));
#188=EDGE_LOOP('',(#1449,#1450,#1451,#1452));
#189=EDGE_LOOP('',(#1453,#1454,#1455,#1456));
#190=EDGE_LOOP('',(#1457,#1458,#1459,#1460));
#191=EDGE_LOOP('',(#1461,#1462,#1463,#1464));
#192=EDGE_LOOP('',(#1465,#1466,#1467,#1468));
#193=EDGE_LOOP('',(#1469,#1470,#1471,#1472));
#194=EDGE_LOOP('',(#1473,#1474,#1475,#1476));
#195=EDGE_LOOP('',(#1477,#1478,#1479,#1480));
#196=EDGE_LOOP('',(#1481,#1482,#1483,#1484));
#197=EDGE_LOOP('',(#1485,#1486,#1487,#1488));
#198=EDGE_LOOP('',(#1489,#1490,#1491,#1492));
#199=EDGE_LOOP('',(#1493,#1494,#1495,#1496));
#200=EDGE_LOOP('',(#1497,#1498,#1499,#1500));
#201=EDGE_LOOP('',(#1501,#1502,#1503,#1504));
#202=EDGE_LOOP('',(#1505,#1506,#1507,#1508));
#203=EDGE_LOOP('',(#1509,#1510,#1511,#1512));
#204=EDGE_LOOP('',(#1513,#1514,#1515,#1516));
#205=EDGE_LOOP('',(#1517,#1518,#1519,#1520));
#206=EDGE_LOOP('',(#1521,#1522,#1523,#1524));
#207=EDGE_LOOP('',(#1525,#1526,#1527,#1528));
#208=EDGE_LOOP('',(#1529,#1530,#1531,#1532));
#209=EDGE_LOOP('',(#1533,#1534,#1535,#1536));
#210=EDGE_LOOP('',(#1537,#1538,#1539,#1540));
#211=EDGE_LOOP('',(#1541,#1542,#1543,#1544));
#212=EDGE_LOOP('',(#1545,#1546,#1547,#1548));
#213=EDGE_LOOP('',(#1549,#1550,#1551,#1552));
#214=EDGE_LOOP('',(#1553,#1554,#1555,#1556));
#215=EDGE_LOOP('',(#1557,#1558,#1559,#1560));
#216=EDGE_LOOP('',(#1561,#1562,#1563,#1564));
#217=EDGE_LOOP('',(#1565,#1566,#1567,#1568));
#218=EDGE_LOOP('',(#1569,#1570,#1571,#1572));
#219=EDGE_LOOP('',(#1573,#1574,#1575,#1576));
#220=EDGE_LOOP('',(#1577,#1578,#1579,#1580));
#221=EDGE_LOOP('',(#1581,#1582,#1583,#1584));
#222=EDGE_LOOP('',(#1585,#1586,#1587,#1588));
#223=EDGE_LOOP('',(#1589,#1590,#1591,#1592));
#224=EDGE_LOOP('',(#1593,#1594,#1595,#1596));
#225=EDGE_LOOP('',(#1597,#1598,#1599,#1600));
#226=EDGE_LOOP('',(#1601,#1602,#1603,#1604));
#227=EDGE_LOOP('',(#1605,#1606,#1607,#1608));
#228=EDGE_LOOP('',(#1609,#1610,#1611,#1612));
#229=EDGE_LOOP('',(#1613,#1614,#1615,#1616));
#230=EDGE_LOOP('',(#1617,#1618,#1619,#1620));
#231=EDGE_LOOP('',(#1621,#1622,#1623,#1624));
#232=EDGE_LOOP('',(#1625,#1626,#1627,#1628));
#233=EDGE_LOOP('',(#1629,#1630,#1631,#1632));
#234=EDGE_LOOP('',(#1633,#1634,#1635,#1636));
#235=EDGE_LOOP('',(#1637,#1638,#1639,#1640));
#236=EDGE_LOOP('',(#1641,#1642,#1643,#1644));
#237=EDGE_LOOP('',(#1645,#1646,#1647,#1648));
#238=EDGE_LOOP('',(#1649,#1650,#1651,#1652));
#239=EDGE_LOOP('',(#1653,#1654,#1655,#1656));
#240=EDGE_LOOP('',(#1657,#1658,#1659,#1660));
#241=EDGE_LOOP('',(#1661,#1662,#1663,#1664));
#242=EDGE_LOOP('',(#1665,#1666,#1667,#1668));
#243=EDGE_LOOP('',(#1669,#1670,#1671,#1672));
#244=EDGE_LOOP('',(#1673,#1674,#1675,#1676));
#245=EDGE_LOOP('',(#1677,#1678,#1679,#1680));
#246=EDGE_LOOP('',(#1681,#1682,#1683,#1684));
#247=EDGE_LOOP('',(#1685,#1686,#1687,#1688));
#248=EDGE_LOOP('',(#1689,#1690,#1691,#1692));
#249=EDGE_LOOP('',(#1693,#1694,#1695,#1696));
#250=EDGE_LOOP('',(#1697,#1698,#1699,#1700));
#251=EDGE_LOOP('',(#1701,#1702,#1703,#1704));
#252=EDGE_LOOP('',(#1705,#1706,#1707,#1708));
#253=EDGE_LOOP('',(#1709,#1710,#1711,#1712));
#254=EDGE_LOOP('',(#1713,#1714,#1715,#1716));
#255=EDGE_LOOP('',(#1717,#1718,#1719,#1720));
#256=EDGE_LOOP('',(#1721,#1722,#1723,#1724));
#257=EDGE_LOOP('',(#1725,#1726,#1727,#1728));
#258=EDGE_LOOP('',(#1729,#1730,#1731,#1732));
#259=EDGE_LOOP('',(#1733,#1734,#1735,#1736));
#260=EDGE_LOOP('',(#1737,#1738,#1739,#1740,#1741,#1742));
#261=EDGE_LOOP('',(#1743,#1744,#1745,#1746,#1747,#1748,#1749,#1750,#1751,
#1752,#1753,#1754));
#262=EDGE_LOOP('',(#1755,#1756,#1757,#1758,#1759,#1760,#1761,#1762,#1763,
#1764,#1765,#1766));
#263=EDGE_LOOP('',(#1767,#1768,#1769,#1770,#1771,#1772,#1773,#1774,#1775,
#1776,#1777,#1778));
#264=LINE('',#2629,#528);
#265=LINE('',#2631,#529);
#266=LINE('',#2633,#530);
#267=LINE('',#2635,#531);
#268=LINE('',#2637,#532);
#269=LINE('',#2639,#533);
#270=LINE('',#2641,#534);
#271=LINE('',#2643,#535);
#272=LINE('',#2645,#536);
#273=LINE('',#2647,#537);
#274=LINE('',#2649,#538);
#275=LINE('',#2650,#539);
#276=LINE('',#2653,#540);
#277=LINE('',#2655,#541);
#278=LINE('',#2656,#542);
#279=LINE('',#2659,#543);
#280=LINE('',#2660,#544);
#281=LINE('',#2663,#545);
#282=LINE('',#2664,#546);
#283=LINE('',#2667,#547);
#284=LINE('',#2668,#548);
#285=LINE('',#2671,#549);
#286=LINE('',#2672,#550);
#287=LINE('',#2675,#551);
#288=LINE('',#2676,#552);
#289=LINE('',#2679,#553);
#290=LINE('',#2680,#554);
#291=LINE('',#2683,#555);
#292=LINE('',#2684,#556);
#293=LINE('',#2687,#557);
#294=LINE('',#2688,#558);
#295=LINE('',#2691,#559);
#296=LINE('',#2692,#560);
#297=LINE('',#2695,#561);
#298=LINE('',#2696,#562);
#299=LINE('',#2698,#563);
#300=LINE('',#2702,#564);
#301=LINE('',#2704,#565);
#302=LINE('',#2706,#566);
#303=LINE('',#2708,#567);
#304=LINE('',#2710,#568);
#305=LINE('',#2712,#569);
#306=LINE('',#2714,#570);
#307=LINE('',#2716,#571);
#308=LINE('',#2717,#572);
#309=LINE('',#2720,#573);
#310=LINE('',#2722,#574);
#311=LINE('',#2723,#575);
#312=LINE('',#2726,#576);
#313=LINE('',#2727,#577);
#314=LINE('',#2730,#578);
#315=LINE('',#2731,#579);
#316=LINE('',#2734,#580);
#317=LINE('',#2735,#581);
#318=LINE('',#2738,#582);
#319=LINE('',#2739,#583);
#320=LINE('',#2742,#584);
#321=LINE('',#2743,#585);
#322=LINE('',#2746,#586);
#323=LINE('',#2747,#587);
#324=LINE('',#2750,#588);
#325=LINE('',#2751,#589);
#326=LINE('',#2753,#590);
#327=LINE('',#2757,#591);
#328=LINE('',#2761,#592);
#329=LINE('',#2766,#593);
#330=LINE('',#2767,#594);
#331=LINE('',#2768,#595);
#332=LINE('',#2772,#596);
#333=LINE('',#2778,#597);
#334=LINE('',#2779,#598);
#335=LINE('',#2780,#599);
#336=LINE('',#2784,#600);
#337=LINE('',#2788,#601);
#338=LINE('',#2789,#602);
#339=LINE('',#2792,#603);
#340=LINE('',#2795,#604);
#341=LINE('',#2798,#605);
#342=LINE('',#2799,#606);
#343=LINE('',#2802,#607);
#344=LINE('',#2807,#608);
#345=LINE('',#2809,#609);
#346=LINE('',#2811,#610);
#347=LINE('',#2813,#611);
#348=LINE('',#2815,#612);
#349=LINE('',#2817,#613);
#350=LINE('',#2819,#614);
#351=LINE('',#2821,#615);
#352=LINE('',#2823,#616);
#353=LINE('',#2825,#617);
#354=LINE('',#2827,#618);
#355=LINE('',#2828,#619);
#356=LINE('',#2831,#620);
#357=LINE('',#2833,#621);
#358=LINE('',#2835,#622);
#359=LINE('',#2837,#623);
#360=LINE('',#2839,#624);
#361=LINE('',#2841,#625);
#362=LINE('',#2843,#626);
#363=LINE('',#2845,#627);
#364=LINE('',#2847,#628);
#365=LINE('',#2849,#629);
#366=LINE('',#2851,#630);
#367=LINE('',#2852,#631);
#368=LINE('',#2855,#632);
#369=LINE('',#2857,#633);
#370=LINE('',#2859,#634);
#371=LINE('',#2861,#635);
#372=LINE('',#2863,#636);
#373=LINE('',#2865,#637);
#374=LINE('',#2867,#638);
#375=LINE('',#2869,#639);
#376=LINE('',#2871,#640);
#377=LINE('',#2873,#641);
#378=LINE('',#2875,#642);
#379=LINE('',#2876,#643);
#380=LINE('',#2879,#644);
#381=LINE('',#2881,#645);
#382=LINE('',#2882,#646);
#383=LINE('',#2885,#647);
#384=LINE('',#2886,#648);
#385=LINE('',#2889,#649);
#386=LINE('',#2890,#650);
#387=LINE('',#2893,#651);
#388=LINE('',#2894,#652);
#389=LINE('',#2897,#653);
#390=LINE('',#2898,#654);
#391=LINE('',#2901,#655);
#392=LINE('',#2902,#656);
#393=LINE('',#2905,#657);
#394=LINE('',#2906,#658);
#395=LINE('',#2909,#659);
#396=LINE('',#2910,#660);
#397=LINE('',#2913,#661);
#398=LINE('',#2914,#662);
#399=LINE('',#2917,#663);
#400=LINE('',#2918,#664);
#401=LINE('',#2921,#665);
#402=LINE('',#2922,#666);
#403=LINE('',#2924,#667);
#404=LINE('',#2927,#668);
#405=LINE('',#2929,#669);
#406=LINE('',#2930,#670);
#407=LINE('',#2933,#671);
#408=LINE('',#2934,#672);
#409=LINE('',#2937,#673);
#410=LINE('',#2938,#674);
#411=LINE('',#2941,#675);
#412=LINE('',#2942,#676);
#413=LINE('',#2945,#677);
#414=LINE('',#2946,#678);
#415=LINE('',#2949,#679);
#416=LINE('',#2950,#680);
#417=LINE('',#2953,#681);
#418=LINE('',#2955,#682);
#419=LINE('',#2956,#683);
#420=LINE('',#2959,#684);
#421=LINE('',#2960,#685);
#422=LINE('',#2963,#686);
#423=LINE('',#2964,#687);
#424=LINE('',#2967,#688);
#425=LINE('',#2968,#689);
#426=LINE('',#2971,#690);
#427=LINE('',#2972,#691);
#428=LINE('',#2975,#692);
#429=LINE('',#2976,#693);
#430=LINE('',#2979,#694);
#431=LINE('',#2980,#695);
#432=LINE('',#2983,#696);
#433=LINE('',#2984,#697);
#434=LINE('',#2987,#698);
#435=LINE('',#2988,#699);
#436=LINE('',#2991,#700);
#437=LINE('',#2992,#701);
#438=LINE('',#2995,#702);
#439=LINE('',#2996,#703);
#440=LINE('',#2998,#704);
#441=LINE('',#3001,#705);
#442=LINE('',#3003,#706);
#443=LINE('',#3004,#707);
#444=LINE('',#3007,#708);
#445=LINE('',#3008,#709);
#446=LINE('',#3011,#710);
#447=LINE('',#3012,#711);
#448=LINE('',#3015,#712);
#449=LINE('',#3016,#713);
#450=LINE('',#3019,#714);
#451=LINE('',#3020,#715);
#452=LINE('',#3023,#716);
#453=LINE('',#3024,#717);
#454=LINE('',#3027,#718);
#455=LINE('',#3029,#719);
#456=LINE('',#3030,#720);
#457=LINE('',#3033,#721);
#458=LINE('',#3034,#722);
#459=LINE('',#3037,#723);
#460=LINE('',#3038,#724);
#461=LINE('',#3041,#725);
#462=LINE('',#3042,#726);
#463=LINE('',#3045,#727);
#464=LINE('',#3046,#728);
#465=LINE('',#3049,#729);
#466=LINE('',#3050,#730);
#467=LINE('',#3053,#731);
#468=LINE('',#3054,#732);
#469=LINE('',#3057,#733);
#470=LINE('',#3058,#734);
#471=LINE('',#3061,#735);
#472=LINE('',#3062,#736);
#473=LINE('',#3065,#737);
#474=LINE('',#3066,#738);
#475=LINE('',#3069,#739);
#476=LINE('',#3070,#740);
#477=LINE('',#3072,#741);
#478=LINE('',#3075,#742);
#479=LINE('',#3077,#743);
#480=LINE('',#3078,#744);
#481=LINE('',#3081,#745);
#482=LINE('',#3082,#746);
#483=LINE('',#3085,#747);
#484=LINE('',#3086,#748);
#485=LINE('',#3089,#749);
#486=LINE('',#3090,#750);
#487=LINE('',#3093,#751);
#488=LINE('',#3094,#752);
#489=LINE('',#3097,#753);
#490=LINE('',#3098,#754);
#491=LINE('',#3101,#755);
#492=LINE('',#3102,#756);
#493=LINE('',#3105,#757);
#494=LINE('',#3106,#758);
#495=LINE('',#3109,#759);
#496=LINE('',#3110,#760);
#497=LINE('',#3113,#761);
#498=LINE('',#3114,#762);
#499=LINE('',#3117,#763);
#500=LINE('',#3118,#764);
#501=LINE('',#3120,#765);
#502=LINE('',#3123,#766);
#503=LINE('',#3124,#767);
#504=LINE('',#3127,#768);
#505=LINE('',#3128,#769);
#506=LINE('',#3131,#770);
#507=LINE('',#3132,#771);
#508=LINE('',#3135,#772);
#509=LINE('',#3136,#773);
#510=LINE('',#3139,#774);
#511=LINE('',#3140,#775);
#512=LINE('',#3142,#776);
#513=LINE('',#3145,#777);
#514=LINE('',#3146,#778);
#515=LINE('',#3149,#779);
#516=LINE('',#3150,#780);
#517=LINE('',#3153,#781);
#518=LINE('',#3154,#782);
#519=LINE('',#3157,#783);
#520=LINE('',#3158,#784);
#521=LINE('',#3161,#785);
#522=LINE('',#3162,#786);
#523=LINE('',#3164,#787);
#524=LINE('',#3167,#788);
#525=LINE('',#3168,#789);
#526=LINE('',#3171,#790);
#527=LINE('',#3174,#791);
#528=VECTOR('',#2127,10.);
#529=VECTOR('',#2128,10.);
#530=VECTOR('',#2129,10.);
#531=VECTOR('',#2130,10.);
#532=VECTOR('',#2131,10.);
#533=VECTOR('',#2132,10.);
#534=VECTOR('',#2133,10.);
#535=VECTOR('',#2134,10.);
#536=VECTOR('',#2135,10.);
#537=VECTOR('',#2136,10.);
#538=VECTOR('',#2137,10.);
#539=VECTOR('',#2138,10.);
#540=VECTOR('',#2141,10.);
#541=VECTOR('',#2142,10.);
#542=VECTOR('',#2143,10.);
#543=VECTOR('',#2146,10.);
#544=VECTOR('',#2147,10.);
#545=VECTOR('',#2150,10.);
#546=VECTOR('',#2151,10.);
#547=VECTOR('',#2154,10.);
#548=VECTOR('',#2155,10.);
#549=VECTOR('',#2158,10.);
#550=VECTOR('',#2159,10.);
#551=VECTOR('',#2162,10.);
#552=VECTOR('',#2163,10.);
#553=VECTOR('',#2166,10.);
#554=VECTOR('',#2167,10.);
#555=VECTOR('',#2170,10.);
#556=VECTOR('',#2171,10.);
#557=VECTOR('',#2174,10.);
#558=VECTOR('',#2175,10.);
#559=VECTOR('',#2178,10.);
#560=VECTOR('',#2179,10.);
#561=VECTOR('',#2182,10.);
#562=VECTOR('',#2183,10.);
#563=VECTOR('',#2186,10.);
#564=VECTOR('',#2189,10.);
#565=VECTOR('',#2190,10.);
#566=VECTOR('',#2191,10.);
#567=VECTOR('',#2192,10.);
#568=VECTOR('',#2193,10.);
#569=VECTOR('',#2194,10.);
#570=VECTOR('',#2195,10.);
#571=VECTOR('',#2196,10.);
#572=VECTOR('',#2197,10.);
#573=VECTOR('',#2200,10.);
#574=VECTOR('',#2201,10.);
#575=VECTOR('',#2202,10.);
#576=VECTOR('',#2205,10.);
#577=VECTOR('',#2206,10.);
#578=VECTOR('',#2209,10.);
#579=VECTOR('',#2210,10.);
#580=VECTOR('',#2213,10.);
#581=VECTOR('',#2214,10.);
#582=VECTOR('',#2217,10.);
#583=VECTOR('',#2218,10.);
#584=VECTOR('',#2221,10.);
#585=VECTOR('',#2222,10.);
#586=VECTOR('',#2225,10.);
#587=VECTOR('',#2226,10.);
#588=VECTOR('',#2229,10.);
#589=VECTOR('',#2230,10.);
#590=VECTOR('',#2233,10.);
#591=VECTOR('',#2236,10.);
#592=VECTOR('',#2239,10.);
#593=VECTOR('',#2244,10.);
#594=VECTOR('',#2245,10.);
#595=VECTOR('',#2246,10.);
#596=VECTOR('',#2249,10.);
#597=VECTOR('',#2256,10.);
#598=VECTOR('',#2257,10.);
#599=VECTOR('',#2258,10.);
#600=VECTOR('',#2261,10.);
#601=VECTOR('',#2268,10.);
#602=VECTOR('',#2269,10.);
#603=VECTOR('',#2272,10.);
#604=VECTOR('',#2275,10.);
#605=VECTOR('',#2278,10.);
#606=VECTOR('',#2279,10.);
#607=VECTOR('',#2282,10.);
#608=VECTOR('',#2287,10.);
#609=VECTOR('',#2288,10.);
#610=VECTOR('',#2289,10.);
#611=VECTOR('',#2290,10.);
#612=VECTOR('',#2291,10.);
#613=VECTOR('',#2292,10.);
#614=VECTOR('',#2293,10.);
#615=VECTOR('',#2294,10.);
#616=VECTOR('',#2295,10.);
#617=VECTOR('',#2296,10.);
#618=VECTOR('',#2297,10.);
#619=VECTOR('',#2298,10.);
#620=VECTOR('',#2299,10.);
#621=VECTOR('',#2300,10.);
#622=VECTOR('',#2301,10.);
#623=VECTOR('',#2302,10.);
#624=VECTOR('',#2303,10.);
#625=VECTOR('',#2304,10.);
#626=VECTOR('',#2305,10.);
#627=VECTOR('',#2306,10.);
#628=VECTOR('',#2307,10.);
#629=VECTOR('',#2308,10.);
#630=VECTOR('',#2309,10.);
#631=VECTOR('',#2310,10.);
#632=VECTOR('',#2311,10.);
#633=VECTOR('',#2312,10.);
#634=VECTOR('',#2313,10.);
#635=VECTOR('',#2314,10.);
#636=VECTOR('',#2315,10.);
#637=VECTOR('',#2316,10.);
#638=VECTOR('',#2317,10.);
#639=VECTOR('',#2318,10.);
#640=VECTOR('',#2319,10.);
#641=VECTOR('',#2320,10.);
#642=VECTOR('',#2321,10.);
#643=VECTOR('',#2322,10.);
#644=VECTOR('',#2325,10.);
#645=VECTOR('',#2326,10.);
#646=VECTOR('',#2327,10.);
#647=VECTOR('',#2330,10.);
#648=VECTOR('',#2331,10.);
#649=VECTOR('',#2334,10.);
#650=VECTOR('',#2335,10.);
#651=VECTOR('',#2338,10.);
#652=VECTOR('',#2339,10.);
#653=VECTOR('',#2342,10.);
#654=VECTOR('',#2343,10.);
#655=VECTOR('',#2346,10.);
#656=VECTOR('',#2347,10.);
#657=VECTOR('',#2350,10.);
#658=VECTOR('',#2351,10.);
#659=VECTOR('',#2354,10.);
#660=VECTOR('',#2355,10.);
#661=VECTOR('',#2358,10.);
#662=VECTOR('',#2359,10.);
#663=VECTOR('',#2362,10.);
#664=VECTOR('',#2363,10.);
#665=VECTOR('',#2366,10.);
#666=VECTOR('',#2367,10.);
#667=VECTOR('',#2370,10.);
#668=VECTOR('',#2373,10.);
#669=VECTOR('',#2374,10.);
#670=VECTOR('',#2375,10.);
#671=VECTOR('',#2378,10.);
#672=VECTOR('',#2379,10.);
#673=VECTOR('',#2382,10.);
#674=VECTOR('',#2383,10.);
#675=VECTOR('',#2386,10.);
#676=VECTOR('',#2387,10.);
#677=VECTOR('',#2390,10.);
#678=VECTOR('',#2391,10.);
#679=VECTOR('',#2394,10.);
#680=VECTOR('',#2395,10.);
#681=VECTOR('',#2398,10.);
#682=VECTOR('',#2399,10.);
#683=VECTOR('',#2400,10.);
#684=VECTOR('',#2403,10.);
#685=VECTOR('',#2404,10.);
#686=VECTOR('',#2407,10.);
#687=VECTOR('',#2408,10.);
#688=VECTOR('',#2411,10.);
#689=VECTOR('',#2412,10.);
#690=VECTOR('',#2415,10.);
#691=VECTOR('',#2416,10.);
#692=VECTOR('',#2419,10.);
#693=VECTOR('',#2420,10.);
#694=VECTOR('',#2423,10.);
#695=VECTOR('',#2424,10.);
#696=VECTOR('',#2427,10.);
#697=VECTOR('',#2428,10.);
#698=VECTOR('',#2431,10.);
#699=VECTOR('',#2432,10.);
#700=VECTOR('',#2435,10.);
#701=VECTOR('',#2436,10.);
#702=VECTOR('',#2439,10.);
#703=VECTOR('',#2440,10.);
#704=VECTOR('',#2443,10.);
#705=VECTOR('',#2446,10.);
#706=VECTOR('',#2447,10.);
#707=VECTOR('',#2448,10.);
#708=VECTOR('',#2451,10.);
#709=VECTOR('',#2452,10.);
#710=VECTOR('',#2455,10.);
#711=VECTOR('',#2456,10.);
#712=VECTOR('',#2459,10.);
#713=VECTOR('',#2460,10.);
#714=VECTOR('',#2463,10.);
#715=VECTOR('',#2464,10.);
#716=VECTOR('',#2467,10.);
#717=VECTOR('',#2468,10.);
#718=VECTOR('',#2471,10.);
#719=VECTOR('',#2472,10.);
#720=VECTOR('',#2473,10.);
#721=VECTOR('',#2476,10.);
#722=VECTOR('',#2477,10.);
#723=VECTOR('',#2480,10.);
#724=VECTOR('',#2481,10.);
#725=VECTOR('',#2484,10.);
#726=VECTOR('',#2485,10.);
#727=VECTOR('',#2488,10.);
#728=VECTOR('',#2489,10.);
#729=VECTOR('',#2492,10.);
#730=VECTOR('',#2493,10.);
#731=VECTOR('',#2496,10.);
#732=VECTOR('',#2497,10.);
#733=VECTOR('',#2500,10.);
#734=VECTOR('',#2501,10.);
#735=VECTOR('',#2504,10.);
#736=VECTOR('',#2505,10.);
#737=VECTOR('',#2508,10.);
#738=VECTOR('',#2509,10.);
#739=VECTOR('',#2512,10.);
#740=VECTOR('',#2513,10.);
#741=VECTOR('',#2516,10.);
#742=VECTOR('',#2519,10.);
#743=VECTOR('',#2520,10.);
#744=VECTOR('',#2521,10.);
#745=VECTOR('',#2524,10.);
#746=VECTOR('',#2525,10.);
#747=VECTOR('',#2528,10.);
#748=VECTOR('',#2529,10.);
#749=VECTOR('',#2532,10.);
#750=VECTOR('',#2533,10.);
#751=VECTOR('',#2536,10.);
#752=VECTOR('',#2537,10.);
#753=VECTOR('',#2540,10.);
#754=VECTOR('',#2541,10.);
#755=VECTOR('',#2544,10.);
#756=VECTOR('',#2545,10.);
#757=VECTOR('',#2548,10.);
#758=VECTOR('',#2549,10.);
#759=VECTOR('',#2552,10.);
#760=VECTOR('',#2553,10.);
#761=VECTOR('',#2556,10.);
#762=VECTOR('',#2557,10.);
#763=VECTOR('',#2560,10.);
#764=VECTOR('',#2561,10.);
#765=VECTOR('',#2564,10.);
#766=VECTOR('',#2567,10.);
#767=VECTOR('',#2568,10.);
#768=VECTOR('',#2571,10.);
#769=VECTOR('',#2572,10.);
#770=VECTOR('',#2575,10.);
#771=VECTOR('',#2576,10.);
#772=VECTOR('',#2579,10.);
#773=VECTOR('',#2580,10.);
#774=VECTOR('',#2583,10.);
#775=VECTOR('',#2584,10.);
#776=VECTOR('',#2587,10.);
#777=VECTOR('',#2590,10.);
#778=VECTOR('',#2591,10.);
#779=VECTOR('',#2594,10.);
#780=VECTOR('',#2595,10.);
#781=VECTOR('',#2598,10.);
#782=VECTOR('',#2599,10.);
#783=VECTOR('',#2602,10.);
#784=VECTOR('',#2603,10.);
#785=VECTOR('',#2606,10.);
#786=VECTOR('',#2607,10.);
#787=VECTOR('',#2610,10.);
#788=VECTOR('',#2613,10.);
#789=VECTOR('',#2614,10.);
#790=VECTOR('',#2617,10.);
#791=VECTOR('',#2622,10.);
#792=VERTEX_POINT('',#2627);
#793=VERTEX_POINT('',#2628);
#794=VERTEX_POINT('',#2630);
#795=VERTEX_POINT('',#2632);
#796=VERTEX_POINT('',#2634);
#797=VERTEX_POINT('',#2636);
#798=VERTEX_POINT('',#2638);
#799=VERTEX_POINT('',#2640);
#800=VERTEX_POINT('',#2642);
#801=VERTEX_POINT('',#2644);
#802=VERTEX_POINT('',#2646);
#803=VERTEX_POINT('',#2648);
#804=VERTEX_POINT('',#2652);
#805=VERTEX_POINT('',#2654);
#806=VERTEX_POINT('',#2658);
#807=VERTEX_POINT('',#2662);
#808=VERTEX_POINT('',#2666);
#809=VERTEX_POINT('',#2670);
#810=VERTEX_POINT('',#2674);
#811=VERTEX_POINT('',#2678);
#812=VERTEX_POINT('',#2682);
#813=VERTEX_POINT('',#2686);
#814=VERTEX_POINT('',#2690);
#815=VERTEX_POINT('',#2694);
#816=VERTEX_POINT('',#2700);
#817=VERTEX_POINT('',#2701);
#818=VERTEX_POINT('',#2703);
#819=VERTEX_POINT('',#2705);
#820=VERTEX_POINT('',#2707);
#821=VERTEX_POINT('',#2709);
#822=VERTEX_POINT('',#2711);
#823=VERTEX_POINT('',#2713);
#824=VERTEX_POINT('',#2715);
#825=VERTEX_POINT('',#2719);
#826=VERTEX_POINT('',#2721);
#827=VERTEX_POINT('',#2725);
#828=VERTEX_POINT('',#2729);
#829=VERTEX_POINT('',#2733);
#830=VERTEX_POINT('',#2737);
#831=VERTEX_POINT('',#2741);
#832=VERTEX_POINT('',#2745);
#833=VERTEX_POINT('',#2749);
#834=VERTEX_POINT('',#2755);
#835=VERTEX_POINT('',#2756);
#836=VERTEX_POINT('',#2758);
#837=VERTEX_POINT('',#2760);
#838=VERTEX_POINT('',#2764);
#839=VERTEX_POINT('',#2765);
#840=VERTEX_POINT('',#2770);
#841=VERTEX_POINT('',#2771);
#842=VERTEX_POINT('',#2776);
#843=VERTEX_POINT('',#2777);
#844=VERTEX_POINT('',#2782);
#845=VERTEX_POINT('',#2783);
#846=VERTEX_POINT('',#2791);
#847=VERTEX_POINT('',#2793);
#848=VERTEX_POINT('',#2797);
#849=VERTEX_POINT('',#2801);
#850=VERTEX_POINT('',#2805);
#851=VERTEX_POINT('',#2806);
#852=VERTEX_POINT('',#2808);
#853=VERTEX_POINT('',#2810);
#854=VERTEX_POINT('',#2812);
#855=VERTEX_POINT('',#2814);
#856=VERTEX_POINT('',#2816);
#857=VERTEX_POINT('',#2818);
#858=VERTEX_POINT('',#2820);
#859=VERTEX_POINT('',#2822);
#860=VERTEX_POINT('',#2824);
#861=VERTEX_POINT('',#2826);
#862=VERTEX_POINT('',#2829);
#863=VERTEX_POINT('',#2830);
#864=VERTEX_POINT('',#2832);
#865=VERTEX_POINT('',#2834);
#866=VERTEX_POINT('',#2836);
#867=VERTEX_POINT('',#2838);
#868=VERTEX_POINT('',#2840);
#869=VERTEX_POINT('',#2842);
#870=VERTEX_POINT('',#2844);
#871=VERTEX_POINT('',#2846);
#872=VERTEX_POINT('',#2848);
#873=VERTEX_POINT('',#2850);
#874=VERTEX_POINT('',#2853);
#875=VERTEX_POINT('',#2854);
#876=VERTEX_POINT('',#2856);
#877=VERTEX_POINT('',#2858);
#878=VERTEX_POINT('',#2860);
#879=VERTEX_POINT('',#2862);
#880=VERTEX_POINT('',#2864);
#881=VERTEX_POINT('',#2866);
#882=VERTEX_POINT('',#2868);
#883=VERTEX_POINT('',#2870);
#884=VERTEX_POINT('',#2872);
#885=VERTEX_POINT('',#2874);
#886=VERTEX_POINT('',#2878);
#887=VERTEX_POINT('',#2880);
#888=VERTEX_POINT('',#2884);
#889=VERTEX_POINT('',#2888);
#890=VERTEX_POINT('',#2892);
#891=VERTEX_POINT('',#2896);
#892=VERTEX_POINT('',#2900);
#893=VERTEX_POINT('',#2904);
#894=VERTEX_POINT('',#2908);
#895=VERTEX_POINT('',#2912);
#896=VERTEX_POINT('',#2916);
#897=VERTEX_POINT('',#2920);
#898=VERTEX_POINT('',#2926);
#899=VERTEX_POINT('',#2928);
#900=VERTEX_POINT('',#2932);
#901=VERTEX_POINT('',#2936);
#902=VERTEX_POINT('',#2940);
#903=VERTEX_POINT('',#2944);
#904=VERTEX_POINT('',#2948);
#905=VERTEX_POINT('',#2952);
#906=VERTEX_POINT('',#2954);
#907=VERTEX_POINT('',#2958);
#908=VERTEX_POINT('',#2962);
#909=VERTEX_POINT('',#2966);
#910=VERTEX_POINT('',#2970);
#911=VERTEX_POINT('',#2974);
#912=VERTEX_POINT('',#2978);
#913=VERTEX_POINT('',#2982);
#914=VERTEX_POINT('',#2986);
#915=VERTEX_POINT('',#2990);
#916=VERTEX_POINT('',#2994);
#917=VERTEX_POINT('',#3000);
#918=VERTEX_POINT('',#3002);
#919=VERTEX_POINT('',#3006);
#920=VERTEX_POINT('',#3010);
#921=VERTEX_POINT('',#3014);
#922=VERTEX_POINT('',#3018);
#923=VERTEX_POINT('',#3022);
#924=VERTEX_POINT('',#3026);
#925=VERTEX_POINT('',#3028);
#926=VERTEX_POINT('',#3032);
#927=VERTEX_POINT('',#3036);
#928=VERTEX_POINT('',#3040);
#929=VERTEX_POINT('',#3044);
#930=VERTEX_POINT('',#3048);
#931=VERTEX_POINT('',#3052);
#932=VERTEX_POINT('',#3056);
#933=VERTEX_POINT('',#3060);
#934=VERTEX_POINT('',#3064);
#935=VERTEX_POINT('',#3068);
#936=VERTEX_POINT('',#3074);
#937=VERTEX_POINT('',#3076);
#938=VERTEX_POINT('',#3080);
#939=VERTEX_POINT('',#3084);
#940=VERTEX_POINT('',#3088);
#941=VERTEX_POINT('',#3092);
#942=VERTEX_POINT('',#3096);
#943=VERTEX_POINT('',#3100);
#944=VERTEX_POINT('',#3104);
#945=VERTEX_POINT('',#3108);
#946=VERTEX_POINT('',#3112);
#947=VERTEX_POINT('',#3116);
#948=VERTEX_POINT('',#3122);
#949=VERTEX_POINT('',#3126);
#950=VERTEX_POINT('',#3130);
#951=VERTEX_POINT('',#3134);
#952=VERTEX_POINT('',#3138);
#953=VERTEX_POINT('',#3144);
#954=VERTEX_POINT('',#3148);
#955=VERTEX_POINT('',#3152);
#956=VERTEX_POINT('',#3156);
#957=VERTEX_POINT('',#3160);
#958=VERTEX_POINT('',#3166);
#959=VERTEX_POINT('',#3170);
#960=EDGE_CURVE('',#792,#793,#264,.T.);
#961=EDGE_CURVE('',#794,#792,#265,.T.);
#962=EDGE_CURVE('',#795,#794,#266,.T.);
#963=EDGE_CURVE('',#796,#795,#267,.T.);
#964=EDGE_CURVE('',#797,#796,#268,.T.);
#965=EDGE_CURVE('',#798,#797,#269,.T.);
#966=EDGE_CURVE('',#799,#798,#270,.T.);
#967=EDGE_CURVE('',#800,#799,#271,.T.);
#968=EDGE_CURVE('',#801,#800,#272,.T.);
#969=EDGE_CURVE('',#802,#801,#273,.T.);
#970=EDGE_CURVE('',#803,#802,#274,.T.);
#971=EDGE_CURVE('',#793,#803,#275,.T.);
#972=EDGE_CURVE('',#793,#804,#276,.T.);
#973=EDGE_CURVE('',#805,#804,#277,.T.);
#974=EDGE_CURVE('',#792,#805,#278,.T.);
#975=EDGE_CURVE('',#806,#805,#279,.T.);
#976=EDGE_CURVE('',#794,#806,#280,.T.);
#977=EDGE_CURVE('',#807,#806,#281,.T.);
#978=EDGE_CURVE('',#795,#807,#282,.T.);
#979=EDGE_CURVE('',#808,#807,#283,.T.);
#980=EDGE_CURVE('',#796,#808,#284,.T.);
#981=EDGE_CURVE('',#809,#808,#285,.T.);
#982=EDGE_CURVE('',#797,#809,#286,.T.);
#983=EDGE_CURVE('',#810,#809,#287,.T.);
#984=EDGE_CURVE('',#798,#810,#288,.T.);
#985=EDGE_CURVE('',#811,#810,#289,.T.);
#986=EDGE_CURVE('',#799,#811,#290,.T.);
#987=EDGE_CURVE('',#812,#811,#291,.T.);
#988=EDGE_CURVE('',#800,#812,#292,.T.);
#989=EDGE_CURVE('',#813,#812,#293,.T.);
#990=EDGE_CURVE('',#801,#813,#294,.T.);
#991=EDGE_CURVE('',#814,#813,#295,.T.);
#992=EDGE_CURVE('',#802,#814,#296,.T.);
#993=EDGE_CURVE('',#815,#814,#297,.T.);
#994=EDGE_CURVE('',#803,#815,#298,.T.);
#995=EDGE_CURVE('',#804,#815,#299,.T.);
#996=EDGE_CURVE('',#816,#817,#300,.T.);
#997=EDGE_CURVE('',#818,#816,#301,.T.);
#998=EDGE_CURVE('',#819,#818,#302,.T.);
#999=EDGE_CURVE('',#820,#819,#303,.T.);
#1000=EDGE_CURVE('',#821,#820,#304,.T.);
#1001=EDGE_CURVE('',#822,#821,#305,.T.);
#1002=EDGE_CURVE('',#823,#822,#306,.T.);
#1003=EDGE_CURVE('',#824,#823,#307,.T.);
#1004=EDGE_CURVE('',#817,#824,#308,.T.);
#1005=EDGE_CURVE('',#817,#825,#309,.T.);
#1006=EDGE_CURVE('',#826,#825,#310,.T.);
#1007=EDGE_CURVE('',#816,#826,#311,.T.);
#1008=EDGE_CURVE('',#827,#826,#312,.T.);
#1009=EDGE_CURVE('',#818,#827,#313,.T.);
#1010=EDGE_CURVE('',#828,#827,#314,.T.);
#1011=EDGE_CURVE('',#819,#828,#315,.T.);
#1012=EDGE_CURVE('',#829,#828,#316,.T.);
#1013=EDGE_CURVE('',#820,#829,#317,.T.);
#1014=EDGE_CURVE('',#830,#829,#318,.T.);
#1015=EDGE_CURVE('',#821,#830,#319,.T.);
#1016=EDGE_CURVE('',#831,#830,#320,.T.);
#1017=EDGE_CURVE('',#822,#831,#321,.T.);
#1018=EDGE_CURVE('',#832,#831,#322,.T.);
#1019=EDGE_CURVE('',#823,#832,#323,.T.);
#1020=EDGE_CURVE('',#833,#832,#324,.T.);
#1021=EDGE_CURVE('',#824,#833,#325,.T.);
#1022=EDGE_CURVE('',#825,#833,#326,.T.);
#1023=EDGE_CURVE('',#834,#835,#327,.T.);
#1024=EDGE_CURVE('',#835,#836,#26,.T.);
#1025=EDGE_CURVE('',#836,#837,#328,.T.);
#1026=EDGE_CURVE('',#837,#834,#27,.T.);
#1027=EDGE_CURVE('',#838,#839,#329,.T.);
#1028=EDGE_CURVE('',#839,#835,#330,.T.);
#1029=EDGE_CURVE('',#834,#838,#331,.T.);
#1030=EDGE_CURVE('',#840,#841,#332,.T.);
#1031=EDGE_CURVE('',#841,#839,#28,.T.);
#1032=EDGE_CURVE('',#838,#840,#29,.T.);
#1033=EDGE_CURVE('',#842,#843,#333,.T.);
#1034=EDGE_CURVE('',#843,#841,#334,.T.);
#1035=EDGE_CURVE('',#840,#842,#335,.T.);
#1036=EDGE_CURVE('',#844,#845,#336,.T.);
#1037=EDGE_CURVE('',#845,#843,#30,.T.);
#1038=EDGE_CURVE('',#842,#844,#31,.T.);
#1039=EDGE_CURVE('',#836,#845,#337,.T.);
#1040=EDGE_CURVE('',#844,#837,#338,.T.);
#1041=EDGE_CURVE('',#846,#838,#339,.T.);
#1042=EDGE_CURVE('',#846,#847,#32,.T.);
#1043=EDGE_CURVE('',#847,#840,#340,.T.);
#1044=EDGE_CURVE('',#848,#834,#341,.T.);
#1045=EDGE_CURVE('',#848,#846,#342,.T.);
#1046=EDGE_CURVE('',#849,#837,#343,.T.);
#1047=EDGE_CURVE('',#849,#848,#33,.T.);
#1048=EDGE_CURVE('',#850,#851,#344,.T.);
#1049=EDGE_CURVE('',#852,#850,#345,.T.);
#1050=EDGE_CURVE('',#853,#852,#346,.T.);
#1051=EDGE_CURVE('',#854,#853,#347,.T.);
#1052=EDGE_CURVE('',#855,#854,#348,.T.);
#1053=EDGE_CURVE('',#856,#855,#349,.T.);
#1054=EDGE_CURVE('',#857,#856,#350,.T.);
#1055=EDGE_CURVE('',#858,#857,#351,.T.);
#1056=EDGE_CURVE('',#859,#858,#352,.T.);
#1057=EDGE_CURVE('',#860,#859,#353,.T.);
#1058=EDGE_CURVE('',#861,#860,#354,.T.);
#1059=EDGE_CURVE('',#851,#861,#355,.T.);
#1060=EDGE_CURVE('',#862,#863,#356,.T.);
#1061=EDGE_CURVE('',#864,#862,#357,.T.);
#1062=EDGE_CURVE('',#865,#864,#358,.T.);
#1063=EDGE_CURVE('',#866,#865,#359,.T.);
#1064=EDGE_CURVE('',#867,#866,#360,.T.);
#1065=EDGE_CURVE('',#868,#867,#361,.T.);
#1066=EDGE_CURVE('',#869,#868,#362,.T.);
#1067=EDGE_CURVE('',#870,#869,#363,.T.);
#1068=EDGE_CURVE('',#871,#870,#364,.T.);
#1069=EDGE_CURVE('',#872,#871,#365,.T.);
#1070=EDGE_CURVE('',#873,#872,#366,.T.);
#1071=EDGE_CURVE('',#863,#873,#367,.T.);
#1072=EDGE_CURVE('',#874,#875,#368,.T.);
#1073=EDGE_CURVE('',#876,#874,#369,.T.);
#1074=EDGE_CURVE('',#877,#876,#370,.T.);
#1075=EDGE_CURVE('',#878,#877,#371,.T.);
#1076=EDGE_CURVE('',#879,#878,#372,.T.);
#1077=EDGE_CURVE('',#880,#879,#373,.T.);
#1078=EDGE_CURVE('',#881,#880,#374,.T.);
#1079=EDGE_CURVE('',#882,#881,#375,.T.);
#1080=EDGE_CURVE('',#883,#882,#376,.T.);
#1081=EDGE_CURVE('',#884,#883,#377,.T.);
#1082=EDGE_CURVE('',#885,#884,#378,.T.);
#1083=EDGE_CURVE('',#875,#885,#379,.T.);
#1084=EDGE_CURVE('',#851,#886,#380,.T.);
#1085=EDGE_CURVE('',#886,#887,#381,.T.);
#1086=EDGE_CURVE('',#850,#887,#382,.T.);
#1087=EDGE_CURVE('',#861,#888,#383,.T.);
#1088=EDGE_CURVE('',#888,#886,#384,.T.);
#1089=EDGE_CURVE('',#860,#889,#385,.T.);
#1090=EDGE_CURVE('',#889,#888,#386,.T.);
#1091=EDGE_CURVE('',#859,#890,#387,.T.);
#1092=EDGE_CURVE('',#890,#889,#388,.T.);
#1093=EDGE_CURVE('',#858,#891,#389,.T.);
#1094=EDGE_CURVE('',#891,#890,#390,.T.);
#1095=EDGE_CURVE('',#857,#892,#391,.T.);
#1096=EDGE_CURVE('',#892,#891,#392,.T.);
#1097=EDGE_CURVE('',#856,#893,#393,.T.);
#1098=EDGE_CURVE('',#893,#892,#394,.T.);
#1099=EDGE_CURVE('',#894,#893,#395,.T.);
#1100=EDGE_CURVE('',#855,#894,#396,.T.);
#1101=EDGE_CURVE('',#895,#894,#397,.T.);
#1102=EDGE_CURVE('',#854,#895,#398,.T.);
#1103=EDGE_CURVE('',#896,#895,#399,.T.);
#1104=EDGE_CURVE('',#853,#896,#400,.T.);
#1105=EDGE_CURVE('',#897,#896,#401,.T.);
#1106=EDGE_CURVE('',#852,#897,#402,.T.);
#1107=EDGE_CURVE('',#887,#897,#403,.T.);
#1108=EDGE_CURVE('',#898,#894,#404,.T.);
#1109=EDGE_CURVE('',#898,#899,#405,.T.);
#1110=EDGE_CURVE('',#899,#893,#406,.T.);
#1111=EDGE_CURVE('',#900,#895,#407,.T.);
#1112=EDGE_CURVE('',#900,#898,#408,.T.);
#1113=EDGE_CURVE('',#901,#896,#409,.T.);
#1114=EDGE_CURVE('',#901,#900,#410,.T.);
#1115=EDGE_CURVE('',#902,#897,#411,.T.);
#1116=EDGE_CURVE('',#902,#901,#412,.T.);
#1117=EDGE_CURVE('',#903,#887,#413,.T.);
#1118=EDGE_CURVE('',#903,#902,#414,.T.);
#1119=EDGE_CURVE('',#904,#886,#415,.T.);
#1120=EDGE_CURVE('',#904,#903,#416,.T.);
#1121=EDGE_CURVE('',#875,#905,#417,.T.);
#1122=EDGE_CURVE('',#905,#906,#418,.T.);
#1123=EDGE_CURVE('',#874,#906,#419,.T.);
#1124=EDGE_CURVE('',#885,#907,#420,.T.);
#1125=EDGE_CURVE('',#907,#905,#421,.T.);
#1126=EDGE_CURVE('',#884,#908,#422,.T.);
#1127=EDGE_CURVE('',#908,#907,#423,.T.);
#1128=EDGE_CURVE('',#883,#909,#424,.T.);
#1129=EDGE_CURVE('',#909,#908,#425,.T.);
#1130=EDGE_CURVE('',#882,#910,#426,.T.);
#1131=EDGE_CURVE('',#910,#909,#427,.T.);
#1132=EDGE_CURVE('',#881,#911,#428,.T.);
#1133=EDGE_CURVE('',#911,#910,#429,.T.);
#1134=EDGE_CURVE('',#880,#912,#430,.T.);
#1135=EDGE_CURVE('',#912,#911,#431,.T.);
#1136=EDGE_CURVE('',#913,#912,#432,.T.);
#1137=EDGE_CURVE('',#879,#913,#433,.T.);
#1138=EDGE_CURVE('',#914,#913,#434,.T.);
#1139=EDGE_CURVE('',#878,#914,#435,.T.);
#1140=EDGE_CURVE('',#915,#914,#436,.T.);
#1141=EDGE_CURVE('',#877,#915,#437,.T.);
#1142=EDGE_CURVE('',#916,#915,#438,.T.);
#1143=EDGE_CURVE('',#876,#916,#439,.T.);
#1144=EDGE_CURVE('',#906,#916,#440,.T.);
#1145=EDGE_CURVE('',#917,#913,#441,.T.);
#1146=EDGE_CURVE('',#917,#918,#442,.T.);
#1147=EDGE_CURVE('',#918,#912,#443,.T.);
#1148=EDGE_CURVE('',#919,#914,#444,.T.);
#1149=EDGE_CURVE('',#919,#917,#445,.T.);
#1150=EDGE_CURVE('',#920,#915,#446,.T.);
#1151=EDGE_CURVE('',#920,#919,#447,.T.);
#1152=EDGE_CURVE('',#921,#916,#448,.T.);
#1153=EDGE_CURVE('',#921,#920,#449,.T.);
#1154=EDGE_CURVE('',#922,#906,#450,.T.);
#1155=EDGE_CURVE('',#922,#921,#451,.T.);
#1156=EDGE_CURVE('',#923,#905,#452,.T.);
#1157=EDGE_CURVE('',#923,#922,#453,.T.);
#1158=EDGE_CURVE('',#863,#924,#454,.T.);
#1159=EDGE_CURVE('',#924,#925,#455,.T.);
#1160=EDGE_CURVE('',#862,#925,#456,.T.);
#1161=EDGE_CURVE('',#873,#926,#457,.T.);
#1162=EDGE_CURVE('',#926,#924,#458,.T.);
#1163=EDGE_CURVE('',#872,#927,#459,.T.);
#1164=EDGE_CURVE('',#927,#926,#460,.T.);
#1165=EDGE_CURVE('',#871,#928,#461,.T.);
#1166=EDGE_CURVE('',#928,#927,#462,.T.);
#1167=EDGE_CURVE('',#870,#929,#463,.T.);
#1168=EDGE_CURVE('',#929,#928,#464,.T.);
#1169=EDGE_CURVE('',#869,#930,#465,.T.);
#1170=EDGE_CURVE('',#930,#929,#466,.T.);
#1171=EDGE_CURVE('',#868,#931,#467,.T.);
#1172=EDGE_CURVE('',#931,#930,#468,.T.);
#1173=EDGE_CURVE('',#932,#931,#469,.T.);
#1174=EDGE_CURVE('',#867,#932,#470,.T.);
#1175=EDGE_CURVE('',#933,#932,#471,.T.);
#1176=EDGE_CURVE('',#866,#933,#472,.T.);
#1177=EDGE_CURVE('',#934,#933,#473,.T.);
#1178=EDGE_CURVE('',#865,#934,#474,.T.);
#1179=EDGE_CURVE('',#935,#934,#475,.T.);
#1180=EDGE_CURVE('',#864,#935,#476,.T.);
#1181=EDGE_CURVE('',#925,#935,#477,.T.);
#1182=EDGE_CURVE('',#936,#932,#478,.T.);
#1183=EDGE_CURVE('',#936,#937,#479,.T.);
#1184=EDGE_CURVE('',#937,#931,#480,.T.);
#1185=EDGE_CURVE('',#938,#933,#481,.T.);
#1186=EDGE_CURVE('',#938,#936,#482,.T.);
#1187=EDGE_CURVE('',#939,#934,#483,.T.);
#1188=EDGE_CURVE('',#939,#938,#484,.T.);
#1189=EDGE_CURVE('',#940,#935,#485,.T.);
#1190=EDGE_CURVE('',#940,#939,#486,.T.);
#1191=EDGE_CURVE('',#941,#925,#487,.T.);
#1192=EDGE_CURVE('',#941,#940,#488,.T.);
#1193=EDGE_CURVE('',#942,#924,#489,.T.);
#1194=EDGE_CURVE('',#942,#941,#490,.T.);
#1195=EDGE_CURVE('',#943,#888,#491,.T.);
#1196=EDGE_CURVE('',#943,#904,#492,.T.);
#1197=EDGE_CURVE('',#944,#889,#493,.T.);
#1198=EDGE_CURVE('',#944,#943,#494,.T.);
#1199=EDGE_CURVE('',#945,#890,#495,.T.);
#1200=EDGE_CURVE('',#945,#944,#496,.T.);
#1201=EDGE_CURVE('',#946,#891,#497,.T.);
#1202=EDGE_CURVE('',#946,#945,#498,.T.);
#1203=EDGE_CURVE('',#947,#892,#499,.T.);
#1204=EDGE_CURVE('',#947,#946,#500,.T.);
#1205=EDGE_CURVE('',#899,#947,#501,.T.);
#1206=EDGE_CURVE('',#948,#907,#502,.T.);
#1207=EDGE_CURVE('',#948,#923,#503,.T.);
#1208=EDGE_CURVE('',#949,#908,#504,.T.);
#1209=EDGE_CURVE('',#949,#948,#505,.T.);
#1210=EDGE_CURVE('',#950,#909,#506,.T.);
#1211=EDGE_CURVE('',#950,#949,#507,.T.);
#1212=EDGE_CURVE('',#951,#910,#508,.T.);
#1213=EDGE_CURVE('',#951,#950,#509,.T.);
#1214=EDGE_CURVE('',#952,#911,#510,.T.);
#1215=EDGE_CURVE('',#952,#951,#511,.T.);
#1216=EDGE_CURVE('',#918,#952,#512,.T.);
#1217=EDGE_CURVE('',#953,#926,#513,.T.);
#1218=EDGE_CURVE('',#953,#942,#514,.T.);
#1219=EDGE_CURVE('',#954,#927,#515,.T.);
#1220=EDGE_CURVE('',#954,#953,#516,.T.);
#1221=EDGE_CURVE('',#955,#928,#517,.T.);
#1222=EDGE_CURVE('',#955,#954,#518,.T.);
#1223=EDGE_CURVE('',#956,#929,#519,.T.);
#1224=EDGE_CURVE('',#956,#955,#520,.T.);
#1225=EDGE_CURVE('',#957,#930,#521,.T.);
#1226=EDGE_CURVE('',#957,#956,#522,.T.);
#1227=EDGE_CURVE('',#937,#957,#523,.T.);
#1228=EDGE_CURVE('',#958,#844,#524,.T.);
#1229=EDGE_CURVE('',#958,#849,#525,.T.);
#1230=EDGE_CURVE('',#959,#842,#526,.T.);
#1231=EDGE_CURVE('',#959,#958,#34,.T.);
#1232=EDGE_CURVE('',#847,#959,#527,.T.);
#1233=ORIENTED_EDGE('',*,*,#960,.F.);
#1234=ORIENTED_EDGE('',*,*,#961,.F.);
#1235=ORIENTED_EDGE('',*,*,#962,.F.);
#1236=ORIENTED_EDGE('',*,*,#963,.F.);
#1237=ORIENTED_EDGE('',*,*,#964,.F.);
#1238=ORIENTED_EDGE('',*,*,#965,.F.);
#1239=ORIENTED_EDGE('',*,*,#966,.F.);
#1240=ORIENTED_EDGE('',*,*,#967,.F.);
#1241=ORIENTED_EDGE('',*,*,#968,.F.);
#1242=ORIENTED_EDGE('',*,*,#969,.F.);
#1243=ORIENTED_EDGE('',*,*,#970,.F.);
#1244=ORIENTED_EDGE('',*,*,#971,.F.);
#1245=ORIENTED_EDGE('',*,*,#960,.T.);
#1246=ORIENTED_EDGE('',*,*,#972,.T.);
#1247=ORIENTED_EDGE('',*,*,#973,.F.);
#1248=ORIENTED_EDGE('',*,*,#974,.F.);
#1249=ORIENTED_EDGE('',*,*,#961,.T.);
#1250=ORIENTED_EDGE('',*,*,#974,.T.);
#1251=ORIENTED_EDGE('',*,*,#975,.F.);
#1252=ORIENTED_EDGE('',*,*,#976,.F.);
#1253=ORIENTED_EDGE('',*,*,#962,.T.);
#1254=ORIENTED_EDGE('',*,*,#976,.T.);
#1255=ORIENTED_EDGE('',*,*,#977,.F.);
#1256=ORIENTED_EDGE('',*,*,#978,.F.);
#1257=ORIENTED_EDGE('',*,*,#963,.T.);
#1258=ORIENTED_EDGE('',*,*,#978,.T.);
#1259=ORIENTED_EDGE('',*,*,#979,.F.);
#1260=ORIENTED_EDGE('',*,*,#980,.F.);
#1261=ORIENTED_EDGE('',*,*,#964,.T.);
#1262=ORIENTED_EDGE('',*,*,#980,.T.);
#1263=ORIENTED_EDGE('',*,*,#981,.F.);
#1264=ORIENTED_EDGE('',*,*,#982,.F.);
#1265=ORIENTED_EDGE('',*,*,#965,.T.);
#1266=ORIENTED_EDGE('',*,*,#982,.T.);
#1267=ORIENTED_EDGE('',*,*,#983,.F.);
#1268=ORIENTED_EDGE('',*,*,#984,.F.);
#1269=ORIENTED_EDGE('',*,*,#966,.T.);
#1270=ORIENTED_EDGE('',*,*,#984,.T.);
#1271=ORIENTED_EDGE('',*,*,#985,.F.);
#1272=ORIENTED_EDGE('',*,*,#986,.F.);
#1273=ORIENTED_EDGE('',*,*,#967,.T.);
#1274=ORIENTED_EDGE('',*,*,#986,.T.);
#1275=ORIENTED_EDGE('',*,*,#987,.F.);
#1276=ORIENTED_EDGE('',*,*,#988,.F.);
#1277=ORIENTED_EDGE('',*,*,#968,.T.);
#1278=ORIENTED_EDGE('',*,*,#988,.T.);
#1279=ORIENTED_EDGE('',*,*,#989,.F.);
#1280=ORIENTED_EDGE('',*,*,#990,.F.);
#1281=ORIENTED_EDGE('',*,*,#969,.T.);
#1282=ORIENTED_EDGE('',*,*,#990,.T.);
#1283=ORIENTED_EDGE('',*,*,#991,.F.);
#1284=ORIENTED_EDGE('',*,*,#992,.F.);
#1285=ORIENTED_EDGE('',*,*,#970,.T.);
#1286=ORIENTED_EDGE('',*,*,#992,.T.);
#1287=ORIENTED_EDGE('',*,*,#993,.F.);
#1288=ORIENTED_EDGE('',*,*,#994,.F.);
#1289=ORIENTED_EDGE('',*,*,#971,.T.);
#1290=ORIENTED_EDGE('',*,*,#994,.T.);
#1291=ORIENTED_EDGE('',*,*,#995,.F.);
#1292=ORIENTED_EDGE('',*,*,#972,.F.);
#1293=ORIENTED_EDGE('',*,*,#996,.F.);
#1294=ORIENTED_EDGE('',*,*,#997,.F.);
#1295=ORIENTED_EDGE('',*,*,#998,.F.);
#1296=ORIENTED_EDGE('',*,*,#999,.F.);
#1297=ORIENTED_EDGE('',*,*,#1000,.F.);
#1298=ORIENTED_EDGE('',*,*,#1001,.F.);
#1299=ORIENTED_EDGE('',*,*,#1002,.F.);
#1300=ORIENTED_EDGE('',*,*,#1003,.F.);
#1301=ORIENTED_EDGE('',*,*,#1004,.F.);
#1302=ORIENTED_EDGE('',*,*,#996,.T.);
#1303=ORIENTED_EDGE('',*,*,#1005,.T.);
#1304=ORIENTED_EDGE('',*,*,#1006,.F.);
#1305=ORIENTED_EDGE('',*,*,#1007,.F.);
#1306=ORIENTED_EDGE('',*,*,#997,.T.);
#1307=ORIENTED_EDGE('',*,*,#1007,.T.);
#1308=ORIENTED_EDGE('',*,*,#1008,.F.);
#1309=ORIENTED_EDGE('',*,*,#1009,.F.);
#1310=ORIENTED_EDGE('',*,*,#998,.T.);
#1311=ORIENTED_EDGE('',*,*,#1009,.T.);
#1312=ORIENTED_EDGE('',*,*,#1010,.F.);
#1313=ORIENTED_EDGE('',*,*,#1011,.F.);
#1314=ORIENTED_EDGE('',*,*,#999,.T.);
#1315=ORIENTED_EDGE('',*,*,#1011,.T.);
#1316=ORIENTED_EDGE('',*,*,#1012,.F.);
#1317=ORIENTED_EDGE('',*,*,#1013,.F.);
#1318=ORIENTED_EDGE('',*,*,#1000,.T.);
#1319=ORIENTED_EDGE('',*,*,#1013,.T.);
#1320=ORIENTED_EDGE('',*,*,#1014,.F.);
#1321=ORIENTED_EDGE('',*,*,#1015,.F.);
#1322=ORIENTED_EDGE('',*,*,#1001,.T.);
#1323=ORIENTED_EDGE('',*,*,#1015,.T.);
#1324=ORIENTED_EDGE('',*,*,#1016,.F.);
#1325=ORIENTED_EDGE('',*,*,#1017,.F.);
#1326=ORIENTED_EDGE('',*,*,#1002,.T.);
#1327=ORIENTED_EDGE('',*,*,#1017,.T.);
#1328=ORIENTED_EDGE('',*,*,#1018,.F.);
#1329=ORIENTED_EDGE('',*,*,#1019,.F.);
#1330=ORIENTED_EDGE('',*,*,#1003,.T.);
#1331=ORIENTED_EDGE('',*,*,#1019,.T.);
#1332=ORIENTED_EDGE('',*,*,#1020,.F.);
#1333=ORIENTED_EDGE('',*,*,#1021,.F.);
#1334=ORIENTED_EDGE('',*,*,#1004,.T.);
#1335=ORIENTED_EDGE('',*,*,#1021,.T.);
#1336=ORIENTED_EDGE('',*,*,#1022,.F.);
#1337=ORIENTED_EDGE('',*,*,#1005,.F.);
#1338=ORIENTED_EDGE('',*,*,#1023,.T.);
#1339=ORIENTED_EDGE('',*,*,#1024,.T.);
#1340=ORIENTED_EDGE('',*,*,#1025,.T.);
#1341=ORIENTED_EDGE('',*,*,#1026,.T.);
#1342=ORIENTED_EDGE('',*,*,#1027,.T.);
#1343=ORIENTED_EDGE('',*,*,#1028,.T.);
#1344=ORIENTED_EDGE('',*,*,#1023,.F.);
#1345=ORIENTED_EDGE('',*,*,#1029,.T.);
#1346=ORIENTED_EDGE('',*,*,#1030,.T.);
#1347=ORIENTED_EDGE('',*,*,#1031,.T.);
#1348=ORIENTED_EDGE('',*,*,#1027,.F.);
#1349=ORIENTED_EDGE('',*,*,#1032,.T.);
#1350=ORIENTED_EDGE('',*,*,#1033,.T.);
#1351=ORIENTED_EDGE('',*,*,#1034,.T.);
#1352=ORIENTED_EDGE('',*,*,#1030,.F.);
#1353=ORIENTED_EDGE('',*,*,#1035,.T.);
#1354=ORIENTED_EDGE('',*,*,#1036,.T.);
#1355=ORIENTED_EDGE('',*,*,#1037,.T.);
#1356=ORIENTED_EDGE('',*,*,#1033,.F.);
#1357=ORIENTED_EDGE('',*,*,#1038,.T.);
#1358=ORIENTED_EDGE('',*,*,#1025,.F.);
#1359=ORIENTED_EDGE('',*,*,#1039,.T.);
#1360=ORIENTED_EDGE('',*,*,#1036,.F.);
#1361=ORIENTED_EDGE('',*,*,#1040,.T.);
#1362=ORIENTED_EDGE('',*,*,#1032,.F.);
#1363=ORIENTED_EDGE('',*,*,#1041,.F.);
#1364=ORIENTED_EDGE('',*,*,#1042,.T.);
#1365=ORIENTED_EDGE('',*,*,#1043,.T.);
#1366=ORIENTED_EDGE('',*,*,#1029,.F.);
#1367=ORIENTED_EDGE('',*,*,#1044,.F.);
#1368=ORIENTED_EDGE('',*,*,#1045,.T.);
#1369=ORIENTED_EDGE('',*,*,#1041,.T.);
#1370=ORIENTED_EDGE('',*,*,#1026,.F.);
#1371=ORIENTED_EDGE('',*,*,#1046,.F.);
#1372=ORIENTED_EDGE('',*,*,#1047,.T.);
#1373=ORIENTED_EDGE('',*,*,#1044,.T.);
#1374=ORIENTED_EDGE('',*,*,#1024,.F.);
#1375=ORIENTED_EDGE('',*,*,#1028,.F.);
#1376=ORIENTED_EDGE('',*,*,#1031,.F.);
#1377=ORIENTED_EDGE('',*,*,#1034,.F.);
#1378=ORIENTED_EDGE('',*,*,#1037,.F.);
#1379=ORIENTED_EDGE('',*,*,#1039,.F.);
#1380=ORIENTED_EDGE('',*,*,#973,.T.);
#1381=ORIENTED_EDGE('',*,*,#995,.T.);
#1382=ORIENTED_EDGE('',*,*,#993,.T.);
#1383=ORIENTED_EDGE('',*,*,#991,.T.);
#1384=ORIENTED_EDGE('',*,*,#989,.T.);
#1385=ORIENTED_EDGE('',*,*,#987,.T.);
#1386=ORIENTED_EDGE('',*,*,#985,.T.);
#1387=ORIENTED_EDGE('',*,*,#983,.T.);
#1388=ORIENTED_EDGE('',*,*,#981,.T.);
#1389=ORIENTED_EDGE('',*,*,#979,.T.);
#1390=ORIENTED_EDGE('',*,*,#977,.T.);
#1391=ORIENTED_EDGE('',*,*,#975,.T.);
#1392=ORIENTED_EDGE('',*,*,#1006,.T.);
#1393=ORIENTED_EDGE('',*,*,#1022,.T.);
#1394=ORIENTED_EDGE('',*,*,#1020,.T.);
#1395=ORIENTED_EDGE('',*,*,#1018,.T.);
#1396=ORIENTED_EDGE('',*,*,#1016,.T.);
#1397=ORIENTED_EDGE('',*,*,#1014,.T.);
#1398=ORIENTED_EDGE('',*,*,#1012,.T.);
#1399=ORIENTED_EDGE('',*,*,#1010,.T.);
#1400=ORIENTED_EDGE('',*,*,#1008,.T.);
#1401=ORIENTED_EDGE('',*,*,#1048,.F.);
#1402=ORIENTED_EDGE('',*,*,#1049,.F.);
#1403=ORIENTED_EDGE('',*,*,#1050,.F.);
#1404=ORIENTED_EDGE('',*,*,#1051,.F.);
#1405=ORIENTED_EDGE('',*,*,#1052,.F.);
#1406=ORIENTED_EDGE('',*,*,#1053,.F.);
#1407=ORIENTED_EDGE('',*,*,#1054,.F.);
#1408=ORIENTED_EDGE('',*,*,#1055,.F.);
#1409=ORIENTED_EDGE('',*,*,#1056,.F.);
#1410=ORIENTED_EDGE('',*,*,#1057,.F.);
#1411=ORIENTED_EDGE('',*,*,#1058,.F.);
#1412=ORIENTED_EDGE('',*,*,#1059,.F.);
#1413=ORIENTED_EDGE('',*,*,#1060,.F.);
#1414=ORIENTED_EDGE('',*,*,#1061,.F.);
#1415=ORIENTED_EDGE('',*,*,#1062,.F.);
#1416=ORIENTED_EDGE('',*,*,#1063,.F.);
#1417=ORIENTED_EDGE('',*,*,#1064,.F.);
#1418=ORIENTED_EDGE('',*,*,#1065,.F.);
#1419=ORIENTED_EDGE('',*,*,#1066,.F.);
#1420=ORIENTED_EDGE('',*,*,#1067,.F.);
#1421=ORIENTED_EDGE('',*,*,#1068,.F.);
#1422=ORIENTED_EDGE('',*,*,#1069,.F.);
#1423=ORIENTED_EDGE('',*,*,#1070,.F.);
#1424=ORIENTED_EDGE('',*,*,#1071,.F.);
#1425=ORIENTED_EDGE('',*,*,#1072,.F.);
#1426=ORIENTED_EDGE('',*,*,#1073,.F.);
#1427=ORIENTED_EDGE('',*,*,#1074,.F.);
#1428=ORIENTED_EDGE('',*,*,#1075,.F.);
#1429=ORIENTED_EDGE('',*,*,#1076,.F.);
#1430=ORIENTED_EDGE('',*,*,#1077,.F.);
#1431=ORIENTED_EDGE('',*,*,#1078,.F.);
#1432=ORIENTED_EDGE('',*,*,#1079,.F.);
#1433=ORIENTED_EDGE('',*,*,#1080,.F.);
#1434=ORIENTED_EDGE('',*,*,#1081,.F.);
#1435=ORIENTED_EDGE('',*,*,#1082,.F.);
#1436=ORIENTED_EDGE('',*,*,#1083,.F.);
#1437=ORIENTED_EDGE('',*,*,#1048,.T.);
#1438=ORIENTED_EDGE('',*,*,#1084,.T.);
#1439=ORIENTED_EDGE('',*,*,#1085,.T.);
#1440=ORIENTED_EDGE('',*,*,#1086,.F.);
#1441=ORIENTED_EDGE('',*,*,#1059,.T.);
#1442=ORIENTED_EDGE('',*,*,#1087,.T.);
#1443=ORIENTED_EDGE('',*,*,#1088,.T.);
#1444=ORIENTED_EDGE('',*,*,#1084,.F.);
#1445=ORIENTED_EDGE('',*,*,#1058,.T.);
#1446=ORIENTED_EDGE('',*,*,#1089,.T.);
#1447=ORIENTED_EDGE('',*,*,#1090,.T.);
#1448=ORIENTED_EDGE('',*,*,#1087,.F.);
#1449=ORIENTED_EDGE('',*,*,#1057,.T.);
#1450=ORIENTED_EDGE('',*,*,#1091,.T.);
#1451=ORIENTED_EDGE('',*,*,#1092,.T.);
#1452=ORIENTED_EDGE('',*,*,#1089,.F.);
#1453=ORIENTED_EDGE('',*,*,#1056,.T.);
#1454=ORIENTED_EDGE('',*,*,#1093,.T.);
#1455=ORIENTED_EDGE('',*,*,#1094,.T.);
#1456=ORIENTED_EDGE('',*,*,#1091,.F.);
#1457=ORIENTED_EDGE('',*,*,#1055,.T.);
#1458=ORIENTED_EDGE('',*,*,#1095,.T.);
#1459=ORIENTED_EDGE('',*,*,#1096,.T.);
#1460=ORIENTED_EDGE('',*,*,#1093,.F.);
#1461=ORIENTED_EDGE('',*,*,#1054,.T.);
#1462=ORIENTED_EDGE('',*,*,#1097,.T.);
#1463=ORIENTED_EDGE('',*,*,#1098,.T.);
#1464=ORIENTED_EDGE('',*,*,#1095,.F.);
#1465=ORIENTED_EDGE('',*,*,#1099,.T.);
#1466=ORIENTED_EDGE('',*,*,#1097,.F.);
#1467=ORIENTED_EDGE('',*,*,#1053,.T.);
#1468=ORIENTED_EDGE('',*,*,#1100,.T.);
#1469=ORIENTED_EDGE('',*,*,#1101,.T.);
#1470=ORIENTED_EDGE('',*,*,#1100,.F.);
#1471=ORIENTED_EDGE('',*,*,#1052,.T.);
#1472=ORIENTED_EDGE('',*,*,#1102,.T.);
#1473=ORIENTED_EDGE('',*,*,#1103,.T.);
#1474=ORIENTED_EDGE('',*,*,#1102,.F.);
#1475=ORIENTED_EDGE('',*,*,#1051,.T.);
#1476=ORIENTED_EDGE('',*,*,#1104,.T.);
#1477=ORIENTED_EDGE('',*,*,#1105,.T.);
#1478=ORIENTED_EDGE('',*,*,#1104,.F.);
#1479=ORIENTED_EDGE('',*,*,#1050,.T.);
#1480=ORIENTED_EDGE('',*,*,#1106,.T.);
#1481=ORIENTED_EDGE('',*,*,#1107,.T.);
#1482=ORIENTED_EDGE('',*,*,#1106,.F.);
#1483=ORIENTED_EDGE('',*,*,#1049,.T.);
#1484=ORIENTED_EDGE('',*,*,#1086,.T.);
#1485=ORIENTED_EDGE('',*,*,#1099,.F.);
#1486=ORIENTED_EDGE('',*,*,#1108,.F.);
#1487=ORIENTED_EDGE('',*,*,#1109,.T.);
#1488=ORIENTED_EDGE('',*,*,#1110,.T.);
#1489=ORIENTED_EDGE('',*,*,#1101,.F.);
#1490=ORIENTED_EDGE('',*,*,#1111,.F.);
#1491=ORIENTED_EDGE('',*,*,#1112,.T.);
#1492=ORIENTED_EDGE('',*,*,#1108,.T.);
#1493=ORIENTED_EDGE('',*,*,#1103,.F.);
#1494=ORIENTED_EDGE('',*,*,#1113,.F.);
#1495=ORIENTED_EDGE('',*,*,#1114,.T.);
#1496=ORIENTED_EDGE('',*,*,#1111,.T.);
#1497=ORIENTED_EDGE('',*,*,#1105,.F.);
#1498=ORIENTED_EDGE('',*,*,#1115,.F.);
#1499=ORIENTED_EDGE('',*,*,#1116,.T.);
#1500=ORIENTED_EDGE('',*,*,#1113,.T.);
#1501=ORIENTED_EDGE('',*,*,#1107,.F.);
#1502=ORIENTED_EDGE('',*,*,#1117,.F.);
#1503=ORIENTED_EDGE('',*,*,#1118,.T.);
#1504=ORIENTED_EDGE('',*,*,#1115,.T.);
#1505=ORIENTED_EDGE('',*,*,#1085,.F.);
#1506=ORIENTED_EDGE('',*,*,#1119,.F.);
#1507=ORIENTED_EDGE('',*,*,#1120,.T.);
#1508=ORIENTED_EDGE('',*,*,#1117,.T.);
#1509=ORIENTED_EDGE('',*,*,#1072,.T.);
#1510=ORIENTED_EDGE('',*,*,#1121,.T.);
#1511=ORIENTED_EDGE('',*,*,#1122,.T.);
#1512=ORIENTED_EDGE('',*,*,#1123,.F.);
#1513=ORIENTED_EDGE('',*,*,#1083,.T.);
#1514=ORIENTED_EDGE('',*,*,#1124,.T.);
#1515=ORIENTED_EDGE('',*,*,#1125,.T.);
#1516=ORIENTED_EDGE('',*,*,#1121,.F.);
#1517=ORIENTED_EDGE('',*,*,#1082,.T.);
#1518=ORIENTED_EDGE('',*,*,#1126,.T.);
#1519=ORIENTED_EDGE('',*,*,#1127,.T.);
#1520=ORIENTED_EDGE('',*,*,#1124,.F.);
#1521=ORIENTED_EDGE('',*,*,#1081,.T.);
#1522=ORIENTED_EDGE('',*,*,#1128,.T.);
#1523=ORIENTED_EDGE('',*,*,#1129,.T.);
#1524=ORIENTED_EDGE('',*,*,#1126,.F.);
#1525=ORIENTED_EDGE('',*,*,#1080,.T.);
#1526=ORIENTED_EDGE('',*,*,#1130,.T.);
#1527=ORIENTED_EDGE('',*,*,#1131,.T.);
#1528=ORIENTED_EDGE('',*,*,#1128,.F.);
#1529=ORIENTED_EDGE('',*,*,#1079,.T.);
#1530=ORIENTED_EDGE('',*,*,#1132,.T.);
#1531=ORIENTED_EDGE('',*,*,#1133,.T.);
#1532=ORIENTED_EDGE('',*,*,#1130,.F.);
#1533=ORIENTED_EDGE('',*,*,#1078,.T.);
#1534=ORIENTED_EDGE('',*,*,#1134,.T.);
#1535=ORIENTED_EDGE('',*,*,#1135,.T.);
#1536=ORIENTED_EDGE('',*,*,#1132,.F.);
#1537=ORIENTED_EDGE('',*,*,#1136,.T.);
#1538=ORIENTED_EDGE('',*,*,#1134,.F.);
#1539=ORIENTED_EDGE('',*,*,#1077,.T.);
#1540=ORIENTED_EDGE('',*,*,#1137,.T.);
#1541=ORIENTED_EDGE('',*,*,#1138,.T.);
#1542=ORIENTED_EDGE('',*,*,#1137,.F.);
#1543=ORIENTED_EDGE('',*,*,#1076,.T.);
#1544=ORIENTED_EDGE('',*,*,#1139,.T.);
#1545=ORIENTED_EDGE('',*,*,#1140,.T.);
#1546=ORIENTED_EDGE('',*,*,#1139,.F.);
#1547=ORIENTED_EDGE('',*,*,#1075,.T.);
#1548=ORIENTED_EDGE('',*,*,#1141,.T.);
#1549=ORIENTED_EDGE('',*,*,#1142,.T.);
#1550=ORIENTED_EDGE('',*,*,#1141,.F.);
#1551=ORIENTED_EDGE('',*,*,#1074,.T.);
#1552=ORIENTED_EDGE('',*,*,#1143,.T.);
#1553=ORIENTED_EDGE('',*,*,#1144,.T.);
#1554=ORIENTED_EDGE('',*,*,#1143,.F.);
#1555=ORIENTED_EDGE('',*,*,#1073,.T.);
#1556=ORIENTED_EDGE('',*,*,#1123,.T.);
#1557=ORIENTED_EDGE('',*,*,#1136,.F.);
#1558=ORIENTED_EDGE('',*,*,#1145,.F.);
#1559=ORIENTED_EDGE('',*,*,#1146,.T.);
#1560=ORIENTED_EDGE('',*,*,#1147,.T.);
#1561=ORIENTED_EDGE('',*,*,#1138,.F.);
#1562=ORIENTED_EDGE('',*,*,#1148,.F.);
#1563=ORIENTED_EDGE('',*,*,#1149,.T.);
#1564=ORIENTED_EDGE('',*,*,#1145,.T.);
#1565=ORIENTED_EDGE('',*,*,#1140,.F.);
#1566=ORIENTED_EDGE('',*,*,#1150,.F.);
#1567=ORIENTED_EDGE('',*,*,#1151,.T.);
#1568=ORIENTED_EDGE('',*,*,#1148,.T.);
#1569=ORIENTED_EDGE('',*,*,#1142,.F.);
#1570=ORIENTED_EDGE('',*,*,#1152,.F.);
#1571=ORIENTED_EDGE('',*,*,#1153,.T.);
#1572=ORIENTED_EDGE('',*,*,#1150,.T.);
#1573=ORIENTED_EDGE('',*,*,#1144,.F.);
#1574=ORIENTED_EDGE('',*,*,#1154,.F.);
#1575=ORIENTED_EDGE('',*,*,#1155,.T.);
#1576=ORIENTED_EDGE('',*,*,#1152,.T.);
#1577=ORIENTED_EDGE('',*,*,#1122,.F.);
#1578=ORIENTED_EDGE('',*,*,#1156,.F.);
#1579=ORIENTED_EDGE('',*,*,#1157,.T.);
#1580=ORIENTED_EDGE('',*,*,#1154,.T.);
#1581=ORIENTED_EDGE('',*,*,#1060,.T.);
#1582=ORIENTED_EDGE('',*,*,#1158,.T.);
#1583=ORIENTED_EDGE('',*,*,#1159,.T.);
#1584=ORIENTED_EDGE('',*,*,#1160,.F.);
#1585=ORIENTED_EDGE('',*,*,#1071,.T.);
#1586=ORIENTED_EDGE('',*,*,#1161,.T.);
#1587=ORIENTED_EDGE('',*,*,#1162,.T.);
#1588=ORIENTED_EDGE('',*,*,#1158,.F.);
#1589=ORIENTED_EDGE('',*,*,#1070,.T.);
#1590=ORIENTED_EDGE('',*,*,#1163,.T.);
#1591=ORIENTED_EDGE('',*,*,#1164,.T.);
#1592=ORIENTED_EDGE('',*,*,#1161,.F.);
#1593=ORIENTED_EDGE('',*,*,#1069,.T.);
#1594=ORIENTED_EDGE('',*,*,#1165,.T.);
#1595=ORIENTED_EDGE('',*,*,#1166,.T.);
#1596=ORIENTED_EDGE('',*,*,#1163,.F.);
#1597=ORIENTED_EDGE('',*,*,#1068,.T.);
#1598=ORIENTED_EDGE('',*,*,#1167,.T.);
#1599=ORIENTED_EDGE('',*,*,#1168,.T.);
#1600=ORIENTED_EDGE('',*,*,#1165,.F.);
#1601=ORIENTED_EDGE('',*,*,#1067,.T.);
#1602=ORIENTED_EDGE('',*,*,#1169,.T.);
#1603=ORIENTED_EDGE('',*,*,#1170,.T.);
#1604=ORIENTED_EDGE('',*,*,#1167,.F.);
#1605=ORIENTED_EDGE('',*,*,#1066,.T.);
#1606=ORIENTED_EDGE('',*,*,#1171,.T.);
#1607=ORIENTED_EDGE('',*,*,#1172,.T.);
#1608=ORIENTED_EDGE('',*,*,#1169,.F.);
#1609=ORIENTED_EDGE('',*,*,#1173,.T.);
#1610=ORIENTED_EDGE('',*,*,#1171,.F.);
#1611=ORIENTED_EDGE('',*,*,#1065,.T.);
#1612=ORIENTED_EDGE('',*,*,#1174,.T.);
#1613=ORIENTED_EDGE('',*,*,#1175,.T.);
#1614=ORIENTED_EDGE('',*,*,#1174,.F.);
#1615=ORIENTED_EDGE('',*,*,#1064,.T.);
#1616=ORIENTED_EDGE('',*,*,#1176,.T.);
#1617=ORIENTED_EDGE('',*,*,#1177,.T.);
#1618=ORIENTED_EDGE('',*,*,#1176,.F.);
#1619=ORIENTED_EDGE('',*,*,#1063,.T.);
#1620=ORIENTED_EDGE('',*,*,#1178,.T.);
#1621=ORIENTED_EDGE('',*,*,#1179,.T.);
#1622=ORIENTED_EDGE('',*,*,#1178,.F.);
#1623=ORIENTED_EDGE('',*,*,#1062,.T.);
#1624=ORIENTED_EDGE('',*,*,#1180,.T.);
#1625=ORIENTED_EDGE('',*,*,#1181,.T.);
#1626=ORIENTED_EDGE('',*,*,#1180,.F.);
#1627=ORIENTED_EDGE('',*,*,#1061,.T.);
#1628=ORIENTED_EDGE('',*,*,#1160,.T.);
#1629=ORIENTED_EDGE('',*,*,#1173,.F.);
#1630=ORIENTED_EDGE('',*,*,#1182,.F.);
#1631=ORIENTED_EDGE('',*,*,#1183,.T.);
#1632=ORIENTED_EDGE('',*,*,#1184,.T.);
#1633=ORIENTED_EDGE('',*,*,#1175,.F.);
#1634=ORIENTED_EDGE('',*,*,#1185,.F.);
#1635=ORIENTED_EDGE('',*,*,#1186,.T.);
#1636=ORIENTED_EDGE('',*,*,#1182,.T.);
#1637=ORIENTED_EDGE('',*,*,#1177,.F.);
#1638=ORIENTED_EDGE('',*,*,#1187,.F.);
#1639=ORIENTED_EDGE('',*,*,#1188,.T.);
#1640=ORIENTED_EDGE('',*,*,#1185,.T.);
#1641=ORIENTED_EDGE('',*,*,#1179,.F.);
#1642=ORIENTED_EDGE('',*,*,#1189,.F.);
#1643=ORIENTED_EDGE('',*,*,#1190,.T.);
#1644=ORIENTED_EDGE('',*,*,#1187,.T.);
#1645=ORIENTED_EDGE('',*,*,#1181,.F.);
#1646=ORIENTED_EDGE('',*,*,#1191,.F.);
#1647=ORIENTED_EDGE('',*,*,#1192,.T.);
#1648=ORIENTED_EDGE('',*,*,#1189,.T.);
#1649=ORIENTED_EDGE('',*,*,#1159,.F.);
#1650=ORIENTED_EDGE('',*,*,#1193,.F.);
#1651=ORIENTED_EDGE('',*,*,#1194,.T.);
#1652=ORIENTED_EDGE('',*,*,#1191,.T.);
#1653=ORIENTED_EDGE('',*,*,#1088,.F.);
#1654=ORIENTED_EDGE('',*,*,#1195,.F.);
#1655=ORIENTED_EDGE('',*,*,#1196,.T.);
#1656=ORIENTED_EDGE('',*,*,#1119,.T.);
#1657=ORIENTED_EDGE('',*,*,#1090,.F.);
#1658=ORIENTED_EDGE('',*,*,#1197,.F.);
#1659=ORIENTED_EDGE('',*,*,#1198,.T.);
#1660=ORIENTED_EDGE('',*,*,#1195,.T.);
#1661=ORIENTED_EDGE('',*,*,#1092,.F.);
#1662=ORIENTED_EDGE('',*,*,#1199,.F.);
#1663=ORIENTED_EDGE('',*,*,#1200,.T.);
#1664=ORIENTED_EDGE('',*,*,#1197,.T.);
#1665=ORIENTED_EDGE('',*,*,#1094,.F.);
#1666=ORIENTED_EDGE('',*,*,#1201,.F.);
#1667=ORIENTED_EDGE('',*,*,#1202,.T.);
#1668=ORIENTED_EDGE('',*,*,#1199,.T.);
#1669=ORIENTED_EDGE('',*,*,#1096,.F.);
#1670=ORIENTED_EDGE('',*,*,#1203,.F.);
#1671=ORIENTED_EDGE('',*,*,#1204,.T.);
#1672=ORIENTED_EDGE('',*,*,#1201,.T.);
#1673=ORIENTED_EDGE('',*,*,#1098,.F.);
#1674=ORIENTED_EDGE('',*,*,#1110,.F.);
#1675=ORIENTED_EDGE('',*,*,#1205,.T.);
#1676=ORIENTED_EDGE('',*,*,#1203,.T.);
#1677=ORIENTED_EDGE('',*,*,#1125,.F.);
#1678=ORIENTED_EDGE('',*,*,#1206,.F.);
#1679=ORIENTED_EDGE('',*,*,#1207,.T.);
#1680=ORIENTED_EDGE('',*,*,#1156,.T.);
#1681=ORIENTED_EDGE('',*,*,#1127,.F.);
#1682=ORIENTED_EDGE('',*,*,#1208,.F.);
#1683=ORIENTED_EDGE('',*,*,#1209,.T.);
#1684=ORIENTED_EDGE('',*,*,#1206,.T.);
#1685=ORIENTED_EDGE('',*,*,#1129,.F.);
#1686=ORIENTED_EDGE('',*,*,#1210,.F.);
#1687=ORIENTED_EDGE('',*,*,#1211,.T.);
#1688=ORIENTED_EDGE('',*,*,#1208,.T.);
#1689=ORIENTED_EDGE('',*,*,#1131,.F.);
#1690=ORIENTED_EDGE('',*,*,#1212,.F.);
#1691=ORIENTED_EDGE('',*,*,#1213,.T.);
#1692=ORIENTED_EDGE('',*,*,#1210,.T.);
#1693=ORIENTED_EDGE('',*,*,#1133,.F.);
#1694=ORIENTED_EDGE('',*,*,#1214,.F.);
#1695=ORIENTED_EDGE('',*,*,#1215,.T.);
#1696=ORIENTED_EDGE('',*,*,#1212,.T.);
#1697=ORIENTED_EDGE('',*,*,#1135,.F.);
#1698=ORIENTED_EDGE('',*,*,#1147,.F.);
#1699=ORIENTED_EDGE('',*,*,#1216,.T.);
#1700=ORIENTED_EDGE('',*,*,#1214,.T.);
#1701=ORIENTED_EDGE('',*,*,#1162,.F.);
#1702=ORIENTED_EDGE('',*,*,#1217,.F.);
#1703=ORIENTED_EDGE('',*,*,#1218,.T.);
#1704=ORIENTED_EDGE('',*,*,#1193,.T.);
#1705=ORIENTED_EDGE('',*,*,#1164,.F.);
#1706=ORIENTED_EDGE('',*,*,#1219,.F.);
#1707=ORIENTED_EDGE('',*,*,#1220,.T.);
#1708=ORIENTED_EDGE('',*,*,#1217,.T.);
#1709=ORIENTED_EDGE('',*,*,#1166,.F.);
#1710=ORIENTED_EDGE('',*,*,#1221,.F.);
#1711=ORIENTED_EDGE('',*,*,#1222,.T.);
#1712=ORIENTED_EDGE('',*,*,#1219,.T.);
#1713=ORIENTED_EDGE('',*,*,#1168,.F.);
#1714=ORIENTED_EDGE('',*,*,#1223,.F.);
#1715=ORIENTED_EDGE('',*,*,#1224,.T.);
#1716=ORIENTED_EDGE('',*,*,#1221,.T.);
#1717=ORIENTED_EDGE('',*,*,#1170,.F.);
#1718=ORIENTED_EDGE('',*,*,#1225,.F.);
#1719=ORIENTED_EDGE('',*,*,#1226,.T.);
#1720=ORIENTED_EDGE('',*,*,#1223,.T.);
#1721=ORIENTED_EDGE('',*,*,#1172,.F.);
#1722=ORIENTED_EDGE('',*,*,#1184,.F.);
#1723=ORIENTED_EDGE('',*,*,#1227,.T.);
#1724=ORIENTED_EDGE('',*,*,#1225,.T.);
#1725=ORIENTED_EDGE('',*,*,#1040,.F.);
#1726=ORIENTED_EDGE('',*,*,#1228,.F.);
#1727=ORIENTED_EDGE('',*,*,#1229,.T.);
#1728=ORIENTED_EDGE('',*,*,#1046,.T.);
#1729=ORIENTED_EDGE('',*,*,#1038,.F.);
#1730=ORIENTED_EDGE('',*,*,#1230,.F.);
#1731=ORIENTED_EDGE('',*,*,#1231,.T.);
#1732=ORIENTED_EDGE('',*,*,#1228,.T.);
#1733=ORIENTED_EDGE('',*,*,#1035,.F.);
#1734=ORIENTED_EDGE('',*,*,#1043,.F.);
#1735=ORIENTED_EDGE('',*,*,#1232,.T.);
#1736=ORIENTED_EDGE('',*,*,#1230,.T.);
#1737=ORIENTED_EDGE('',*,*,#1047,.F.);
#1738=ORIENTED_EDGE('',*,*,#1229,.F.);
#1739=ORIENTED_EDGE('',*,*,#1231,.F.);
#1740=ORIENTED_EDGE('',*,*,#1232,.F.);
#1741=ORIENTED_EDGE('',*,*,#1042,.F.);
#1742=ORIENTED_EDGE('',*,*,#1045,.F.);
#1743=ORIENTED_EDGE('',*,*,#1227,.F.);
#1744=ORIENTED_EDGE('',*,*,#1183,.F.);
#1745=ORIENTED_EDGE('',*,*,#1186,.F.);
#1746=ORIENTED_EDGE('',*,*,#1188,.F.);
#1747=ORIENTED_EDGE('',*,*,#1190,.F.);
#1748=ORIENTED_EDGE('',*,*,#1192,.F.);
#1749=ORIENTED_EDGE('',*,*,#1194,.F.);
#1750=ORIENTED_EDGE('',*,*,#1218,.F.);
#1751=ORIENTED_EDGE('',*,*,#1220,.F.);
#1752=ORIENTED_EDGE('',*,*,#1222,.F.);
#1753=ORIENTED_EDGE('',*,*,#1224,.F.);
#1754=ORIENTED_EDGE('',*,*,#1226,.F.);
#1755=ORIENTED_EDGE('',*,*,#1216,.F.);
#1756=ORIENTED_EDGE('',*,*,#1146,.F.);
#1757=ORIENTED_EDGE('',*,*,#1149,.F.);
#1758=ORIENTED_EDGE('',*,*,#1151,.F.);
#1759=ORIENTED_EDGE('',*,*,#1153,.F.);
#1760=ORIENTED_EDGE('',*,*,#1155,.F.);
#1761=ORIENTED_EDGE('',*,*,#1157,.F.);
#1762=ORIENTED_EDGE('',*,*,#1207,.F.);
#1763=ORIENTED_EDGE('',*,*,#1209,.F.);
#1764=ORIENTED_EDGE('',*,*,#1211,.F.);
#1765=ORIENTED_EDGE('',*,*,#1213,.F.);
#1766=ORIENTED_EDGE('',*,*,#1215,.F.);
#1767=ORIENTED_EDGE('',*,*,#1205,.F.);
#1768=ORIENTED_EDGE('',*,*,#1109,.F.);
#1769=ORIENTED_EDGE('',*,*,#1112,.F.);
#1770=ORIENTED_EDGE('',*,*,#1114,.F.);
#1771=ORIENTED_EDGE('',*,*,#1116,.F.);
#1772=ORIENTED_EDGE('',*,*,#1118,.F.);
#1773=ORIENTED_EDGE('',*,*,#1120,.F.);
#1774=ORIENTED_EDGE('',*,*,#1196,.F.);
#1775=ORIENTED_EDGE('',*,*,#1198,.F.);
#1776=ORIENTED_EDGE('',*,*,#1200,.F.);
#1777=ORIENTED_EDGE('',*,*,#1202,.F.);
#1778=ORIENTED_EDGE('',*,*,#1204,.F.);
#1779=PLANE('',#2005);
#1780=PLANE('',#2006);
#1781=PLANE('',#2007);
#1782=PLANE('',#2008);
#1783=PLANE('',#2009);
#1784=PLANE('',#2010);
#1785=PLANE('',#2011);
#1786=PLANE('',#2012);
#1787=PLANE('',#2013);
#1788=PLANE('',#2014);
#1789=PLANE('',#2015);
#1790=PLANE('',#2016);
#1791=PLANE('',#2017);
#1792=PLANE('',#2018);
#1793=PLANE('',#2019);
#1794=PLANE('',#2020);
#1795=PLANE('',#2021);
#1796=PLANE('',#2022);
#1797=PLANE('',#2023);
#1798=PLANE('',#2024);
#1799=PLANE('',#2025);
#1800=PLANE('',#2026);
#1801=PLANE('',#2027);
#1802=PLANE('',#2031);
#1803=PLANE('',#2035);
#1804=PLANE('',#2039);
#1805=PLANE('',#2042);
#1806=PLANE('',#2045);
#1807=PLANE('',#2046);
#1808=PLANE('',#2047);
#1809=PLANE('',#2048);
#1810=PLANE('',#2049);
#1811=PLANE('',#2050);
#1812=PLANE('',#2051);
#1813=PLANE('',#2052);
#1814=PLANE('',#2053);
#1815=PLANE('',#2054);
#1816=PLANE('',#2055);
#1817=PLANE('',#2056);
#1818=PLANE('',#2057);
#1819=PLANE('',#2058);
#1820=PLANE('',#2059);
#1821=PLANE('',#2060);
#1822=PLANE('',#2061);
#1823=PLANE('',#2062);
#1824=PLANE('',#2063);
#1825=PLANE('',#2064);
#1826=PLANE('',#2065);
#1827=PLANE('',#2066);
#1828=PLANE('',#2067);
#1829=PLANE('',#2068);
#1830=PLANE('',#2069);
#1831=PLANE('',#2070);
#1832=PLANE('',#2071);
#1833=PLANE('',#2072);
#1834=PLANE('',#2073);
#1835=PLANE('',#2074);
#1836=PLANE('',#2075);
#1837=PLANE('',#2076);
#1838=PLANE('',#2077);
#1839=PLANE('',#2078);
#1840=PLANE('',#2079);
#1841=PLANE('',#2080);
#1842=PLANE('',#2081);
#1843=PLANE('',#2082);
#1844=PLANE('',#2083);
#1845=PLANE('',#2084);
#1846=PLANE('',#2085);
#1847=PLANE('',#2086);
#1848=PLANE('',#2087);
#1849=PLANE('',#2088);
#1850=PLANE('',#2089);
#1851=PLANE('',#2090);
#1852=PLANE('',#2091);
#1853=PLANE('',#2092);
#1854=PLANE('',#2093);
#1855=PLANE('',#2094);
#1856=PLANE('',#2095);
#1857=PLANE('',#2096);
#1858=PLANE('',#2097);
#1859=PLANE('',#2098);
#1860=PLANE('',#2099);
#1861=PLANE('',#2100);
#1862=PLANE('',#2101);
#1863=PLANE('',#2102);
#1864=PLANE('',#2103);
#1865=PLANE('',#2104);
#1866=PLANE('',#2105);
#1867=PLANE('',#2106);
#1868=PLANE('',#2107);
#1869=PLANE('',#2108);
#1870=PLANE('',#2109);
#1871=PLANE('',#2110);
#1872=PLANE('',#2111);
#1873=PLANE('',#2112);
#1874=PLANE('',#2113);
#1875=PLANE('',#2114);
#1876=PLANE('',#2115);
#1877=PLANE('',#2116);
#1878=PLANE('',#2117);
#1879=PLANE('',#2118);
#1880=PLANE('',#2121);
#1881=PLANE('',#2122);
#1882=ADVANCED_FACE('',(#38),#1779,.T.);
#1883=ADVANCED_FACE('',(#39),#1780,.T.);
#1884=ADVANCED_FACE('',(#40),#1781,.T.);
#1885=ADVANCED_FACE('',(#41),#1782,.T.);
#1886=ADVANCED_FACE('',(#42),#1783,.T.);
#1887=ADVANCED_FACE('',(#43),#1784,.T.);
#1888=ADVANCED_FACE('',(#44),#1785,.T.);
#1889=ADVANCED_FACE('',(#45),#1786,.T.);
#1890=ADVANCED_FACE('',(#46),#1787,.T.);
#1891=ADVANCED_FACE('',(#47),#1788,.T.);
#1892=ADVANCED_FACE('',(#48),#1789,.T.);
#1893=ADVANCED_FACE('',(#49),#1790,.T.);
#1894=ADVANCED_FACE('',(#50),#1791,.T.);
#1895=ADVANCED_FACE('',(#51),#1792,.T.);
#1896=ADVANCED_FACE('',(#52),#1793,.T.);
#1897=ADVANCED_FACE('',(#53),#1794,.T.);
#1898=ADVANCED_FACE('',(#54),#1795,.T.);
#1899=ADVANCED_FACE('',(#55),#1796,.T.);
#1900=ADVANCED_FACE('',(#56),#1797,.T.);
#1901=ADVANCED_FACE('',(#57),#1798,.T.);
#1902=ADVANCED_FACE('',(#58),#1799,.T.);
#1903=ADVANCED_FACE('',(#59),#1800,.T.);
#1904=ADVANCED_FACE('',(#60),#1801,.T.);
#1905=ADVANCED_FACE('',(#61),#35,.T.);
#1906=ADVANCED_FACE('',(#62),#1802,.T.);
#1907=ADVANCED_FACE('',(#63),#36,.T.);
#1908=ADVANCED_FACE('',(#64),#1803,.T.);
#1909=ADVANCED_FACE('',(#65),#37,.T.);
#1910=ADVANCED_FACE('',(#66),#1804,.T.);
#1911=ADVANCED_FACE('',(#67),#23,.T.);
#1912=ADVANCED_FACE('',(#68),#1805,.T.);
#1913=ADVANCED_FACE('',(#69),#24,.T.);
#1914=ADVANCED_FACE('',(#70,#15,#16,#17,#18,#19),#1806,.T.);
#1915=ADVANCED_FACE('',(#71),#1807,.T.);
#1916=ADVANCED_FACE('',(#72),#1808,.T.);
#1917=ADVANCED_FACE('',(#73),#1809,.T.);
#1918=ADVANCED_FACE('',(#74),#1810,.T.);
#1919=ADVANCED_FACE('',(#75),#1811,.T.);
#1920=ADVANCED_FACE('',(#76),#1812,.T.);
#1921=ADVANCED_FACE('',(#77),#1813,.T.);
#1922=ADVANCED_FACE('',(#78),#1814,.T.);
#1923=ADVANCED_FACE('',(#79),#1815,.T.);
#1924=ADVANCED_FACE('',(#80),#1816,.T.);
#1925=ADVANCED_FACE('',(#81),#1817,.T.);
#1926=ADVANCED_FACE('',(#82),#1818,.T.);
#1927=ADVANCED_FACE('',(#83),#1819,.T.);
#1928=ADVANCED_FACE('',(#84),#1820,.T.);
#1929=ADVANCED_FACE('',(#85),#1821,.T.);
#1930=ADVANCED_FACE('',(#86),#1822,.T.);
#1931=ADVANCED_FACE('',(#87),#1823,.T.);
#1932=ADVANCED_FACE('',(#88),#1824,.T.);
#1933=ADVANCED_FACE('',(#89),#1825,.T.);
#1934=ADVANCED_FACE('',(#90),#1826,.T.);
#1935=ADVANCED_FACE('',(#91),#1827,.T.);
#1936=ADVANCED_FACE('',(#92),#1828,.T.);
#1937=ADVANCED_FACE('',(#93),#1829,.T.);
#1938=ADVANCED_FACE('',(#94),#1830,.T.);
#1939=ADVANCED_FACE('',(#95),#1831,.T.);
#1940=ADVANCED_FACE('',(#96),#1832,.T.);
#1941=ADVANCED_FACE('',(#97),#1833,.T.);
#1942=ADVANCED_FACE('',(#98),#1834,.T.);
#1943=ADVANCED_FACE('',(#99),#1835,.T.);
#1944=ADVANCED_FACE('',(#100),#1836,.T.);
#1945=ADVANCED_FACE('',(#101),#1837,.T.);
#1946=ADVANCED_FACE('',(#102),#1838,.T.);
#1947=ADVANCED_FACE('',(#103),#1839,.T.);
#1948=ADVANCED_FACE('',(#104),#1840,.T.);
#1949=ADVANCED_FACE('',(#105),#1841,.T.);
#1950=ADVANCED_FACE('',(#106),#1842,.T.);
#1951=ADVANCED_FACE('',(#107),#1843,.T.);
#1952=ADVANCED_FACE('',(#108),#1844,.T.);
#1953=ADVANCED_FACE('',(#109),#1845,.T.);
#1954=ADVANCED_FACE('',(#110),#1846,.T.);
#1955=ADVANCED_FACE('',(#111),#1847,.T.);
#1956=ADVANCED_FACE('',(#112),#1848,.T.);
#1957=ADVANCED_FACE('',(#113),#1849,.T.);
#1958=ADVANCED_FACE('',(#114),#1850,.T.);
#1959=ADVANCED_FACE('',(#115),#1851,.T.);
#1960=ADVANCED_FACE('',(#116),#1852,.T.);
#1961=ADVANCED_FACE('',(#117),#1853,.T.);
#1962=ADVANCED_FACE('',(#118),#1854,.T.);
#1963=ADVANCED_FACE('',(#119),#1855,.T.);
#1964=ADVANCED_FACE('',(#120),#1856,.T.);
#1965=ADVANCED_FACE('',(#121),#1857,.T.);
#1966=ADVANCED_FACE('',(#122),#1858,.T.);
#1967=ADVANCED_FACE('',(#123),#1859,.T.);
#1968=ADVANCED_FACE('',(#124),#1860,.T.);
#1969=ADVANCED_FACE('',(#125),#1861,.T.);
#1970=ADVANCED_FACE('',(#126),#1862,.T.);
#1971=ADVANCED_FACE('',(#127),#1863,.T.);
#1972=ADVANCED_FACE('',(#128),#1864,.T.);
#1973=ADVANCED_FACE('',(#129),#1865,.T.);
#1974=ADVANCED_FACE('',(#130),#1866,.T.);
#1975=ADVANCED_FACE('',(#131),#1867,.T.);
#1976=ADVANCED_FACE('',(#132),#1868,.T.);
#1977=ADVANCED_FACE('',(#133),#1869,.T.);
#1978=ADVANCED_FACE('',(#134),#1870,.T.);
#1979=ADVANCED_FACE('',(#135),#1871,.T.);
#1980=ADVANCED_FACE('',(#136),#1872,.T.);
#1981=ADVANCED_FACE('',(#137),#1873,.T.);
#1982=ADVANCED_FACE('',(#138),#1874,.T.);
#1983=ADVANCED_FACE('',(#139),#1875,.T.);
#1984=ADVANCED_FACE('',(#140),#1876,.T.);
#1985=ADVANCED_FACE('',(#141),#1877,.T.);
#1986=ADVANCED_FACE('',(#142),#1878,.T.);
#1987=ADVANCED_FACE('',(#143),#1879,.T.);
#1988=ADVANCED_FACE('',(#144),#25,.T.);
#1989=ADVANCED_FACE('',(#145),#1880,.T.);
#1990=ADVANCED_FACE('',(#146,#20,#21,#22),#1881,.F.);
#1991=CLOSED_SHELL('',(#1882,#1883,#1884,#1885,#1886,#1887,#1888,#1889,
#1890,#1891,#1892,#1893,#1894,#1895,#1896,#1897,#1898,#1899,#1900,#1901,
#1902,#1903,#1904,#1905,#1906,#1907,#1908,#1909,#1910,#1911,#1912,#1913,
#1914,#1915,#1916,#1917,#1918,#1919,#1920,#1921,#1922,#1923,#1924,#1925,
#1926,#1927,#1928,#1929,#1930,#1931,#1932,#1933,#1934,#1935,#1936,#1937,
#1938,#1939,#1940,#1941,#1942,#1943,#1944,#1945,#1946,#1947,#1948,#1949,
#1950,#1951,#1952,#1953,#1954,#1955,#1956,#1957,#1958,#1959,#1960,#1961,
#1962,#1963,#1964,#1965,#1966,#1967,#1968,#1969,#1970,#1971,#1972,#1973,
#1974,#1975,#1976,#1977,#1978,#1979,#1980,#1981,#1982,#1983,#1984,#1985,
#1986,#1987,#1988,#1989,#1990));
#1992=DERIVED_UNIT_ELEMENT(#1994,1.);
#1993=DERIVED_UNIT_ELEMENT(#3181,-3.);
#1994=(
MASS_UNIT()
NAMED_UNIT(*)
SI_UNIT(.KILO.,.GRAM.)
);
#1995=DERIVED_UNIT((#1992,#1993));
#1996=MEASURE_REPRESENTATION_ITEM('density measure',
POSITIVE_RATIO_MEASURE(7850.),#1995);
#1997=PROPERTY_DEFINITION_REPRESENTATION(#2002,#1999);
#1998=PROPERTY_DEFINITION_REPRESENTATION(#2003,#2000);
#1999=REPRESENTATION('material name',(#2001),#3178);
#2000=REPRESENTATION('density',(#1996),#3178);
#2001=DESCRIPTIVE_REPRESENTATION_ITEM('Stahl','Stahl');
#2002=PROPERTY_DEFINITION('material property','material name',#3188);
#2003=PROPERTY_DEFINITION('material property','density of part',#3188);
#2004=AXIS2_PLACEMENT_3D('',#2625,#2123,#2124);
#2005=AXIS2_PLACEMENT_3D('',#2626,#2125,#2126);
#2006=AXIS2_PLACEMENT_3D('',#2651,#2139,#2140);
#2007=AXIS2_PLACEMENT_3D('',#2657,#2144,#2145);
#2008=AXIS2_PLACEMENT_3D('',#2661,#2148,#2149);
#2009=AXIS2_PLACEMENT_3D('',#2665,#2152,#2153);
#2010=AXIS2_PLACEMENT_3D('',#2669,#2156,#2157);
#2011=AXIS2_PLACEMENT_3D('',#2673,#2160,#2161);
#2012=AXIS2_PLACEMENT_3D('',#2677,#2164,#2165);
#2013=AXIS2_PLACEMENT_3D('',#2681,#2168,#2169);
#2014=AXIS2_PLACEMENT_3D('',#2685,#2172,#2173);
#2015=AXIS2_PLACEMENT_3D('',#2689,#2176,#2177);
#2016=AXIS2_PLACEMENT_3D('',#2693,#2180,#2181);
#2017=AXIS2_PLACEMENT_3D('',#2697,#2184,#2185);
#2018=AXIS2_PLACEMENT_3D('',#2699,#2187,#2188);
#2019=AXIS2_PLACEMENT_3D('',#2718,#2198,#2199);
#2020=AXIS2_PLACEMENT_3D('',#2724,#2203,#2204);
#2021=AXIS2_PLACEMENT_3D('',#2728,#2207,#2208);
#2022=AXIS2_PLACEMENT_3D('',#2732,#2211,#2212);
#2023=AXIS2_PLACEMENT_3D('',#2736,#2215,#2216);
#2024=AXIS2_PLACEMENT_3D('',#2740,#2219,#2220);
#2025=AXIS2_PLACEMENT_3D('',#2744,#2223,#2224);
#2026=AXIS2_PLACEMENT_3D('',#2748,#2227,#2228);
#2027=AXIS2_PLACEMENT_3D('',#2752,#2231,#2232);
#2028=AXIS2_PLACEMENT_3D('',#2754,#2234,#2235);
#2029=AXIS2_PLACEMENT_3D('',#2759,#2237,#2238);
#2030=AXIS2_PLACEMENT_3D('',#2762,#2240,#2241);
#2031=AXIS2_PLACEMENT_3D('',#2763,#2242,#2243);
#2032=AXIS2_PLACEMENT_3D('',#2769,#2247,#2248);
#2033=AXIS2_PLACEMENT_3D('',#2773,#2250,#2251);
#2034=AXIS2_PLACEMENT_3D('',#2774,#2252,#2253);
#2035=AXIS2_PLACEMENT_3D('',#2775,#2254,#2255);
#2036=AXIS2_PLACEMENT_3D('',#2781,#2259,#2260);
#2037=AXIS2_PLACEMENT_3D('',#2785,#2262,#2263);
#2038=AXIS2_PLACEMENT_3D('',#2786,#2264,#2265);
#2039=AXIS2_PLACEMENT_3D('',#2787,#2266,#2267);
#2040=AXIS2_PLACEMENT_3D('',#2790,#2270,#2271);
#2041=AXIS2_PLACEMENT_3D('',#2794,#2273,#2274);
#2042=AXIS2_PLACEMENT_3D('',#2796,#2276,#2277);
#2043=AXIS2_PLACEMENT_3D('',#2800,#2280,#2281);
#2044=AXIS2_PLACEMENT_3D('',#2803,#2283,#2284);
#2045=AXIS2_PLACEMENT_3D('',#2804,#2285,#2286);
#2046=AXIS2_PLACEMENT_3D('',#2877,#2323,#2324);
#2047=AXIS2_PLACEMENT_3D('',#2883,#2328,#2329);
#2048=AXIS2_PLACEMENT_3D('',#2887,#2332,#2333);
#2049=AXIS2_PLACEMENT_3D('',#2891,#2336,#2337);
#2050=AXIS2_PLACEMENT_3D('',#2895,#2340,#2341);
#2051=AXIS2_PLACEMENT_3D('',#2899,#2344,#2345);
#2052=AXIS2_PLACEMENT_3D('',#2903,#2348,#2349);
#2053=AXIS2_PLACEMENT_3D('',#2907,#2352,#2353);
#2054=AXIS2_PLACEMENT_3D('',#2911,#2356,#2357);
#2055=AXIS2_PLACEMENT_3D('',#2915,#2360,#2361);
#2056=AXIS2_PLACEMENT_3D('',#2919,#2364,#2365);
#2057=AXIS2_PLACEMENT_3D('',#2923,#2368,#2369);
#2058=AXIS2_PLACEMENT_3D('',#2925,#2371,#2372);
#2059=AXIS2_PLACEMENT_3D('',#2931,#2376,#2377);
#2060=AXIS2_PLACEMENT_3D('',#2935,#2380,#2381);
#2061=AXIS2_PLACEMENT_3D('',#2939,#2384,#2385);
#2062=AXIS2_PLACEMENT_3D('',#2943,#2388,#2389);
#2063=AXIS2_PLACEMENT_3D('',#2947,#2392,#2393);
#2064=AXIS2_PLACEMENT_3D('',#2951,#2396,#2397);
#2065=AXIS2_PLACEMENT_3D('',#2957,#2401,#2402);
#2066=AXIS2_PLACEMENT_3D('',#2961,#2405,#2406);
#2067=AXIS2_PLACEMENT_3D('',#2965,#2409,#2410);
#2068=AXIS2_PLACEMENT_3D('',#2969,#2413,#2414);
#2069=AXIS2_PLACEMENT_3D('',#2973,#2417,#2418);
#2070=AXIS2_PLACEMENT_3D('',#2977,#2421,#2422);
#2071=AXIS2_PLACEMENT_3D('',#2981,#2425,#2426);
#2072=AXIS2_PLACEMENT_3D('',#2985,#2429,#2430);
#2073=AXIS2_PLACEMENT_3D('',#2989,#2433,#2434);
#2074=AXIS2_PLACEMENT_3D('',#2993,#2437,#2438);
#2075=AXIS2_PLACEMENT_3D('',#2997,#2441,#2442);
#2076=AXIS2_PLACEMENT_3D('',#2999,#2444,#2445);
#2077=AXIS2_PLACEMENT_3D('',#3005,#2449,#2450);
#2078=AXIS2_PLACEMENT_3D('',#3009,#2453,#2454);
#2079=AXIS2_PLACEMENT_3D('',#3013,#2457,#2458);
#2080=AXIS2_PLACEMENT_3D('',#3017,#2461,#2462);
#2081=AXIS2_PLACEMENT_3D('',#3021,#2465,#2466);
#2082=AXIS2_PLACEMENT_3D('',#3025,#2469,#2470);
#2083=AXIS2_PLACEMENT_3D('',#3031,#2474,#2475);
#2084=AXIS2_PLACEMENT_3D('',#3035,#2478,#2479);
#2085=AXIS2_PLACEMENT_3D('',#3039,#2482,#2483);
#2086=AXIS2_PLACEMENT_3D('',#3043,#2486,#2487);
#2087=AXIS2_PLACEMENT_3D('',#3047,#2490,#2491);
#2088=AXIS2_PLACEMENT_3D('',#3051,#2494,#2495);
#2089=AXIS2_PLACEMENT_3D('',#3055,#2498,#2499);
#2090=AXIS2_PLACEMENT_3D('',#3059,#2502,#2503);
#2091=AXIS2_PLACEMENT_3D('',#3063,#2506,#2507);
#2092=AXIS2_PLACEMENT_3D('',#3067,#2510,#2511);
#2093=AXIS2_PLACEMENT_3D('',#3071,#2514,#2515);
#2094=AXIS2_PLACEMENT_3D('',#3073,#2517,#2518);
#2095=AXIS2_PLACEMENT_3D('',#3079,#2522,#2523);
#2096=AXIS2_PLACEMENT_3D('',#3083,#2526,#2527);
#2097=AXIS2_PLACEMENT_3D('',#3087,#2530,#2531);
#2098=AXIS2_PLACEMENT_3D('',#3091,#2534,#2535);
#2099=AXIS2_PLACEMENT_3D('',#3095,#2538,#2539);
#2100=AXIS2_PLACEMENT_3D('',#3099,#2542,#2543);
#2101=AXIS2_PLACEMENT_3D('',#3103,#2546,#2547);
#2102=AXIS2_PLACEMENT_3D('',#3107,#2550,#2551);
#2103=AXIS2_PLACEMENT_3D('',#3111,#2554,#2555);
#2104=AXIS2_PLACEMENT_3D('',#3115,#2558,#2559);
#2105=AXIS2_PLACEMENT_3D('',#3119,#2562,#2563);
#2106=AXIS2_PLACEMENT_3D('',#3121,#2565,#2566);
#2107=AXIS2_PLACEMENT_3D('',#3125,#2569,#2570);
#2108=AXIS2_PLACEMENT_3D('',#3129,#2573,#2574);
#2109=AXIS2_PLACEMENT_3D('',#3133,#2577,#2578);
#2110=AXIS2_PLACEMENT_3D('',#3137,#2581,#2582);
#2111=AXIS2_PLACEMENT_3D('',#3141,#2585,#2586);
#2112=AXIS2_PLACEMENT_3D('',#3143,#2588,#2589);
#2113=AXIS2_PLACEMENT_3D('',#3147,#2592,#2593);
#2114=AXIS2_PLACEMENT_3D('',#3151,#2596,#2597);
#2115=AXIS2_PLACEMENT_3D('',#3155,#2600,#2601);
#2116=AXIS2_PLACEMENT_3D('',#3159,#2604,#2605);
#2117=AXIS2_PLACEMENT_3D('',#3163,#2608,#2609);
#2118=AXIS2_PLACEMENT_3D('',#3165,#2611,#2612);
#2119=AXIS2_PLACEMENT_3D('',#3169,#2615,#2616);
#2120=AXIS2_PLACEMENT_3D('',#3172,#2618,#2619);
#2121=AXIS2_PLACEMENT_3D('',#3173,#2620,#2621);
#2122=AXIS2_PLACEMENT_3D('',#3175,#2623,#2624);
#2123=DIRECTION('axis',(0.,0.,1.));
#2124=DIRECTION('refdir',(1.,0.,0.));
#2125=DIRECTION('center_axis',(0.,0.,1.));
#2126=DIRECTION('ref_axis',(1.,0.,0.));
#2127=DIRECTION('',(-0.540841382862366,-0.841124603482459,0.));
#2128=DIRECTION('',(-0.539665978481508,0.841879226296502,0.));
#2129=DIRECTION('',(-1.,-7.59844326345332E-16,0.));
#2130=DIRECTION('',(0.553424965223624,-0.832899038219658,0.));
#2131=DIRECTION('',(-0.539322127103968,-0.842099544719062,0.));
#2132=DIRECTION('',(1.,1.58171715601051E-15,0.));
#2133=DIRECTION('',(0.521669651921094,0.8531475688675,0.));
#2134=DIRECTION('',(0.529513186394832,-0.848301706607968,0.));
#2135=DIRECTION('',(1.,1.5680030652437E-15,0.));
#2136=DIRECTION('',(-0.543598709768746,0.839345246449728,0.));
#2137=DIRECTION('',(0.547867882068335,0.836564871243083,0.));
#2138=DIRECTION('',(-1.,-7.64125434484153E-16,0.));
#2139=DIRECTION('center_axis',(-0.841124603482459,0.540841382862366,0.));
#2140=DIRECTION('ref_axis',(0.,0.,1.));
#2141=DIRECTION('',(0.,0.,1.));
#2142=DIRECTION('',(-0.540841382862366,-0.841124603482459,0.));
#2143=DIRECTION('',(0.,0.,1.));
#2144=DIRECTION('center_axis',(0.841879226296502,0.539665978481508,0.));
#2145=DIRECTION('ref_axis',(0.,0.,-1.));
#2146=DIRECTION('',(-0.539665978481508,0.841879226296502,0.));
#2147=DIRECTION('',(0.,0.,1.));
#2148=DIRECTION('center_axis',(-7.59844326345332E-16,1.,0.));
#2149=DIRECTION('ref_axis',(0.,0.,1.));
#2150=DIRECTION('',(-1.,-7.59844326345332E-16,0.));
#2151=DIRECTION('',(0.,0.,1.));
#2152=DIRECTION('center_axis',(-0.832899038219658,-0.553424965223624,0.));
#2153=DIRECTION('ref_axis',(0.,0.,1.));
#2154=DIRECTION('',(0.553424965223624,-0.832899038219658,0.));
#2155=DIRECTION('',(0.,0.,1.));
#2156=DIRECTION('center_axis',(-0.842099544719062,0.539322127103968,0.));
#2157=DIRECTION('ref_axis',(0.,0.,1.));
#2158=DIRECTION('',(-0.539322127103968,-0.842099544719062,0.));
#2159=DIRECTION('',(0.,0.,1.));
#2160=DIRECTION('center_axis',(1.58171715601051E-15,-1.,0.));
#2161=DIRECTION('ref_axis',(0.,0.,-1.));
#2162=DIRECTION('',(1.,1.58171715601051E-15,0.));
#2163=DIRECTION('',(0.,0.,1.));
#2164=DIRECTION('center_axis',(0.8531475688675,-0.521669651921094,0.));
#2165=DIRECTION('ref_axis',(0.,0.,-1.));
#2166=DIRECTION('',(0.521669651921094,0.8531475688675,0.));
#2167=DIRECTION('',(0.,0.,1.));
#2168=DIRECTION('center_axis',(-0.848301706607968,-0.529513186394832,0.));
#2169=DIRECTION('ref_axis',(0.,0.,1.));
#2170=DIRECTION('',(0.529513186394832,-0.848301706607968,0.));
#2171=DIRECTION('',(0.,0.,1.));
#2172=DIRECTION('center_axis',(1.5680030652437E-15,-1.,0.));
#2173=DIRECTION('ref_axis',(0.,0.,-1.));
#2174=DIRECTION('',(1.,1.5680030652437E-15,0.));
#2175=DIRECTION('',(0.,0.,1.));
#2176=DIRECTION('center_axis',(0.839345246449728,0.543598709768746,0.));
#2177=DIRECTION('ref_axis',(0.,0.,-1.));
#2178=DIRECTION('',(-0.543598709768746,0.839345246449728,0.));
#2179=DIRECTION('',(0.,0.,1.));
#2180=DIRECTION('center_axis',(0.836564871243083,-0.547867882068335,0.));
#2181=DIRECTION('ref_axis',(0.,0.,-1.));
#2182=DIRECTION('',(0.547867882068335,0.836564871243083,0.));
#2183=DIRECTION('',(0.,0.,1.));
#2184=DIRECTION('center_axis',(-7.64125434484153E-16,1.,0.));
#2185=DIRECTION('ref_axis',(0.,0.,1.));
#2186=DIRECTION('',(-1.,-7.64125434484153E-16,0.));
#2187=DIRECTION('center_axis',(0.,0.,1.));
#2188=DIRECTION('ref_axis',(1.,0.,0.));
#2189=DIRECTION('',(0.,-1.,0.));
#2190=DIRECTION('',(-0.535075710347747,-0.844804109954404,0.));
#2191=DIRECTION('',(1.,0.,0.));
#2192=DIRECTION('',(0.503500478453455,0.863994946858569,0.));
#2193=DIRECTION('',(0.511223355621619,-0.859447892932999,0.));
#2194=DIRECTION('',(1.,0.,0.));
#2195=DIRECTION('',(-0.534554673341678,0.845133895432299,0.));
#2196=DIRECTION('',(0.,1.,0.));
#2197=DIRECTION('',(-1.,0.,0.));
#2198=DIRECTION('center_axis',(-1.,0.,0.));
#2199=DIRECTION('ref_axis',(0.,0.,1.));
#2200=DIRECTION('',(0.,0.,1.));
#2201=DIRECTION('',(0.,-1.,0.));
#2202=DIRECTION('',(0.,0.,1.));
#2203=DIRECTION('center_axis',(-0.844804109954404,0.535075710347748,0.));
#2204=DIRECTION('ref_axis',(0.,0.,1.));
#2205=DIRECTION('',(-0.535075710347748,-0.844804109954404,0.));
#2206=DIRECTION('',(0.,0.,1.));
#2207=DIRECTION('center_axis',(0.,-1.,0.));
#2208=DIRECTION('ref_axis',(0.,0.,-1.));
#2209=DIRECTION('',(1.,0.,0.));
#2210=DIRECTION('',(0.,0.,1.));
#2211=DIRECTION('center_axis',(0.863994946858569,-0.503500478453455,0.));
#2212=DIRECTION('ref_axis',(0.,0.,-1.));
#2213=DIRECTION('',(0.503500478453455,0.863994946858569,0.));
#2214=DIRECTION('',(0.,0.,1.));
#2215=DIRECTION('center_axis',(-0.859447892932999,-0.511223355621619,0.));
#2216=DIRECTION('ref_axis',(0.,0.,1.));
#2217=DIRECTION('',(0.511223355621619,-0.859447892932999,0.));
#2218=DIRECTION('',(0.,0.,1.));
#2219=DIRECTION('center_axis',(0.,-1.,0.));
#2220=DIRECTION('ref_axis',(0.,0.,-1.));
#2221=DIRECTION('',(1.,0.,0.));
#2222=DIRECTION('',(0.,0.,1.));
#2223=DIRECTION('center_axis',(0.845133895432299,0.534554673341678,0.));
#2224=DIRECTION('ref_axis',(0.,0.,-1.));
#2225=DIRECTION('',(-0.534554673341678,0.845133895432299,0.));
#2226=DIRECTION('',(0.,0.,1.));
#2227=DIRECTION('center_axis',(1.,0.,0.));
#2228=DIRECTION('ref_axis',(0.,0.,-1.));
#2229=DIRECTION('',(0.,1.,0.));
#2230=DIRECTION('',(0.,0.,1.));
#2231=DIRECTION('center_axis',(0.,1.,0.));
#2232=DIRECTION('ref_axis',(0.,0.,1.));
#2233=DIRECTION('',(-1.,0.,0.));
#2234=DIRECTION('center_axis',(0.,0.,-1.));
#2235=DIRECTION('ref_axis',(-0.866025403784439,0.499999999999999,0.));
#2236=DIRECTION('',(0.,0.707106781186549,0.707106781186546));
#2237=DIRECTION('center_axis',(0.,0.,-1.));
#2238=DIRECTION('ref_axis',(-0.866025403784439,0.499999999999999,0.));
#2239=DIRECTION('',(-0.612372435695796,0.353553390593273,-0.707106781186546));
#2240=DIRECTION('center_axis',(0.,0.,1.));
#2241=DIRECTION('ref_axis',(-0.866025403784439,0.499999999999999,0.));
#2242=DIRECTION('center_axis',(6.80573192356528E-17,-0.707106781186547,
0.707106781186548));
#2243=DIRECTION('ref_axis',(1.,0.,-9.62475838818155E-17));
#2244=DIRECTION('',(0.,0.707106781186548,0.707106781186547));
#2245=DIRECTION('',(-1.,-9.62475838818156E-17,0.));
#2246=DIRECTION('',(1.,9.62475838818156E-17,0.));
#2247=DIRECTION('center_axis',(0.,0.,-1.));
#2248=DIRECTION('ref_axis',(-7.40148683083438E-16,-1.,0.));
#2249=DIRECTION('',(-0.612372435695794,-0.353553390593274,0.707106781186547));
#2250=DIRECTION('center_axis',(0.,0.,-1.));
#2251=DIRECTION('ref_axis',(-7.40148683083438E-16,-1.,0.));
#2252=DIRECTION('center_axis',(0.,0.,1.));
#2253=DIRECTION('ref_axis',(-7.40148683083438E-16,-1.,0.));
#2254=DIRECTION('center_axis',(0.612372435695794,0.353553390593274,0.707106781186548));
#2255=DIRECTION('ref_axis',(0.755928946018455,0.,-0.654653670707977));
#2256=DIRECTION('',(-0.612372435695795,-0.353553390593274,0.707106781186547));
#2257=DIRECTION('',(0.5,-0.866025403784439,0.));
#2258=DIRECTION('',(-0.5,0.866025403784439,0.));
#2259=DIRECTION('center_axis',(0.,0.,-1.));
#2260=DIRECTION('ref_axis',(0.866025403784438,0.500000000000001,0.));
#2261=DIRECTION('',(0.612372435695793,-0.353553390593276,0.707106781186548));
#2262=DIRECTION('center_axis',(0.,0.,-1.));
#2263=DIRECTION('ref_axis',(0.866025403784438,0.500000000000001,0.));
#2264=DIRECTION('center_axis',(0.,0.,1.));
#2265=DIRECTION('ref_axis',(0.866025403784438,0.500000000000001,0.));
#2266=DIRECTION('center_axis',(-0.612372435695794,0.353553390593274,0.707106781186548));
#2267=DIRECTION('ref_axis',(0.755928946018455,0.,0.654653670707976));
#2268=DIRECTION('',(0.5,0.866025403784439,0.));
#2269=DIRECTION('',(-0.5,-0.866025403784439,0.));
#2270=DIRECTION('center_axis',(0.,0.,1.));
#2271=DIRECTION('ref_axis',(-7.40148683083438E-16,-1.,0.));
#2272=DIRECTION('',(0.,0.,1.));
#2273=DIRECTION('center_axis',(0.,0.,1.));
#2274=DIRECTION('ref_axis',(-7.40148683083438E-16,-1.,0.));
#2275=DIRECTION('',(0.,0.,1.));
#2276=DIRECTION('center_axis',(9.62475838818156E-17,-1.,0.));
#2277=DIRECTION('ref_axis',(1.,9.62475838818156E-17,0.));
#2278=DIRECTION('',(0.,0.,1.));
#2279=DIRECTION('',(1.,9.62475838818156E-17,0.));
#2280=DIRECTION('center_axis',(0.,0.,1.));
#2281=DIRECTION('ref_axis',(-0.866025403784439,0.499999999999999,0.));
#2282=DIRECTION('',(0.,0.,1.));
#2283=DIRECTION('center_axis',(0.,0.,1.));
#2284=DIRECTION('ref_axis',(-0.866025403784439,0.499999999999999,0.));
#2285=DIRECTION('center_axis',(0.,0.,1.));
#2286=DIRECTION('ref_axis',(1.,0.,0.));
#2287=DIRECTION('',(-1.,0.,0.));
#2288=DIRECTION('',(-1.85037170770859E-16,1.,0.));
#2289=DIRECTION('',(1.,0.,0.));
#2290=DIRECTION('',(0.,1.,0.));
#2291=DIRECTION('',(1.,0.,0.));
#2292=DIRECTION('',(0.,-1.,0.));
#2293=DIRECTION('',(1.,0.,0.));
#2294=DIRECTION('',(0.,-1.,0.));
#2295=DIRECTION('',(-1.,0.,0.));
#2296=DIRECTION('',(0.,-1.,0.));
#2297=DIRECTION('',(-1.,0.,0.));
#2298=DIRECTION('',(0.,1.,0.));
#2299=DIRECTION('',(-1.,0.,0.));
#2300=DIRECTION('',(0.,1.,0.));
#2301=DIRECTION('',(1.,0.,0.));
#2302=DIRECTION('',(0.,1.,0.));
#2303=DIRECTION('',(1.,0.,0.));
#2304=DIRECTION('',(0.,-1.,0.));
#2305=DIRECTION('',(1.,0.,0.));
#2306=DIRECTION('',(0.,-1.,0.));
#2307=DIRECTION('',(-1.,0.,0.));
#2308=DIRECTION('',(0.,-1.,0.));
#2309=DIRECTION('',(-1.,0.,0.));
#2310=DIRECTION('',(0.,1.,0.));
#2311=DIRECTION('',(-1.,0.,0.));
#2312=DIRECTION('',(0.,1.,0.));
#2313=DIRECTION('',(1.,0.,0.));
#2314=DIRECTION('',(0.,1.,0.));
#2315=DIRECTION('',(1.,0.,0.));
#2316=DIRECTION('',(0.,-1.,0.));
#2317=DIRECTION('',(1.,0.,0.));
#2318=DIRECTION('',(0.,-1.,0.));
#2319=DIRECTION('',(-1.,0.,0.));
#2320=DIRECTION('',(0.,-1.,0.));
#2321=DIRECTION('',(-1.,0.,0.));
#2322=DIRECTION('',(0.,1.,0.));
#2323=DIRECTION('center_axis',(0.,-0.707106781186547,0.707106781186548));
#2324=DIRECTION('ref_axis',(1.,0.,0.));
#2325=DIRECTION('',(-0.577350269189626,-0.577350269189626,-0.577350269189625));
#2326=DIRECTION('',(1.,0.,0.));
#2327=DIRECTION('',(-0.577350269189625,-0.577350269189626,-0.577350269189626));
#2328=DIRECTION('center_axis',(-0.707106781186547,0.,0.707106781186548));
#2329=DIRECTION('ref_axis',(0.707106781186548,0.,0.707106781186547));
#2330=DIRECTION('',(-0.577350269189626,-0.577350269189626,-0.577350269189625));
#2331=DIRECTION('',(0.,-1.,0.));
#2332=DIRECTION('center_axis',(0.,-0.707106781186547,0.707106781186548));
#2333=DIRECTION('ref_axis',(1.,0.,0.));
#2334=DIRECTION('',(0.577350269189626,-0.577350269189626,-0.577350269189625));
#2335=DIRECTION('',(1.,0.,0.));
#2336=DIRECTION('center_axis',(0.707106781186547,0.,0.707106781186548));
#2337=DIRECTION('ref_axis',(0.707106781186548,0.,-0.707106781186547));
#2338=DIRECTION('',(0.577350269189626,-0.577350269189626,-0.577350269189626));
#2339=DIRECTION('',(0.,1.,0.));
#2340=DIRECTION('center_axis',(0.,-0.707106781186547,0.707106781186548));
#2341=DIRECTION('ref_axis',(1.,0.,0.));
#2342=DIRECTION('',(0.577350269189626,-0.577350269189626,-0.577350269189625));
#2343=DIRECTION('',(1.,0.,0.));
#2344=DIRECTION('center_axis',(0.707106781186547,0.,0.707106781186548));
#2345=DIRECTION('ref_axis',(0.707106781186548,0.,-0.707106781186547));
#2346=DIRECTION('',(0.577350269189626,0.577350269189626,-0.577350269189626));
#2347=DIRECTION('',(0.,1.,0.));
#2348=DIRECTION('center_axis',(0.,0.707106781186548,0.707106781186548));
#2349=DIRECTION('ref_axis',(1.,0.,0.));
#2350=DIRECTION('',(0.577350269189626,0.577350269189626,-0.577350269189626));
#2351=DIRECTION('',(-1.,0.,0.));
#2352=DIRECTION('center_axis',(0.707106781186547,0.,0.707106781186548));
#2353=DIRECTION('ref_axis',(0.707106781186548,0.,-0.707106781186547));
#2354=DIRECTION('',(0.,1.,0.));
#2355=DIRECTION('',(0.577350269189626,0.577350269189626,-0.577350269189626));
#2356=DIRECTION('center_axis',(0.,0.707106781186547,0.707106781186548));
#2357=DIRECTION('ref_axis',(1.,0.,0.));
#2358=DIRECTION('',(-1.,0.,0.));
#2359=DIRECTION('',(-0.577350269189626,0.577350269189626,-0.577350269189626));
#2360=DIRECTION('center_axis',(-0.707106781186547,0.,0.707106781186548));
#2361=DIRECTION('ref_axis',(0.707106781186548,0.,0.707106781186547));
#2362=DIRECTION('',(0.,-1.,0.));
#2363=DIRECTION('',(-0.577350269189626,0.577350269189626,-0.577350269189626));
#2364=DIRECTION('center_axis',(0.,0.707106781186548,0.707106781186548));
#2365=DIRECTION('ref_axis',(1.,0.,0.));
#2366=DIRECTION('',(-1.,0.,0.));
#2367=DIRECTION('',(-0.577350269189626,0.577350269189626,-0.577350269189626));
#2368=DIRECTION('center_axis',(-0.707106781186548,-1.30841038223648E-16,
0.707106781186548));
#2369=DIRECTION('ref_axis',(0.707106781186548,0.,0.707106781186548));
#2370=DIRECTION('',(1.85037170770859E-16,-1.,0.));
#2371=DIRECTION('center_axis',(1.,0.,0.));
#2372=DIRECTION('ref_axis',(0.,1.,0.));
#2373=DIRECTION('',(0.,0.,1.));
#2374=DIRECTION('',(0.,1.,0.));
#2375=DIRECTION('',(0.,0.,1.));
#2376=DIRECTION('center_axis',(0.,1.,0.));
#2377=DIRECTION('ref_axis',(-1.,0.,0.));
#2378=DIRECTION('',(0.,0.,1.));
#2379=DIRECTION('',(-1.,0.,0.));
#2380=DIRECTION('center_axis',(-1.,0.,0.));
#2381=DIRECTION('ref_axis',(0.,-1.,0.));
#2382=DIRECTION('',(0.,0.,1.));
#2383=DIRECTION('',(0.,-1.,0.));
#2384=DIRECTION('center_axis',(0.,1.,0.));
#2385=DIRECTION('ref_axis',(-1.,0.,0.));
#2386=DIRECTION('',(0.,0.,1.));
#2387=DIRECTION('',(-1.,0.,0.));
#2388=DIRECTION('center_axis',(-1.,-1.85037170770859E-16,0.));
#2389=DIRECTION('ref_axis',(1.85037170770859E-16,-1.,0.));
#2390=DIRECTION('',(0.,0.,1.));
#2391=DIRECTION('',(1.85037170770859E-16,-1.,0.));
#2392=DIRECTION('center_axis',(0.,-1.,0.));
#2393=DIRECTION('ref_axis',(1.,0.,0.));
#2394=DIRECTION('',(0.,0.,1.));
#2395=DIRECTION('',(1.,0.,0.));
#2396=DIRECTION('center_axis',(0.,-0.707106781186548,0.707106781186548));
#2397=DIRECTION('ref_axis',(1.,0.,0.));
#2398=DIRECTION('',(-0.577350269189626,-0.577350269189626,-0.577350269189626));
#2399=DIRECTION('',(1.,0.,0.));
#2400=DIRECTION('',(-0.577350269189626,-0.577350269189626,-0.577350269189626));
#2401=DIRECTION('center_axis',(-0.707106781186548,0.,0.707106781186548));
#2402=DIRECTION('ref_axis',(0.707106781186548,0.,0.707106781186548));
#2403=DIRECTION('',(-0.577350269189626,-0.577350269189626,-0.577350269189626));
#2404=DIRECTION('',(0.,-1.,0.));
#2405=DIRECTION('center_axis',(0.,-0.707106781186547,0.707106781186548));
#2406=DIRECTION('ref_axis',(1.,0.,0.));
#2407=DIRECTION('',(0.577350269189626,-0.577350269189626,-0.577350269189625));
#2408=DIRECTION('',(1.,0.,0.));
#2409=DIRECTION('center_axis',(0.707106781186547,0.,0.707106781186548));
#2410=DIRECTION('ref_axis',(0.707106781186548,0.,-0.707106781186547));
#2411=DIRECTION('',(0.577350269189626,-0.577350269189626,-0.577350269189626));
#2412=DIRECTION('',(0.,1.,0.));
#2413=DIRECTION('center_axis',(0.,-0.707106781186548,0.707106781186548));
#2414=DIRECTION('ref_axis',(1.,0.,0.));
#2415=DIRECTION('',(0.577350269189626,-0.577350269189626,-0.577350269189626));
#2416=DIRECTION('',(1.,0.,0.));
#2417=DIRECTION('center_axis',(0.707106781186547,0.,0.707106781186548));
#2418=DIRECTION('ref_axis',(0.707106781186548,0.,-0.707106781186547));
#2419=DIRECTION('',(0.577350269189626,0.577350269189626,-0.577350269189626));
#2420=DIRECTION('',(0.,1.,0.));
#2421=DIRECTION('center_axis',(0.,0.707106781186548,0.707106781186548));
#2422=DIRECTION('ref_axis',(1.,0.,0.));
#2423=DIRECTION('',(0.577350269189626,0.577350269189626,-0.577350269189626));
#2424=DIRECTION('',(-1.,0.,0.));
#2425=DIRECTION('center_axis',(0.707106781186547,0.,0.707106781186548));
#2426=DIRECTION('ref_axis',(0.707106781186548,0.,-0.707106781186547));
#2427=DIRECTION('',(0.,1.,0.));
#2428=DIRECTION('',(0.577350269189626,0.577350269189626,-0.577350269189625));
#2429=DIRECTION('center_axis',(0.,0.707106781186547,0.707106781186548));
#2430=DIRECTION('ref_axis',(1.,0.,0.));
#2431=DIRECTION('',(-1.,0.,0.));
#2432=DIRECTION('',(-0.577350269189626,0.577350269189626,-0.577350269189626));
#2433=DIRECTION('center_axis',(-0.707106781186548,0.,0.707106781186548));
#2434=DIRECTION('ref_axis',(0.707106781186548,0.,0.707106781186548));
#2435=DIRECTION('',(0.,-1.,0.));
#2436=DIRECTION('',(-0.577350269189626,0.577350269189626,-0.577350269189626));
#2437=DIRECTION('center_axis',(0.,0.707106781186548,0.707106781186548));
#2438=DIRECTION('ref_axis',(1.,0.,0.));
#2439=DIRECTION('',(-1.,0.,0.));
#2440=DIRECTION('',(-0.577350269189626,0.577350269189626,-0.577350269189626));
#2441=DIRECTION('center_axis',(-0.707106781186548,0.,0.707106781186548));
#2442=DIRECTION('ref_axis',(0.707106781186548,0.,0.707106781186548));
#2443=DIRECTION('',(0.,-1.,0.));
#2444=DIRECTION('center_axis',(1.,0.,0.));
#2445=DIRECTION('ref_axis',(0.,1.,0.));
#2446=DIRECTION('',(0.,0.,1.));
#2447=DIRECTION('',(0.,1.,0.));
#2448=DIRECTION('',(0.,0.,1.));
#2449=DIRECTION('center_axis',(0.,1.,0.));
#2450=DIRECTION('ref_axis',(-1.,0.,0.));
#2451=DIRECTION('',(0.,0.,1.));
#2452=DIRECTION('',(-1.,0.,0.));
#2453=DIRECTION('center_axis',(-1.,0.,0.));
#2454=DIRECTION('ref_axis',(0.,-1.,0.));
#2455=DIRECTION('',(0.,0.,1.));
#2456=DIRECTION('',(0.,-1.,0.));
#2457=DIRECTION('center_axis',(0.,1.,0.));
#2458=DIRECTION('ref_axis',(-1.,0.,0.));
#2459=DIRECTION('',(0.,0.,1.));
#2460=DIRECTION('',(-1.,0.,0.));
#2461=DIRECTION('center_axis',(-1.,0.,0.));
#2462=DIRECTION('ref_axis',(0.,-1.,0.));
#2463=DIRECTION('',(0.,0.,1.));
#2464=DIRECTION('',(0.,-1.,0.));
#2465=DIRECTION('center_axis',(0.,-1.,0.));
#2466=DIRECTION('ref_axis',(1.,0.,0.));
#2467=DIRECTION('',(0.,0.,1.));
#2468=DIRECTION('',(1.,0.,0.));
#2469=DIRECTION('center_axis',(0.,-0.707106781186548,0.707106781186548));
#2470=DIRECTION('ref_axis',(1.,0.,0.));
#2471=DIRECTION('',(-0.577350269189626,-0.577350269189626,-0.577350269189626));
#2472=DIRECTION('',(1.,0.,0.));
#2473=DIRECTION('',(-0.577350269189626,-0.577350269189626,-0.577350269189626));
#2474=DIRECTION('center_axis',(-0.707106781186547,0.,0.707106781186548));
#2475=DIRECTION('ref_axis',(0.707106781186548,0.,0.707106781186547));
#2476=DIRECTION('',(-0.577350269189625,-0.577350269189626,-0.577350269189626));
#2477=DIRECTION('',(0.,-1.,0.));
#2478=DIRECTION('center_axis',(0.,-0.707106781186548,0.707106781186548));
#2479=DIRECTION('ref_axis',(1.,0.,0.));
#2480=DIRECTION('',(0.577350269189626,-0.577350269189626,-0.577350269189626));
#2481=DIRECTION('',(1.,0.,0.));
#2482=DIRECTION('center_axis',(0.707106781186548,0.,0.707106781186548));
#2483=DIRECTION('ref_axis',(0.707106781186548,0.,-0.707106781186548));
#2484=DIRECTION('',(0.577350269189626,-0.577350269189626,-0.577350269189626));
#2485=DIRECTION('',(0.,1.,0.));
#2486=DIRECTION('center_axis',(0.,-0.707106781186548,0.707106781186548));
#2487=DIRECTION('ref_axis',(1.,0.,0.));
#2488=DIRECTION('',(0.577350269189626,-0.577350269189626,-0.577350269189626));
#2489=DIRECTION('',(1.,0.,0.));
#2490=DIRECTION('center_axis',(0.707106781186547,0.,0.707106781186548));
#2491=DIRECTION('ref_axis',(0.707106781186548,0.,-0.707106781186547));
#2492=DIRECTION('',(0.577350269189626,0.577350269189626,-0.577350269189626));
#2493=DIRECTION('',(0.,1.,0.));
#2494=DIRECTION('center_axis',(0.,0.707106781186548,0.707106781186548));
#2495=DIRECTION('ref_axis',(1.,0.,0.));
#2496=DIRECTION('',(0.577350269189626,0.577350269189625,-0.577350269189626));
#2497=DIRECTION('',(-1.,0.,0.));
#2498=DIRECTION('center_axis',(0.707106781186548,0.,0.707106781186548));
#2499=DIRECTION('ref_axis',(0.707106781186548,0.,-0.707106781186548));
#2500=DIRECTION('',(0.,1.,0.));
#2501=DIRECTION('',(0.577350269189626,0.577350269189626,-0.577350269189626));
#2502=DIRECTION('center_axis',(0.,0.707106781186547,0.707106781186548));
#2503=DIRECTION('ref_axis',(1.,0.,0.));
#2504=DIRECTION('',(-1.,0.,0.));
#2505=DIRECTION('',(-0.577350269189626,0.577350269189626,-0.577350269189625));
#2506=DIRECTION('center_axis',(-0.707106781186547,0.,0.707106781186548));
#2507=DIRECTION('ref_axis',(0.707106781186548,0.,0.707106781186547));
#2508=DIRECTION('',(0.,-1.,0.));
#2509=DIRECTION('',(-0.577350269189626,0.577350269189626,-0.577350269189626));
#2510=DIRECTION('center_axis',(0.,0.707106781186548,0.707106781186548));
#2511=DIRECTION('ref_axis',(1.,0.,0.));
#2512=DIRECTION('',(-1.,0.,0.));
#2513=DIRECTION('',(-0.577350269189626,0.577350269189626,-0.577350269189625));
#2514=DIRECTION('center_axis',(-0.707106781186547,0.,0.707106781186548));
#2515=DIRECTION('ref_axis',(0.707106781186548,0.,0.707106781186547));
#2516=DIRECTION('',(0.,-1.,0.));
#2517=DIRECTION('center_axis',(1.,0.,0.));
#2518=DIRECTION('ref_axis',(0.,1.,0.));
#2519=DIRECTION('',(0.,0.,1.));
#2520=DIRECTION('',(0.,1.,0.));
#2521=DIRECTION('',(0.,0.,1.));
#2522=DIRECTION('center_axis',(0.,1.,0.));
#2523=DIRECTION('ref_axis',(-1.,0.,0.));
#2524=DIRECTION('',(0.,0.,1.));
#2525=DIRECTION('',(-1.,0.,0.));
#2526=DIRECTION('center_axis',(-1.,0.,0.));
#2527=DIRECTION('ref_axis',(0.,-1.,0.));
#2528=DIRECTION('',(0.,0.,1.));
#2529=DIRECTION('',(0.,-1.,0.));
#2530=DIRECTION('center_axis',(0.,1.,0.));
#2531=DIRECTION('ref_axis',(-1.,0.,0.));
#2532=DIRECTION('',(0.,0.,1.));
#2533=DIRECTION('',(-1.,0.,0.));
#2534=DIRECTION('center_axis',(-1.,0.,0.));
#2535=DIRECTION('ref_axis',(0.,-1.,0.));
#2536=DIRECTION('',(0.,0.,1.));
#2537=DIRECTION('',(0.,-1.,0.));
#2538=DIRECTION('center_axis',(0.,-1.,0.));
#2539=DIRECTION('ref_axis',(1.,0.,0.));
#2540=DIRECTION('',(0.,0.,1.));
#2541=DIRECTION('',(1.,0.,0.));
#2542=DIRECTION('center_axis',(-1.,0.,0.));
#2543=DIRECTION('ref_axis',(0.,-1.,0.));
#2544=DIRECTION('',(0.,0.,1.));
#2545=DIRECTION('',(0.,-1.,0.));
#2546=DIRECTION('center_axis',(0.,-1.,0.));
#2547=DIRECTION('ref_axis',(1.,0.,0.));
#2548=DIRECTION('',(0.,0.,1.));
#2549=DIRECTION('',(1.,0.,0.));
#2550=DIRECTION('center_axis',(1.,0.,0.));
#2551=DIRECTION('ref_axis',(0.,1.,0.));
#2552=DIRECTION('',(0.,0.,1.));
#2553=DIRECTION('',(0.,1.,0.));
#2554=DIRECTION('center_axis',(0.,-1.,0.));
#2555=DIRECTION('ref_axis',(1.,0.,0.));
#2556=DIRECTION('',(0.,0.,1.));
#2557=DIRECTION('',(1.,0.,0.));
#2558=DIRECTION('center_axis',(1.,0.,0.));
#2559=DIRECTION('ref_axis',(0.,1.,0.));
#2560=DIRECTION('',(0.,0.,1.));
#2561=DIRECTION('',(0.,1.,0.));
#2562=DIRECTION('center_axis',(0.,1.,0.));
#2563=DIRECTION('ref_axis',(-1.,0.,0.));
#2564=DIRECTION('',(-1.,0.,0.));
#2565=DIRECTION('center_axis',(-1.,0.,0.));
#2566=DIRECTION('ref_axis',(0.,-1.,0.));
#2567=DIRECTION('',(0.,0.,1.));
#2568=DIRECTION('',(0.,-1.,0.));
#2569=DIRECTION('center_axis',(0.,-1.,0.));
#2570=DIRECTION('ref_axis',(1.,0.,0.));
#2571=DIRECTION('',(0.,0.,1.));
#2572=DIRECTION('',(1.,0.,0.));
#2573=DIRECTION('center_axis',(1.,0.,0.));
#2574=DIRECTION('ref_axis',(0.,1.,0.));
#2575=DIRECTION('',(0.,0.,1.));
#2576=DIRECTION('',(0.,1.,0.));
#2577=DIRECTION('center_axis',(0.,-1.,0.));
#2578=DIRECTION('ref_axis',(1.,0.,0.));
#2579=DIRECTION('',(0.,0.,1.));
#2580=DIRECTION('',(1.,0.,0.));
#2581=DIRECTION('center_axis',(1.,0.,0.));
#2582=DIRECTION('ref_axis',(0.,1.,0.));
#2583=DIRECTION('',(0.,0.,1.));
#2584=DIRECTION('',(0.,1.,0.));
#2585=DIRECTION('center_axis',(0.,1.,0.));
#2586=DIRECTION('ref_axis',(-1.,0.,0.));
#2587=DIRECTION('',(-1.,0.,0.));
#2588=DIRECTION('center_axis',(-1.,0.,0.));
#2589=DIRECTION('ref_axis',(0.,-1.,0.));
#2590=DIRECTION('',(0.,0.,1.));
#2591=DIRECTION('',(0.,-1.,0.));
#2592=DIRECTION('center_axis',(0.,-1.,0.));
#2593=DIRECTION('ref_axis',(1.,0.,0.));
#2594=DIRECTION('',(0.,0.,1.));
#2595=DIRECTION('',(1.,0.,0.));
#2596=DIRECTION('center_axis',(1.,0.,0.));
#2597=DIRECTION('ref_axis',(0.,1.,0.));
#2598=DIRECTION('',(0.,0.,1.));
#2599=DIRECTION('',(0.,1.,0.));
#2600=DIRECTION('center_axis',(0.,-1.,0.));
#2601=DIRECTION('ref_axis',(1.,0.,0.));
#2602=DIRECTION('',(0.,0.,1.));
#2603=DIRECTION('',(1.,0.,0.));
#2604=DIRECTION('center_axis',(1.,0.,0.));
#2605=DIRECTION('ref_axis',(0.,1.,0.));
#2606=DIRECTION('',(0.,0.,1.));
#2607=DIRECTION('',(0.,1.,0.));
#2608=DIRECTION('center_axis',(0.,1.,0.));
#2609=DIRECTION('ref_axis',(-1.,0.,0.));
#2610=DIRECTION('',(-1.,0.,0.));
#2611=DIRECTION('center_axis',(-0.866025403784439,0.5,0.));
#2612=DIRECTION('ref_axis',(-0.5,-0.866025403784439,0.));
#2613=DIRECTION('',(0.,0.,1.));
#2614=DIRECTION('',(-0.5,-0.866025403784439,0.));
#2615=DIRECTION('center_axis',(0.,0.,1.));
#2616=DIRECTION('ref_axis',(0.866025403784438,0.500000000000001,0.));
#2617=DIRECTION('',(0.,0.,1.));
#2618=DIRECTION('center_axis',(0.,0.,1.));
#2619=DIRECTION('ref_axis',(0.866025403784438,0.500000000000001,0.));
#2620=DIRECTION('center_axis',(0.866025403784439,0.5,0.));
#2621=DIRECTION('ref_axis',(-0.5,0.866025403784439,0.));
#2622=DIRECTION('',(-0.5,0.866025403784439,0.));
#2623=DIRECTION('center_axis',(0.,0.,1.));
#2624=DIRECTION('ref_axis',(1.,0.,0.));
#2625=CARTESIAN_POINT('',(0.,0.,0.));
#2626=CARTESIAN_POINT('Origin',(-0.0538433069517064,4.42314844946504,9.25));
#2627=CARTESIAN_POINT('',(14.785765104822,5.02042982434931,9.25));
#2628=CARTESIAN_POINT('',(14.1186436944521,3.98291263436976,9.25));
#2629=CARTESIAN_POINT('',(14.785765104822,5.02042982434931,9.25));
#2630=CARTESIAN_POINT('',(15.4508399897135,3.98291263436976,9.25));
#2631=CARTESIAN_POINT('',(15.4508399897135,3.98291263436976,9.25));
#2632=CARTESIAN_POINT('',(16.1813995175875,3.98291263436976,9.25));
#2633=CARTESIAN_POINT('',(16.1813995175875,3.98291263436976,9.25));
#2634=CARTESIAN_POINT('',(15.1561607354201,5.52588674878779,9.25));
#2635=CARTESIAN_POINT('',(15.1561607354201,5.52588674878779,9.25));
#2636=CARTESIAN_POINT('',(16.0893121295489,6.98291275357905,9.25));
#2637=CARTESIAN_POINT('',(16.0893121295489,6.98291275357905,9.25));
#2638=CARTESIAN_POINT('',(15.3874021702326,6.98291275357905,9.25));
#2639=CARTESIAN_POINT('',(15.3874021702326,6.98291275357905,9.25));
#2640=CARTESIAN_POINT('',(14.7980435126341,6.01906541442576,9.25));
#2641=CARTESIAN_POINT('',(14.7980435126341,6.01906541442576,9.25));
#2642=CARTESIAN_POINT('',(14.1964062982119,6.98291275357905,9.25));
#2643=CARTESIAN_POINT('',(14.1964062982119,6.98291275357905,9.25));
#2644=CARTESIAN_POINT('',(13.4883572840012,6.98291275357905,9.25));
#2645=CARTESIAN_POINT('',(13.4883572840012,6.98291275357905,9.25));
#2646=CARTESIAN_POINT('',(14.4174158506907,5.54839703893366,9.25));
#2647=CARTESIAN_POINT('',(14.4174158506907,5.54839703893366,9.25));
#2648=CARTESIAN_POINT('',(13.3921772175349,3.98291263436976,9.25));
#2649=CARTESIAN_POINT('',(13.3921772175349,3.98291263436976,9.25));
#2650=CARTESIAN_POINT('',(14.1186436944521,3.98291263436976,9.25));
#2651=CARTESIAN_POINT('Origin',(14.4522043996371,4.50167122935954,10.));
#2652=CARTESIAN_POINT('',(14.1186436944521,3.98291263436976,10.));
#2653=CARTESIAN_POINT('',(14.1186436944521,3.98291263436976,10.));
#2654=CARTESIAN_POINT('',(14.785765104822,5.02042982434931,10.));
#2655=CARTESIAN_POINT('',(12.3127661388897,1.17438486450631,10.));
#2656=CARTESIAN_POINT('',(14.785765104822,5.02042982434931,10.));
#2657=CARTESIAN_POINT('Origin',(15.1183025472678,4.50167122935954,10.));
#2658=CARTESIAN_POINT('',(15.4508399897135,3.98291263436976,10.));
#2659=CARTESIAN_POINT('',(12.926777227578,7.9204519457964,10.));
#2660=CARTESIAN_POINT('',(15.4508399897135,3.98291263436976,10.));
#2661=CARTESIAN_POINT('Origin',(15.8161197536505,3.98291263436976,10.));
#2662=CARTESIAN_POINT('',(16.1813995175875,3.98291263436976,10.));
#2663=CARTESIAN_POINT('',(7.88113822334941,3.98291263436975,10.));
#2664=CARTESIAN_POINT('',(16.1813995175875,3.98291263436976,10.));
#2665=CARTESIAN_POINT('Origin',(15.6687801265038,4.75439969157877,10.));
#2666=CARTESIAN_POINT('',(15.1561607354201,5.52588674878779,10.));
#2667=CARTESIAN_POINT('',(13.3373685780339,8.26315075710068,10.));
#2668=CARTESIAN_POINT('',(15.1561607354201,5.52588674878779,10.));
#2669=CARTESIAN_POINT('Origin',(15.6227364324845,6.25439975118342,10.));
#2670=CARTESIAN_POINT('',(16.0893121295489,6.98291275357905,10.));
#2671=CARTESIAN_POINT('',(12.9269827209762,2.04524003187858,10.));
#2672=CARTESIAN_POINT('',(16.0893121295489,6.98291275357905,10.));
#2673=CARTESIAN_POINT('Origin',(15.7383571498908,6.98291275357905,10.));
#2674=CARTESIAN_POINT('',(15.3874021702326,6.98291275357905,10.));
#2675=CARTESIAN_POINT('',(7.84225692146952,6.98291275357904,10.));
#2676=CARTESIAN_POINT('',(15.3874021702326,6.98291275357905,10.));
#2677=CARTESIAN_POINT('Origin',(15.0927228414334,6.5009890840024,10.));
#2678=CARTESIAN_POINT('',(14.7980435126341,6.01906541442576,10.));
#2679=CARTESIAN_POINT('',(12.569352331134,2.37422532021826,10.));
#2680=CARTESIAN_POINT('',(14.7980435126341,6.01906541442576,10.));
#2681=CARTESIAN_POINT('Origin',(14.497224905423,6.5009890840024,10.));
#2682=CARTESIAN_POINT('',(14.1964062982119,6.98291275357905,10.));
#2683=CARTESIAN_POINT('',(12.9239494274073,9.02144052365745,10.));
#2684=CARTESIAN_POINT('',(14.1964062982119,6.98291275357905,10.));
#2685=CARTESIAN_POINT('Origin',(13.8423817911066,6.98291275357905,10.));
#2686=CARTESIAN_POINT('',(13.4883572840012,6.98291275357905,10.));
#2687=CARTESIAN_POINT('',(6.89426924207742,6.98291275357904,10.));
#2688=CARTESIAN_POINT('',(13.4883572840012,6.98291275357905,10.));
#2689=CARTESIAN_POINT('Origin',(13.952886567346,6.26565489625635,10.));
#2690=CARTESIAN_POINT('',(14.4174158506907,5.54839703893366,10.));
#2691=CARTESIAN_POINT('',(12.3037327671218,8.81203585339935,10.));
#2692=CARTESIAN_POINT('',(14.4174158506907,5.54839703893366,10.));
#2693=CARTESIAN_POINT('Origin',(13.9047965341128,4.76565483665171,10.));
#2694=CARTESIAN_POINT('',(13.3921772175349,3.98291263436976,10.));
#2695=CARTESIAN_POINT('',(11.7313993705346,1.44699393715753,10.));
#2696=CARTESIAN_POINT('',(13.3921772175349,3.98291263436976,10.));
#2697=CARTESIAN_POINT('Origin',(13.7554104559935,3.98291263436976,10.));
#2698=CARTESIAN_POINT('',(6.8507835745209,3.98291263436975,10.));
#2699=CARTESIAN_POINT('Origin',(-0.0538433069517064,4.42314844946504,9.25));
#2700=CARTESIAN_POINT('',(0.299795444007032,-14.2414736747742,9.25));
#2701=CARTESIAN_POINT('',(0.299795444007032,-15.5000004172325,9.25));
#2702=CARTESIAN_POINT('',(0.299795444007032,-14.2414736747742,9.25));
#2703=CARTESIAN_POINT('',(1.40279682993423,-12.5000002980232,9.25));
#2704=CARTESIAN_POINT('',(1.40279682993423,-12.5000002980232,9.25));
#2705=CARTESIAN_POINT('',(0.70497962355148,-12.5000002980232,9.25));
#2706=CARTESIAN_POINT('',(0.70497962355148,-12.5000002980232,9.25));
#2707=CARTESIAN_POINT('',(0.0133015465689823,-13.6869035661221,9.25));
#2708=CARTESIAN_POINT('',(0.0133015465689823,-13.6869035661221,9.25));
#2709=CARTESIAN_POINT('',(-0.692701314692385,-12.5000002980232,9.25));
#2710=CARTESIAN_POINT('',(-0.692701314692385,-12.5000002980232,9.25));
#2711=CARTESIAN_POINT('',(-1.40279681712855,-12.5000002980232,9.25));
#2712=CARTESIAN_POINT('',(-1.40279681712855,-12.5000002980232,9.25));
#2713=CARTESIAN_POINT('',(-0.303887997870333,-14.2373812198639,9.25));
#2714=CARTESIAN_POINT('',(-0.303887997870333,-14.2373812198639,9.25));
#2715=CARTESIAN_POINT('',(-0.303887997870333,-15.5000004172325,9.25));
#2716=CARTESIAN_POINT('',(-0.303887997870333,-15.5000004172325,9.25));
#2717=CARTESIAN_POINT('',(0.299795444007032,-15.5000004172325,9.25));
#2718=CARTESIAN_POINT('Origin',(0.299795444007032,-14.8707370460033,10.));
#2719=CARTESIAN_POINT('',(0.299795444007032,-15.5000004172325,10.));
#2720=CARTESIAN_POINT('',(0.299795444007032,-15.5000004172325,10.));
#2721=CARTESIAN_POINT('',(0.299795444007032,-14.2414736747742,10.));
#2722=CARTESIAN_POINT('',(0.299795444007032,-5.22379429826915,10.));
#2723=CARTESIAN_POINT('',(0.299795444007032,-14.2414736747742,10.));
#2724=CARTESIAN_POINT('Origin',(0.851296136970632,-13.3707369863987,10.));
#2725=CARTESIAN_POINT('',(1.40279682993423,-12.5000002980232,10.));
#2726=CARTESIAN_POINT('',(4.74344472429621,-7.22561946463916,10.));
#2727=CARTESIAN_POINT('',(1.40279682993423,-12.5000002980232,10.));
#2728=CARTESIAN_POINT('Origin',(1.05388822674286,-12.5000002980232,10.));
#2729=CARTESIAN_POINT('',(0.70497962355148,-12.5000002980232,10.));
#2730=CARTESIAN_POINT('',(0.500022459895575,-12.5000002980232,10.));
#2731=CARTESIAN_POINT('',(0.70497962355148,-12.5000002980232,10.));
#2732=CARTESIAN_POINT('Origin',(0.359140585060231,-13.0934519320726,10.));
#2733=CARTESIAN_POINT('',(0.0133015465689823,-13.6869035661221,10.));
#2734=CARTESIAN_POINT('',(4.11684436707607,-6.64532086092581,10.));
#2735=CARTESIAN_POINT('',(0.0133015465689823,-13.6869035661221,10.));
#2736=CARTESIAN_POINT('Origin',(-0.339699884061702,-13.0934519320726,10.));
#2737=CARTESIAN_POINT('',(-0.692701314692385,-12.5000002980232,10.));
#2738=CARTESIAN_POINT('',(-4.15047858990215,-6.68692591335017,10.));
#2739=CARTESIAN_POINT('',(-0.692701314692385,-12.5000002980232,10.));
#2740=CARTESIAN_POINT('Origin',(-1.04774906591047,-12.5000002980232,10.));
#2741=CARTESIAN_POINT('',(-1.40279681712855,-12.5000002980232,10.));
#2742=CARTESIAN_POINT('',(-0.550796186431086,-12.5000002980232,10.));
#2743=CARTESIAN_POINT('',(-1.40279681712855,-12.5000002980232,10.));
#2744=CARTESIAN_POINT('Origin',(-0.85334240749944,-13.3686907589436,10.));
#2745=CARTESIAN_POINT('',(-0.303887997870333,-14.2373812198639,10.));
#2746=CARTESIAN_POINT('',(-4.75802652542686,-7.19536356981366,10.));
#2747=CARTESIAN_POINT('',(-0.303887997870333,-14.2373812198639,10.));
#2748=CARTESIAN_POINT('Origin',(-0.303887997870333,-14.8686908185482,10.));
#2749=CARTESIAN_POINT('',(-0.303887997870333,-15.5000004172325,10.));
#2750=CARTESIAN_POINT('',(-0.303887997870333,-5.22277118454158,10.));
#2751=CARTESIAN_POINT('',(-0.303887997870333,-15.5000004172325,10.));
#2752=CARTESIAN_POINT('Origin',(-0.00204627693165094,-15.5000004172325,
10.));
#2753=CARTESIAN_POINT('',(-0.0279447919416786,-15.5000004172325,10.));
#2754=CARTESIAN_POINT('Origin',(-11.5889175378895,-5.56651886906633,9.5));
#2755=CARTESIAN_POINT('',(-11.5889175378895,-17.5665188690664,9.));
#2756=CARTESIAN_POINT('',(-11.5889175378895,-16.5665188690663,10.));
#2757=CARTESIAN_POINT('',(-11.5889175378895,-17.5665188690664,9.));
#2758=CARTESIAN_POINT('',(-21.1151969795184,-0.0665188690663332,10.));
#2759=CARTESIAN_POINT('Origin',(-11.5889175378895,-5.56651886906633,10.));
#2760=CARTESIAN_POINT('',(-21.9812223833028,0.433481130933666,9.));
#2761=CARTESIAN_POINT('',(-21.1151969795184,-0.0665188690663332,10.));
#2762=CARTESIAN_POINT('Origin',(-11.5889175378895,-5.56651886906633,9.));
#2763=CARTESIAN_POINT('Origin',(-5.82138042242062,-17.0665188690663,9.5));
#2764=CARTESIAN_POINT('',(11.4812309239861,-17.5665188690663,9.));
#2765=CARTESIAN_POINT('',(11.4812309239861,-16.5665188690663,10.));
#2766=CARTESIAN_POINT('',(11.4812309239861,-17.5665188690663,9.));
#2767=CARTESIAN_POINT('',(-5.82138042242062,-16.5665188690663,10.));
#2768=CARTESIAN_POINT('',(-5.82138042242062,-17.5665188690663,9.));
#2769=CARTESIAN_POINT('Origin',(11.4812309239861,-5.56651886906635,9.5));
#2770=CARTESIAN_POINT('',(21.8735357693994,0.433481130933654,9.));
#2771=CARTESIAN_POINT('',(21.0075103656149,-0.0665188690663458,10.));
#2772=CARTESIAN_POINT('',(21.8735357693994,0.433481130933654,9.));
#2773=CARTESIAN_POINT('Origin',(11.4812309239861,-5.56651886906635,10.));
#2774=CARTESIAN_POINT('Origin',(11.4812309239861,-5.56651886906635,9.));
#2775=CARTESIAN_POINT('Origin',(17.8358123703391,6.42702320501578,9.5));
#2776=CARTESIAN_POINT('',(10.3384615384616,20.4128157679964,9.));
#2777=CARTESIAN_POINT('',(9.47243613467712,19.9128157679964,10.));
#2778=CARTESIAN_POINT('',(10.3384615384616,20.4128157679964,9.));
#2779=CARTESIAN_POINT('',(17.4027996684469,6.17702320501578,10.));
#2780=CARTESIAN_POINT('',(18.2688250722313,6.67702320501578,9.));
#2781=CARTESIAN_POINT('Origin',(-0.0538433069517141,14.4128157679964,9.5));
#2782=CARTESIAN_POINT('',(-10.446148152365,20.4128157679964,9.));
#2783=CARTESIAN_POINT('',(-9.58012274858055,19.9128157679964,10.));
#2784=CARTESIAN_POINT('',(-10.446148152365,20.4128157679964,9.));
#2785=CARTESIAN_POINT('Origin',(-0.0538433069517141,14.4128157679964,10.));
#2786=CARTESIAN_POINT('Origin',(-0.0538433069517141,14.4128157679964,9.));
#2787=CARTESIAN_POINT('Origin',(-12.1759618687736,16.4166905235472,9.5));
#2788=CARTESIAN_POINT('',(-11.7429491668814,16.1666905235472,10.));
#2789=CARTESIAN_POINT('',(-12.6089745706658,16.6666905235472,9.));
#2790=CARTESIAN_POINT('Origin',(11.4812309239861,-5.56651886906635,0.));
#2791=CARTESIAN_POINT('',(11.4812309239861,-17.5665188690663,0.));
#2792=CARTESIAN_POINT('',(11.4812309239861,-17.5665188690663,0.));
#2793=CARTESIAN_POINT('',(21.8735357693994,0.433481130933654,0.));
#2794=CARTESIAN_POINT('Origin',(11.4812309239861,-5.56651886906635,0.));
#2795=CARTESIAN_POINT('',(21.8735357693994,0.433481130933654,0.));
#2796=CARTESIAN_POINT('Origin',(-11.5889175378895,-17.5665188690663,0.));
#2797=CARTESIAN_POINT('',(-11.5889175378895,-17.5665188690664,0.));
#2798=CARTESIAN_POINT('',(-11.5889175378895,-17.5665188690664,0.));
#2799=CARTESIAN_POINT('',(-11.5889175378895,-17.5665188690663,0.));
#2800=CARTESIAN_POINT('Origin',(-11.5889175378895,-5.56651886906633,0.));
#2801=CARTESIAN_POINT('',(-21.9812223833028,0.433481130933666,0.));
#2802=CARTESIAN_POINT('',(-21.9812223833028,0.433481130933666,0.));
#2803=CARTESIAN_POINT('Origin',(-11.5889175378895,-5.56651886906633,0.));
#2804=CARTESIAN_POINT('Origin',(-0.0538433069517064,4.42314844946504,10.));
#2805=CARTESIAN_POINT('',(10.9461566930483,16.0923076923077,10.));
#2806=CARTESIAN_POINT('',(3.94615669304829,16.0923076923077,10.));
#2807=CARTESIAN_POINT('',(1.44615669304829,16.0923076923077,10.));
#2808=CARTESIAN_POINT('',(10.9461566930483,8.09230769230768,10.));
#2809=CARTESIAN_POINT('',(10.9461566930483,9.75772807088636,10.));
#2810=CARTESIAN_POINT('',(3.94615669304829,8.09230769230768,10.));
#2811=CARTESIAN_POINT('',(4.94615669304829,8.09230769230768,10.));
#2812=CARTESIAN_POINT('',(3.94615669304829,1.09230769230768,10.));
#2813=CARTESIAN_POINT('',(3.94615669304829,6.75772807088636,10.));
#2814=CARTESIAN_POINT('',(-4.05384330695172,1.09230769230768,10.));
#2815=CARTESIAN_POINT('',(1.44615669304829,1.09230769230768,10.));
#2816=CARTESIAN_POINT('',(-4.05384330695172,8.09230769230768,10.));
#2817=CARTESIAN_POINT('',(-4.05384330695172,3.25772807088636,10.));
#2818=CARTESIAN_POINT('',(-11.0538433069517,8.09230769230768,10.));
#2819=CARTESIAN_POINT('',(-1.55384330695171,8.09230769230768,10.));
#2820=CARTESIAN_POINT('',(-11.0538433069517,16.0923076923077,10.));
#2821=CARTESIAN_POINT('',(-11.0538433069517,6.75772807088636,10.));
#2822=CARTESIAN_POINT('',(-4.05384330695172,16.0923076923077,10.));
#2823=CARTESIAN_POINT('',(-5.05384330695171,16.0923076923077,10.));
#2824=CARTESIAN_POINT('',(-4.05384330695172,23.0923076923077,10.));
#2825=CARTESIAN_POINT('',(-4.05384330695172,9.75772807088636,10.));
#2826=CARTESIAN_POINT('',(3.94615669304829,23.0923076923077,10.));
#2827=CARTESIAN_POINT('',(-1.55384330695171,23.0923076923077,10.));
#2828=CARTESIAN_POINT('',(3.94615669304829,13.2577280708864,10.));
#2829=CARTESIAN_POINT('',(18.9991673053923,-1.99952417450988,10.));
#2830=CARTESIAN_POINT('',(14.4991673053923,-1.99952417450988,10.));
#2831=CARTESIAN_POINT('',(6.72266199922029,-1.99952417450988,10.));
#2832=CARTESIAN_POINT('',(18.9991673053923,-9.99952417450989,10.));
#2833=CARTESIAN_POINT('',(18.9991673053923,0.711812137477579,10.));
#2834=CARTESIAN_POINT('',(14.4991673053923,-9.99952417450988,10.));
#2835=CARTESIAN_POINT('',(8.97266199922029,-9.99952417450988,10.));
#2836=CARTESIAN_POINT('',(14.4991673053923,-14.4995241745099,10.));
#2837=CARTESIAN_POINT('',(14.4991673053923,-2.28818786252242,10.));
#2838=CARTESIAN_POINT('',(6.49916730539229,-14.4995241745099,10.));
#2839=CARTESIAN_POINT('',(6.72266199922029,-14.4995241745099,10.));
#2840=CARTESIAN_POINT('',(6.49916730539229,-9.99952417450988,10.));
#2841=CARTESIAN_POINT('',(6.49916730539229,-4.53818786252242,10.));
#2842=CARTESIAN_POINT('',(1.99916730539229,-9.99952417450988,10.));
#2843=CARTESIAN_POINT('',(3.72266199922029,-9.99952417450988,10.));
#2844=CARTESIAN_POINT('',(1.99916730539229,-1.99952417450988,10.));
#2845=CARTESIAN_POINT('',(1.99916730539229,-2.28818786252242,10.));
#2846=CARTESIAN_POINT('',(6.49916730539229,-1.99952417450988,10.));
#2847=CARTESIAN_POINT('',(1.47266199922029,-1.99952417450988,10.));
#2848=CARTESIAN_POINT('',(6.49916730539229,2.50047582549012,10.));
#2849=CARTESIAN_POINT('',(6.49916730539229,0.711812137477579,10.));
#2850=CARTESIAN_POINT('',(14.4991673053923,2.50047582549012,10.));
#2851=CARTESIAN_POINT('',(3.72266199922029,2.50047582549012,10.));
#2852=CARTESIAN_POINT('',(14.4991673053923,2.96181213747758,10.));
#2853=CARTESIAN_POINT('',(-4.44532399844057,-2.09278351779779,10.));
#2854=CARTESIAN_POINT('',(-6.44532399844057,-2.09278351779779,10.));
#2855=CARTESIAN_POINT('',(-3.74958365269614,-2.09278351779779,10.));
#2856=CARTESIAN_POINT('',(-4.44532399844057,-10.0927835177978,10.));
#2857=CARTESIAN_POINT('',(-4.44532399844057,0.665182465833626,10.));
#2858=CARTESIAN_POINT('',(-6.44532399844057,-10.0927835177978,10.));
#2859=CARTESIAN_POINT('',(-2.74958365269614,-10.0927835177978,10.));
#2860=CARTESIAN_POINT('',(-6.44532399844057,-12.0927835177978,10.));
#2861=CARTESIAN_POINT('',(-6.44532399844057,-2.33481753416637,10.));
#2862=CARTESIAN_POINT('',(-14.4453239984406,-12.0927835177978,10.));
#2863=CARTESIAN_POINT('',(-3.74958365269614,-12.0927835177978,10.));
#2864=CARTESIAN_POINT('',(-14.4453239984406,-10.0927835177978,10.));
#2865=CARTESIAN_POINT('',(-14.4453239984406,-3.33481753416637,10.));
#2866=CARTESIAN_POINT('',(-16.4453239984406,-10.0927835177978,10.));
#2867=CARTESIAN_POINT('',(-6.74958365269614,-10.0927835177978,10.));
#2868=CARTESIAN_POINT('',(-16.4453239984406,-2.09278351779779,10.));
#2869=CARTESIAN_POINT('',(-16.4453239984406,-2.33481753416637,10.));
#2870=CARTESIAN_POINT('',(-14.4453239984406,-2.09278351779779,10.));
#2871=CARTESIAN_POINT('',(-7.74958365269614,-2.09278351779779,10.));
#2872=CARTESIAN_POINT('',(-14.4453239984406,-0.0927835177977918,10.));
#2873=CARTESIAN_POINT('',(-14.4453239984406,0.665182465833626,10.));
#2874=CARTESIAN_POINT('',(-6.44532399844057,-0.0927835177977918,10.));
#2875=CARTESIAN_POINT('',(-6.74958365269614,-0.0927835177977918,10.));
#2876=CARTESIAN_POINT('',(-6.44532399844057,1.66518246583363,10.));
#2877=CARTESIAN_POINT('Origin',(1.44615669304829,15.5923076923077,9.5));
#2878=CARTESIAN_POINT('',(2.94615669304829,15.0923076923077,9.));
#2879=CARTESIAN_POINT('',(3.94615669304829,16.0923076923077,10.));
#2880=CARTESIAN_POINT('',(9.94615669304828,15.0923076923077,9.));
#2881=CARTESIAN_POINT('',(1.44615669304829,15.0923076923077,9.));
#2882=CARTESIAN_POINT('',(10.9461566930483,16.0923076923077,10.));
#2883=CARTESIAN_POINT('Origin',(3.44615669304829,13.2577280708864,9.5));
#2884=CARTESIAN_POINT('',(2.94615669304829,22.0923076923077,9.));
#2885=CARTESIAN_POINT('',(3.94615669304829,23.0923076923077,10.));
#2886=CARTESIAN_POINT('',(2.94615669304829,13.2577280708864,9.));
#2887=CARTESIAN_POINT('Origin',(-1.55384330695171,22.5923076923077,9.5));
#2888=CARTESIAN_POINT('',(-3.05384330695172,22.0923076923077,9.));
#2889=CARTESIAN_POINT('',(-4.05384330695172,23.0923076923077,10.));
#2890=CARTESIAN_POINT('',(-1.55384330695171,22.0923076923077,9.));
#2891=CARTESIAN_POINT('Origin',(-3.55384330695172,9.75772807088636,9.5));
#2892=CARTESIAN_POINT('',(-3.05384330695172,15.0923076923077,9.));
#2893=CARTESIAN_POINT('',(-4.05384330695172,16.0923076923077,10.));
#2894=CARTESIAN_POINT('',(-3.05384330695172,9.75772807088636,9.));
#2895=CARTESIAN_POINT('Origin',(-5.05384330695171,15.5923076923077,9.5));
#2896=CARTESIAN_POINT('',(-10.0538433069517,15.0923076923077,9.));
#2897=CARTESIAN_POINT('',(-11.0538433069517,16.0923076923077,10.));
#2898=CARTESIAN_POINT('',(-5.05384330695171,15.0923076923077,9.));
#2899=CARTESIAN_POINT('Origin',(-10.5538433069517,6.75772807088636,9.5));
#2900=CARTESIAN_POINT('',(-10.0538433069517,9.09230769230768,9.));
#2901=CARTESIAN_POINT('',(-11.0538433069517,8.09230769230768,10.));
#2902=CARTESIAN_POINT('',(-10.0538433069517,6.75772807088636,9.));
#2903=CARTESIAN_POINT('Origin',(-1.55384330695171,8.59230769230768,9.5));
#2904=CARTESIAN_POINT('',(-3.05384330695171,9.09230769230768,9.));
#2905=CARTESIAN_POINT('',(-4.05384330695172,8.09230769230768,10.));
#2906=CARTESIAN_POINT('',(-1.55384330695171,9.09230769230768,9.));
#2907=CARTESIAN_POINT('Origin',(-3.55384330695172,3.25772807088636,9.5));
#2908=CARTESIAN_POINT('',(-3.05384330695172,2.09230769230768,9.));
#2909=CARTESIAN_POINT('',(-3.05384330695172,3.25772807088636,9.));
#2910=CARTESIAN_POINT('',(-4.05384330695172,1.09230769230768,10.));
#2911=CARTESIAN_POINT('Origin',(1.44615669304829,1.59230769230768,9.5));
#2912=CARTESIAN_POINT('',(2.94615669304829,2.09230769230768,9.));
#2913=CARTESIAN_POINT('',(1.44615669304829,2.09230769230768,9.));
#2914=CARTESIAN_POINT('',(3.94615669304829,1.09230769230768,10.));
#2915=CARTESIAN_POINT('Origin',(3.44615669304829,6.75772807088636,9.5));
#2916=CARTESIAN_POINT('',(2.94615669304829,9.09230769230768,9.));
#2917=CARTESIAN_POINT('',(2.94615669304829,6.75772807088636,9.));
#2918=CARTESIAN_POINT('',(3.94615669304829,8.09230769230768,10.));
#2919=CARTESIAN_POINT('Origin',(4.94615669304829,8.59230769230768,9.5));
#2920=CARTESIAN_POINT('',(9.94615669304829,9.09230769230768,9.));
#2921=CARTESIAN_POINT('',(4.94615669304829,9.09230769230768,9.));
#2922=CARTESIAN_POINT('',(10.9461566930483,8.09230769230768,10.));
#2923=CARTESIAN_POINT('Origin',(10.4461566930483,9.75772807088636,9.5));
#2924=CARTESIAN_POINT('',(9.94615669304829,9.75772807088636,9.));
#2925=CARTESIAN_POINT('Origin',(-3.05384330695172,2.09230769230768,0.));
#2926=CARTESIAN_POINT('',(-3.05384330695172,2.09230769230768,0.));
#2927=CARTESIAN_POINT('',(-3.05384330695172,2.09230769230768,0.));
#2928=CARTESIAN_POINT('',(-3.05384330695171,9.09230769230768,0.));
#2929=CARTESIAN_POINT('',(-3.05384330695172,2.09230769230768,0.));
#2930=CARTESIAN_POINT('',(-3.05384330695171,9.09230769230768,0.));
#2931=CARTESIAN_POINT('Origin',(2.94615669304829,2.09230769230768,0.));
#2932=CARTESIAN_POINT('',(2.94615669304829,2.09230769230768,0.));
#2933=CARTESIAN_POINT('',(2.94615669304829,2.09230769230768,0.));
#2934=CARTESIAN_POINT('',(2.94615669304829,2.09230769230768,0.));
#2935=CARTESIAN_POINT('Origin',(2.94615669304829,9.09230769230768,0.));
#2936=CARTESIAN_POINT('',(2.94615669304829,9.09230769230768,0.));
#2937=CARTESIAN_POINT('',(2.94615669304829,9.09230769230768,0.));
#2938=CARTESIAN_POINT('',(2.94615669304829,22.0923076923077,0.));
#2939=CARTESIAN_POINT('Origin',(9.94615669304829,9.09230769230768,0.));
#2940=CARTESIAN_POINT('',(9.94615669304829,9.09230769230768,0.));
#2941=CARTESIAN_POINT('',(9.94615669304829,9.09230769230768,0.));
#2942=CARTESIAN_POINT('',(9.94615669304829,9.09230769230768,0.));
#2943=CARTESIAN_POINT('Origin',(9.94615669304828,15.0923076923077,0.));
#2944=CARTESIAN_POINT('',(9.94615669304828,15.0923076923077,0.));
#2945=CARTESIAN_POINT('',(9.94615669304828,15.0923076923077,0.));
#2946=CARTESIAN_POINT('',(9.94615669304828,15.0923076923077,0.));
#2947=CARTESIAN_POINT('Origin',(2.94615669304829,15.0923076923077,0.));
#2948=CARTESIAN_POINT('',(2.94615669304829,15.0923076923077,0.));
#2949=CARTESIAN_POINT('',(2.94615669304829,15.0923076923077,0.));
#2950=CARTESIAN_POINT('',(-10.0538433069517,15.0923076923077,0.));
#2951=CARTESIAN_POINT('Origin',(-3.74958365269614,-2.59278351779779,9.5));
#2952=CARTESIAN_POINT('',(-7.44532399844057,-3.09278351779779,9.));
#2953=CARTESIAN_POINT('',(-6.44532399844057,-2.09278351779779,10.));
#2954=CARTESIAN_POINT('',(-5.44532399844057,-3.09278351779779,9.));
#2955=CARTESIAN_POINT('',(-3.74958365269614,-3.09278351779779,9.));
#2956=CARTESIAN_POINT('',(-4.44532399844057,-2.09278351779779,10.));
#2957=CARTESIAN_POINT('Origin',(-6.94532399844057,1.66518246583363,9.5));
#2958=CARTESIAN_POINT('',(-7.44532399844057,-1.09278351779779,9.));
#2959=CARTESIAN_POINT('',(-6.44532399844057,-0.0927835177977918,10.));
#2960=CARTESIAN_POINT('',(-7.44532399844057,1.66518246583363,9.));
#2961=CARTESIAN_POINT('Origin',(-6.74958365269614,-0.592783517797792,9.5));
#2962=CARTESIAN_POINT('',(-13.4453239984406,-1.09278351779779,9.));
#2963=CARTESIAN_POINT('',(-14.4453239984406,-0.0927835177977918,10.));
#2964=CARTESIAN_POINT('',(-6.74958365269614,-1.09278351779779,9.));
#2965=CARTESIAN_POINT('Origin',(-13.9453239984406,0.665182465833626,9.5));
#2966=CARTESIAN_POINT('',(-13.4453239984406,-3.09278351779779,9.));
#2967=CARTESIAN_POINT('',(-14.4453239984406,-2.09278351779779,10.));
#2968=CARTESIAN_POINT('',(-13.4453239984406,0.665182465833626,9.));
#2969=CARTESIAN_POINT('Origin',(-7.74958365269614,-2.59278351779779,9.5));
#2970=CARTESIAN_POINT('',(-15.4453239984406,-3.09278351779779,9.));
#2971=CARTESIAN_POINT('',(-16.4453239984406,-2.09278351779779,10.));
#2972=CARTESIAN_POINT('',(-7.74958365269614,-3.09278351779779,9.));
#2973=CARTESIAN_POINT('Origin',(-15.9453239984406,-2.33481753416637,9.5));
#2974=CARTESIAN_POINT('',(-15.4453239984406,-9.09278351779779,9.));
#2975=CARTESIAN_POINT('',(-16.4453239984406,-10.0927835177978,10.));
#2976=CARTESIAN_POINT('',(-15.4453239984406,-2.33481753416637,9.));
#2977=CARTESIAN_POINT('Origin',(-6.74958365269614,-9.59278351779779,9.5));
#2978=CARTESIAN_POINT('',(-13.4453239984406,-9.09278351779779,9.));
#2979=CARTESIAN_POINT('',(-14.4453239984406,-10.0927835177978,10.));
#2980=CARTESIAN_POINT('',(-6.74958365269614,-9.09278351779779,9.));
#2981=CARTESIAN_POINT('Origin',(-13.9453239984406,-3.33481753416637,9.5));
#2982=CARTESIAN_POINT('',(-13.4453239984406,-11.0927835177978,9.));
#2983=CARTESIAN_POINT('',(-13.4453239984406,-3.33481753416637,9.));
#2984=CARTESIAN_POINT('',(-14.4453239984406,-12.0927835177978,10.));
#2985=CARTESIAN_POINT('Origin',(-3.74958365269614,-11.5927835177978,9.5));
#2986=CARTESIAN_POINT('',(-7.44532399844057,-11.0927835177978,9.));
#2987=CARTESIAN_POINT('',(-3.74958365269614,-11.0927835177978,9.));
#2988=CARTESIAN_POINT('',(-6.44532399844057,-12.0927835177978,10.));
#2989=CARTESIAN_POINT('Origin',(-6.94532399844057,-2.33481753416637,9.5));
#2990=CARTESIAN_POINT('',(-7.44532399844057,-9.09278351779779,9.));
#2991=CARTESIAN_POINT('',(-7.44532399844057,-2.33481753416637,9.));
#2992=CARTESIAN_POINT('',(-6.44532399844057,-10.0927835177978,10.));
#2993=CARTESIAN_POINT('Origin',(-2.74958365269614,-9.59278351779779,9.5));
#2994=CARTESIAN_POINT('',(-5.44532399844057,-9.09278351779779,9.));
#2995=CARTESIAN_POINT('',(-2.74958365269614,-9.09278351779779,9.));
#2996=CARTESIAN_POINT('',(-4.44532399844057,-10.0927835177978,10.));
#2997=CARTESIAN_POINT('Origin',(-4.94532399844057,0.665182465833626,9.5));
#2998=CARTESIAN_POINT('',(-5.44532399844057,0.665182465833626,9.));
#2999=CARTESIAN_POINT('Origin',(-13.4453239984406,-11.0927835177978,0.));
#3000=CARTESIAN_POINT('',(-13.4453239984406,-11.0927835177978,0.));
#3001=CARTESIAN_POINT('',(-13.4453239984406,-11.0927835177978,0.));
#3002=CARTESIAN_POINT('',(-13.4453239984406,-9.09278351779779,0.));
#3003=CARTESIAN_POINT('',(-13.4453239984406,-11.0927835177978,0.));
#3004=CARTESIAN_POINT('',(-13.4453239984406,-9.09278351779779,0.));
#3005=CARTESIAN_POINT('Origin',(-7.44532399844057,-11.0927835177978,0.));
#3006=CARTESIAN_POINT('',(-7.44532399844057,-11.0927835177978,0.));
#3007=CARTESIAN_POINT('',(-7.44532399844057,-11.0927835177978,0.));
#3008=CARTESIAN_POINT('',(-7.44532399844057,-11.0927835177978,0.));
#3009=CARTESIAN_POINT('Origin',(-7.44532399844057,-9.09278351779779,0.));
#3010=CARTESIAN_POINT('',(-7.44532399844057,-9.09278351779779,0.));
#3011=CARTESIAN_POINT('',(-7.44532399844057,-9.09278351779779,0.));
#3012=CARTESIAN_POINT('',(-7.44532399844057,-1.09278351779779,0.));
#3013=CARTESIAN_POINT('Origin',(-5.44532399844057,-9.09278351779779,0.));
#3014=CARTESIAN_POINT('',(-5.44532399844057,-9.09278351779779,0.));
#3015=CARTESIAN_POINT('',(-5.44532399844057,-9.09278351779779,0.));
#3016=CARTESIAN_POINT('',(-5.44532399844057,-9.09278351779779,0.));
#3017=CARTESIAN_POINT('Origin',(-5.44532399844057,-3.09278351779779,0.));
#3018=CARTESIAN_POINT('',(-5.44532399844057,-3.09278351779779,0.));
#3019=CARTESIAN_POINT('',(-5.44532399844057,-3.09278351779779,0.));
#3020=CARTESIAN_POINT('',(-5.44532399844057,-3.09278351779779,0.));
#3021=CARTESIAN_POINT('Origin',(-7.44532399844057,-3.09278351779779,0.));
#3022=CARTESIAN_POINT('',(-7.44532399844057,-3.09278351779779,0.));
#3023=CARTESIAN_POINT('',(-7.44532399844057,-3.09278351779779,0.));
#3024=CARTESIAN_POINT('',(-15.4453239984406,-3.09278351779779,0.));
#3025=CARTESIAN_POINT('Origin',(6.72266199922029,-2.49952417450988,9.5));
#3026=CARTESIAN_POINT('',(13.4991673053923,-2.99952417450988,9.));
#3027=CARTESIAN_POINT('',(14.4991673053923,-1.99952417450988,10.));
#3028=CARTESIAN_POINT('',(17.9991673053923,-2.99952417450988,9.));
#3029=CARTESIAN_POINT('',(6.72266199922029,-2.99952417450988,9.));
#3030=CARTESIAN_POINT('',(18.9991673053923,-1.99952417450988,10.));
#3031=CARTESIAN_POINT('Origin',(13.9991673053923,2.96181213747758,9.5));
#3032=CARTESIAN_POINT('',(13.4991673053923,1.50047582549012,9.));
#3033=CARTESIAN_POINT('',(14.4991673053923,2.50047582549012,10.));
#3034=CARTESIAN_POINT('',(13.4991673053923,2.96181213747758,9.));
#3035=CARTESIAN_POINT('Origin',(3.72266199922029,2.00047582549012,9.5));
#3036=CARTESIAN_POINT('',(7.49916730539229,1.50047582549012,9.));
#3037=CARTESIAN_POINT('',(6.49916730539229,2.50047582549012,10.));
#3038=CARTESIAN_POINT('',(3.72266199922029,1.50047582549012,9.));
#3039=CARTESIAN_POINT('Origin',(6.99916730539229,0.711812137477579,9.5));
#3040=CARTESIAN_POINT('',(7.49916730539229,-2.99952417450988,9.));
#3041=CARTESIAN_POINT('',(6.49916730539229,-1.99952417450988,10.));
#3042=CARTESIAN_POINT('',(7.49916730539229,0.711812137477579,9.));
#3043=CARTESIAN_POINT('Origin',(1.47266199922029,-2.49952417450988,9.5));
#3044=CARTESIAN_POINT('',(2.99916730539229,-2.99952417450988,9.));
#3045=CARTESIAN_POINT('',(1.99916730539229,-1.99952417450988,10.));
#3046=CARTESIAN_POINT('',(1.47266199922029,-2.99952417450988,9.));
#3047=CARTESIAN_POINT('Origin',(2.49916730539229,-2.28818786252242,9.5));
#3048=CARTESIAN_POINT('',(2.99916730539229,-8.99952417450988,9.));
#3049=CARTESIAN_POINT('',(1.99916730539229,-9.99952417450988,10.));
#3050=CARTESIAN_POINT('',(2.99916730539229,-2.28818786252242,9.));
#3051=CARTESIAN_POINT('Origin',(3.72266199922029,-9.49952417450989,9.5));
#3052=CARTESIAN_POINT('',(7.49916730539229,-8.99952417450988,9.));
#3053=CARTESIAN_POINT('',(6.49916730539229,-9.99952417450988,10.));
#3054=CARTESIAN_POINT('',(3.72266199922029,-8.99952417450988,9.));
#3055=CARTESIAN_POINT('Origin',(6.99916730539229,-4.53818786252242,9.5));
#3056=CARTESIAN_POINT('',(7.49916730539229,-13.4995241745099,9.));
#3057=CARTESIAN_POINT('',(7.49916730539229,-4.53818786252242,9.));
#3058=CARTESIAN_POINT('',(6.49916730539229,-14.4995241745099,10.));
#3059=CARTESIAN_POINT('Origin',(6.72266199922029,-13.9995241745099,9.5));
#3060=CARTESIAN_POINT('',(13.4991673053923,-13.4995241745099,9.));
#3061=CARTESIAN_POINT('',(6.72266199922029,-13.4995241745099,9.));
#3062=CARTESIAN_POINT('',(14.4991673053923,-14.4995241745099,10.));
#3063=CARTESIAN_POINT('Origin',(13.9991673053923,-2.28818786252242,9.5));
#3064=CARTESIAN_POINT('',(13.4991673053923,-8.99952417450988,9.));
#3065=CARTESIAN_POINT('',(13.4991673053923,-2.28818786252242,9.));
#3066=CARTESIAN_POINT('',(14.4991673053923,-9.99952417450988,10.));
#3067=CARTESIAN_POINT('Origin',(8.97266199922029,-9.49952417450989,9.5));
#3068=CARTESIAN_POINT('',(17.9991673053923,-8.99952417450988,9.));
#3069=CARTESIAN_POINT('',(8.97266199922029,-8.99952417450988,9.));
#3070=CARTESIAN_POINT('',(18.9991673053923,-9.99952417450989,10.));
#3071=CARTESIAN_POINT('Origin',(18.4991673053923,0.711812137477579,9.5));
#3072=CARTESIAN_POINT('',(17.9991673053923,0.711812137477579,9.));
#3073=CARTESIAN_POINT('Origin',(7.49916730539229,-13.4995241745099,0.));
#3074=CARTESIAN_POINT('',(7.49916730539229,-13.4995241745099,0.));
#3075=CARTESIAN_POINT('',(7.49916730539229,-13.4995241745099,0.));
#3076=CARTESIAN_POINT('',(7.49916730539229,-8.99952417450988,0.));
#3077=CARTESIAN_POINT('',(7.49916730539229,-13.4995241745099,0.));
#3078=CARTESIAN_POINT('',(7.49916730539229,-8.99952417450988,0.));
#3079=CARTESIAN_POINT('Origin',(13.4991673053923,-13.4995241745099,0.));
#3080=CARTESIAN_POINT('',(13.4991673053923,-13.4995241745099,0.));
#3081=CARTESIAN_POINT('',(13.4991673053923,-13.4995241745099,0.));
#3082=CARTESIAN_POINT('',(13.4991673053923,-13.4995241745099,0.));
#3083=CARTESIAN_POINT('Origin',(13.4991673053923,-8.99952417450988,0.));
#3084=CARTESIAN_POINT('',(13.4991673053923,-8.99952417450988,0.));
#3085=CARTESIAN_POINT('',(13.4991673053923,-8.99952417450988,0.));
#3086=CARTESIAN_POINT('',(13.4991673053923,1.50047582549012,0.));
#3087=CARTESIAN_POINT('Origin',(17.9991673053923,-8.99952417450988,0.));
#3088=CARTESIAN_POINT('',(17.9991673053923,-8.99952417450988,0.));
#3089=CARTESIAN_POINT('',(17.9991673053923,-8.99952417450988,0.));
#3090=CARTESIAN_POINT('',(17.9991673053923,-8.99952417450988,0.));
#3091=CARTESIAN_POINT('Origin',(17.9991673053923,-2.99952417450988,0.));
#3092=CARTESIAN_POINT('',(17.9991673053923,-2.99952417450988,0.));
#3093=CARTESIAN_POINT('',(17.9991673053923,-2.99952417450988,0.));
#3094=CARTESIAN_POINT('',(17.9991673053923,-2.99952417450988,0.));
#3095=CARTESIAN_POINT('Origin',(13.4991673053923,-2.99952417450988,0.));
#3096=CARTESIAN_POINT('',(13.4991673053923,-2.99952417450988,0.));
#3097=CARTESIAN_POINT('',(13.4991673053923,-2.99952417450988,0.));
#3098=CARTESIAN_POINT('',(2.99916730539229,-2.99952417450988,0.));
#3099=CARTESIAN_POINT('Origin',(2.94615669304829,22.0923076923077,0.));
#3100=CARTESIAN_POINT('',(2.94615669304829,22.0923076923077,0.));
#3101=CARTESIAN_POINT('',(2.94615669304829,22.0923076923077,0.));
#3102=CARTESIAN_POINT('',(2.94615669304829,22.0923076923077,0.));
#3103=CARTESIAN_POINT('Origin',(-3.05384330695172,22.0923076923077,0.));
#3104=CARTESIAN_POINT('',(-3.05384330695172,22.0923076923077,0.));
#3105=CARTESIAN_POINT('',(-3.05384330695172,22.0923076923077,0.));
#3106=CARTESIAN_POINT('',(-3.05384330695172,22.0923076923077,0.));
#3107=CARTESIAN_POINT('Origin',(-3.05384330695172,15.0923076923077,0.));
#3108=CARTESIAN_POINT('',(-3.05384330695172,15.0923076923077,0.));
#3109=CARTESIAN_POINT('',(-3.05384330695172,15.0923076923077,0.));
#3110=CARTESIAN_POINT('',(-3.05384330695172,2.09230769230768,0.));
#3111=CARTESIAN_POINT('Origin',(-10.0538433069517,15.0923076923077,0.));
#3112=CARTESIAN_POINT('',(-10.0538433069517,15.0923076923077,0.));
#3113=CARTESIAN_POINT('',(-10.0538433069517,15.0923076923077,0.));
#3114=CARTESIAN_POINT('',(-10.0538433069517,15.0923076923077,0.));
#3115=CARTESIAN_POINT('Origin',(-10.0538433069517,9.09230769230768,0.));
#3116=CARTESIAN_POINT('',(-10.0538433069517,9.09230769230768,0.));
#3117=CARTESIAN_POINT('',(-10.0538433069517,9.09230769230768,0.));
#3118=CARTESIAN_POINT('',(-10.0538433069517,9.09230769230768,0.));
#3119=CARTESIAN_POINT('Origin',(-3.05384330695171,9.09230769230768,0.));
#3120=CARTESIAN_POINT('',(9.94615669304829,9.09230769230768,0.));
#3121=CARTESIAN_POINT('Origin',(-7.44532399844057,-1.09278351779779,0.));
#3122=CARTESIAN_POINT('',(-7.44532399844057,-1.09278351779779,0.));
#3123=CARTESIAN_POINT('',(-7.44532399844057,-1.09278351779779,0.));
#3124=CARTESIAN_POINT('',(-7.44532399844057,-1.09278351779779,0.));
#3125=CARTESIAN_POINT('Origin',(-13.4453239984406,-1.09278351779779,0.));
#3126=CARTESIAN_POINT('',(-13.4453239984406,-1.09278351779779,0.));
#3127=CARTESIAN_POINT('',(-13.4453239984406,-1.09278351779779,0.));
#3128=CARTESIAN_POINT('',(-13.4453239984406,-1.09278351779779,0.));
#3129=CARTESIAN_POINT('Origin',(-13.4453239984406,-3.09278351779779,0.));
#3130=CARTESIAN_POINT('',(-13.4453239984406,-3.09278351779779,0.));
#3131=CARTESIAN_POINT('',(-13.4453239984406,-3.09278351779779,0.));
#3132=CARTESIAN_POINT('',(-13.4453239984406,-11.0927835177978,0.));
#3133=CARTESIAN_POINT('Origin',(-15.4453239984406,-3.09278351779779,0.));
#3134=CARTESIAN_POINT('',(-15.4453239984406,-3.09278351779779,0.));
#3135=CARTESIAN_POINT('',(-15.4453239984406,-3.09278351779779,0.));
#3136=CARTESIAN_POINT('',(-15.4453239984406,-3.09278351779779,0.));
#3137=CARTESIAN_POINT('Origin',(-15.4453239984406,-9.09278351779779,0.));
#3138=CARTESIAN_POINT('',(-15.4453239984406,-9.09278351779779,0.));
#3139=CARTESIAN_POINT('',(-15.4453239984406,-9.09278351779779,0.));
#3140=CARTESIAN_POINT('',(-15.4453239984406,-9.09278351779779,0.));
#3141=CARTESIAN_POINT('Origin',(-13.4453239984406,-9.09278351779779,0.));
#3142=CARTESIAN_POINT('',(-5.44532399844057,-9.09278351779779,0.));
#3143=CARTESIAN_POINT('Origin',(13.4991673053923,1.50047582549012,0.));
#3144=CARTESIAN_POINT('',(13.4991673053923,1.50047582549012,0.));
#3145=CARTESIAN_POINT('',(13.4991673053923,1.50047582549012,0.));
#3146=CARTESIAN_POINT('',(13.4991673053923,1.50047582549012,0.));
#3147=CARTESIAN_POINT('Origin',(7.49916730539229,1.50047582549012,0.));
#3148=CARTESIAN_POINT('',(7.49916730539229,1.50047582549012,0.));
#3149=CARTESIAN_POINT('',(7.49916730539229,1.50047582549012,0.));
#3150=CARTESIAN_POINT('',(7.49916730539229,1.50047582549012,0.));
#3151=CARTESIAN_POINT('Origin',(7.49916730539229,-2.99952417450988,0.));
#3152=CARTESIAN_POINT('',(7.49916730539229,-2.99952417450988,0.));
#3153=CARTESIAN_POINT('',(7.49916730539229,-2.99952417450988,0.));
#3154=CARTESIAN_POINT('',(7.49916730539229,-13.4995241745099,0.));
#3155=CARTESIAN_POINT('Origin',(2.99916730539229,-2.99952417450988,0.));
#3156=CARTESIAN_POINT('',(2.99916730539229,-2.99952417450988,0.));
#3157=CARTESIAN_POINT('',(2.99916730539229,-2.99952417450988,0.));
#3158=CARTESIAN_POINT('',(2.99916730539229,-2.99952417450988,0.));
#3159=CARTESIAN_POINT('Origin',(2.99916730539229,-8.99952417450988,0.));
#3160=CARTESIAN_POINT('',(2.99916730539229,-8.99952417450988,0.));
#3161=CARTESIAN_POINT('',(2.99916730539229,-8.99952417450988,0.));
#3162=CARTESIAN_POINT('',(2.99916730539229,-8.99952417450988,0.));
#3163=CARTESIAN_POINT('Origin',(7.49916730539229,-8.99952417450988,0.));
#3164=CARTESIAN_POINT('',(17.9991673053923,-8.99952417450988,0.));
#3165=CARTESIAN_POINT('Origin',(-10.446148152365,20.4128157679964,0.));
#3166=CARTESIAN_POINT('',(-10.446148152365,20.4128157679964,0.));
#3167=CARTESIAN_POINT('',(-10.446148152365,20.4128157679964,0.));
#3168=CARTESIAN_POINT('',(-10.446148152365,20.4128157679964,0.));
#3169=CARTESIAN_POINT('Origin',(-0.0538433069517141,14.4128157679964,0.));
#3170=CARTESIAN_POINT('',(10.3384615384616,20.4128157679964,0.));
#3171=CARTESIAN_POINT('',(10.3384615384616,20.4128157679964,0.));
#3172=CARTESIAN_POINT('Origin',(-0.0538433069517141,14.4128157679964,0.));
#3173=CARTESIAN_POINT('Origin',(21.8735357693994,0.433481130933655,0.));
#3174=CARTESIAN_POINT('',(21.8735357693994,0.433481130933655,0.));
#3175=CARTESIAN_POINT('Origin',(-0.0538433069517064,4.42314844946504,0.));
#3176=UNCERTAINTY_MEASURE_WITH_UNIT(LENGTH_MEASURE(0.01),#3180,
'DISTANCE_ACCURACY_VALUE',
'Maximum model space distance between geometric entities at asserted c
onnectivities');
#3177=UNCERTAINTY_MEASURE_WITH_UNIT(LENGTH_MEASURE(0.01),#3180,
'DISTANCE_ACCURACY_VALUE',
'Maximum model space distance between geometric entities at asserted c
onnectivities');
#3178=(
GEOMETRIC_REPRESENTATION_CONTEXT(3)
GLOBAL_UNCERTAINTY_ASSIGNED_CONTEXT((#3176))
GLOBAL_UNIT_ASSIGNED_CONTEXT((#3180,#3182,#3183))
REPRESENTATION_CONTEXT('','3D')
);
#3179=(
GEOMETRIC_REPRESENTATION_CONTEXT(3)
GLOBAL_UNCERTAINTY_ASSIGNED_CONTEXT((#3177))
GLOBAL_UNIT_ASSIGNED_CONTEXT((#3180,#3182,#3183))
REPRESENTATION_CONTEXT('','3D')
);
#3180=(
LENGTH_UNIT()
NAMED_UNIT(*)
SI_UNIT(.MILLI.,.METRE.)
);
#3181=(
LENGTH_UNIT()
NAMED_UNIT(*)
SI_UNIT($,.METRE.)
);
#3182=(
NAMED_UNIT(*)
PLANE_ANGLE_UNIT()
SI_UNIT($,.RADIAN.)
);
#3183=(
NAMED_UNIT(*)
SI_UNIT($,.STERADIAN.)
SOLID_ANGLE_UNIT()
);
#3184=SHAPE_DEFINITION_REPRESENTATION(#3185,#3186);
#3185=PRODUCT_DEFINITION_SHAPE('',$,#3188);
#3186=SHAPE_REPRESENTATION('',(#2004),#3178);
#3187=PRODUCT_DEFINITION_CONTEXT('part definition',#3192,'design');
#3188=PRODUCT_DEFINITION('Uo Rechteck innen','Uo Rechteck innen v3',#3189,
#3187);
#3189=PRODUCT_DEFINITION_FORMATION('',$,#3194);
#3190=PRODUCT_RELATED_PRODUCT_CATEGORY('Uo Rechteck innen v3',
'Uo Rechteck innen v3',(#3194));
#3191=APPLICATION_PROTOCOL_DEFINITION('international standard',
'automotive_design',2009,#3192);
#3192=APPLICATION_CONTEXT(
'Core Data for Automotive Mechanical Design Process');
#3193=PRODUCT_CONTEXT('part definition',#3192,'mechanical');
#3194=PRODUCT('Uo Rechteck innen','Uo Rechteck innen v3',$,(#3193));
#3195=PRESENTATION_STYLE_ASSIGNMENT((#3196));
#3196=SURFACE_STYLE_USAGE(.BOTH.,#3197);
#3197=SURFACE_SIDE_STYLE('',(#3198));
#3198=SURFACE_STYLE_FILL_AREA(#3199);
#3199=FILL_AREA_STYLE('Stahl - satiniert',(#3200));
#3200=FILL_AREA_STYLE_COLOUR('Stahl - satiniert',#3201);
#3201=COLOUR_RGB('Stahl - satiniert',0.627450980392157,0.627450980392157,
0.627450980392157);
ENDSEC;
END-ISO-10303-21;
