ISO-10303-21;
HEADER;
/* Generated by software containing ST-Developer
 * from STEP Tools, Inc. (www.steptools.com) 
 */

FILE_DESCRIPTION(
/* description */ (''),
/* implementation_level */ '2;1');

FILE_NAME(
/* name */ 'fdm_referenzuntersuchungsobjekt_20mm.step',
/* time_stamp */ '2026-07-27T16:24:25+02:00',
/* author */ (''),
/* organization */ (''),
/* preprocessor_version */ 'ST-DEVELOPER v20.1',
/* originating_system */ 'Autodesk Translation Framework v15.8.0.0',
/* authorisation */ '');

FILE_SCHEMA (('AUTOMOTIVE_DESIGN { 1 0 10303 214 3 1 1 }'));
ENDSEC;

DATA;
#10=MECHANICAL_DESIGN_GEOMETRIC_PRESENTATION_REPRESENTATION('',(#17),#6245);
#11=ITEM_DEFINED_TRANSFORMATION($,$,#3579,#3761);
#12=(
REPRESENTATION_RELATIONSHIP($,$,#6256,#6255)
REPRESENTATION_RELATIONSHIP_WITH_TRANSFORMATION(#11)
SHAPE_REPRESENTATION_RELATIONSHIP()
);
#13=CONTEXT_DEPENDENT_SHAPE_REPRESENTATION(#12,#6254);
#14=NEXT_ASSEMBLY_USAGE_OCCURRENCE('Untersuchungsobjekt V3.0:1',
'Untersuchungsobjekt V3.0:1','Untersuchungsobjekt V3.0:1',#6258,#6259,
'Untersuchungsobjekt V3.0:1');
#15=SHAPE_REPRESENTATION_RELATIONSHIP('SRR','None',#6256,#16);
#16=ADVANCED_BREP_SHAPE_REPRESENTATION('',(#18),#6244);
#17=STYLED_ITEM('',(#6269),#18);
#18=MANIFOLD_SOLID_BREP('K\X\F6rper1',#3565);
#19=ELLIPSE('',#3670,21.2132034355964,15.);
#20=ELLIPSE('',#3671,21.2132034355964,15.);
#21=ELLIPSE('',#3673,21.2132034355964,15.);
#22=ELLIPSE('',#3674,21.2132034355964,15.);
#23=ELLIPSE('',#3676,21.2132034355964,15.);
#24=ELLIPSE('',#3677,21.2132034355964,15.);
#25=ELLIPSE('',#3679,21.2132034355964,15.);
#26=ELLIPSE('',#3680,21.2132034355964,15.);
#27=ELLIPSE('',#3682,21.2132034355964,15.);
#28=ELLIPSE('',#3683,21.2132034355964,15.);
#29=ELLIPSE('',#3685,21.2132034355964,15.);
#30=ELLIPSE('',#3686,21.2132034355964,15.);
#31=ELLIPSE('',#3688,21.2132034355964,15.);
#32=ELLIPSE('',#3689,21.2132034355964,15.);
#33=ELLIPSE('',#3691,21.2132034355964,15.);
#34=ELLIPSE('',#3692,21.2132034355964,15.);
#35=FACE_BOUND('',#497,.T.);
#36=FACE_BOUND('',#501,.T.);
#37=FACE_BOUND('',#502,.T.);
#38=FACE_BOUND('',#503,.T.);
#39=FACE_BOUND('',#504,.T.);
#40=FACE_BOUND('',#505,.T.);
#41=FACE_BOUND('',#506,.T.);
#42=FACE_BOUND('',#507,.T.);
#43=FACE_BOUND('',#508,.T.);
#44=FACE_BOUND('',#509,.T.);
#45=FACE_BOUND('',#539,.T.);
#46=CYLINDRICAL_SURFACE('',#3662,10.);
#47=CYLINDRICAL_SURFACE('',#3668,15.);
#48=CIRCLE('',#3660,9.5);
#49=CIRCLE('',#3661,10.);
#50=CIRCLE('',#3663,10.);
#51=CIRCLE('',#3666,14.5);
#52=CIRCLE('',#3667,15.);
#53=CIRCLE('',#3669,15.);
#54=CIRCLE('',#3672,15.);
#55=CIRCLE('',#3675,15.);
#56=CIRCLE('',#3678,15.);
#57=CIRCLE('',#3681,15.);
#58=CIRCLE('',#3684,15.);
#59=CIRCLE('',#3687,15.);
#60=CIRCLE('',#3690,15.);
#61=CIRCLE('',#3693,15.);
#62=CONICAL_SURFACE('',#3659,9.75,0.785398163397448);
#63=CONICAL_SURFACE('',#3665,14.75,0.785398163397448);
#64=B_SPLINE_SURFACE_WITH_KNOTS('',3,1,((#4626,#4627),(#4628,#4629),(#4630,
#4631),(#4632,#4633),(#4634,#4635)),.UNSPECIFIED.,.F.,.F.,.F.,(4,1,4),(2,
2),(0.,0.0367390503832784,0.070871797700625),(-0.075,0.),.UNSPECIFIED.);
#65=B_SPLINE_SURFACE_WITH_KNOTS('',3,1,((#4643,#4644),(#4645,#4646),(#4647,
#4648),(#4649,#4650),(#4651,#4652)),.UNSPECIFIED.,.F.,.F.,.F.,(4,1,4),(2,
2),(0.,0.0300899709157144,0.0659472072127513),(-0.075,0.),.UNSPECIFIED.);
#66=B_SPLINE_SURFACE_WITH_KNOTS('',3,1,((#4664,#4665),(#4666,#4667),(#4668,
#4669),(#4670,#4671),(#4672,#4673)),.UNSPECIFIED.,.F.,.F.,.F.,(4,1,4),(2,
2),(0.,0.0499813579149905,0.101087594133375),(-0.075,0.),.UNSPECIFIED.);
#67=B_SPLINE_SURFACE_WITH_KNOTS('',3,1,((#4726,#4727),(#4728,#4729),(#4730,
#4731),(#4732,#4733),(#4734,#4735)),.UNSPECIFIED.,.F.,.F.,.F.,(4,1,4),(2,
2),(0.,0.0367390503832784,0.070871797700625),(-0.075,0.),.UNSPECIFIED.);
#68=B_SPLINE_SURFACE_WITH_KNOTS('',3,1,((#4743,#4744),(#4745,#4746),(#4747,
#4748),(#4749,#4750),(#4751,#4752)),.UNSPECIFIED.,.F.,.F.,.F.,(4,1,4),(2,
2),(0.,0.0300899709157144,0.0659472072127513),(-0.075,0.),.UNSPECIFIED.);
#69=B_SPLINE_SURFACE_WITH_KNOTS('',3,1,((#4764,#4765),(#4766,#4767),(#4768,
#4769),(#4770,#4771),(#4772,#4773)),.UNSPECIFIED.,.F.,.F.,.F.,(4,1,4),(2,
2),(0.,0.0499813579149905,0.101087594133375),(-0.075,0.),.UNSPECIFIED.);
#70=B_SPLINE_SURFACE_WITH_KNOTS('',3,1,((#4902,#4903),(#4904,#4905),(#4906,
#4907),(#4908,#4909),(#4910,#4911)),.UNSPECIFIED.,.F.,.F.,.F.,(4,1,4),(2,
2),(0.,0.0121555122607123,0.0231640752729603),(-0.075,0.),.UNSPECIFIED.);
#71=B_SPLINE_SURFACE_WITH_KNOTS('',3,1,((#4921,#4922),(#4923,#4924),(#4925,
#4926),(#4927,#4928),(#4929,#4930)),.UNSPECIFIED.,.F.,.F.,.F.,(4,1,4),(2,
2),(0.,0.0354932930768665,0.0558150387451775),(-0.075,0.),.UNSPECIFIED.);
#72=B_SPLINE_SURFACE_WITH_KNOTS('',3,1,((#4938,#4939),(#4940,#4941),(#4942,
#4943),(#4944,#4945),(#4946,#4947)),.UNSPECIFIED.,.F.,.F.,.F.,(4,1,4),(2,
2),(0.,0.0254829394076209,0.0626737874785198),(-0.075,0.),.UNSPECIFIED.);
#73=B_SPLINE_SURFACE_WITH_KNOTS('',3,1,((#4955,#4956),(#4957,#4958),(#4959,
#4960),(#4961,#4962),(#4963,#4964)),.UNSPECIFIED.,.F.,.F.,.F.,(4,1,4),(2,
2),(0.,0.0244636744680151,0.052337494361352),(-0.075,0.),.UNSPECIFIED.);
#74=B_SPLINE_SURFACE_WITH_KNOTS('',3,1,((#4972,#4973),(#4974,#4975),(#4976,
#4977),(#4978,#4979),(#4980,#4981)),.UNSPECIFIED.,.F.,.F.,.F.,(4,1,4),(2,
2),(0.,0.0231658298297184,0.0460030114948158),(-0.075,0.),.UNSPECIFIED.);
#75=B_SPLINE_SURFACE_WITH_KNOTS('',3,1,((#4989,#4990),(#4991,#4992),(#4993,
#4994),(#4995,#4996),(#4997,#4998)),.UNSPECIFIED.,.F.,.F.,.F.,(4,1,4),(2,
2),(0.,0.0384042165188208,0.077255178945443),(-0.075,0.),.UNSPECIFIED.);
#76=B_SPLINE_SURFACE_WITH_KNOTS('',3,1,((#5006,#5007),(#5008,#5009),(#5010,
#5011),(#5012,#5013),(#5014,#5015)),.UNSPECIFIED.,.F.,.F.,.F.,(4,1,4),(2,
2),(0.,0.046780981130916,0.08770510948096),(-0.075,0.),.UNSPECIFIED.);
#77=B_SPLINE_SURFACE_WITH_KNOTS('',3,1,((#5023,#5024),(#5025,#5026),(#5027,
#5028),(#5029,#5030),(#5031,#5032)),.UNSPECIFIED.,.F.,.F.,.F.,(4,1,4),(2,
2),(0.,0.0397997943963326,0.0835492989237568),(-0.075,0.),.UNSPECIFIED.);
#78=B_SPLINE_SURFACE_WITH_KNOTS('',3,1,((#5040,#5041),(#5042,#5043),(#5044,
#5045),(#5046,#5047),(#5048,#5049)),.UNSPECIFIED.,.F.,.F.,.F.,(4,1,4),(2,
2),(0.,0.0491481840902551,0.0897815585477426),(-0.075,0.),.UNSPECIFIED.);
#79=B_SPLINE_SURFACE_WITH_KNOTS('',3,1,((#5061,#5062),(#5063,#5064),(#5065,
#5066),(#5067,#5068),(#5069,#5070)),.UNSPECIFIED.,.F.,.F.,.F.,(4,1,4),(2,
2),(0.,0.0194709025809653,0.0450636935529294),(-0.075,0.),.UNSPECIFIED.);
#80=B_SPLINE_SURFACE_WITH_KNOTS('',3,1,((#5078,#5079),(#5080,#5081),(#5082,
#5083),(#5084,#5085),(#5086,#5087)),.UNSPECIFIED.,.F.,.F.,.F.,(4,1,4),(2,
2),(0.,0.0191242744262384,0.0365069056377794),(-0.075,0.),.UNSPECIFIED.);
#81=B_SPLINE_SURFACE_WITH_KNOTS('',3,1,((#5095,#5096),(#5097,#5098),(#5099,
#5100),(#5101,#5102),(#5103,#5104)),.UNSPECIFIED.,.F.,.F.,.F.,(4,1,4),(2,
2),(0.,0.0169652174770839,0.0361538163802288),(-0.075,0.),.UNSPECIFIED.);
#82=B_SPLINE_SURFACE_WITH_KNOTS('',3,1,((#5112,#5113),(#5114,#5115),(#5116,
#5117),(#5118,#5119),(#5120,#5121)),.UNSPECIFIED.,.F.,.F.,.F.,(4,1,4),(2,
2),(0.,0.0200732529334251,0.0372917240813032),(-0.075,0.),.UNSPECIFIED.);
#83=B_SPLINE_SURFACE_WITH_KNOTS('',3,1,((#5129,#5130),(#5131,#5132),(#5133,
#5134),(#5135,#5136),(#5137,#5138)),.UNSPECIFIED.,.F.,.F.,.F.,(4,1,4),(2,
2),(0.,0.0231157648059697,0.0438199132195848),(-0.075,0.),.UNSPECIFIED.);
#84=B_SPLINE_SURFACE_WITH_KNOTS('',3,1,((#5146,#5147),(#5148,#5149),(#5150,
#5151),(#5152,#5153),(#5154,#5155)),.UNSPECIFIED.,.F.,.F.,.F.,(4,1,4),(2,
2),(0.,0.0509471838007186,0.079925248025194),(-0.075,0.),.UNSPECIFIED.);
#85=B_SPLINE_SURFACE_WITH_KNOTS('',3,1,((#5163,#5164),(#5165,#5166),(#5167,
#5168),(#5169,#5170),(#5171,#5172)),.UNSPECIFIED.,.F.,.F.,.F.,(4,1,4),(2,
2),(0.,0.0464881942623436,0.113065872930405),(-0.075,0.),.UNSPECIFIED.);
#86=B_SPLINE_SURFACE_WITH_KNOTS('',3,1,((#5180,#5181),(#5182,#5183),(#5184,
#5185),(#5186,#5187),(#5188,#5189)),.UNSPECIFIED.,.F.,.F.,.F.,(4,1,4),(2,
2),(0.,0.0352470368336714,0.0712129335625096),(-0.075,0.),.UNSPECIFIED.);
#87=B_SPLINE_SURFACE_WITH_KNOTS('',3,1,((#5318,#5319),(#5320,#5321),(#5322,
#5323),(#5324,#5325),(#5326,#5327)),.UNSPECIFIED.,.F.,.F.,.F.,(4,1,4),(2,
2),(0.,0.0121555122607123,0.0231640752729603),(-0.075,0.),.UNSPECIFIED.);
#88=B_SPLINE_SURFACE_WITH_KNOTS('',3,1,((#5337,#5338),(#5339,#5340),(#5341,
#5342),(#5343,#5344),(#5345,#5346)),.UNSPECIFIED.,.F.,.F.,.F.,(4,1,4),(2,
2),(0.,0.0354932930768665,0.0558150387451775),(-0.075,0.),.UNSPECIFIED.);
#89=B_SPLINE_SURFACE_WITH_KNOTS('',3,1,((#5354,#5355),(#5356,#5357),(#5358,
#5359),(#5360,#5361),(#5362,#5363)),.UNSPECIFIED.,.F.,.F.,.F.,(4,1,4),(2,
2),(0.,0.0254829394076209,0.0626737874785198),(-0.075,0.),.UNSPECIFIED.);
#90=B_SPLINE_SURFACE_WITH_KNOTS('',3,1,((#5371,#5372),(#5373,#5374),(#5375,
#5376),(#5377,#5378),(#5379,#5380)),.UNSPECIFIED.,.F.,.F.,.F.,(4,1,4),(2,
2),(0.,0.0244636744680151,0.052337494361352),(-0.075,0.),.UNSPECIFIED.);
#91=B_SPLINE_SURFACE_WITH_KNOTS('',3,1,((#5388,#5389),(#5390,#5391),(#5392,
#5393),(#5394,#5395),(#5396,#5397)),.UNSPECIFIED.,.F.,.F.,.F.,(4,1,4),(2,
2),(0.,0.0231658298297184,0.0460030114948158),(-0.075,0.),.UNSPECIFIED.);
#92=B_SPLINE_SURFACE_WITH_KNOTS('',3,1,((#5405,#5406),(#5407,#5408),(#5409,
#5410),(#5411,#5412),(#5413,#5414)),.UNSPECIFIED.,.F.,.F.,.F.,(4,1,4),(2,
2),(0.,0.0384042165188208,0.077255178945443),(-0.075,0.),.UNSPECIFIED.);
#93=B_SPLINE_SURFACE_WITH_KNOTS('',3,1,((#5422,#5423),(#5424,#5425),(#5426,
#5427),(#5428,#5429),(#5430,#5431)),.UNSPECIFIED.,.F.,.F.,.F.,(4,1,4),(2,
2),(0.,0.046780981130916,0.08770510948096),(-0.075,0.),.UNSPECIFIED.);
#94=B_SPLINE_SURFACE_WITH_KNOTS('',3,1,((#5439,#5440),(#5441,#5442),(#5443,
#5444),(#5445,#5446),(#5447,#5448)),.UNSPECIFIED.,.F.,.F.,.F.,(4,1,4),(2,
2),(0.,0.0397997943963326,0.0835492989237568),(-0.075,0.),.UNSPECIFIED.);
#95=B_SPLINE_SURFACE_WITH_KNOTS('',3,1,((#5456,#5457),(#5458,#5459),(#5460,
#5461),(#5462,#5463),(#5464,#5465)),.UNSPECIFIED.,.F.,.F.,.F.,(4,1,4),(2,
2),(0.,0.0491481840902551,0.0897815585477426),(-0.075,0.),.UNSPECIFIED.);
#96=B_SPLINE_SURFACE_WITH_KNOTS('',3,1,((#5477,#5478),(#5479,#5480),(#5481,
#5482),(#5483,#5484),(#5485,#5486)),.UNSPECIFIED.,.F.,.F.,.F.,(4,1,4),(2,
2),(0.,0.0194709025809653,0.0450636935529294),(-0.075,0.),.UNSPECIFIED.);
#97=B_SPLINE_SURFACE_WITH_KNOTS('',3,1,((#5494,#5495),(#5496,#5497),(#5498,
#5499),(#5500,#5501),(#5502,#5503)),.UNSPECIFIED.,.F.,.F.,.F.,(4,1,4),(2,
2),(0.,0.0191242744262384,0.0365069056377794),(-0.075,0.),.UNSPECIFIED.);
#98=B_SPLINE_SURFACE_WITH_KNOTS('',3,1,((#5511,#5512),(#5513,#5514),(#5515,
#5516),(#5517,#5518),(#5519,#5520)),.UNSPECIFIED.,.F.,.F.,.F.,(4,1,4),(2,
2),(0.,0.0169652174770839,0.0361538163802288),(-0.075,0.),.UNSPECIFIED.);
#99=B_SPLINE_SURFACE_WITH_KNOTS('',3,1,((#5528,#5529),(#5530,#5531),(#5532,
#5533),(#5534,#5535),(#5536,#5537)),.UNSPECIFIED.,.F.,.F.,.F.,(4,1,4),(2,
2),(0.,0.0200732529334251,0.0372917240813032),(-0.075,0.),.UNSPECIFIED.);
#100=B_SPLINE_SURFACE_WITH_KNOTS('',3,1,((#5545,#5546),(#5547,#5548),(#5549,
#5550),(#5551,#5552),(#5553,#5554)),.UNSPECIFIED.,.F.,.F.,.F.,(4,1,4),(2,
2),(0.,0.0231157648059697,0.0438199132195848),(-0.075,0.),.UNSPECIFIED.);
#101=B_SPLINE_SURFACE_WITH_KNOTS('',3,1,((#5562,#5563),(#5564,#5565),(#5566,
#5567),(#5568,#5569),(#5570,#5571)),.UNSPECIFIED.,.F.,.F.,.F.,(4,1,4),(2,
2),(0.,0.0509471838007186,0.079925248025194),(-0.075,0.),.UNSPECIFIED.);
#102=B_SPLINE_SURFACE_WITH_KNOTS('',3,1,((#5579,#5580),(#5581,#5582),(#5583,
#5584),(#5585,#5586),(#5587,#5588)),.UNSPECIFIED.,.F.,.F.,.F.,(4,1,4),(2,
2),(0.,0.0464881942623436,0.113065872930405),(-0.075,0.),.UNSPECIFIED.);
#103=B_SPLINE_SURFACE_WITH_KNOTS('',3,1,((#5596,#5597),(#5598,#5599),(#5600,
#5601),(#5602,#5603),(#5604,#5605)),.UNSPECIFIED.,.F.,.F.,.F.,(4,1,4),(2,
2),(0.,0.0352470368336714,0.0712129335625096),(-0.075,0.),.UNSPECIFIED.);
#104=B_SPLINE_CURVE_WITH_KNOTS('',3,(#4596,#4597,#4598,#4599,#4600),
 .UNSPECIFIED.,.F.,.F.,(4,1,4),(0.,0.0367390503832784,0.070871797700625),
 .UNSPECIFIED.);
#105=B_SPLINE_CURVE_WITH_KNOTS('',3,(#4602,#4603,#4604,#4605,#4606),
 .UNSPECIFIED.,.F.,.F.,(4,1,4),(0.,0.0300899709157144,0.0659472072127513),
 .UNSPECIFIED.);
#106=B_SPLINE_CURVE_WITH_KNOTS('',3,(#4610,#4611,#4612,#4613,#4614),
 .UNSPECIFIED.,.F.,.F.,(4,1,4),(0.,0.0499813579149905,0.101087594133375),
 .UNSPECIFIED.);
#107=B_SPLINE_CURVE_WITH_KNOTS('',3,(#4637,#4638,#4639,#4640,#4641),
 .UNSPECIFIED.,.F.,.F.,(4,1,4),(0.,0.0367390503832784,0.070871797700625),
 .UNSPECIFIED.);
#108=B_SPLINE_CURVE_WITH_KNOTS('',3,(#4654,#4655,#4656,#4657,#4658),
 .UNSPECIFIED.,.F.,.F.,(4,1,4),(0.,0.0300899709157144,0.0659472072127513),
 .UNSPECIFIED.);
#109=B_SPLINE_CURVE_WITH_KNOTS('',3,(#4675,#4676,#4677,#4678,#4679),
 .UNSPECIFIED.,.F.,.F.,(4,1,4),(0.,0.0499813579149905,0.101087594133375),
 .UNSPECIFIED.);
#110=B_SPLINE_CURVE_WITH_KNOTS('',3,(#4696,#4697,#4698,#4699,#4700),
 .UNSPECIFIED.,.F.,.F.,(4,1,4),(0.,0.0367390503832784,0.070871797700625),
 .UNSPECIFIED.);
#111=B_SPLINE_CURVE_WITH_KNOTS('',3,(#4702,#4703,#4704,#4705,#4706),
 .UNSPECIFIED.,.F.,.F.,(4,1,4),(0.,0.0300899709157144,0.0659472072127513),
 .UNSPECIFIED.);
#112=B_SPLINE_CURVE_WITH_KNOTS('',3,(#4710,#4711,#4712,#4713,#4714),
 .UNSPECIFIED.,.F.,.F.,(4,1,4),(0.,0.0499813579149905,0.101087594133375),
 .UNSPECIFIED.);
#113=B_SPLINE_CURVE_WITH_KNOTS('',3,(#4737,#4738,#4739,#4740,#4741),
 .UNSPECIFIED.,.F.,.F.,(4,1,4),(0.,0.0367390503832784,0.070871797700625),
 .UNSPECIFIED.);
#114=B_SPLINE_CURVE_WITH_KNOTS('',3,(#4754,#4755,#4756,#4757,#4758),
 .UNSPECIFIED.,.F.,.F.,(4,1,4),(0.,0.0300899709157144,0.0659472072127513),
 .UNSPECIFIED.);
#115=B_SPLINE_CURVE_WITH_KNOTS('',3,(#4775,#4776,#4777,#4778,#4779),
 .UNSPECIFIED.,.F.,.F.,(4,1,4),(0.,0.0499813579149905,0.101087594133375),
 .UNSPECIFIED.);
#116=B_SPLINE_CURVE_WITH_KNOTS('',3,(#4794,#4795,#4796,#4797,#4798),
 .UNSPECIFIED.,.F.,.F.,(4,1,4),(0.,0.0121555122607123,0.0231640752729603),
 .UNSPECIFIED.);
#117=B_SPLINE_CURVE_WITH_KNOTS('',3,(#4800,#4801,#4802,#4803,#4804),
 .UNSPECIFIED.,.F.,.F.,(4,1,4),(0.,0.0354932930768665,0.0558150387451775),
 .UNSPECIFIED.);
#118=B_SPLINE_CURVE_WITH_KNOTS('',3,(#4806,#4807,#4808,#4809,#4810),
 .UNSPECIFIED.,.F.,.F.,(4,1,4),(0.,0.0254829394076209,0.0626737874785198),
 .UNSPECIFIED.);
#119=B_SPLINE_CURVE_WITH_KNOTS('',3,(#4812,#4813,#4814,#4815,#4816),
 .UNSPECIFIED.,.F.,.F.,(4,1,4),(0.,0.0244636744680151,0.052337494361352),
 .UNSPECIFIED.);
#120=B_SPLINE_CURVE_WITH_KNOTS('',3,(#4818,#4819,#4820,#4821,#4822),
 .UNSPECIFIED.,.F.,.F.,(4,1,4),(0.,0.0231658298297184,0.0460030114948158),
 .UNSPECIFIED.);
#121=B_SPLINE_CURVE_WITH_KNOTS('',3,(#4824,#4825,#4826,#4827,#4828),
 .UNSPECIFIED.,.F.,.F.,(4,1,4),(0.,0.0384042165188208,0.077255178945443),
 .UNSPECIFIED.);
#122=B_SPLINE_CURVE_WITH_KNOTS('',3,(#4830,#4831,#4832,#4833,#4834),
 .UNSPECIFIED.,.F.,.F.,(4,1,4),(0.,0.046780981130916,0.08770510948096),
 .UNSPECIFIED.);
#123=B_SPLINE_CURVE_WITH_KNOTS('',3,(#4836,#4837,#4838,#4839,#4840),
 .UNSPECIFIED.,.F.,.F.,(4,1,4),(0.,0.0397997943963326,0.0835492989237568),
 .UNSPECIFIED.);
#124=B_SPLINE_CURVE_WITH_KNOTS('',3,(#4842,#4843,#4844,#4845,#4846),
 .UNSPECIFIED.,.F.,.F.,(4,1,4),(0.,0.0491481840902551,0.0897815585477426),
 .UNSPECIFIED.);
#125=B_SPLINE_CURVE_WITH_KNOTS('',3,(#4850,#4851,#4852,#4853,#4854),
 .UNSPECIFIED.,.F.,.F.,(4,1,4),(0.,0.0194709025809653,0.0450636935529294),
 .UNSPECIFIED.);
#126=B_SPLINE_CURVE_WITH_KNOTS('',3,(#4856,#4857,#4858,#4859,#4860),
 .UNSPECIFIED.,.F.,.F.,(4,1,4),(0.,0.0191242744262384,0.0365069056377794),
 .UNSPECIFIED.);
#127=B_SPLINE_CURVE_WITH_KNOTS('',3,(#4862,#4863,#4864,#4865,#4866),
 .UNSPECIFIED.,.F.,.F.,(4,1,4),(0.,0.0169652174770839,0.0361538163802288),
 .UNSPECIFIED.);
#128=B_SPLINE_CURVE_WITH_KNOTS('',3,(#4868,#4869,#4870,#4871,#4872),
 .UNSPECIFIED.,.F.,.F.,(4,1,4),(0.,0.0200732529334251,0.0372917240813032),
 .UNSPECIFIED.);
#129=B_SPLINE_CURVE_WITH_KNOTS('',3,(#4874,#4875,#4876,#4877,#4878),
 .UNSPECIFIED.,.F.,.F.,(4,1,4),(0.,0.0231157648059697,0.0438199132195848),
 .UNSPECIFIED.);
#130=B_SPLINE_CURVE_WITH_KNOTS('',3,(#4880,#4881,#4882,#4883,#4884),
 .UNSPECIFIED.,.F.,.F.,(4,1,4),(0.,0.0509471838007186,0.079925248025194),
 .UNSPECIFIED.);
#131=B_SPLINE_CURVE_WITH_KNOTS('',3,(#4886,#4887,#4888,#4889,#4890),
 .UNSPECIFIED.,.F.,.F.,(4,1,4),(0.,0.0464881942623436,0.113065872930405),
 .UNSPECIFIED.);
#132=B_SPLINE_CURVE_WITH_KNOTS('',3,(#4892,#4893,#4894,#4895,#4896),
 .UNSPECIFIED.,.F.,.F.,(4,1,4),(0.,0.0352470368336714,0.0712129335625096),
 .UNSPECIFIED.);
#133=B_SPLINE_CURVE_WITH_KNOTS('',3,(#4915,#4916,#4917,#4918,#4919),
 .UNSPECIFIED.,.F.,.F.,(4,1,4),(0.,0.0121555122607123,0.0231640752729603),
 .UNSPECIFIED.);
#134=B_SPLINE_CURVE_WITH_KNOTS('',3,(#4932,#4933,#4934,#4935,#4936),
 .UNSPECIFIED.,.F.,.F.,(4,1,4),(0.,0.0354932930768665,0.0558150387451775),
 .UNSPECIFIED.);
#135=B_SPLINE_CURVE_WITH_KNOTS('',3,(#4949,#4950,#4951,#4952,#4953),
 .UNSPECIFIED.,.F.,.F.,(4,1,4),(0.,0.0254829394076209,0.0626737874785198),
 .UNSPECIFIED.);
#136=B_SPLINE_CURVE_WITH_KNOTS('',3,(#4966,#4967,#4968,#4969,#4970),
 .UNSPECIFIED.,.F.,.F.,(4,1,4),(0.,0.0244636744680151,0.052337494361352),
 .UNSPECIFIED.);
#137=B_SPLINE_CURVE_WITH_KNOTS('',3,(#4983,#4984,#4985,#4986,#4987),
 .UNSPECIFIED.,.F.,.F.,(4,1,4),(0.,0.0231658298297184,0.0460030114948158),
 .UNSPECIFIED.);
#138=B_SPLINE_CURVE_WITH_KNOTS('',3,(#5000,#5001,#5002,#5003,#5004),
 .UNSPECIFIED.,.F.,.F.,(4,1,4),(0.,0.0384042165188208,0.077255178945443),
 .UNSPECIFIED.);
#139=B_SPLINE_CURVE_WITH_KNOTS('',3,(#5017,#5018,#5019,#5020,#5021),
 .UNSPECIFIED.,.F.,.F.,(4,1,4),(0.,0.046780981130916,0.08770510948096),
 .UNSPECIFIED.);
#140=B_SPLINE_CURVE_WITH_KNOTS('',3,(#5034,#5035,#5036,#5037,#5038),
 .UNSPECIFIED.,.F.,.F.,(4,1,4),(0.,0.0397997943963326,0.0835492989237568),
 .UNSPECIFIED.);
#141=B_SPLINE_CURVE_WITH_KNOTS('',3,(#5051,#5052,#5053,#5054,#5055),
 .UNSPECIFIED.,.F.,.F.,(4,1,4),(0.,0.0491481840902551,0.0897815585477426),
 .UNSPECIFIED.);
#142=B_SPLINE_CURVE_WITH_KNOTS('',3,(#5072,#5073,#5074,#5075,#5076),
 .UNSPECIFIED.,.F.,.F.,(4,1,4),(0.,0.0194709025809653,0.0450636935529294),
 .UNSPECIFIED.);
#143=B_SPLINE_CURVE_WITH_KNOTS('',3,(#5089,#5090,#5091,#5092,#5093),
 .UNSPECIFIED.,.F.,.F.,(4,1,4),(0.,0.0191242744262384,0.0365069056377794),
 .UNSPECIFIED.);
#144=B_SPLINE_CURVE_WITH_KNOTS('',3,(#5106,#5107,#5108,#5109,#5110),
 .UNSPECIFIED.,.F.,.F.,(4,1,4),(0.,0.0169652174770839,0.0361538163802288),
 .UNSPECIFIED.);
#145=B_SPLINE_CURVE_WITH_KNOTS('',3,(#5123,#5124,#5125,#5126,#5127),
 .UNSPECIFIED.,.F.,.F.,(4,1,4),(0.,0.0200732529334251,0.0372917240813032),
 .UNSPECIFIED.);
#146=B_SPLINE_CURVE_WITH_KNOTS('',3,(#5140,#5141,#5142,#5143,#5144),
 .UNSPECIFIED.,.F.,.F.,(4,1,4),(0.,0.0231157648059697,0.0438199132195848),
 .UNSPECIFIED.);
#147=B_SPLINE_CURVE_WITH_KNOTS('',3,(#5157,#5158,#5159,#5160,#5161),
 .UNSPECIFIED.,.F.,.F.,(4,1,4),(0.,0.0509471838007186,0.079925248025194),
 .UNSPECIFIED.);
#148=B_SPLINE_CURVE_WITH_KNOTS('',3,(#5174,#5175,#5176,#5177,#5178),
 .UNSPECIFIED.,.F.,.F.,(4,1,4),(0.,0.0464881942623436,0.113065872930405),
 .UNSPECIFIED.);
#149=B_SPLINE_CURVE_WITH_KNOTS('',3,(#5191,#5192,#5193,#5194,#5195),
 .UNSPECIFIED.,.F.,.F.,(4,1,4),(0.,0.0352470368336714,0.0712129335625096),
 .UNSPECIFIED.);
#150=B_SPLINE_CURVE_WITH_KNOTS('',3,(#5210,#5211,#5212,#5213,#5214),
 .UNSPECIFIED.,.F.,.F.,(4,1,4),(0.,0.0121555122607123,0.0231640752729603),
 .UNSPECIFIED.);
#151=B_SPLINE_CURVE_WITH_KNOTS('',3,(#5216,#5217,#5218,#5219,#5220),
 .UNSPECIFIED.,.F.,.F.,(4,1,4),(0.,0.0354932930768665,0.0558150387451775),
 .UNSPECIFIED.);
#152=B_SPLINE_CURVE_WITH_KNOTS('',3,(#5222,#5223,#5224,#5225,#5226),
 .UNSPECIFIED.,.F.,.F.,(4,1,4),(0.,0.0254829394076209,0.0626737874785198),
 .UNSPECIFIED.);
#153=B_SPLINE_CURVE_WITH_KNOTS('',3,(#5228,#5229,#5230,#5231,#5232),
 .UNSPECIFIED.,.F.,.F.,(4,1,4),(0.,0.0244636744680151,0.052337494361352),
 .UNSPECIFIED.);
#154=B_SPLINE_CURVE_WITH_KNOTS('',3,(#5234,#5235,#5236,#5237,#5238),
 .UNSPECIFIED.,.F.,.F.,(4,1,4),(0.,0.0231658298297184,0.0460030114948158),
 .UNSPECIFIED.);
#155=B_SPLINE_CURVE_WITH_KNOTS('',3,(#5240,#5241,#5242,#5243,#5244),
 .UNSPECIFIED.,.F.,.F.,(4,1,4),(0.,0.0384042165188208,0.077255178945443),
 .UNSPECIFIED.);
#156=B_SPLINE_CURVE_WITH_KNOTS('',3,(#5246,#5247,#5248,#5249,#5250),
 .UNSPECIFIED.,.F.,.F.,(4,1,4),(0.,0.046780981130916,0.08770510948096),
 .UNSPECIFIED.);
#157=B_SPLINE_CURVE_WITH_KNOTS('',3,(#5252,#5253,#5254,#5255,#5256),
 .UNSPECIFIED.,.F.,.F.,(4,1,4),(0.,0.0397997943963326,0.0835492989237568),
 .UNSPECIFIED.);
#158=B_SPLINE_CURVE_WITH_KNOTS('',3,(#5258,#5259,#5260,#5261,#5262),
 .UNSPECIFIED.,.F.,.F.,(4,1,4),(0.,0.0491481840902551,0.0897815585477426),
 .UNSPECIFIED.);
#159=B_SPLINE_CURVE_WITH_KNOTS('',3,(#5266,#5267,#5268,#5269,#5270),
 .UNSPECIFIED.,.F.,.F.,(4,1,4),(0.,0.0194709025809653,0.0450636935529294),
 .UNSPECIFIED.);
#160=B_SPLINE_CURVE_WITH_KNOTS('',3,(#5272,#5273,#5274,#5275,#5276),
 .UNSPECIFIED.,.F.,.F.,(4,1,4),(0.,0.0191242744262384,0.0365069056377794),
 .UNSPECIFIED.);
#161=B_SPLINE_CURVE_WITH_KNOTS('',3,(#5278,#5279,#5280,#5281,#5282),
 .UNSPECIFIED.,.F.,.F.,(4,1,4),(0.,0.0169652174770839,0.0361538163802288),
 .UNSPECIFIED.);
#162=B_SPLINE_CURVE_WITH_KNOTS('',3,(#5284,#5285,#5286,#5287,#5288),
 .UNSPECIFIED.,.F.,.F.,(4,1,4),(0.,0.0200732529334251,0.0372917240813032),
 .UNSPECIFIED.);
#163=B_SPLINE_CURVE_WITH_KNOTS('',3,(#5290,#5291,#5292,#5293,#5294),
 .UNSPECIFIED.,.F.,.F.,(4,1,4),(0.,0.0231157648059697,0.0438199132195848),
 .UNSPECIFIED.);
#164=B_SPLINE_CURVE_WITH_KNOTS('',3,(#5296,#5297,#5298,#5299,#5300),
 .UNSPECIFIED.,.F.,.F.,(4,1,4),(0.,0.0509471838007186,0.079925248025194),
 .UNSPECIFIED.);
#165=B_SPLINE_CURVE_WITH_KNOTS('',3,(#5302,#5303,#5304,#5305,#5306),
 .UNSPECIFIED.,.F.,.F.,(4,1,4),(0.,0.0464881942623436,0.113065872930405),
 .UNSPECIFIED.);
#166=B_SPLINE_CURVE_WITH_KNOTS('',3,(#5308,#5309,#5310,#5311,#5312),
 .UNSPECIFIED.,.F.,.F.,(4,1,4),(0.,0.0352470368336714,0.0712129335625096),
 .UNSPECIFIED.);
#167=B_SPLINE_CURVE_WITH_KNOTS('',3,(#5331,#5332,#5333,#5334,#5335),
 .UNSPECIFIED.,.F.,.F.,(4,1,4),(0.,0.0121555122607123,0.0231640752729603),
 .UNSPECIFIED.);
#168=B_SPLINE_CURVE_WITH_KNOTS('',3,(#5348,#5349,#5350,#5351,#5352),
 .UNSPECIFIED.,.F.,.F.,(4,1,4),(0.,0.0354932930768665,0.0558150387451775),
 .UNSPECIFIED.);
#169=B_SPLINE_CURVE_WITH_KNOTS('',3,(#5365,#5366,#5367,#5368,#5369),
 .UNSPECIFIED.,.F.,.F.,(4,1,4),(0.,0.0254829394076209,0.0626737874785198),
 .UNSPECIFIED.);
#170=B_SPLINE_CURVE_WITH_KNOTS('',3,(#5382,#5383,#5384,#5385,#5386),
 .UNSPECIFIED.,.F.,.F.,(4,1,4),(0.,0.0244636744680151,0.052337494361352),
 .UNSPECIFIED.);
#171=B_SPLINE_CURVE_WITH_KNOTS('',3,(#5399,#5400,#5401,#5402,#5403),
 .UNSPECIFIED.,.F.,.F.,(4,1,4),(0.,0.0231658298297184,0.0460030114948158),
 .UNSPECIFIED.);
#172=B_SPLINE_CURVE_WITH_KNOTS('',3,(#5416,#5417,#5418,#5419,#5420),
 .UNSPECIFIED.,.F.,.F.,(4,1,4),(0.,0.0384042165188208,0.077255178945443),
 .UNSPECIFIED.);
#173=B_SPLINE_CURVE_WITH_KNOTS('',3,(#5433,#5434,#5435,#5436,#5437),
 .UNSPECIFIED.,.F.,.F.,(4,1,4),(0.,0.046780981130916,0.08770510948096),
 .UNSPECIFIED.);
#174=B_SPLINE_CURVE_WITH_KNOTS('',3,(#5450,#5451,#5452,#5453,#5454),
 .UNSPECIFIED.,.F.,.F.,(4,1,4),(0.,0.0397997943963326,0.0835492989237568),
 .UNSPECIFIED.);
#175=B_SPLINE_CURVE_WITH_KNOTS('',3,(#5467,#5468,#5469,#5470,#5471),
 .UNSPECIFIED.,.F.,.F.,(4,1,4),(0.,0.0491481840902551,0.0897815585477426),
 .UNSPECIFIED.);
#176=B_SPLINE_CURVE_WITH_KNOTS('',3,(#5488,#5489,#5490,#5491,#5492),
 .UNSPECIFIED.,.F.,.F.,(4,1,4),(0.,0.0194709025809653,0.0450636935529294),
 .UNSPECIFIED.);
#177=B_SPLINE_CURVE_WITH_KNOTS('',3,(#5505,#5506,#5507,#5508,#5509),
 .UNSPECIFIED.,.F.,.F.,(4,1,4),(0.,0.0191242744262384,0.0365069056377794),
 .UNSPECIFIED.);
#178=B_SPLINE_CURVE_WITH_KNOTS('',3,(#5522,#5523,#5524,#5525,#5526),
 .UNSPECIFIED.,.F.,.F.,(4,1,4),(0.,0.0169652174770839,0.0361538163802288),
 .UNSPECIFIED.);
#179=B_SPLINE_CURVE_WITH_KNOTS('',3,(#5539,#5540,#5541,#5542,#5543),
 .UNSPECIFIED.,.F.,.F.,(4,1,4),(0.,0.0200732529334251,0.0372917240813032),
 .UNSPECIFIED.);
#180=B_SPLINE_CURVE_WITH_KNOTS('',3,(#5556,#5557,#5558,#5559,#5560),
 .UNSPECIFIED.,.F.,.F.,(4,1,4),(0.,0.0231157648059697,0.0438199132195848),
 .UNSPECIFIED.);
#181=B_SPLINE_CURVE_WITH_KNOTS('',3,(#5573,#5574,#5575,#5576,#5577),
 .UNSPECIFIED.,.F.,.F.,(4,1,4),(0.,0.0509471838007186,0.079925248025194),
 .UNSPECIFIED.);
#182=B_SPLINE_CURVE_WITH_KNOTS('',3,(#5590,#5591,#5592,#5593,#5594),
 .UNSPECIFIED.,.F.,.F.,(4,1,4),(0.,0.0464881942623436,0.113065872930405),
 .UNSPECIFIED.);
#183=B_SPLINE_CURVE_WITH_KNOTS('',3,(#5607,#5608,#5609,#5610,#5611),
 .UNSPECIFIED.,.F.,.F.,(4,1,4),(0.,0.0352470368336714,0.0712129335625096),
 .UNSPECIFIED.);
#184=FACE_OUTER_BOUND('',#375,.T.);
#185=FACE_OUTER_BOUND('',#376,.T.);
#186=FACE_OUTER_BOUND('',#377,.T.);
#187=FACE_OUTER_BOUND('',#378,.T.);
#188=FACE_OUTER_BOUND('',#379,.T.);
#189=FACE_OUTER_BOUND('',#380,.T.);
#190=FACE_OUTER_BOUND('',#381,.T.);
#191=FACE_OUTER_BOUND('',#382,.T.);
#192=FACE_OUTER_BOUND('',#383,.T.);
#193=FACE_OUTER_BOUND('',#384,.T.);
#194=FACE_OUTER_BOUND('',#385,.T.);
#195=FACE_OUTER_BOUND('',#386,.T.);
#196=FACE_OUTER_BOUND('',#387,.T.);
#197=FACE_OUTER_BOUND('',#388,.T.);
#198=FACE_OUTER_BOUND('',#389,.T.);
#199=FACE_OUTER_BOUND('',#390,.T.);
#200=FACE_OUTER_BOUND('',#391,.T.);
#201=FACE_OUTER_BOUND('',#392,.T.);
#202=FACE_OUTER_BOUND('',#393,.T.);
#203=FACE_OUTER_BOUND('',#394,.T.);
#204=FACE_OUTER_BOUND('',#395,.T.);
#205=FACE_OUTER_BOUND('',#396,.T.);
#206=FACE_OUTER_BOUND('',#397,.T.);
#207=FACE_OUTER_BOUND('',#398,.T.);
#208=FACE_OUTER_BOUND('',#399,.T.);
#209=FACE_OUTER_BOUND('',#400,.T.);
#210=FACE_OUTER_BOUND('',#401,.T.);
#211=FACE_OUTER_BOUND('',#402,.T.);
#212=FACE_OUTER_BOUND('',#403,.T.);
#213=FACE_OUTER_BOUND('',#404,.T.);
#214=FACE_OUTER_BOUND('',#405,.T.);
#215=FACE_OUTER_BOUND('',#406,.T.);
#216=FACE_OUTER_BOUND('',#407,.T.);
#217=FACE_OUTER_BOUND('',#408,.T.);
#218=FACE_OUTER_BOUND('',#409,.T.);
#219=FACE_OUTER_BOUND('',#410,.T.);
#220=FACE_OUTER_BOUND('',#411,.T.);
#221=FACE_OUTER_BOUND('',#412,.T.);
#222=FACE_OUTER_BOUND('',#413,.T.);
#223=FACE_OUTER_BOUND('',#414,.T.);
#224=FACE_OUTER_BOUND('',#415,.T.);
#225=FACE_OUTER_BOUND('',#416,.T.);
#226=FACE_OUTER_BOUND('',#417,.T.);
#227=FACE_OUTER_BOUND('',#418,.T.);
#228=FACE_OUTER_BOUND('',#419,.T.);
#229=FACE_OUTER_BOUND('',#420,.T.);
#230=FACE_OUTER_BOUND('',#421,.T.);
#231=FACE_OUTER_BOUND('',#422,.T.);
#232=FACE_OUTER_BOUND('',#423,.T.);
#233=FACE_OUTER_BOUND('',#424,.T.);
#234=FACE_OUTER_BOUND('',#425,.T.);
#235=FACE_OUTER_BOUND('',#426,.T.);
#236=FACE_OUTER_BOUND('',#427,.T.);
#237=FACE_OUTER_BOUND('',#428,.T.);
#238=FACE_OUTER_BOUND('',#429,.T.);
#239=FACE_OUTER_BOUND('',#430,.T.);
#240=FACE_OUTER_BOUND('',#431,.T.);
#241=FACE_OUTER_BOUND('',#432,.T.);
#242=FACE_OUTER_BOUND('',#433,.T.);
#243=FACE_OUTER_BOUND('',#434,.T.);
#244=FACE_OUTER_BOUND('',#435,.T.);
#245=FACE_OUTER_BOUND('',#436,.T.);
#246=FACE_OUTER_BOUND('',#437,.T.);
#247=FACE_OUTER_BOUND('',#438,.T.);
#248=FACE_OUTER_BOUND('',#439,.T.);
#249=FACE_OUTER_BOUND('',#440,.T.);
#250=FACE_OUTER_BOUND('',#441,.T.);
#251=FACE_OUTER_BOUND('',#442,.T.);
#252=FACE_OUTER_BOUND('',#443,.T.);
#253=FACE_OUTER_BOUND('',#444,.T.);
#254=FACE_OUTER_BOUND('',#445,.T.);
#255=FACE_OUTER_BOUND('',#446,.T.);
#256=FACE_OUTER_BOUND('',#447,.T.);
#257=FACE_OUTER_BOUND('',#448,.T.);
#258=FACE_OUTER_BOUND('',#449,.T.);
#259=FACE_OUTER_BOUND('',#450,.T.);
#260=FACE_OUTER_BOUND('',#451,.T.);
#261=FACE_OUTER_BOUND('',#452,.T.);
#262=FACE_OUTER_BOUND('',#453,.T.);
#263=FACE_OUTER_BOUND('',#454,.T.);
#264=FACE_OUTER_BOUND('',#455,.T.);
#265=FACE_OUTER_BOUND('',#456,.T.);
#266=FACE_OUTER_BOUND('',#457,.T.);
#267=FACE_OUTER_BOUND('',#458,.T.);
#268=FACE_OUTER_BOUND('',#459,.T.);
#269=FACE_OUTER_BOUND('',#460,.T.);
#270=FACE_OUTER_BOUND('',#461,.T.);
#271=FACE_OUTER_BOUND('',#462,.T.);
#272=FACE_OUTER_BOUND('',#463,.T.);
#273=FACE_OUTER_BOUND('',#464,.T.);
#274=FACE_OUTER_BOUND('',#465,.T.);
#275=FACE_OUTER_BOUND('',#466,.T.);
#276=FACE_OUTER_BOUND('',#467,.T.);
#277=FACE_OUTER_BOUND('',#468,.T.);
#278=FACE_OUTER_BOUND('',#469,.T.);
#279=FACE_OUTER_BOUND('',#470,.T.);
#280=FACE_OUTER_BOUND('',#471,.T.);
#281=FACE_OUTER_BOUND('',#472,.T.);
#282=FACE_OUTER_BOUND('',#473,.T.);
#283=FACE_OUTER_BOUND('',#474,.T.);
#284=FACE_OUTER_BOUND('',#475,.T.);
#285=FACE_OUTER_BOUND('',#476,.T.);
#286=FACE_OUTER_BOUND('',#477,.T.);
#287=FACE_OUTER_BOUND('',#478,.T.);
#288=FACE_OUTER_BOUND('',#479,.T.);
#289=FACE_OUTER_BOUND('',#480,.T.);
#290=FACE_OUTER_BOUND('',#481,.T.);
#291=FACE_OUTER_BOUND('',#482,.T.);
#292=FACE_OUTER_BOUND('',#483,.T.);
#293=FACE_OUTER_BOUND('',#484,.T.);
#294=FACE_OUTER_BOUND('',#485,.T.);
#295=FACE_OUTER_BOUND('',#486,.T.);
#296=FACE_OUTER_BOUND('',#487,.T.);
#297=FACE_OUTER_BOUND('',#488,.T.);
#298=FACE_OUTER_BOUND('',#489,.T.);
#299=FACE_OUTER_BOUND('',#490,.T.);
#300=FACE_OUTER_BOUND('',#491,.T.);
#301=FACE_OUTER_BOUND('',#492,.T.);
#302=FACE_OUTER_BOUND('',#493,.T.);
#303=FACE_OUTER_BOUND('',#494,.T.);
#304=FACE_OUTER_BOUND('',#495,.T.);
#305=FACE_OUTER_BOUND('',#496,.T.);
#306=FACE_OUTER_BOUND('',#498,.T.);
#307=FACE_OUTER_BOUND('',#499,.T.);
#308=FACE_OUTER_BOUND('',#500,.T.);
#309=FACE_OUTER_BOUND('',#510,.T.);
#310=FACE_OUTER_BOUND('',#511,.T.);
#311=FACE_OUTER_BOUND('',#512,.T.);
#312=FACE_OUTER_BOUND('',#513,.T.);
#313=FACE_OUTER_BOUND('',#514,.T.);
#314=FACE_OUTER_BOUND('',#515,.T.);
#315=FACE_OUTER_BOUND('',#516,.T.);
#316=FACE_OUTER_BOUND('',#517,.T.);
#317=FACE_OUTER_BOUND('',#518,.T.);
#318=FACE_OUTER_BOUND('',#519,.T.);
#319=FACE_OUTER_BOUND('',#520,.T.);
#320=FACE_OUTER_BOUND('',#521,.T.);
#321=FACE_OUTER_BOUND('',#522,.T.);
#322=FACE_OUTER_BOUND('',#523,.T.);
#323=FACE_OUTER_BOUND('',#524,.T.);
#324=FACE_OUTER_BOUND('',#525,.T.);
#325=FACE_OUTER_BOUND('',#526,.T.);
#326=FACE_OUTER_BOUND('',#527,.T.);
#327=FACE_OUTER_BOUND('',#528,.T.);
#328=FACE_OUTER_BOUND('',#529,.T.);
#329=FACE_OUTER_BOUND('',#530,.T.);
#330=FACE_OUTER_BOUND('',#531,.T.);
#331=FACE_OUTER_BOUND('',#532,.T.);
#332=FACE_OUTER_BOUND('',#533,.T.);
#333=FACE_OUTER_BOUND('',#534,.T.);
#334=FACE_OUTER_BOUND('',#535,.T.);
#335=FACE_OUTER_BOUND('',#536,.T.);
#336=FACE_OUTER_BOUND('',#537,.T.);
#337=FACE_OUTER_BOUND('',#538,.T.);
#338=FACE_OUTER_BOUND('',#540,.T.);
#339=FACE_OUTER_BOUND('',#541,.T.);
#340=FACE_OUTER_BOUND('',#542,.T.);
#341=FACE_OUTER_BOUND('',#543,.T.);
#342=FACE_OUTER_BOUND('',#544,.T.);
#343=FACE_OUTER_BOUND('',#545,.T.);
#344=FACE_OUTER_BOUND('',#546,.T.);
#345=FACE_OUTER_BOUND('',#547,.T.);
#346=FACE_OUTER_BOUND('',#548,.T.);
#347=FACE_OUTER_BOUND('',#549,.T.);
#348=FACE_OUTER_BOUND('',#550,.T.);
#349=FACE_OUTER_BOUND('',#551,.T.);
#350=FACE_OUTER_BOUND('',#552,.T.);
#351=FACE_OUTER_BOUND('',#553,.T.);
#352=FACE_OUTER_BOUND('',#554,.T.);
#353=FACE_OUTER_BOUND('',#555,.T.);
#354=FACE_OUTER_BOUND('',#556,.T.);
#355=FACE_OUTER_BOUND('',#557,.T.);
#356=FACE_OUTER_BOUND('',#558,.T.);
#357=FACE_OUTER_BOUND('',#559,.T.);
#358=FACE_OUTER_BOUND('',#560,.T.);
#359=FACE_OUTER_BOUND('',#561,.T.);
#360=FACE_OUTER_BOUND('',#562,.T.);
#361=FACE_OUTER_BOUND('',#563,.T.);
#362=FACE_OUTER_BOUND('',#564,.T.);
#363=FACE_OUTER_BOUND('',#565,.T.);
#364=FACE_OUTER_BOUND('',#566,.T.);
#365=FACE_OUTER_BOUND('',#567,.T.);
#366=FACE_OUTER_BOUND('',#568,.T.);
#367=FACE_OUTER_BOUND('',#569,.T.);
#368=FACE_OUTER_BOUND('',#570,.T.);
#369=FACE_OUTER_BOUND('',#571,.T.);
#370=FACE_OUTER_BOUND('',#572,.T.);
#371=FACE_OUTER_BOUND('',#573,.T.);
#372=FACE_OUTER_BOUND('',#574,.T.);
#373=FACE_OUTER_BOUND('',#575,.T.);
#374=FACE_OUTER_BOUND('',#576,.T.);
#375=EDGE_LOOP('',(#2211,#2212,#2213,#2214,#2215,#2216,#2217,#2218,#2219,
#2220));
#376=EDGE_LOOP('',(#2221,#2222,#2223,#2224));
#377=EDGE_LOOP('',(#2225,#2226,#2227,#2228));
#378=EDGE_LOOP('',(#2229,#2230,#2231,#2232));
#379=EDGE_LOOP('',(#2233,#2234,#2235,#2236));
#380=EDGE_LOOP('',(#2237,#2238,#2239,#2240));
#381=EDGE_LOOP('',(#2241,#2242,#2243,#2244));
#382=EDGE_LOOP('',(#2245,#2246,#2247,#2248));
#383=EDGE_LOOP('',(#2249,#2250,#2251,#2252));
#384=EDGE_LOOP('',(#2253,#2254,#2255,#2256));
#385=EDGE_LOOP('',(#2257,#2258,#2259,#2260));
#386=EDGE_LOOP('',(#2261,#2262,#2263,#2264,#2265,#2266,#2267,#2268));
#387=EDGE_LOOP('',(#2269,#2270,#2271,#2272));
#388=EDGE_LOOP('',(#2273,#2274,#2275,#2276));
#389=EDGE_LOOP('',(#2277,#2278,#2279,#2280));
#390=EDGE_LOOP('',(#2281,#2282,#2283,#2284));
#391=EDGE_LOOP('',(#2285,#2286,#2287,#2288));
#392=EDGE_LOOP('',(#2289,#2290,#2291,#2292));
#393=EDGE_LOOP('',(#2293,#2294,#2295,#2296));
#394=EDGE_LOOP('',(#2297,#2298,#2299,#2300));
#395=EDGE_LOOP('',(#2301,#2302,#2303,#2304,#2305,#2306,#2307,#2308));
#396=EDGE_LOOP('',(#2309,#2310,#2311,#2312));
#397=EDGE_LOOP('',(#2313,#2314,#2315,#2316));
#398=EDGE_LOOP('',(#2317,#2318,#2319,#2320));
#399=EDGE_LOOP('',(#2321,#2322,#2323,#2324));
#400=EDGE_LOOP('',(#2325,#2326,#2327,#2328));
#401=EDGE_LOOP('',(#2329,#2330,#2331,#2332));
#402=EDGE_LOOP('',(#2333,#2334,#2335,#2336));
#403=EDGE_LOOP('',(#2337,#2338,#2339,#2340));
#404=EDGE_LOOP('',(#2341,#2342,#2343,#2344,#2345,#2346,#2347,#2348,#2349,
#2350,#2351,#2352,#2353,#2354,#2355,#2356,#2357,#2358,#2359,#2360,#2361));
#405=EDGE_LOOP('',(#2362,#2363,#2364,#2365));
#406=EDGE_LOOP('',(#2366,#2367,#2368,#2369));
#407=EDGE_LOOP('',(#2370,#2371,#2372,#2373));
#408=EDGE_LOOP('',(#2374,#2375,#2376,#2377));
#409=EDGE_LOOP('',(#2378,#2379,#2380,#2381));
#410=EDGE_LOOP('',(#2382,#2383,#2384,#2385));
#411=EDGE_LOOP('',(#2386,#2387,#2388,#2389));
#412=EDGE_LOOP('',(#2390,#2391,#2392,#2393));
#413=EDGE_LOOP('',(#2394,#2395,#2396,#2397));
#414=EDGE_LOOP('',(#2398,#2399,#2400,#2401));
#415=EDGE_LOOP('',(#2402,#2403,#2404,#2405));
#416=EDGE_LOOP('',(#2406,#2407,#2408,#2409));
#417=EDGE_LOOP('',(#2410,#2411,#2412,#2413));
#418=EDGE_LOOP('',(#2414,#2415,#2416,#2417));
#419=EDGE_LOOP('',(#2418,#2419,#2420,#2421));
#420=EDGE_LOOP('',(#2422,#2423,#2424,#2425));
#421=EDGE_LOOP('',(#2426,#2427,#2428,#2429));
#422=EDGE_LOOP('',(#2430,#2431,#2432,#2433));
#423=EDGE_LOOP('',(#2434,#2435,#2436,#2437));
#424=EDGE_LOOP('',(#2438,#2439,#2440,#2441));
#425=EDGE_LOOP('',(#2442,#2443,#2444,#2445));
#426=EDGE_LOOP('',(#2446,#2447,#2448,#2449,#2450,#2451,#2452,#2453,#2454,
#2455,#2456,#2457,#2458,#2459,#2460,#2461,#2462,#2463,#2464,#2465,#2466));
#427=EDGE_LOOP('',(#2467,#2468,#2469,#2470));
#428=EDGE_LOOP('',(#2471,#2472,#2473,#2474));
#429=EDGE_LOOP('',(#2475,#2476,#2477,#2478));
#430=EDGE_LOOP('',(#2479,#2480,#2481,#2482));
#431=EDGE_LOOP('',(#2483,#2484,#2485,#2486));
#432=EDGE_LOOP('',(#2487,#2488,#2489,#2490));
#433=EDGE_LOOP('',(#2491,#2492,#2493,#2494));
#434=EDGE_LOOP('',(#2495,#2496,#2497,#2498));
#435=EDGE_LOOP('',(#2499,#2500,#2501,#2502));
#436=EDGE_LOOP('',(#2503,#2504,#2505,#2506));
#437=EDGE_LOOP('',(#2507,#2508,#2509,#2510));
#438=EDGE_LOOP('',(#2511,#2512,#2513,#2514));
#439=EDGE_LOOP('',(#2515,#2516,#2517,#2518));
#440=EDGE_LOOP('',(#2519,#2520,#2521,#2522));
#441=EDGE_LOOP('',(#2523,#2524,#2525,#2526));
#442=EDGE_LOOP('',(#2527,#2528,#2529,#2530));
#443=EDGE_LOOP('',(#2531,#2532,#2533,#2534));
#444=EDGE_LOOP('',(#2535,#2536,#2537,#2538));
#445=EDGE_LOOP('',(#2539,#2540,#2541,#2542));
#446=EDGE_LOOP('',(#2543,#2544,#2545,#2546));
#447=EDGE_LOOP('',(#2547,#2548,#2549,#2550));
#448=EDGE_LOOP('',(#2551,#2552,#2553,#2554,#2555,#2556,#2557,#2558,#2559,
#2560,#2561,#2562));
#449=EDGE_LOOP('',(#2563,#2564,#2565,#2566));
#450=EDGE_LOOP('',(#2567,#2568,#2569,#2570));
#451=EDGE_LOOP('',(#2571,#2572,#2573,#2574));
#452=EDGE_LOOP('',(#2575,#2576,#2577,#2578));
#453=EDGE_LOOP('',(#2579,#2580,#2581,#2582));
#454=EDGE_LOOP('',(#2583,#2584,#2585,#2586));
#455=EDGE_LOOP('',(#2587,#2588,#2589,#2590));
#456=EDGE_LOOP('',(#2591,#2592,#2593,#2594));
#457=EDGE_LOOP('',(#2595,#2596,#2597,#2598));
#458=EDGE_LOOP('',(#2599,#2600,#2601,#2602));
#459=EDGE_LOOP('',(#2603,#2604,#2605,#2606));
#460=EDGE_LOOP('',(#2607,#2608,#2609,#2610));
#461=EDGE_LOOP('',(#2611,#2612,#2613,#2614,#2615,#2616,#2617,#2618,#2619,
#2620,#2621,#2622));
#462=EDGE_LOOP('',(#2623,#2624,#2625,#2626));
#463=EDGE_LOOP('',(#2627,#2628,#2629,#2630));
#464=EDGE_LOOP('',(#2631,#2632,#2633,#2634));
#465=EDGE_LOOP('',(#2635,#2636,#2637,#2638));
#466=EDGE_LOOP('',(#2639,#2640,#2641,#2642));
#467=EDGE_LOOP('',(#2643,#2644,#2645,#2646));
#468=EDGE_LOOP('',(#2647,#2648,#2649,#2650));
#469=EDGE_LOOP('',(#2651,#2652,#2653,#2654));
#470=EDGE_LOOP('',(#2655,#2656,#2657,#2658));
#471=EDGE_LOOP('',(#2659,#2660,#2661,#2662));
#472=EDGE_LOOP('',(#2663,#2664,#2665,#2666));
#473=EDGE_LOOP('',(#2667,#2668,#2669,#2670));
#474=EDGE_LOOP('',(#2671,#2672,#2673,#2674,#2675,#2676,#2677,#2678,#2679));
#475=EDGE_LOOP('',(#2680,#2681,#2682,#2683));
#476=EDGE_LOOP('',(#2684,#2685,#2686,#2687));
#477=EDGE_LOOP('',(#2688,#2689,#2690,#2691));
#478=EDGE_LOOP('',(#2692,#2693,#2694,#2695));
#479=EDGE_LOOP('',(#2696,#2697,#2698,#2699));
#480=EDGE_LOOP('',(#2700,#2701,#2702,#2703));
#481=EDGE_LOOP('',(#2704,#2705,#2706,#2707));
#482=EDGE_LOOP('',(#2708,#2709,#2710,#2711));
#483=EDGE_LOOP('',(#2712,#2713,#2714,#2715));
#484=EDGE_LOOP('',(#2716,#2717,#2718,#2719,#2720,#2721,#2722,#2723,#2724));
#485=EDGE_LOOP('',(#2725,#2726,#2727,#2728));
#486=EDGE_LOOP('',(#2729,#2730,#2731,#2732));
#487=EDGE_LOOP('',(#2733,#2734,#2735,#2736));
#488=EDGE_LOOP('',(#2737,#2738,#2739,#2740));
#489=EDGE_LOOP('',(#2741,#2742,#2743,#2744));
#490=EDGE_LOOP('',(#2745,#2746,#2747,#2748));
#491=EDGE_LOOP('',(#2749,#2750,#2751,#2752));
#492=EDGE_LOOP('',(#2753,#2754,#2755,#2756));
#493=EDGE_LOOP('',(#2757,#2758,#2759,#2760));
#494=EDGE_LOOP('',(#2761,#2762,#2763,#2764));
#495=EDGE_LOOP('',(#2765,#2766,#2767,#2768));
#496=EDGE_LOOP('',(#2769));
#497=EDGE_LOOP('',(#2770,#2771,#2772,#2773,#2774,#2775,#2776,#2777,#2778,
#2779));
#498=EDGE_LOOP('',(#2780,#2781,#2782,#2783));
#499=EDGE_LOOP('',(#2784,#2785,#2786,#2787,#2788,#2789,#2790,#2791,#2792,
#2793,#2794,#2795,#2796,#2797,#2798,#2799,#2800,#2801,#2802,#2803,#2804,
#2805,#2806,#2807,#2808,#2809,#2810,#2811));
#500=EDGE_LOOP('',(#2812));
#501=EDGE_LOOP('',(#2813));
#502=EDGE_LOOP('',(#2814,#2815,#2816,#2817,#2818,#2819,#2820,#2821,#2822));
#503=EDGE_LOOP('',(#2823,#2824,#2825,#2826,#2827,#2828,#2829,#2830,#2831));
#504=EDGE_LOOP('',(#2832,#2833,#2834,#2835,#2836,#2837,#2838,#2839,#2840,
#2841,#2842,#2843));
#505=EDGE_LOOP('',(#2844,#2845,#2846,#2847,#2848,#2849,#2850,#2851,#2852,
#2853,#2854,#2855));
#506=EDGE_LOOP('',(#2856,#2857,#2858,#2859,#2860,#2861,#2862,#2863,#2864,
#2865,#2866,#2867,#2868,#2869,#2870,#2871,#2872,#2873,#2874,#2875,#2876));
#507=EDGE_LOOP('',(#2877,#2878,#2879,#2880,#2881,#2882,#2883,#2884,#2885,
#2886,#2887,#2888,#2889,#2890,#2891,#2892,#2893,#2894,#2895,#2896,#2897));
#508=EDGE_LOOP('',(#2898,#2899,#2900,#2901,#2902,#2903,#2904,#2905));
#509=EDGE_LOOP('',(#2906,#2907,#2908,#2909,#2910,#2911,#2912,#2913));
#510=EDGE_LOOP('',(#2914,#2915,#2916));
#511=EDGE_LOOP('',(#2917,#2918,#2919,#2920));
#512=EDGE_LOOP('',(#2921,#2922,#2923));
#513=EDGE_LOOP('',(#2924,#2925,#2926,#2927));
#514=EDGE_LOOP('',(#2928,#2929,#2930));
#515=EDGE_LOOP('',(#2931,#2932,#2933,#2934));
#516=EDGE_LOOP('',(#2935,#2936,#2937,#2938));
#517=EDGE_LOOP('',(#2939,#2940,#2941));
#518=EDGE_LOOP('',(#2942,#2943,#2944,#2945));
#519=EDGE_LOOP('',(#2946,#2947,#2948));
#520=EDGE_LOOP('',(#2949,#2950,#2951,#2952));
#521=EDGE_LOOP('',(#2953,#2954,#2955,#2956));
#522=EDGE_LOOP('',(#2957,#2958,#2959));
#523=EDGE_LOOP('',(#2960,#2961,#2962,#2963));
#524=EDGE_LOOP('',(#2964,#2965,#2966));
#525=EDGE_LOOP('',(#2967,#2968,#2969,#2970));
#526=EDGE_LOOP('',(#2971,#2972,#2973,#2974));
#527=EDGE_LOOP('',(#2975,#2976,#2977));
#528=EDGE_LOOP('',(#2978,#2979,#2980,#2981));
#529=EDGE_LOOP('',(#2982,#2983,#2984,#2985));
#530=EDGE_LOOP('',(#2986,#2987,#2988,#2989));
#531=EDGE_LOOP('',(#2990,#2991,#2992,#2993));
#532=EDGE_LOOP('',(#2994,#2995,#2996,#2997));
#533=EDGE_LOOP('',(#2998,#2999,#3000,#3001));
#534=EDGE_LOOP('',(#3002,#3003,#3004,#3005));
#535=EDGE_LOOP('',(#3006,#3007,#3008,#3009));
#536=EDGE_LOOP('',(#3010,#3011,#3012,#3013));
#537=EDGE_LOOP('',(#3014,#3015,#3016,#3017));
#538=EDGE_LOOP('',(#3018,#3019,#3020,#3021,#3022,#3023,#3024,#3025));
#539=EDGE_LOOP('',(#3026,#3027,#3028,#3029,#3030,#3031,#3032,#3033,#3034,
#3035,#3036,#3037,#3038,#3039,#3040,#3041));
#540=EDGE_LOOP('',(#3042,#3043,#3044,#3045,#3046));
#541=EDGE_LOOP('',(#3047,#3048,#3049,#3050));
#542=EDGE_LOOP('',(#3051,#3052,#3053,#3054,#3055));
#543=EDGE_LOOP('',(#3056,#3057,#3058,#3059));
#544=EDGE_LOOP('',(#3060,#3061,#3062,#3063,#3064));
#545=EDGE_LOOP('',(#3065,#3066,#3067,#3068));
#546=EDGE_LOOP('',(#3069,#3070,#3071,#3072,#3073));
#547=EDGE_LOOP('',(#3074,#3075,#3076,#3077));
#548=EDGE_LOOP('',(#3078,#3079,#3080,#3081,#3082));
#549=EDGE_LOOP('',(#3083,#3084,#3085,#3086));
#550=EDGE_LOOP('',(#3087,#3088,#3089,#3090,#3091));
#551=EDGE_LOOP('',(#3092,#3093,#3094,#3095));
#552=EDGE_LOOP('',(#3096,#3097,#3098,#3099,#3100));
#553=EDGE_LOOP('',(#3101,#3102,#3103,#3104));
#554=EDGE_LOOP('',(#3105,#3106,#3107,#3108,#3109));
#555=EDGE_LOOP('',(#3110,#3111,#3112,#3113));
#556=EDGE_LOOP('',(#3114,#3115,#3116,#3117,#3118,#3119,#3120,#3121));
#557=EDGE_LOOP('',(#3122,#3123,#3124,#3125,#3126,#3127,#3128,#3129));
#558=EDGE_LOOP('',(#3130,#3131,#3132,#3133,#3134,#3135,#3136,#3137));
#559=EDGE_LOOP('',(#3138,#3139,#3140,#3141,#3142,#3143,#3144,#3145));
#560=EDGE_LOOP('',(#3146,#3147,#3148,#3149,#3150,#3151,#3152,#3153));
#561=EDGE_LOOP('',(#3154,#3155,#3156,#3157,#3158,#3159,#3160,#3161));
#562=EDGE_LOOP('',(#3162,#3163,#3164,#3165,#3166,#3167,#3168,#3169));
#563=EDGE_LOOP('',(#3170,#3171,#3172,#3173,#3174,#3175,#3176,#3177));
#564=EDGE_LOOP('',(#3178,#3179,#3180));
#565=EDGE_LOOP('',(#3181,#3182));
#566=EDGE_LOOP('',(#3183,#3184));
#567=EDGE_LOOP('',(#3185,#3186));
#568=EDGE_LOOP('',(#3187,#3188));
#569=EDGE_LOOP('',(#3189,#3190));
#570=EDGE_LOOP('',(#3191,#3192));
#571=EDGE_LOOP('',(#3193,#3194));
#572=EDGE_LOOP('',(#3195,#3196,#3197,#3198));
#573=EDGE_LOOP('',(#3199,#3200,#3201,#3202));
#574=EDGE_LOOP('',(#3203,#3204,#3205,#3206));
#575=EDGE_LOOP('',(#3207,#3208,#3209,#3210));
#576=EDGE_LOOP('',(#3211,#3212,#3213,#3214,#3215,#3216,#3217,#3218,#3219,
#3220,#3221,#3222,#3223,#3224,#3225,#3226));
#577=LINE('',#4533,#975);
#578=LINE('',#4535,#976);
#579=LINE('',#4537,#977);
#580=LINE('',#4539,#978);
#581=LINE('',#4541,#979);
#582=LINE('',#4543,#980);
#583=LINE('',#4545,#981);
#584=LINE('',#4547,#982);
#585=LINE('',#4549,#983);
#586=LINE('',#4550,#984);
#587=LINE('',#4553,#985);
#588=LINE('',#4555,#986);
#589=LINE('',#4556,#987);
#590=LINE('',#4559,#988);
#591=LINE('',#4560,#989);
#592=LINE('',#4563,#990);
#593=LINE('',#4564,#991);
#594=LINE('',#4567,#992);
#595=LINE('',#4568,#993);
#596=LINE('',#4571,#994);
#597=LINE('',#4572,#995);
#598=LINE('',#4575,#996);
#599=LINE('',#4576,#997);
#600=LINE('',#4579,#998);
#601=LINE('',#4580,#999);
#602=LINE('',#4583,#1000);
#603=LINE('',#4584,#1001);
#604=LINE('',#4587,#1002);
#605=LINE('',#4588,#1003);
#606=LINE('',#4590,#1004);
#607=LINE('',#4594,#1005);
#608=LINE('',#4608,#1006);
#609=LINE('',#4616,#1007);
#610=LINE('',#4618,#1008);
#611=LINE('',#4619,#1009);
#612=LINE('',#4622,#1010);
#613=LINE('',#4624,#1011);
#614=LINE('',#4625,#1012);
#615=LINE('',#4642,#1013);
#616=LINE('',#4659,#1014);
#617=LINE('',#4662,#1015);
#618=LINE('',#4663,#1016);
#619=LINE('',#4680,#1017);
#620=LINE('',#4683,#1018);
#621=LINE('',#4684,#1019);
#622=LINE('',#4687,#1020);
#623=LINE('',#4688,#1021);
#624=LINE('',#4690,#1022);
#625=LINE('',#4694,#1023);
#626=LINE('',#4708,#1024);
#627=LINE('',#4716,#1025);
#628=LINE('',#4718,#1026);
#629=LINE('',#4719,#1027);
#630=LINE('',#4722,#1028);
#631=LINE('',#4724,#1029);
#632=LINE('',#4725,#1030);
#633=LINE('',#4742,#1031);
#634=LINE('',#4759,#1032);
#635=LINE('',#4762,#1033);
#636=LINE('',#4763,#1034);
#637=LINE('',#4780,#1035);
#638=LINE('',#4783,#1036);
#639=LINE('',#4784,#1037);
#640=LINE('',#4787,#1038);
#641=LINE('',#4788,#1039);
#642=LINE('',#4790,#1040);
#643=LINE('',#4848,#1041);
#644=LINE('',#4898,#1042);
#645=LINE('',#4900,#1043);
#646=LINE('',#4901,#1044);
#647=LINE('',#4913,#1045);
#648=LINE('',#4920,#1046);
#649=LINE('',#4937,#1047);
#650=LINE('',#4954,#1048);
#651=LINE('',#4971,#1049);
#652=LINE('',#4988,#1050);
#653=LINE('',#5005,#1051);
#654=LINE('',#5022,#1052);
#655=LINE('',#5039,#1053);
#656=LINE('',#5056,#1054);
#657=LINE('',#5059,#1055);
#658=LINE('',#5060,#1056);
#659=LINE('',#5077,#1057);
#660=LINE('',#5094,#1058);
#661=LINE('',#5111,#1059);
#662=LINE('',#5128,#1060);
#663=LINE('',#5145,#1061);
#664=LINE('',#5162,#1062);
#665=LINE('',#5179,#1063);
#666=LINE('',#5196,#1064);
#667=LINE('',#5199,#1065);
#668=LINE('',#5200,#1066);
#669=LINE('',#5203,#1067);
#670=LINE('',#5204,#1068);
#671=LINE('',#5206,#1069);
#672=LINE('',#5264,#1070);
#673=LINE('',#5314,#1071);
#674=LINE('',#5316,#1072);
#675=LINE('',#5317,#1073);
#676=LINE('',#5329,#1074);
#677=LINE('',#5336,#1075);
#678=LINE('',#5353,#1076);
#679=LINE('',#5370,#1077);
#680=LINE('',#5387,#1078);
#681=LINE('',#5404,#1079);
#682=LINE('',#5421,#1080);
#683=LINE('',#5438,#1081);
#684=LINE('',#5455,#1082);
#685=LINE('',#5472,#1083);
#686=LINE('',#5475,#1084);
#687=LINE('',#5476,#1085);
#688=LINE('',#5493,#1086);
#689=LINE('',#5510,#1087);
#690=LINE('',#5527,#1088);
#691=LINE('',#5544,#1089);
#692=LINE('',#5561,#1090);
#693=LINE('',#5578,#1091);
#694=LINE('',#5595,#1092);
#695=LINE('',#5612,#1093);
#696=LINE('',#5615,#1094);
#697=LINE('',#5616,#1095);
#698=LINE('',#5619,#1096);
#699=LINE('',#5620,#1097);
#700=LINE('',#5622,#1098);
#701=LINE('',#5626,#1099);
#702=LINE('',#5628,#1100);
#703=LINE('',#5630,#1101);
#704=LINE('',#5632,#1102);
#705=LINE('',#5634,#1103);
#706=LINE('',#5636,#1104);
#707=LINE('',#5638,#1105);
#708=LINE('',#5640,#1106);
#709=LINE('',#5642,#1107);
#710=LINE('',#5644,#1108);
#711=LINE('',#5646,#1109);
#712=LINE('',#5647,#1110);
#713=LINE('',#5650,#1111);
#714=LINE('',#5652,#1112);
#715=LINE('',#5653,#1113);
#716=LINE('',#5656,#1114);
#717=LINE('',#5657,#1115);
#718=LINE('',#5660,#1116);
#719=LINE('',#5661,#1117);
#720=LINE('',#5664,#1118);
#721=LINE('',#5665,#1119);
#722=LINE('',#5668,#1120);
#723=LINE('',#5669,#1121);
#724=LINE('',#5672,#1122);
#725=LINE('',#5673,#1123);
#726=LINE('',#5676,#1124);
#727=LINE('',#5677,#1125);
#728=LINE('',#5680,#1126);
#729=LINE('',#5681,#1127);
#730=LINE('',#5684,#1128);
#731=LINE('',#5685,#1129);
#732=LINE('',#5688,#1130);
#733=LINE('',#5689,#1131);
#734=LINE('',#5692,#1132);
#735=LINE('',#5693,#1133);
#736=LINE('',#5695,#1134);
#737=LINE('',#5699,#1135);
#738=LINE('',#5701,#1136);
#739=LINE('',#5703,#1137);
#740=LINE('',#5705,#1138);
#741=LINE('',#5707,#1139);
#742=LINE('',#5709,#1140);
#743=LINE('',#5711,#1141);
#744=LINE('',#5713,#1142);
#745=LINE('',#5715,#1143);
#746=LINE('',#5717,#1144);
#747=LINE('',#5719,#1145);
#748=LINE('',#5720,#1146);
#749=LINE('',#5723,#1147);
#750=LINE('',#5725,#1148);
#751=LINE('',#5726,#1149);
#752=LINE('',#5729,#1150);
#753=LINE('',#5730,#1151);
#754=LINE('',#5733,#1152);
#755=LINE('',#5734,#1153);
#756=LINE('',#5737,#1154);
#757=LINE('',#5738,#1155);
#758=LINE('',#5741,#1156);
#759=LINE('',#5742,#1157);
#760=LINE('',#5745,#1158);
#761=LINE('',#5746,#1159);
#762=LINE('',#5749,#1160);
#763=LINE('',#5750,#1161);
#764=LINE('',#5753,#1162);
#765=LINE('',#5754,#1163);
#766=LINE('',#5757,#1164);
#767=LINE('',#5758,#1165);
#768=LINE('',#5761,#1166);
#769=LINE('',#5762,#1167);
#770=LINE('',#5765,#1168);
#771=LINE('',#5766,#1169);
#772=LINE('',#5768,#1170);
#773=LINE('',#5772,#1171);
#774=LINE('',#5774,#1172);
#775=LINE('',#5776,#1173);
#776=LINE('',#5778,#1174);
#777=LINE('',#5780,#1175);
#778=LINE('',#5782,#1176);
#779=LINE('',#5784,#1177);
#780=LINE('',#5786,#1178);
#781=LINE('',#5787,#1179);
#782=LINE('',#5790,#1180);
#783=LINE('',#5792,#1181);
#784=LINE('',#5793,#1182);
#785=LINE('',#5796,#1183);
#786=LINE('',#5797,#1184);
#787=LINE('',#5800,#1185);
#788=LINE('',#5801,#1186);
#789=LINE('',#5804,#1187);
#790=LINE('',#5805,#1188);
#791=LINE('',#5808,#1189);
#792=LINE('',#5809,#1190);
#793=LINE('',#5812,#1191);
#794=LINE('',#5813,#1192);
#795=LINE('',#5816,#1193);
#796=LINE('',#5817,#1194);
#797=LINE('',#5820,#1195);
#798=LINE('',#5821,#1196);
#799=LINE('',#5823,#1197);
#800=LINE('',#5827,#1198);
#801=LINE('',#5829,#1199);
#802=LINE('',#5831,#1200);
#803=LINE('',#5833,#1201);
#804=LINE('',#5835,#1202);
#805=LINE('',#5837,#1203);
#806=LINE('',#5839,#1204);
#807=LINE('',#5841,#1205);
#808=LINE('',#5842,#1206);
#809=LINE('',#5845,#1207);
#810=LINE('',#5847,#1208);
#811=LINE('',#5848,#1209);
#812=LINE('',#5851,#1210);
#813=LINE('',#5852,#1211);
#814=LINE('',#5855,#1212);
#815=LINE('',#5856,#1213);
#816=LINE('',#5859,#1214);
#817=LINE('',#5860,#1215);
#818=LINE('',#5863,#1216);
#819=LINE('',#5864,#1217);
#820=LINE('',#5867,#1218);
#821=LINE('',#5868,#1219);
#822=LINE('',#5871,#1220);
#823=LINE('',#5872,#1221);
#824=LINE('',#5875,#1222);
#825=LINE('',#5876,#1223);
#826=LINE('',#5878,#1224);
#827=LINE('',#5883,#1225);
#828=LINE('',#5887,#1226);
#829=LINE('',#5894,#1227);
#830=LINE('',#5898,#1228);
#831=LINE('',#5952,#1229);
#832=LINE('',#5954,#1230);
#833=LINE('',#5955,#1231);
#834=LINE('',#5959,#1232);
#835=LINE('',#5960,#1233);
#836=LINE('',#5961,#1234);
#837=LINE('',#5965,#1235);
#838=LINE('',#5967,#1236);
#839=LINE('',#5968,#1237);
#840=LINE('',#5972,#1238);
#841=LINE('',#5973,#1239);
#842=LINE('',#5974,#1240);
#843=LINE('',#5978,#1241);
#844=LINE('',#5980,#1242);
#845=LINE('',#5981,#1243);
#846=LINE('',#5985,#1244);
#847=LINE('',#5986,#1245);
#848=LINE('',#5987,#1246);
#849=LINE('',#5989,#1247);
#850=LINE('',#5990,#1248);
#851=LINE('',#5994,#1249);
#852=LINE('',#5996,#1250);
#853=LINE('',#5997,#1251);
#854=LINE('',#6001,#1252);
#855=LINE('',#6002,#1253);
#856=LINE('',#6003,#1254);
#857=LINE('',#6007,#1255);
#858=LINE('',#6009,#1256);
#859=LINE('',#6010,#1257);
#860=LINE('',#6014,#1258);
#861=LINE('',#6015,#1259);
#862=LINE('',#6016,#1260);
#863=LINE('',#6018,#1261);
#864=LINE('',#6019,#1262);
#865=LINE('',#6023,#1263);
#866=LINE('',#6025,#1264);
#867=LINE('',#6026,#1265);
#868=LINE('',#6030,#1266);
#869=LINE('',#6031,#1267);
#870=LINE('',#6032,#1268);
#871=LINE('',#6036,#1269);
#872=LINE('',#6038,#1270);
#873=LINE('',#6039,#1271);
#874=LINE('',#6043,#1272);
#875=LINE('',#6044,#1273);
#876=LINE('',#6045,#1274);
#877=LINE('',#6047,#1275);
#878=LINE('',#6048,#1276);
#879=LINE('',#6052,#1277);
#880=LINE('',#6054,#1278);
#881=LINE('',#6055,#1279);
#882=LINE('',#6059,#1280);
#883=LINE('',#6060,#1281);
#884=LINE('',#6061,#1282);
#885=LINE('',#6063,#1283);
#886=LINE('',#6064,#1284);
#887=LINE('',#6066,#1285);
#888=LINE('',#6067,#1286);
#889=LINE('',#6069,#1287);
#890=LINE('',#6070,#1288);
#891=LINE('',#6072,#1289);
#892=LINE('',#6073,#1290);
#893=LINE('',#6075,#1291);
#894=LINE('',#6076,#1292);
#895=LINE('',#6078,#1293);
#896=LINE('',#6080,#1294);
#897=LINE('',#6082,#1295);
#898=LINE('',#6084,#1296);
#899=LINE('',#6088,#1297);
#900=LINE('',#6090,#1298);
#901=LINE('',#6092,#1299);
#902=LINE('',#6094,#1300);
#903=LINE('',#6096,#1301);
#904=LINE('',#6098,#1302);
#905=LINE('',#6100,#1303);
#906=LINE('',#6102,#1304);
#907=LINE('',#6104,#1305);
#908=LINE('',#6106,#1306);
#909=LINE('',#6108,#1307);
#910=LINE('',#6110,#1308);
#911=LINE('',#6112,#1309);
#912=LINE('',#6114,#1310);
#913=LINE('',#6116,#1311);
#914=LINE('',#6117,#1312);
#915=LINE('',#6121,#1313);
#916=LINE('',#6122,#1314);
#917=LINE('',#6124,#1315);
#918=LINE('',#6125,#1316);
#919=LINE('',#6128,#1317);
#920=LINE('',#6129,#1318);
#921=LINE('',#6133,#1319);
#922=LINE('',#6134,#1320);
#923=LINE('',#6136,#1321);
#924=LINE('',#6137,#1322);
#925=LINE('',#6139,#1323);
#926=LINE('',#6143,#1324);
#927=LINE('',#6144,#1325);
#928=LINE('',#6146,#1326);
#929=LINE('',#6147,#1327);
#930=LINE('',#6149,#1328);
#931=LINE('',#6153,#1329);
#932=LINE('',#6154,#1330);
#933=LINE('',#6156,#1331);
#934=LINE('',#6157,#1332);
#935=LINE('',#6159,#1333);
#936=LINE('',#6163,#1334);
#937=LINE('',#6164,#1335);
#938=LINE('',#6166,#1336);
#939=LINE('',#6167,#1337);
#940=LINE('',#6169,#1338);
#941=LINE('',#6173,#1339);
#942=LINE('',#6174,#1340);
#943=LINE('',#6176,#1341);
#944=LINE('',#6177,#1342);
#945=LINE('',#6179,#1343);
#946=LINE('',#6183,#1344);
#947=LINE('',#6184,#1345);
#948=LINE('',#6186,#1346);
#949=LINE('',#6187,#1347);
#950=LINE('',#6189,#1348);
#951=LINE('',#6192,#1349);
#952=LINE('',#6194,#1350);
#953=LINE('',#6195,#1351);
#954=LINE('',#6197,#1352);
#955=LINE('',#6199,#1353);
#956=LINE('',#6200,#1354);
#957=LINE('',#6201,#1355);
#958=LINE('',#6203,#1356);
#959=LINE('',#6204,#1357);
#960=LINE('',#6206,#1358);
#961=LINE('',#6207,#1359);
#962=LINE('',#6209,#1360);
#963=LINE('',#6210,#1361);
#964=LINE('',#6212,#1362);
#965=LINE('',#6213,#1363);
#966=LINE('',#6215,#1364);
#967=LINE('',#6216,#1365);
#968=LINE('',#6218,#1366);
#969=LINE('',#6219,#1367);
#970=LINE('',#6221,#1368);
#971=LINE('',#6231,#1369);
#972=LINE('',#6233,#1370);
#973=LINE('',#6235,#1371);
#974=LINE('',#6237,#1372);
#975=VECTOR('',#3768,10.);
#976=VECTOR('',#3769,10.);
#977=VECTOR('',#3770,10.);
#978=VECTOR('',#3771,10.);
#979=VECTOR('',#3772,10.);
#980=VECTOR('',#3773,10.);
#981=VECTOR('',#3774,10.);
#982=VECTOR('',#3775,10.);
#983=VECTOR('',#3776,10.);
#984=VECTOR('',#3777,10.);
#985=VECTOR('',#3780,10.);
#986=VECTOR('',#3781,10.);
#987=VECTOR('',#3782,10.);
#988=VECTOR('',#3785,10.);
#989=VECTOR('',#3786,10.);
#990=VECTOR('',#3789,10.);
#991=VECTOR('',#3790,10.);
#992=VECTOR('',#3793,10.);
#993=VECTOR('',#3794,10.);
#994=VECTOR('',#3797,10.);
#995=VECTOR('',#3798,10.);
#996=VECTOR('',#3801,10.);
#997=VECTOR('',#3802,10.);
#998=VECTOR('',#3805,10.);
#999=VECTOR('',#3806,10.);
#1000=VECTOR('',#3809,10.);
#1001=VECTOR('',#3810,10.);
#1002=VECTOR('',#3813,10.);
#1003=VECTOR('',#3814,10.);
#1004=VECTOR('',#3817,10.);
#1005=VECTOR('',#3820,10.);
#1006=VECTOR('',#3821,10.);
#1007=VECTOR('',#3822,10.);
#1008=VECTOR('',#3823,10.);
#1009=VECTOR('',#3824,10.);
#1010=VECTOR('',#3827,10.);
#1011=VECTOR('',#3828,10.);
#1012=VECTOR('',#3829,10.);
#1013=VECTOR('',#3830,10.);
#1014=VECTOR('',#3831,10.);
#1015=VECTOR('',#3834,10.);
#1016=VECTOR('',#3835,10.);
#1017=VECTOR('',#3836,10.);
#1018=VECTOR('',#3839,10.);
#1019=VECTOR('',#3840,10.);
#1020=VECTOR('',#3843,10.);
#1021=VECTOR('',#3844,10.);
#1022=VECTOR('',#3847,10.);
#1023=VECTOR('',#3850,10.);
#1024=VECTOR('',#3851,10.);
#1025=VECTOR('',#3852,10.);
#1026=VECTOR('',#3853,10.);
#1027=VECTOR('',#3854,10.);
#1028=VECTOR('',#3857,10.);
#1029=VECTOR('',#3858,10.);
#1030=VECTOR('',#3859,10.);
#1031=VECTOR('',#3860,10.);
#1032=VECTOR('',#3861,10.);
#1033=VECTOR('',#3864,10.);
#1034=VECTOR('',#3865,10.);
#1035=VECTOR('',#3866,10.);
#1036=VECTOR('',#3869,10.);
#1037=VECTOR('',#3870,10.);
#1038=VECTOR('',#3873,10.);
#1039=VECTOR('',#3874,10.);
#1040=VECTOR('',#3877,10.);
#1041=VECTOR('',#3880,10.);
#1042=VECTOR('',#3881,10.);
#1043=VECTOR('',#3882,10.);
#1044=VECTOR('',#3883,10.);
#1045=VECTOR('',#3884,10.);
#1046=VECTOR('',#3885,10.);
#1047=VECTOR('',#3886,10.);
#1048=VECTOR('',#3887,10.);
#1049=VECTOR('',#3888,10.);
#1050=VECTOR('',#3889,10.);
#1051=VECTOR('',#3890,10.);
#1052=VECTOR('',#3891,10.);
#1053=VECTOR('',#3892,10.);
#1054=VECTOR('',#3893,10.);
#1055=VECTOR('',#3896,10.);
#1056=VECTOR('',#3897,10.);
#1057=VECTOR('',#3898,10.);
#1058=VECTOR('',#3899,10.);
#1059=VECTOR('',#3900,10.);
#1060=VECTOR('',#3901,10.);
#1061=VECTOR('',#3902,10.);
#1062=VECTOR('',#3903,10.);
#1063=VECTOR('',#3904,10.);
#1064=VECTOR('',#3905,10.);
#1065=VECTOR('',#3908,10.);
#1066=VECTOR('',#3909,10.);
#1067=VECTOR('',#3912,10.);
#1068=VECTOR('',#3913,10.);
#1069=VECTOR('',#3916,10.);
#1070=VECTOR('',#3919,10.);
#1071=VECTOR('',#3920,10.);
#1072=VECTOR('',#3921,10.);
#1073=VECTOR('',#3922,10.);
#1074=VECTOR('',#3923,10.);
#1075=VECTOR('',#3924,10.);
#1076=VECTOR('',#3925,10.);
#1077=VECTOR('',#3926,10.);
#1078=VECTOR('',#3927,10.);
#1079=VECTOR('',#3928,10.);
#1080=VECTOR('',#3929,10.);
#1081=VECTOR('',#3930,10.);
#1082=VECTOR('',#3931,10.);
#1083=VECTOR('',#3932,10.);
#1084=VECTOR('',#3935,10.);
#1085=VECTOR('',#3936,10.);
#1086=VECTOR('',#3937,10.);
#1087=VECTOR('',#3938,10.);
#1088=VECTOR('',#3939,10.);
#1089=VECTOR('',#3940,10.);
#1090=VECTOR('',#3941,10.);
#1091=VECTOR('',#3942,10.);
#1092=VECTOR('',#3943,10.);
#1093=VECTOR('',#3944,10.);
#1094=VECTOR('',#3947,10.);
#1095=VECTOR('',#3948,10.);
#1096=VECTOR('',#3951,10.);
#1097=VECTOR('',#3952,10.);
#1098=VECTOR('',#3955,10.);
#1099=VECTOR('',#3958,10.);
#1100=VECTOR('',#3959,10.);
#1101=VECTOR('',#3960,10.);
#1102=VECTOR('',#3961,10.);
#1103=VECTOR('',#3962,10.);
#1104=VECTOR('',#3963,10.);
#1105=VECTOR('',#3964,10.);
#1106=VECTOR('',#3965,10.);
#1107=VECTOR('',#3966,10.);
#1108=VECTOR('',#3967,10.);
#1109=VECTOR('',#3968,10.);
#1110=VECTOR('',#3969,10.);
#1111=VECTOR('',#3972,10.);
#1112=VECTOR('',#3973,10.);
#1113=VECTOR('',#3974,10.);
#1114=VECTOR('',#3977,10.);
#1115=VECTOR('',#3978,10.);
#1116=VECTOR('',#3981,10.);
#1117=VECTOR('',#3982,10.);
#1118=VECTOR('',#3985,10.);
#1119=VECTOR('',#3986,10.);
#1120=VECTOR('',#3989,10.);
#1121=VECTOR('',#3990,10.);
#1122=VECTOR('',#3993,10.);
#1123=VECTOR('',#3994,10.);
#1124=VECTOR('',#3997,10.);
#1125=VECTOR('',#3998,10.);
#1126=VECTOR('',#4001,10.);
#1127=VECTOR('',#4002,10.);
#1128=VECTOR('',#4005,10.);
#1129=VECTOR('',#4006,10.);
#1130=VECTOR('',#4009,10.);
#1131=VECTOR('',#4010,10.);
#1132=VECTOR('',#4013,10.);
#1133=VECTOR('',#4014,10.);
#1134=VECTOR('',#4017,10.);
#1135=VECTOR('',#4020,10.);
#1136=VECTOR('',#4021,10.);
#1137=VECTOR('',#4022,10.);
#1138=VECTOR('',#4023,10.);
#1139=VECTOR('',#4024,10.);
#1140=VECTOR('',#4025,10.);
#1141=VECTOR('',#4026,10.);
#1142=VECTOR('',#4027,10.);
#1143=VECTOR('',#4028,10.);
#1144=VECTOR('',#4029,10.);
#1145=VECTOR('',#4030,10.);
#1146=VECTOR('',#4031,10.);
#1147=VECTOR('',#4034,10.);
#1148=VECTOR('',#4035,10.);
#1149=VECTOR('',#4036,10.);
#1150=VECTOR('',#4039,10.);
#1151=VECTOR('',#4040,10.);
#1152=VECTOR('',#4043,10.);
#1153=VECTOR('',#4044,10.);
#1154=VECTOR('',#4047,10.);
#1155=VECTOR('',#4048,10.);
#1156=VECTOR('',#4051,10.);
#1157=VECTOR('',#4052,10.);
#1158=VECTOR('',#4055,10.);
#1159=VECTOR('',#4056,10.);
#1160=VECTOR('',#4059,10.);
#1161=VECTOR('',#4060,10.);
#1162=VECTOR('',#4063,10.);
#1163=VECTOR('',#4064,10.);
#1164=VECTOR('',#4067,10.);
#1165=VECTOR('',#4068,10.);
#1166=VECTOR('',#4071,10.);
#1167=VECTOR('',#4072,10.);
#1168=VECTOR('',#4075,10.);
#1169=VECTOR('',#4076,10.);
#1170=VECTOR('',#4079,10.);
#1171=VECTOR('',#4082,10.);
#1172=VECTOR('',#4083,10.);
#1173=VECTOR('',#4084,10.);
#1174=VECTOR('',#4085,10.);
#1175=VECTOR('',#4086,10.);
#1176=VECTOR('',#4087,10.);
#1177=VECTOR('',#4088,10.);
#1178=VECTOR('',#4089,10.);
#1179=VECTOR('',#4090,10.);
#1180=VECTOR('',#4093,10.);
#1181=VECTOR('',#4094,10.);
#1182=VECTOR('',#4095,10.);
#1183=VECTOR('',#4098,10.);
#1184=VECTOR('',#4099,10.);
#1185=VECTOR('',#4102,10.);
#1186=VECTOR('',#4103,10.);
#1187=VECTOR('',#4106,10.);
#1188=VECTOR('',#4107,10.);
#1189=VECTOR('',#4110,10.);
#1190=VECTOR('',#4111,10.);
#1191=VECTOR('',#4114,10.);
#1192=VECTOR('',#4115,10.);
#1193=VECTOR('',#4118,10.);
#1194=VECTOR('',#4119,10.);
#1195=VECTOR('',#4122,10.);
#1196=VECTOR('',#4123,10.);
#1197=VECTOR('',#4126,10.);
#1198=VECTOR('',#4129,10.);
#1199=VECTOR('',#4130,10.);
#1200=VECTOR('',#4131,10.);
#1201=VECTOR('',#4132,10.);
#1202=VECTOR('',#4133,10.);
#1203=VECTOR('',#4134,10.);
#1204=VECTOR('',#4135,10.);
#1205=VECTOR('',#4136,10.);
#1206=VECTOR('',#4137,10.);
#1207=VECTOR('',#4140,10.);
#1208=VECTOR('',#4141,10.);
#1209=VECTOR('',#4142,10.);
#1210=VECTOR('',#4145,10.);
#1211=VECTOR('',#4146,10.);
#1212=VECTOR('',#4149,10.);
#1213=VECTOR('',#4150,10.);
#1214=VECTOR('',#4153,10.);
#1215=VECTOR('',#4154,10.);
#1216=VECTOR('',#4157,10.);
#1217=VECTOR('',#4158,10.);
#1218=VECTOR('',#4161,10.);
#1219=VECTOR('',#4162,10.);
#1220=VECTOR('',#4165,10.);
#1221=VECTOR('',#4166,10.);
#1222=VECTOR('',#4169,10.);
#1223=VECTOR('',#4170,10.);
#1224=VECTOR('',#4173,10.);
#1225=VECTOR('',#4178,9.75);
#1226=VECTOR('',#4183,10.);
#1227=VECTOR('',#4192,14.75);
#1228=VECTOR('',#4197,15.);
#1229=VECTOR('',#4252,10.);
#1230=VECTOR('',#4253,10.);
#1231=VECTOR('',#4254,10.);
#1232=VECTOR('',#4257,10.);
#1233=VECTOR('',#4258,10.);
#1234=VECTOR('',#4259,10.);
#1235=VECTOR('',#4262,10.);
#1236=VECTOR('',#4263,10.);
#1237=VECTOR('',#4264,10.);
#1238=VECTOR('',#4267,10.);
#1239=VECTOR('',#4268,10.);
#1240=VECTOR('',#4269,10.);
#1241=VECTOR('',#4272,10.);
#1242=VECTOR('',#4273,10.);
#1243=VECTOR('',#4274,10.);
#1244=VECTOR('',#4277,10.);
#1245=VECTOR('',#4278,10.);
#1246=VECTOR('',#4279,10.);
#1247=VECTOR('',#4282,10.);
#1248=VECTOR('',#4283,10.);
#1249=VECTOR('',#4286,10.);
#1250=VECTOR('',#4287,10.);
#1251=VECTOR('',#4288,10.);
#1252=VECTOR('',#4291,10.);
#1253=VECTOR('',#4292,10.);
#1254=VECTOR('',#4293,10.);
#1255=VECTOR('',#4296,10.);
#1256=VECTOR('',#4297,10.);
#1257=VECTOR('',#4298,10.);
#1258=VECTOR('',#4301,10.);
#1259=VECTOR('',#4302,10.);
#1260=VECTOR('',#4303,10.);
#1261=VECTOR('',#4306,10.);
#1262=VECTOR('',#4307,10.);
#1263=VECTOR('',#4310,10.);
#1264=VECTOR('',#4311,10.);
#1265=VECTOR('',#4312,10.);
#1266=VECTOR('',#4315,10.);
#1267=VECTOR('',#4316,10.);
#1268=VECTOR('',#4317,10.);
#1269=VECTOR('',#4320,10.);
#1270=VECTOR('',#4321,10.);
#1271=VECTOR('',#4322,10.);
#1272=VECTOR('',#4325,10.);
#1273=VECTOR('',#4326,10.);
#1274=VECTOR('',#4327,10.);
#1275=VECTOR('',#4330,10.);
#1276=VECTOR('',#4331,10.);
#1277=VECTOR('',#4334,10.);
#1278=VECTOR('',#4335,10.);
#1279=VECTOR('',#4336,10.);
#1280=VECTOR('',#4339,10.);
#1281=VECTOR('',#4340,10.);
#1282=VECTOR('',#4341,10.);
#1283=VECTOR('',#4344,10.);
#1284=VECTOR('',#4345,10.);
#1285=VECTOR('',#4348,10.);
#1286=VECTOR('',#4349,10.);
#1287=VECTOR('',#4352,10.);
#1288=VECTOR('',#4353,10.);
#1289=VECTOR('',#4356,10.);
#1290=VECTOR('',#4357,10.);
#1291=VECTOR('',#4360,10.);
#1292=VECTOR('',#4361,10.);
#1293=VECTOR('',#4364,10.);
#1294=VECTOR('',#4367,10.);
#1295=VECTOR('',#4370,10.);
#1296=VECTOR('',#4373,10.);
#1297=VECTOR('',#4376,10.);
#1298=VECTOR('',#4377,10.);
#1299=VECTOR('',#4378,10.);
#1300=VECTOR('',#4379,10.);
#1301=VECTOR('',#4380,10.);
#1302=VECTOR('',#4381,10.);
#1303=VECTOR('',#4382,10.);
#1304=VECTOR('',#4383,10.);
#1305=VECTOR('',#4384,10.);
#1306=VECTOR('',#4385,10.);
#1307=VECTOR('',#4386,10.);
#1308=VECTOR('',#4387,10.);
#1309=VECTOR('',#4388,10.);
#1310=VECTOR('',#4389,10.);
#1311=VECTOR('',#4390,10.);
#1312=VECTOR('',#4391,10.);
#1313=VECTOR('',#4394,10.);
#1314=VECTOR('',#4395,10.);
#1315=VECTOR('',#4396,10.);
#1316=VECTOR('',#4397,10.);
#1317=VECTOR('',#4400,10.);
#1318=VECTOR('',#4401,10.);
#1319=VECTOR('',#4404,10.);
#1320=VECTOR('',#4405,10.);
#1321=VECTOR('',#4406,10.);
#1322=VECTOR('',#4407,10.);
#1323=VECTOR('',#4410,10.);
#1324=VECTOR('',#4413,10.);
#1325=VECTOR('',#4414,10.);
#1326=VECTOR('',#4415,10.);
#1327=VECTOR('',#4416,10.);
#1328=VECTOR('',#4419,10.);
#1329=VECTOR('',#4422,10.);
#1330=VECTOR('',#4423,10.);
#1331=VECTOR('',#4424,10.);
#1332=VECTOR('',#4425,10.);
#1333=VECTOR('',#4428,10.);
#1334=VECTOR('',#4431,10.);
#1335=VECTOR('',#4432,10.);
#1336=VECTOR('',#4433,10.);
#1337=VECTOR('',#4434,10.);
#1338=VECTOR('',#4437,10.);
#1339=VECTOR('',#4440,10.);
#1340=VECTOR('',#4441,10.);
#1341=VECTOR('',#4442,10.);
#1342=VECTOR('',#4443,10.);
#1343=VECTOR('',#4446,10.);
#1344=VECTOR('',#4449,10.);
#1345=VECTOR('',#4450,10.);
#1346=VECTOR('',#4451,10.);
#1347=VECTOR('',#4452,10.);
#1348=VECTOR('',#4455,10.);
#1349=VECTOR('',#4458,10.);
#1350=VECTOR('',#4459,10.);
#1351=VECTOR('',#4460,10.);
#1352=VECTOR('',#4463,10.);
#1353=VECTOR('',#4466,10.);
#1354=VECTOR('',#4467,10.);
#1355=VECTOR('',#4468,10.);
#1356=VECTOR('',#4471,10.);
#1357=VECTOR('',#4472,10.);
#1358=VECTOR('',#4475,10.);
#1359=VECTOR('',#4476,10.);
#1360=VECTOR('',#4479,10.);
#1361=VECTOR('',#4480,10.);
#1362=VECTOR('',#4483,10.);
#1363=VECTOR('',#4484,10.);
#1364=VECTOR('',#4487,10.);
#1365=VECTOR('',#4488,10.);
#1366=VECTOR('',#4491,10.);
#1367=VECTOR('',#4492,10.);
#1368=VECTOR('',#4495,10.);
#1369=VECTOR('',#4514,10.);
#1370=VECTOR('',#4517,10.);
#1371=VECTOR('',#4520,10.);
#1372=VECTOR('',#4523,10.);
#1373=VERTEX_POINT('',#4531);
#1374=VERTEX_POINT('',#4532);
#1375=VERTEX_POINT('',#4534);
#1376=VERTEX_POINT('',#4536);
#1377=VERTEX_POINT('',#4538);
#1378=VERTEX_POINT('',#4540);
#1379=VERTEX_POINT('',#4542);
#1380=VERTEX_POINT('',#4544);
#1381=VERTEX_POINT('',#4546);
#1382=VERTEX_POINT('',#4548);
#1383=VERTEX_POINT('',#4552);
#1384=VERTEX_POINT('',#4554);
#1385=VERTEX_POINT('',#4558);
#1386=VERTEX_POINT('',#4562);
#1387=VERTEX_POINT('',#4566);
#1388=VERTEX_POINT('',#4570);
#1389=VERTEX_POINT('',#4574);
#1390=VERTEX_POINT('',#4578);
#1391=VERTEX_POINT('',#4582);
#1392=VERTEX_POINT('',#4586);
#1393=VERTEX_POINT('',#4592);
#1394=VERTEX_POINT('',#4593);
#1395=VERTEX_POINT('',#4595);
#1396=VERTEX_POINT('',#4601);
#1397=VERTEX_POINT('',#4607);
#1398=VERTEX_POINT('',#4609);
#1399=VERTEX_POINT('',#4615);
#1400=VERTEX_POINT('',#4617);
#1401=VERTEX_POINT('',#4621);
#1402=VERTEX_POINT('',#4623);
#1403=VERTEX_POINT('',#4636);
#1404=VERTEX_POINT('',#4653);
#1405=VERTEX_POINT('',#4661);
#1406=VERTEX_POINT('',#4674);
#1407=VERTEX_POINT('',#4682);
#1408=VERTEX_POINT('',#4686);
#1409=VERTEX_POINT('',#4692);
#1410=VERTEX_POINT('',#4693);
#1411=VERTEX_POINT('',#4695);
#1412=VERTEX_POINT('',#4701);
#1413=VERTEX_POINT('',#4707);
#1414=VERTEX_POINT('',#4709);
#1415=VERTEX_POINT('',#4715);
#1416=VERTEX_POINT('',#4717);
#1417=VERTEX_POINT('',#4721);
#1418=VERTEX_POINT('',#4723);
#1419=VERTEX_POINT('',#4736);
#1420=VERTEX_POINT('',#4753);
#1421=VERTEX_POINT('',#4761);
#1422=VERTEX_POINT('',#4774);
#1423=VERTEX_POINT('',#4782);
#1424=VERTEX_POINT('',#4786);
#1425=VERTEX_POINT('',#4792);
#1426=VERTEX_POINT('',#4793);
#1427=VERTEX_POINT('',#4799);
#1428=VERTEX_POINT('',#4805);
#1429=VERTEX_POINT('',#4811);
#1430=VERTEX_POINT('',#4817);
#1431=VERTEX_POINT('',#4823);
#1432=VERTEX_POINT('',#4829);
#1433=VERTEX_POINT('',#4835);
#1434=VERTEX_POINT('',#4841);
#1435=VERTEX_POINT('',#4847);
#1436=VERTEX_POINT('',#4849);
#1437=VERTEX_POINT('',#4855);
#1438=VERTEX_POINT('',#4861);
#1439=VERTEX_POINT('',#4867);
#1440=VERTEX_POINT('',#4873);
#1441=VERTEX_POINT('',#4879);
#1442=VERTEX_POINT('',#4885);
#1443=VERTEX_POINT('',#4891);
#1444=VERTEX_POINT('',#4897);
#1445=VERTEX_POINT('',#4899);
#1446=VERTEX_POINT('',#4912);
#1447=VERTEX_POINT('',#4914);
#1448=VERTEX_POINT('',#4931);
#1449=VERTEX_POINT('',#4948);
#1450=VERTEX_POINT('',#4965);
#1451=VERTEX_POINT('',#4982);
#1452=VERTEX_POINT('',#4999);
#1453=VERTEX_POINT('',#5016);
#1454=VERTEX_POINT('',#5033);
#1455=VERTEX_POINT('',#5050);
#1456=VERTEX_POINT('',#5058);
#1457=VERTEX_POINT('',#5071);
#1458=VERTEX_POINT('',#5088);
#1459=VERTEX_POINT('',#5105);
#1460=VERTEX_POINT('',#5122);
#1461=VERTEX_POINT('',#5139);
#1462=VERTEX_POINT('',#5156);
#1463=VERTEX_POINT('',#5173);
#1464=VERTEX_POINT('',#5190);
#1465=VERTEX_POINT('',#5198);
#1466=VERTEX_POINT('',#5202);
#1467=VERTEX_POINT('',#5208);
#1468=VERTEX_POINT('',#5209);
#1469=VERTEX_POINT('',#5215);
#1470=VERTEX_POINT('',#5221);
#1471=VERTEX_POINT('',#5227);
#1472=VERTEX_POINT('',#5233);
#1473=VERTEX_POINT('',#5239);
#1474=VERTEX_POINT('',#5245);
#1475=VERTEX_POINT('',#5251);
#1476=VERTEX_POINT('',#5257);
#1477=VERTEX_POINT('',#5263);
#1478=VERTEX_POINT('',#5265);
#1479=VERTEX_POINT('',#5271);
#1480=VERTEX_POINT('',#5277);
#1481=VERTEX_POINT('',#5283);
#1482=VERTEX_POINT('',#5289);
#1483=VERTEX_POINT('',#5295);
#1484=VERTEX_POINT('',#5301);
#1485=VERTEX_POINT('',#5307);
#1486=VERTEX_POINT('',#5313);
#1487=VERTEX_POINT('',#5315);
#1488=VERTEX_POINT('',#5328);
#1489=VERTEX_POINT('',#5330);
#1490=VERTEX_POINT('',#5347);
#1491=VERTEX_POINT('',#5364);
#1492=VERTEX_POINT('',#5381);
#1493=VERTEX_POINT('',#5398);
#1494=VERTEX_POINT('',#5415);
#1495=VERTEX_POINT('',#5432);
#1496=VERTEX_POINT('',#5449);
#1497=VERTEX_POINT('',#5466);
#1498=VERTEX_POINT('',#5474);
#1499=VERTEX_POINT('',#5487);
#1500=VERTEX_POINT('',#5504);
#1501=VERTEX_POINT('',#5521);
#1502=VERTEX_POINT('',#5538);
#1503=VERTEX_POINT('',#5555);
#1504=VERTEX_POINT('',#5572);
#1505=VERTEX_POINT('',#5589);
#1506=VERTEX_POINT('',#5606);
#1507=VERTEX_POINT('',#5614);
#1508=VERTEX_POINT('',#5618);
#1509=VERTEX_POINT('',#5624);
#1510=VERTEX_POINT('',#5625);
#1511=VERTEX_POINT('',#5627);
#1512=VERTEX_POINT('',#5629);
#1513=VERTEX_POINT('',#5631);
#1514=VERTEX_POINT('',#5633);
#1515=VERTEX_POINT('',#5635);
#1516=VERTEX_POINT('',#5637);
#1517=VERTEX_POINT('',#5639);
#1518=VERTEX_POINT('',#5641);
#1519=VERTEX_POINT('',#5643);
#1520=VERTEX_POINT('',#5645);
#1521=VERTEX_POINT('',#5649);
#1522=VERTEX_POINT('',#5651);
#1523=VERTEX_POINT('',#5655);
#1524=VERTEX_POINT('',#5659);
#1525=VERTEX_POINT('',#5663);
#1526=VERTEX_POINT('',#5667);
#1527=VERTEX_POINT('',#5671);
#1528=VERTEX_POINT('',#5675);
#1529=VERTEX_POINT('',#5679);
#1530=VERTEX_POINT('',#5683);
#1531=VERTEX_POINT('',#5687);
#1532=VERTEX_POINT('',#5691);
#1533=VERTEX_POINT('',#5697);
#1534=VERTEX_POINT('',#5698);
#1535=VERTEX_POINT('',#5700);
#1536=VERTEX_POINT('',#5702);
#1537=VERTEX_POINT('',#5704);
#1538=VERTEX_POINT('',#5706);
#1539=VERTEX_POINT('',#5708);
#1540=VERTEX_POINT('',#5710);
#1541=VERTEX_POINT('',#5712);
#1542=VERTEX_POINT('',#5714);
#1543=VERTEX_POINT('',#5716);
#1544=VERTEX_POINT('',#5718);
#1545=VERTEX_POINT('',#5722);
#1546=VERTEX_POINT('',#5724);
#1547=VERTEX_POINT('',#5728);
#1548=VERTEX_POINT('',#5732);
#1549=VERTEX_POINT('',#5736);
#1550=VERTEX_POINT('',#5740);
#1551=VERTEX_POINT('',#5744);
#1552=VERTEX_POINT('',#5748);
#1553=VERTEX_POINT('',#5752);
#1554=VERTEX_POINT('',#5756);
#1555=VERTEX_POINT('',#5760);
#1556=VERTEX_POINT('',#5764);
#1557=VERTEX_POINT('',#5770);
#1558=VERTEX_POINT('',#5771);
#1559=VERTEX_POINT('',#5773);
#1560=VERTEX_POINT('',#5775);
#1561=VERTEX_POINT('',#5777);
#1562=VERTEX_POINT('',#5779);
#1563=VERTEX_POINT('',#5781);
#1564=VERTEX_POINT('',#5783);
#1565=VERTEX_POINT('',#5785);
#1566=VERTEX_POINT('',#5789);
#1567=VERTEX_POINT('',#5791);
#1568=VERTEX_POINT('',#5795);
#1569=VERTEX_POINT('',#5799);
#1570=VERTEX_POINT('',#5803);
#1571=VERTEX_POINT('',#5807);
#1572=VERTEX_POINT('',#5811);
#1573=VERTEX_POINT('',#5815);
#1574=VERTEX_POINT('',#5819);
#1575=VERTEX_POINT('',#5825);
#1576=VERTEX_POINT('',#5826);
#1577=VERTEX_POINT('',#5828);
#1578=VERTEX_POINT('',#5830);
#1579=VERTEX_POINT('',#5832);
#1580=VERTEX_POINT('',#5834);
#1581=VERTEX_POINT('',#5836);
#1582=VERTEX_POINT('',#5838);
#1583=VERTEX_POINT('',#5840);
#1584=VERTEX_POINT('',#5844);
#1585=VERTEX_POINT('',#5846);
#1586=VERTEX_POINT('',#5850);
#1587=VERTEX_POINT('',#5854);
#1588=VERTEX_POINT('',#5858);
#1589=VERTEX_POINT('',#5862);
#1590=VERTEX_POINT('',#5866);
#1591=VERTEX_POINT('',#5870);
#1592=VERTEX_POINT('',#5874);
#1593=VERTEX_POINT('',#5880);
#1594=VERTEX_POINT('',#5882);
#1595=VERTEX_POINT('',#5886);
#1596=VERTEX_POINT('',#5891);
#1597=VERTEX_POINT('',#5893);
#1598=VERTEX_POINT('',#5897);
#1599=VERTEX_POINT('',#5899);
#1600=VERTEX_POINT('',#5901);
#1601=VERTEX_POINT('',#5903);
#1602=VERTEX_POINT('',#5905);
#1603=VERTEX_POINT('',#5907);
#1604=VERTEX_POINT('',#5909);
#1605=VERTEX_POINT('',#5911);
#1606=VERTEX_POINT('',#5913);
#1607=VERTEX_POINT('',#5915);
#1608=VERTEX_POINT('',#5917);
#1609=VERTEX_POINT('',#5919);
#1610=VERTEX_POINT('',#5921);
#1611=VERTEX_POINT('',#5923);
#1612=VERTEX_POINT('',#5925);
#1613=VERTEX_POINT('',#5927);
#1614=VERTEX_POINT('',#5929);
#1615=VERTEX_POINT('',#5931);
#1616=VERTEX_POINT('',#5933);
#1617=VERTEX_POINT('',#5935);
#1618=VERTEX_POINT('',#5937);
#1619=VERTEX_POINT('',#5939);
#1620=VERTEX_POINT('',#5941);
#1621=VERTEX_POINT('',#5943);
#1622=VERTEX_POINT('',#5945);
#1623=VERTEX_POINT('',#5950);
#1624=VERTEX_POINT('',#5951);
#1625=VERTEX_POINT('',#5953);
#1626=VERTEX_POINT('',#5957);
#1627=VERTEX_POINT('',#5958);
#1628=VERTEX_POINT('',#5963);
#1629=VERTEX_POINT('',#5964);
#1630=VERTEX_POINT('',#5966);
#1631=VERTEX_POINT('',#5970);
#1632=VERTEX_POINT('',#5971);
#1633=VERTEX_POINT('',#5976);
#1634=VERTEX_POINT('',#5977);
#1635=VERTEX_POINT('',#5979);
#1636=VERTEX_POINT('',#5983);
#1637=VERTEX_POINT('',#5984);
#1638=VERTEX_POINT('',#5992);
#1639=VERTEX_POINT('',#5993);
#1640=VERTEX_POINT('',#5995);
#1641=VERTEX_POINT('',#5999);
#1642=VERTEX_POINT('',#6000);
#1643=VERTEX_POINT('',#6005);
#1644=VERTEX_POINT('',#6006);
#1645=VERTEX_POINT('',#6008);
#1646=VERTEX_POINT('',#6012);
#1647=VERTEX_POINT('',#6013);
#1648=VERTEX_POINT('',#6021);
#1649=VERTEX_POINT('',#6022);
#1650=VERTEX_POINT('',#6024);
#1651=VERTEX_POINT('',#6028);
#1652=VERTEX_POINT('',#6029);
#1653=VERTEX_POINT('',#6034);
#1654=VERTEX_POINT('',#6035);
#1655=VERTEX_POINT('',#6037);
#1656=VERTEX_POINT('',#6041);
#1657=VERTEX_POINT('',#6042);
#1658=VERTEX_POINT('',#6050);
#1659=VERTEX_POINT('',#6051);
#1660=VERTEX_POINT('',#6053);
#1661=VERTEX_POINT('',#6057);
#1662=VERTEX_POINT('',#6058);
#1663=VERTEX_POINT('',#6086);
#1664=VERTEX_POINT('',#6087);
#1665=VERTEX_POINT('',#6089);
#1666=VERTEX_POINT('',#6091);
#1667=VERTEX_POINT('',#6093);
#1668=VERTEX_POINT('',#6095);
#1669=VERTEX_POINT('',#6097);
#1670=VERTEX_POINT('',#6099);
#1671=VERTEX_POINT('',#6101);
#1672=VERTEX_POINT('',#6103);
#1673=VERTEX_POINT('',#6105);
#1674=VERTEX_POINT('',#6107);
#1675=VERTEX_POINT('',#6109);
#1676=VERTEX_POINT('',#6111);
#1677=VERTEX_POINT('',#6113);
#1678=VERTEX_POINT('',#6115);
#1679=VERTEX_POINT('',#6119);
#1680=VERTEX_POINT('',#6120);
#1681=VERTEX_POINT('',#6123);
#1682=VERTEX_POINT('',#6127);
#1683=VERTEX_POINT('',#6131);
#1684=VERTEX_POINT('',#6132);
#1685=VERTEX_POINT('',#6135);
#1686=VERTEX_POINT('',#6141);
#1687=VERTEX_POINT('',#6142);
#1688=VERTEX_POINT('',#6145);
#1689=VERTEX_POINT('',#6151);
#1690=VERTEX_POINT('',#6152);
#1691=VERTEX_POINT('',#6155);
#1692=VERTEX_POINT('',#6161);
#1693=VERTEX_POINT('',#6162);
#1694=VERTEX_POINT('',#6165);
#1695=VERTEX_POINT('',#6171);
#1696=VERTEX_POINT('',#6172);
#1697=VERTEX_POINT('',#6175);
#1698=VERTEX_POINT('',#6181);
#1699=VERTEX_POINT('',#6182);
#1700=VERTEX_POINT('',#6185);
#1701=VERTEX_POINT('',#6191);
#1702=VERTEX_POINT('',#6193);
#1703=EDGE_CURVE('',#1373,#1374,#577,.T.);
#1704=EDGE_CURVE('',#1375,#1373,#578,.T.);
#1705=EDGE_CURVE('',#1376,#1375,#579,.T.);
#1706=EDGE_CURVE('',#1377,#1376,#580,.T.);
#1707=EDGE_CURVE('',#1378,#1377,#581,.T.);
#1708=EDGE_CURVE('',#1379,#1378,#582,.T.);
#1709=EDGE_CURVE('',#1380,#1379,#583,.T.);
#1710=EDGE_CURVE('',#1381,#1380,#584,.T.);
#1711=EDGE_CURVE('',#1382,#1381,#585,.T.);
#1712=EDGE_CURVE('',#1374,#1382,#586,.T.);
#1713=EDGE_CURVE('',#1374,#1383,#587,.T.);
#1714=EDGE_CURVE('',#1384,#1383,#588,.T.);
#1715=EDGE_CURVE('',#1373,#1384,#589,.T.);
#1716=EDGE_CURVE('',#1385,#1384,#590,.T.);
#1717=EDGE_CURVE('',#1375,#1385,#591,.T.);
#1718=EDGE_CURVE('',#1386,#1385,#592,.T.);
#1719=EDGE_CURVE('',#1376,#1386,#593,.T.);
#1720=EDGE_CURVE('',#1387,#1386,#594,.T.);
#1721=EDGE_CURVE('',#1377,#1387,#595,.T.);
#1722=EDGE_CURVE('',#1388,#1387,#596,.T.);
#1723=EDGE_CURVE('',#1378,#1388,#597,.T.);
#1724=EDGE_CURVE('',#1389,#1388,#598,.T.);
#1725=EDGE_CURVE('',#1379,#1389,#599,.T.);
#1726=EDGE_CURVE('',#1390,#1389,#600,.T.);
#1727=EDGE_CURVE('',#1380,#1390,#601,.T.);
#1728=EDGE_CURVE('',#1391,#1390,#602,.T.);
#1729=EDGE_CURVE('',#1381,#1391,#603,.T.);
#1730=EDGE_CURVE('',#1392,#1391,#604,.T.);
#1731=EDGE_CURVE('',#1382,#1392,#605,.T.);
#1732=EDGE_CURVE('',#1383,#1392,#606,.T.);
#1733=EDGE_CURVE('',#1393,#1394,#607,.T.);
#1734=EDGE_CURVE('',#1395,#1393,#104,.T.);
#1735=EDGE_CURVE('',#1396,#1395,#105,.T.);
#1736=EDGE_CURVE('',#1397,#1396,#608,.T.);
#1737=EDGE_CURVE('',#1398,#1397,#106,.T.);
#1738=EDGE_CURVE('',#1399,#1398,#609,.T.);
#1739=EDGE_CURVE('',#1400,#1399,#610,.T.);
#1740=EDGE_CURVE('',#1394,#1400,#611,.T.);
#1741=EDGE_CURVE('',#1394,#1401,#612,.T.);
#1742=EDGE_CURVE('',#1402,#1401,#613,.T.);
#1743=EDGE_CURVE('',#1393,#1402,#614,.T.);
#1744=EDGE_CURVE('',#1403,#1402,#107,.T.);
#1745=EDGE_CURVE('',#1395,#1403,#615,.T.);
#1746=EDGE_CURVE('',#1404,#1403,#108,.T.);
#1747=EDGE_CURVE('',#1396,#1404,#616,.T.);
#1748=EDGE_CURVE('',#1405,#1404,#617,.T.);
#1749=EDGE_CURVE('',#1397,#1405,#618,.T.);
#1750=EDGE_CURVE('',#1406,#1405,#109,.T.);
#1751=EDGE_CURVE('',#1398,#1406,#619,.T.);
#1752=EDGE_CURVE('',#1407,#1406,#620,.T.);
#1753=EDGE_CURVE('',#1399,#1407,#621,.T.);
#1754=EDGE_CURVE('',#1408,#1407,#622,.T.);
#1755=EDGE_CURVE('',#1400,#1408,#623,.T.);
#1756=EDGE_CURVE('',#1401,#1408,#624,.T.);
#1757=EDGE_CURVE('',#1409,#1410,#625,.T.);
#1758=EDGE_CURVE('',#1411,#1409,#110,.T.);
#1759=EDGE_CURVE('',#1412,#1411,#111,.T.);
#1760=EDGE_CURVE('',#1413,#1412,#626,.T.);
#1761=EDGE_CURVE('',#1414,#1413,#112,.T.);
#1762=EDGE_CURVE('',#1415,#1414,#627,.T.);
#1763=EDGE_CURVE('',#1416,#1415,#628,.T.);
#1764=EDGE_CURVE('',#1410,#1416,#629,.T.);
#1765=EDGE_CURVE('',#1410,#1417,#630,.T.);
#1766=EDGE_CURVE('',#1418,#1417,#631,.T.);
#1767=EDGE_CURVE('',#1409,#1418,#632,.T.);
#1768=EDGE_CURVE('',#1419,#1418,#113,.T.);
#1769=EDGE_CURVE('',#1411,#1419,#633,.T.);
#1770=EDGE_CURVE('',#1420,#1419,#114,.T.);
#1771=EDGE_CURVE('',#1412,#1420,#634,.T.);
#1772=EDGE_CURVE('',#1421,#1420,#635,.T.);
#1773=EDGE_CURVE('',#1413,#1421,#636,.T.);
#1774=EDGE_CURVE('',#1422,#1421,#115,.T.);
#1775=EDGE_CURVE('',#1414,#1422,#637,.T.);
#1776=EDGE_CURVE('',#1423,#1422,#638,.T.);
#1777=EDGE_CURVE('',#1415,#1423,#639,.T.);
#1778=EDGE_CURVE('',#1424,#1423,#640,.T.);
#1779=EDGE_CURVE('',#1416,#1424,#641,.T.);
#1780=EDGE_CURVE('',#1417,#1424,#642,.T.);
#1781=EDGE_CURVE('',#1425,#1426,#116,.T.);
#1782=EDGE_CURVE('',#1427,#1425,#117,.T.);
#1783=EDGE_CURVE('',#1428,#1427,#118,.T.);
#1784=EDGE_CURVE('',#1429,#1428,#119,.T.);
#1785=EDGE_CURVE('',#1430,#1429,#120,.T.);
#1786=EDGE_CURVE('',#1431,#1430,#121,.T.);
#1787=EDGE_CURVE('',#1432,#1431,#122,.T.);
#1788=EDGE_CURVE('',#1433,#1432,#123,.T.);
#1789=EDGE_CURVE('',#1434,#1433,#124,.T.);
#1790=EDGE_CURVE('',#1435,#1434,#643,.T.);
#1791=EDGE_CURVE('',#1436,#1435,#125,.T.);
#1792=EDGE_CURVE('',#1437,#1436,#126,.T.);
#1793=EDGE_CURVE('',#1438,#1437,#127,.T.);
#1794=EDGE_CURVE('',#1439,#1438,#128,.T.);
#1795=EDGE_CURVE('',#1440,#1439,#129,.T.);
#1796=EDGE_CURVE('',#1441,#1440,#130,.T.);
#1797=EDGE_CURVE('',#1442,#1441,#131,.T.);
#1798=EDGE_CURVE('',#1443,#1442,#132,.T.);
#1799=EDGE_CURVE('',#1444,#1443,#644,.T.);
#1800=EDGE_CURVE('',#1445,#1444,#645,.T.);
#1801=EDGE_CURVE('',#1426,#1445,#646,.T.);
#1802=EDGE_CURVE('',#1426,#1446,#647,.T.);
#1803=EDGE_CURVE('',#1447,#1446,#133,.T.);
#1804=EDGE_CURVE('',#1425,#1447,#648,.T.);
#1805=EDGE_CURVE('',#1448,#1447,#134,.T.);
#1806=EDGE_CURVE('',#1427,#1448,#649,.T.);
#1807=EDGE_CURVE('',#1449,#1448,#135,.T.);
#1808=EDGE_CURVE('',#1428,#1449,#650,.T.);
#1809=EDGE_CURVE('',#1450,#1449,#136,.T.);
#1810=EDGE_CURVE('',#1429,#1450,#651,.T.);
#1811=EDGE_CURVE('',#1451,#1450,#137,.T.);
#1812=EDGE_CURVE('',#1430,#1451,#652,.T.);
#1813=EDGE_CURVE('',#1452,#1451,#138,.T.);
#1814=EDGE_CURVE('',#1431,#1452,#653,.T.);
#1815=EDGE_CURVE('',#1453,#1452,#139,.T.);
#1816=EDGE_CURVE('',#1432,#1453,#654,.T.);
#1817=EDGE_CURVE('',#1454,#1453,#140,.T.);
#1818=EDGE_CURVE('',#1433,#1454,#655,.T.);
#1819=EDGE_CURVE('',#1455,#1454,#141,.T.);
#1820=EDGE_CURVE('',#1434,#1455,#656,.T.);
#1821=EDGE_CURVE('',#1456,#1455,#657,.T.);
#1822=EDGE_CURVE('',#1435,#1456,#658,.T.);
#1823=EDGE_CURVE('',#1457,#1456,#142,.T.);
#1824=EDGE_CURVE('',#1436,#1457,#659,.T.);
#1825=EDGE_CURVE('',#1458,#1457,#143,.T.);
#1826=EDGE_CURVE('',#1437,#1458,#660,.T.);
#1827=EDGE_CURVE('',#1459,#1458,#144,.T.);
#1828=EDGE_CURVE('',#1438,#1459,#661,.T.);
#1829=EDGE_CURVE('',#1460,#1459,#145,.T.);
#1830=EDGE_CURVE('',#1439,#1460,#662,.T.);
#1831=EDGE_CURVE('',#1461,#1460,#146,.T.);
#1832=EDGE_CURVE('',#1440,#1461,#663,.T.);
#1833=EDGE_CURVE('',#1462,#1461,#147,.T.);
#1834=EDGE_CURVE('',#1441,#1462,#664,.T.);
#1835=EDGE_CURVE('',#1463,#1462,#148,.T.);
#1836=EDGE_CURVE('',#1442,#1463,#665,.T.);
#1837=EDGE_CURVE('',#1464,#1463,#149,.T.);
#1838=EDGE_CURVE('',#1443,#1464,#666,.T.);
#1839=EDGE_CURVE('',#1465,#1464,#667,.T.);
#1840=EDGE_CURVE('',#1444,#1465,#668,.T.);
#1841=EDGE_CURVE('',#1466,#1465,#669,.T.);
#1842=EDGE_CURVE('',#1445,#1466,#670,.T.);
#1843=EDGE_CURVE('',#1446,#1466,#671,.T.);
#1844=EDGE_CURVE('',#1467,#1468,#150,.T.);
#1845=EDGE_CURVE('',#1469,#1467,#151,.T.);
#1846=EDGE_CURVE('',#1470,#1469,#152,.T.);
#1847=EDGE_CURVE('',#1471,#1470,#153,.T.);
#1848=EDGE_CURVE('',#1472,#1471,#154,.T.);
#1849=EDGE_CURVE('',#1473,#1472,#155,.T.);
#1850=EDGE_CURVE('',#1474,#1473,#156,.T.);
#1851=EDGE_CURVE('',#1475,#1474,#157,.T.);
#1852=EDGE_CURVE('',#1476,#1475,#158,.T.);
#1853=EDGE_CURVE('',#1477,#1476,#672,.T.);
#1854=EDGE_CURVE('',#1478,#1477,#159,.T.);
#1855=EDGE_CURVE('',#1479,#1478,#160,.T.);
#1856=EDGE_CURVE('',#1480,#1479,#161,.T.);
#1857=EDGE_CURVE('',#1481,#1480,#162,.T.);
#1858=EDGE_CURVE('',#1482,#1481,#163,.T.);
#1859=EDGE_CURVE('',#1483,#1482,#164,.T.);
#1860=EDGE_CURVE('',#1484,#1483,#165,.T.);
#1861=EDGE_CURVE('',#1485,#1484,#166,.T.);
#1862=EDGE_CURVE('',#1486,#1485,#673,.T.);
#1863=EDGE_CURVE('',#1487,#1486,#674,.T.);
#1864=EDGE_CURVE('',#1468,#1487,#675,.T.);
#1865=EDGE_CURVE('',#1468,#1488,#676,.T.);
#1866=EDGE_CURVE('',#1489,#1488,#167,.T.);
#1867=EDGE_CURVE('',#1467,#1489,#677,.T.);
#1868=EDGE_CURVE('',#1490,#1489,#168,.T.);
#1869=EDGE_CURVE('',#1469,#1490,#678,.T.);
#1870=EDGE_CURVE('',#1491,#1490,#169,.T.);
#1871=EDGE_CURVE('',#1470,#1491,#679,.T.);
#1872=EDGE_CURVE('',#1492,#1491,#170,.T.);
#1873=EDGE_CURVE('',#1471,#1492,#680,.T.);
#1874=EDGE_CURVE('',#1493,#1492,#171,.T.);
#1875=EDGE_CURVE('',#1472,#1493,#681,.T.);
#1876=EDGE_CURVE('',#1494,#1493,#172,.T.);
#1877=EDGE_CURVE('',#1473,#1494,#682,.T.);
#1878=EDGE_CURVE('',#1495,#1494,#173,.T.);
#1879=EDGE_CURVE('',#1474,#1495,#683,.T.);
#1880=EDGE_CURVE('',#1496,#1495,#174,.T.);
#1881=EDGE_CURVE('',#1475,#1496,#684,.T.);
#1882=EDGE_CURVE('',#1497,#1496,#175,.T.);
#1883=EDGE_CURVE('',#1476,#1497,#685,.T.);
#1884=EDGE_CURVE('',#1498,#1497,#686,.T.);
#1885=EDGE_CURVE('',#1477,#1498,#687,.T.);
#1886=EDGE_CURVE('',#1499,#1498,#176,.T.);
#1887=EDGE_CURVE('',#1478,#1499,#688,.T.);
#1888=EDGE_CURVE('',#1500,#1499,#177,.T.);
#1889=EDGE_CURVE('',#1479,#1500,#689,.T.);
#1890=EDGE_CURVE('',#1501,#1500,#178,.T.);
#1891=EDGE_CURVE('',#1480,#1501,#690,.T.);
#1892=EDGE_CURVE('',#1502,#1501,#179,.T.);
#1893=EDGE_CURVE('',#1481,#1502,#691,.T.);
#1894=EDGE_CURVE('',#1503,#1502,#180,.T.);
#1895=EDGE_CURVE('',#1482,#1503,#692,.T.);
#1896=EDGE_CURVE('',#1504,#1503,#181,.T.);
#1897=EDGE_CURVE('',#1483,#1504,#693,.T.);
#1898=EDGE_CURVE('',#1505,#1504,#182,.T.);
#1899=EDGE_CURVE('',#1484,#1505,#694,.T.);
#1900=EDGE_CURVE('',#1506,#1505,#183,.T.);
#1901=EDGE_CURVE('',#1485,#1506,#695,.T.);
#1902=EDGE_CURVE('',#1507,#1506,#696,.T.);
#1903=EDGE_CURVE('',#1486,#1507,#697,.T.);
#1904=EDGE_CURVE('',#1508,#1507,#698,.T.);
#1905=EDGE_CURVE('',#1487,#1508,#699,.T.);
#1906=EDGE_CURVE('',#1488,#1508,#700,.T.);
#1907=EDGE_CURVE('',#1509,#1510,#701,.T.);
#1908=EDGE_CURVE('',#1510,#1511,#702,.T.);
#1909=EDGE_CURVE('',#1511,#1512,#703,.T.);
#1910=EDGE_CURVE('',#1512,#1513,#704,.T.);
#1911=EDGE_CURVE('',#1513,#1514,#705,.T.);
#1912=EDGE_CURVE('',#1514,#1515,#706,.T.);
#1913=EDGE_CURVE('',#1515,#1516,#707,.T.);
#1914=EDGE_CURVE('',#1516,#1517,#708,.T.);
#1915=EDGE_CURVE('',#1517,#1518,#709,.T.);
#1916=EDGE_CURVE('',#1518,#1519,#710,.T.);
#1917=EDGE_CURVE('',#1519,#1520,#711,.T.);
#1918=EDGE_CURVE('',#1520,#1509,#712,.T.);
#1919=EDGE_CURVE('',#1509,#1521,#713,.T.);
#1920=EDGE_CURVE('',#1522,#1521,#714,.T.);
#1921=EDGE_CURVE('',#1510,#1522,#715,.T.);
#1922=EDGE_CURVE('',#1520,#1523,#716,.T.);
#1923=EDGE_CURVE('',#1521,#1523,#717,.T.);
#1924=EDGE_CURVE('',#1519,#1524,#718,.T.);
#1925=EDGE_CURVE('',#1523,#1524,#719,.T.);
#1926=EDGE_CURVE('',#1518,#1525,#720,.T.);
#1927=EDGE_CURVE('',#1524,#1525,#721,.T.);
#1928=EDGE_CURVE('',#1517,#1526,#722,.T.);
#1929=EDGE_CURVE('',#1525,#1526,#723,.T.);
#1930=EDGE_CURVE('',#1516,#1527,#724,.T.);
#1931=EDGE_CURVE('',#1526,#1527,#725,.T.);
#1932=EDGE_CURVE('',#1515,#1528,#726,.T.);
#1933=EDGE_CURVE('',#1527,#1528,#727,.T.);
#1934=EDGE_CURVE('',#1514,#1529,#728,.T.);
#1935=EDGE_CURVE('',#1528,#1529,#729,.T.);
#1936=EDGE_CURVE('',#1513,#1530,#730,.T.);
#1937=EDGE_CURVE('',#1529,#1530,#731,.T.);
#1938=EDGE_CURVE('',#1512,#1531,#732,.T.);
#1939=EDGE_CURVE('',#1530,#1531,#733,.T.);
#1940=EDGE_CURVE('',#1511,#1532,#734,.T.);
#1941=EDGE_CURVE('',#1531,#1532,#735,.T.);
#1942=EDGE_CURVE('',#1532,#1522,#736,.T.);
#1943=EDGE_CURVE('',#1533,#1534,#737,.T.);
#1944=EDGE_CURVE('',#1535,#1533,#738,.T.);
#1945=EDGE_CURVE('',#1536,#1535,#739,.T.);
#1946=EDGE_CURVE('',#1537,#1536,#740,.T.);
#1947=EDGE_CURVE('',#1538,#1537,#741,.T.);
#1948=EDGE_CURVE('',#1539,#1538,#742,.T.);
#1949=EDGE_CURVE('',#1540,#1539,#743,.T.);
#1950=EDGE_CURVE('',#1541,#1540,#744,.T.);
#1951=EDGE_CURVE('',#1542,#1541,#745,.T.);
#1952=EDGE_CURVE('',#1543,#1542,#746,.T.);
#1953=EDGE_CURVE('',#1544,#1543,#747,.T.);
#1954=EDGE_CURVE('',#1534,#1544,#748,.T.);
#1955=EDGE_CURVE('',#1534,#1545,#749,.T.);
#1956=EDGE_CURVE('',#1546,#1545,#750,.T.);
#1957=EDGE_CURVE('',#1533,#1546,#751,.T.);
#1958=EDGE_CURVE('',#1547,#1546,#752,.T.);
#1959=EDGE_CURVE('',#1535,#1547,#753,.T.);
#1960=EDGE_CURVE('',#1548,#1547,#754,.T.);
#1961=EDGE_CURVE('',#1536,#1548,#755,.T.);
#1962=EDGE_CURVE('',#1549,#1548,#756,.T.);
#1963=EDGE_CURVE('',#1537,#1549,#757,.T.);
#1964=EDGE_CURVE('',#1550,#1549,#758,.T.);
#1965=EDGE_CURVE('',#1538,#1550,#759,.T.);
#1966=EDGE_CURVE('',#1551,#1550,#760,.T.);
#1967=EDGE_CURVE('',#1539,#1551,#761,.T.);
#1968=EDGE_CURVE('',#1552,#1551,#762,.T.);
#1969=EDGE_CURVE('',#1540,#1552,#763,.T.);
#1970=EDGE_CURVE('',#1553,#1552,#764,.T.);
#1971=EDGE_CURVE('',#1541,#1553,#765,.T.);
#1972=EDGE_CURVE('',#1554,#1553,#766,.T.);
#1973=EDGE_CURVE('',#1542,#1554,#767,.T.);
#1974=EDGE_CURVE('',#1555,#1554,#768,.T.);
#1975=EDGE_CURVE('',#1543,#1555,#769,.T.);
#1976=EDGE_CURVE('',#1556,#1555,#770,.T.);
#1977=EDGE_CURVE('',#1544,#1556,#771,.T.);
#1978=EDGE_CURVE('',#1545,#1556,#772,.T.);
#1979=EDGE_CURVE('',#1557,#1558,#773,.T.);
#1980=EDGE_CURVE('',#1559,#1557,#774,.T.);
#1981=EDGE_CURVE('',#1560,#1559,#775,.T.);
#1982=EDGE_CURVE('',#1561,#1560,#776,.T.);
#1983=EDGE_CURVE('',#1562,#1561,#777,.T.);
#1984=EDGE_CURVE('',#1563,#1562,#778,.T.);
#1985=EDGE_CURVE('',#1564,#1563,#779,.T.);
#1986=EDGE_CURVE('',#1565,#1564,#780,.T.);
#1987=EDGE_CURVE('',#1558,#1565,#781,.T.);
#1988=EDGE_CURVE('',#1558,#1566,#782,.T.);
#1989=EDGE_CURVE('',#1567,#1566,#783,.T.);
#1990=EDGE_CURVE('',#1557,#1567,#784,.T.);
#1991=EDGE_CURVE('',#1568,#1567,#785,.T.);
#1992=EDGE_CURVE('',#1559,#1568,#786,.T.);
#1993=EDGE_CURVE('',#1569,#1568,#787,.T.);
#1994=EDGE_CURVE('',#1560,#1569,#788,.T.);
#1995=EDGE_CURVE('',#1570,#1569,#789,.T.);
#1996=EDGE_CURVE('',#1561,#1570,#790,.T.);
#1997=EDGE_CURVE('',#1571,#1570,#791,.T.);
#1998=EDGE_CURVE('',#1562,#1571,#792,.T.);
#1999=EDGE_CURVE('',#1572,#1571,#793,.T.);
#2000=EDGE_CURVE('',#1563,#1572,#794,.T.);
#2001=EDGE_CURVE('',#1573,#1572,#795,.T.);
#2002=EDGE_CURVE('',#1564,#1573,#796,.T.);
#2003=EDGE_CURVE('',#1574,#1573,#797,.T.);
#2004=EDGE_CURVE('',#1565,#1574,#798,.T.);
#2005=EDGE_CURVE('',#1566,#1574,#799,.T.);
#2006=EDGE_CURVE('',#1575,#1576,#800,.T.);
#2007=EDGE_CURVE('',#1577,#1575,#801,.T.);
#2008=EDGE_CURVE('',#1578,#1577,#802,.T.);
#2009=EDGE_CURVE('',#1579,#1578,#803,.T.);
#2010=EDGE_CURVE('',#1580,#1579,#804,.T.);
#2011=EDGE_CURVE('',#1581,#1580,#805,.T.);
#2012=EDGE_CURVE('',#1582,#1581,#806,.T.);
#2013=EDGE_CURVE('',#1583,#1582,#807,.T.);
#2014=EDGE_CURVE('',#1576,#1583,#808,.T.);
#2015=EDGE_CURVE('',#1576,#1584,#809,.T.);
#2016=EDGE_CURVE('',#1585,#1584,#810,.T.);
#2017=EDGE_CURVE('',#1575,#1585,#811,.T.);
#2018=EDGE_CURVE('',#1586,#1585,#812,.T.);
#2019=EDGE_CURVE('',#1577,#1586,#813,.T.);
#2020=EDGE_CURVE('',#1587,#1586,#814,.T.);
#2021=EDGE_CURVE('',#1578,#1587,#815,.T.);
#2022=EDGE_CURVE('',#1588,#1587,#816,.T.);
#2023=EDGE_CURVE('',#1579,#1588,#817,.T.);
#2024=EDGE_CURVE('',#1589,#1588,#818,.T.);
#2025=EDGE_CURVE('',#1580,#1589,#819,.T.);
#2026=EDGE_CURVE('',#1590,#1589,#820,.T.);
#2027=EDGE_CURVE('',#1581,#1590,#821,.T.);
#2028=EDGE_CURVE('',#1591,#1590,#822,.T.);
#2029=EDGE_CURVE('',#1582,#1591,#823,.T.);
#2030=EDGE_CURVE('',#1592,#1591,#824,.T.);
#2031=EDGE_CURVE('',#1583,#1592,#825,.T.);
#2032=EDGE_CURVE('',#1584,#1592,#826,.T.);
#2033=EDGE_CURVE('',#1593,#1593,#48,.T.);
#2034=EDGE_CURVE('',#1593,#1594,#827,.T.);
#2035=EDGE_CURVE('',#1594,#1594,#49,.T.);
#2036=EDGE_CURVE('',#1594,#1595,#828,.T.);
#2037=EDGE_CURVE('',#1595,#1595,#50,.T.);
#2038=EDGE_CURVE('',#1596,#1596,#51,.T.);
#2039=EDGE_CURVE('',#1596,#1597,#829,.T.);
#2040=EDGE_CURVE('',#1597,#1597,#52,.T.);
#2041=EDGE_CURVE('',#1597,#1598,#830,.T.);
#2042=EDGE_CURVE('',#1599,#1598,#53,.T.);
#2043=EDGE_CURVE('',#1599,#1600,#19,.F.);
#2044=EDGE_CURVE('',#1600,#1601,#20,.F.);
#2045=EDGE_CURVE('',#1602,#1601,#54,.T.);
#2046=EDGE_CURVE('',#1602,#1603,#21,.F.);
#2047=EDGE_CURVE('',#1603,#1604,#22,.F.);
#2048=EDGE_CURVE('',#1605,#1604,#55,.T.);
#2049=EDGE_CURVE('',#1605,#1606,#23,.F.);
#2050=EDGE_CURVE('',#1606,#1607,#24,.F.);
#2051=EDGE_CURVE('',#1608,#1607,#56,.T.);
#2052=EDGE_CURVE('',#1608,#1609,#25,.F.);
#2053=EDGE_CURVE('',#1609,#1610,#26,.F.);
#2054=EDGE_CURVE('',#1611,#1610,#57,.T.);
#2055=EDGE_CURVE('',#1611,#1612,#27,.F.);
#2056=EDGE_CURVE('',#1612,#1613,#28,.F.);
#2057=EDGE_CURVE('',#1614,#1613,#58,.T.);
#2058=EDGE_CURVE('',#1614,#1615,#29,.F.);
#2059=EDGE_CURVE('',#1615,#1616,#30,.F.);
#2060=EDGE_CURVE('',#1617,#1616,#59,.T.);
#2061=EDGE_CURVE('',#1617,#1618,#31,.F.);
#2062=EDGE_CURVE('',#1618,#1619,#32,.F.);
#2063=EDGE_CURVE('',#1620,#1619,#60,.T.);
#2064=EDGE_CURVE('',#1620,#1621,#33,.F.);
#2065=EDGE_CURVE('',#1621,#1622,#34,.F.);
#2066=EDGE_CURVE('',#1598,#1622,#61,.T.);
#2067=EDGE_CURVE('',#1623,#1624,#831,.T.);
#2068=EDGE_CURVE('',#1625,#1623,#832,.T.);
#2069=EDGE_CURVE('',#1624,#1625,#833,.T.);
#2070=EDGE_CURVE('',#1626,#1627,#834,.T.);
#2071=EDGE_CURVE('',#1627,#1625,#835,.T.);
#2072=EDGE_CURVE('',#1623,#1626,#836,.T.);
#2073=EDGE_CURVE('',#1628,#1629,#837,.T.);
#2074=EDGE_CURVE('',#1630,#1628,#838,.T.);
#2075=EDGE_CURVE('',#1629,#1630,#839,.T.);
#2076=EDGE_CURVE('',#1631,#1632,#840,.T.);
#2077=EDGE_CURVE('',#1632,#1630,#841,.T.);
#2078=EDGE_CURVE('',#1628,#1631,#842,.T.);
#2079=EDGE_CURVE('',#1633,#1634,#843,.T.);
#2080=EDGE_CURVE('',#1635,#1633,#844,.T.);
#2081=EDGE_CURVE('',#1634,#1635,#845,.T.);
#2082=EDGE_CURVE('',#1636,#1637,#846,.T.);
#2083=EDGE_CURVE('',#1637,#1635,#847,.T.);
#2084=EDGE_CURVE('',#1633,#1636,#848,.T.);
#2085=EDGE_CURVE('',#1624,#1634,#849,.T.);
#2086=EDGE_CURVE('',#1635,#1623,#850,.T.);
#2087=EDGE_CURVE('',#1638,#1639,#851,.T.);
#2088=EDGE_CURVE('',#1640,#1638,#852,.T.);
#2089=EDGE_CURVE('',#1639,#1640,#853,.T.);
#2090=EDGE_CURVE('',#1641,#1642,#854,.T.);
#2091=EDGE_CURVE('',#1642,#1640,#855,.T.);
#2092=EDGE_CURVE('',#1638,#1641,#856,.T.);
#2093=EDGE_CURVE('',#1643,#1644,#857,.T.);
#2094=EDGE_CURVE('',#1645,#1643,#858,.T.);
#2095=EDGE_CURVE('',#1644,#1645,#859,.T.);
#2096=EDGE_CURVE('',#1646,#1647,#860,.T.);
#2097=EDGE_CURVE('',#1647,#1645,#861,.T.);
#2098=EDGE_CURVE('',#1643,#1646,#862,.T.);
#2099=EDGE_CURVE('',#1634,#1644,#863,.T.);
#2100=EDGE_CURVE('',#1645,#1633,#864,.T.);
#2101=EDGE_CURVE('',#1648,#1649,#865,.T.);
#2102=EDGE_CURVE('',#1650,#1648,#866,.T.);
#2103=EDGE_CURVE('',#1649,#1650,#867,.T.);
#2104=EDGE_CURVE('',#1651,#1652,#868,.T.);
#2105=EDGE_CURVE('',#1652,#1650,#869,.T.);
#2106=EDGE_CURVE('',#1648,#1651,#870,.T.);
#2107=EDGE_CURVE('',#1653,#1654,#871,.T.);
#2108=EDGE_CURVE('',#1655,#1653,#872,.T.);
#2109=EDGE_CURVE('',#1654,#1655,#873,.T.);
#2110=EDGE_CURVE('',#1656,#1657,#874,.T.);
#2111=EDGE_CURVE('',#1657,#1655,#875,.T.);
#2112=EDGE_CURVE('',#1653,#1656,#876,.T.);
#2113=EDGE_CURVE('',#1644,#1654,#877,.T.);
#2114=EDGE_CURVE('',#1655,#1643,#878,.T.);
#2115=EDGE_CURVE('',#1658,#1659,#879,.T.);
#2116=EDGE_CURVE('',#1660,#1658,#880,.T.);
#2117=EDGE_CURVE('',#1659,#1660,#881,.T.);
#2118=EDGE_CURVE('',#1661,#1662,#882,.T.);
#2119=EDGE_CURVE('',#1662,#1660,#883,.T.);
#2120=EDGE_CURVE('',#1658,#1661,#884,.T.);
#2121=EDGE_CURVE('',#1654,#1659,#885,.T.);
#2122=EDGE_CURVE('',#1660,#1653,#886,.T.);
#2123=EDGE_CURVE('',#1659,#1649,#887,.T.);
#2124=EDGE_CURVE('',#1650,#1658,#888,.T.);
#2125=EDGE_CURVE('',#1649,#1639,#889,.T.);
#2126=EDGE_CURVE('',#1640,#1648,#890,.T.);
#2127=EDGE_CURVE('',#1639,#1629,#891,.T.);
#2128=EDGE_CURVE('',#1630,#1638,#892,.T.);
#2129=EDGE_CURVE('',#1629,#1624,#893,.T.);
#2130=EDGE_CURVE('',#1625,#1628,#894,.T.);
#2131=EDGE_CURVE('',#1637,#1626,#895,.T.);
#2132=EDGE_CURVE('',#1647,#1636,#896,.T.);
#2133=EDGE_CURVE('',#1657,#1646,#897,.T.);
#2134=EDGE_CURVE('',#1662,#1656,#898,.T.);
#2135=EDGE_CURVE('',#1663,#1664,#899,.T.);
#2136=EDGE_CURVE('',#1665,#1664,#900,.F.);
#2137=EDGE_CURVE('',#1665,#1666,#901,.T.);
#2138=EDGE_CURVE('',#1667,#1666,#902,.F.);
#2139=EDGE_CURVE('',#1667,#1668,#903,.T.);
#2140=EDGE_CURVE('',#1669,#1668,#904,.F.);
#2141=EDGE_CURVE('',#1669,#1670,#905,.T.);
#2142=EDGE_CURVE('',#1671,#1670,#906,.F.);
#2143=EDGE_CURVE('',#1671,#1672,#907,.T.);
#2144=EDGE_CURVE('',#1673,#1672,#908,.F.);
#2145=EDGE_CURVE('',#1673,#1674,#909,.T.);
#2146=EDGE_CURVE('',#1675,#1674,#910,.F.);
#2147=EDGE_CURVE('',#1675,#1676,#911,.T.);
#2148=EDGE_CURVE('',#1677,#1676,#912,.F.);
#2149=EDGE_CURVE('',#1677,#1678,#913,.T.);
#2150=EDGE_CURVE('',#1663,#1678,#914,.F.);
#2151=EDGE_CURVE('',#1679,#1680,#915,.F.);
#2152=EDGE_CURVE('',#1680,#1665,#916,.T.);
#2153=EDGE_CURVE('',#1664,#1681,#917,.T.);
#2154=EDGE_CURVE('',#1681,#1679,#918,.F.);
#2155=EDGE_CURVE('',#1682,#1663,#919,.T.);
#2156=EDGE_CURVE('',#1681,#1682,#920,.T.);
#2157=EDGE_CURVE('',#1683,#1684,#921,.F.);
#2158=EDGE_CURVE('',#1684,#1667,#922,.T.);
#2159=EDGE_CURVE('',#1666,#1685,#923,.T.);
#2160=EDGE_CURVE('',#1685,#1683,#924,.F.);
#2161=EDGE_CURVE('',#1685,#1680,#925,.T.);
#2162=EDGE_CURVE('',#1686,#1687,#926,.F.);
#2163=EDGE_CURVE('',#1687,#1669,#927,.T.);
#2164=EDGE_CURVE('',#1668,#1688,#928,.T.);
#2165=EDGE_CURVE('',#1688,#1686,#929,.F.);
#2166=EDGE_CURVE('',#1688,#1684,#930,.T.);
#2167=EDGE_CURVE('',#1689,#1690,#931,.F.);
#2168=EDGE_CURVE('',#1690,#1671,#932,.T.);
#2169=EDGE_CURVE('',#1670,#1691,#933,.T.);
#2170=EDGE_CURVE('',#1691,#1689,#934,.F.);
#2171=EDGE_CURVE('',#1691,#1687,#935,.T.);
#2172=EDGE_CURVE('',#1692,#1693,#936,.F.);
#2173=EDGE_CURVE('',#1693,#1673,#937,.T.);
#2174=EDGE_CURVE('',#1672,#1694,#938,.T.);
#2175=EDGE_CURVE('',#1694,#1692,#939,.F.);
#2176=EDGE_CURVE('',#1694,#1690,#940,.T.);
#2177=EDGE_CURVE('',#1695,#1696,#941,.F.);
#2178=EDGE_CURVE('',#1696,#1675,#942,.T.);
#2179=EDGE_CURVE('',#1674,#1697,#943,.T.);
#2180=EDGE_CURVE('',#1697,#1695,#944,.F.);
#2181=EDGE_CURVE('',#1697,#1693,#945,.T.);
#2182=EDGE_CURVE('',#1698,#1699,#946,.F.);
#2183=EDGE_CURVE('',#1699,#1677,#947,.T.);
#2184=EDGE_CURVE('',#1676,#1700,#948,.T.);
#2185=EDGE_CURVE('',#1700,#1698,#949,.F.);
#2186=EDGE_CURVE('',#1700,#1696,#950,.T.);
#2187=EDGE_CURVE('',#1701,#1682,#951,.F.);
#2188=EDGE_CURVE('',#1678,#1702,#952,.T.);
#2189=EDGE_CURVE('',#1702,#1701,#953,.F.);
#2190=EDGE_CURVE('',#1702,#1699,#954,.T.);
#2191=EDGE_CURVE('',#1617,#1616,#955,.T.);
#2192=EDGE_CURVE('',#1701,#1615,#956,.F.);
#2193=EDGE_CURVE('',#1618,#1698,#957,.T.);
#2194=EDGE_CURVE('',#1614,#1613,#958,.T.);
#2195=EDGE_CURVE('',#1679,#1612,#959,.F.);
#2196=EDGE_CURVE('',#1611,#1610,#960,.T.);
#2197=EDGE_CURVE('',#1683,#1609,#961,.F.);
#2198=EDGE_CURVE('',#1608,#1607,#962,.T.);
#2199=EDGE_CURVE('',#1686,#1606,#963,.F.);
#2200=EDGE_CURVE('',#1605,#1604,#964,.T.);
#2201=EDGE_CURVE('',#1603,#1689,#965,.T.);
#2202=EDGE_CURVE('',#1600,#1692,#966,.T.);
#2203=EDGE_CURVE('',#1602,#1601,#967,.T.);
#2204=EDGE_CURVE('',#1621,#1695,#968,.T.);
#2205=EDGE_CURVE('',#1599,#1622,#969,.T.);
#2206=EDGE_CURVE('',#1620,#1619,#970,.T.);
#2207=EDGE_CURVE('',#1652,#1661,#971,.T.);
#2208=EDGE_CURVE('',#1642,#1651,#972,.T.);
#2209=EDGE_CURVE('',#1632,#1641,#973,.T.);
#2210=EDGE_CURVE('',#1627,#1631,#974,.T.);
#2211=ORIENTED_EDGE('',*,*,#1703,.F.);
#2212=ORIENTED_EDGE('',*,*,#1704,.F.);
#2213=ORIENTED_EDGE('',*,*,#1705,.F.);
#2214=ORIENTED_EDGE('',*,*,#1706,.F.);
#2215=ORIENTED_EDGE('',*,*,#1707,.F.);
#2216=ORIENTED_EDGE('',*,*,#1708,.F.);
#2217=ORIENTED_EDGE('',*,*,#1709,.F.);
#2218=ORIENTED_EDGE('',*,*,#1710,.F.);
#2219=ORIENTED_EDGE('',*,*,#1711,.F.);
#2220=ORIENTED_EDGE('',*,*,#1712,.F.);
#2221=ORIENTED_EDGE('',*,*,#1703,.T.);
#2222=ORIENTED_EDGE('',*,*,#1713,.T.);
#2223=ORIENTED_EDGE('',*,*,#1714,.F.);
#2224=ORIENTED_EDGE('',*,*,#1715,.F.);
#2225=ORIENTED_EDGE('',*,*,#1704,.T.);
#2226=ORIENTED_EDGE('',*,*,#1715,.T.);
#2227=ORIENTED_EDGE('',*,*,#1716,.F.);
#2228=ORIENTED_EDGE('',*,*,#1717,.F.);
#2229=ORIENTED_EDGE('',*,*,#1705,.T.);
#2230=ORIENTED_EDGE('',*,*,#1717,.T.);
#2231=ORIENTED_EDGE('',*,*,#1718,.F.);
#2232=ORIENTED_EDGE('',*,*,#1719,.F.);
#2233=ORIENTED_EDGE('',*,*,#1706,.T.);
#2234=ORIENTED_EDGE('',*,*,#1719,.T.);
#2235=ORIENTED_EDGE('',*,*,#1720,.F.);
#2236=ORIENTED_EDGE('',*,*,#1721,.F.);
#2237=ORIENTED_EDGE('',*,*,#1707,.T.);
#2238=ORIENTED_EDGE('',*,*,#1721,.T.);
#2239=ORIENTED_EDGE('',*,*,#1722,.F.);
#2240=ORIENTED_EDGE('',*,*,#1723,.F.);
#2241=ORIENTED_EDGE('',*,*,#1708,.T.);
#2242=ORIENTED_EDGE('',*,*,#1723,.T.);
#2243=ORIENTED_EDGE('',*,*,#1724,.F.);
#2244=ORIENTED_EDGE('',*,*,#1725,.F.);
#2245=ORIENTED_EDGE('',*,*,#1709,.T.);
#2246=ORIENTED_EDGE('',*,*,#1725,.T.);
#2247=ORIENTED_EDGE('',*,*,#1726,.F.);
#2248=ORIENTED_EDGE('',*,*,#1727,.F.);
#2249=ORIENTED_EDGE('',*,*,#1710,.T.);
#2250=ORIENTED_EDGE('',*,*,#1727,.T.);
#2251=ORIENTED_EDGE('',*,*,#1728,.F.);
#2252=ORIENTED_EDGE('',*,*,#1729,.F.);
#2253=ORIENTED_EDGE('',*,*,#1711,.T.);
#2254=ORIENTED_EDGE('',*,*,#1729,.T.);
#2255=ORIENTED_EDGE('',*,*,#1730,.F.);
#2256=ORIENTED_EDGE('',*,*,#1731,.F.);
#2257=ORIENTED_EDGE('',*,*,#1712,.T.);
#2258=ORIENTED_EDGE('',*,*,#1731,.T.);
#2259=ORIENTED_EDGE('',*,*,#1732,.F.);
#2260=ORIENTED_EDGE('',*,*,#1713,.F.);
#2261=ORIENTED_EDGE('',*,*,#1733,.F.);
#2262=ORIENTED_EDGE('',*,*,#1734,.F.);
#2263=ORIENTED_EDGE('',*,*,#1735,.F.);
#2264=ORIENTED_EDGE('',*,*,#1736,.F.);
#2265=ORIENTED_EDGE('',*,*,#1737,.F.);
#2266=ORIENTED_EDGE('',*,*,#1738,.F.);
#2267=ORIENTED_EDGE('',*,*,#1739,.F.);
#2268=ORIENTED_EDGE('',*,*,#1740,.F.);
#2269=ORIENTED_EDGE('',*,*,#1733,.T.);
#2270=ORIENTED_EDGE('',*,*,#1741,.T.);
#2271=ORIENTED_EDGE('',*,*,#1742,.F.);
#2272=ORIENTED_EDGE('',*,*,#1743,.F.);
#2273=ORIENTED_EDGE('',*,*,#1734,.T.);
#2274=ORIENTED_EDGE('',*,*,#1743,.T.);
#2275=ORIENTED_EDGE('',*,*,#1744,.F.);
#2276=ORIENTED_EDGE('',*,*,#1745,.F.);
#2277=ORIENTED_EDGE('',*,*,#1735,.T.);
#2278=ORIENTED_EDGE('',*,*,#1745,.T.);
#2279=ORIENTED_EDGE('',*,*,#1746,.F.);
#2280=ORIENTED_EDGE('',*,*,#1747,.F.);
#2281=ORIENTED_EDGE('',*,*,#1736,.T.);
#2282=ORIENTED_EDGE('',*,*,#1747,.T.);
#2283=ORIENTED_EDGE('',*,*,#1748,.F.);
#2284=ORIENTED_EDGE('',*,*,#1749,.F.);
#2285=ORIENTED_EDGE('',*,*,#1737,.T.);
#2286=ORIENTED_EDGE('',*,*,#1749,.T.);
#2287=ORIENTED_EDGE('',*,*,#1750,.F.);
#2288=ORIENTED_EDGE('',*,*,#1751,.F.);
#2289=ORIENTED_EDGE('',*,*,#1738,.T.);
#2290=ORIENTED_EDGE('',*,*,#1751,.T.);
#2291=ORIENTED_EDGE('',*,*,#1752,.F.);
#2292=ORIENTED_EDGE('',*,*,#1753,.F.);
#2293=ORIENTED_EDGE('',*,*,#1739,.T.);
#2294=ORIENTED_EDGE('',*,*,#1753,.T.);
#2295=ORIENTED_EDGE('',*,*,#1754,.F.);
#2296=ORIENTED_EDGE('',*,*,#1755,.F.);
#2297=ORIENTED_EDGE('',*,*,#1740,.T.);
#2298=ORIENTED_EDGE('',*,*,#1755,.T.);
#2299=ORIENTED_EDGE('',*,*,#1756,.F.);
#2300=ORIENTED_EDGE('',*,*,#1741,.F.);
#2301=ORIENTED_EDGE('',*,*,#1757,.F.);
#2302=ORIENTED_EDGE('',*,*,#1758,.F.);
#2303=ORIENTED_EDGE('',*,*,#1759,.F.);
#2304=ORIENTED_EDGE('',*,*,#1760,.F.);
#2305=ORIENTED_EDGE('',*,*,#1761,.F.);
#2306=ORIENTED_EDGE('',*,*,#1762,.F.);
#2307=ORIENTED_EDGE('',*,*,#1763,.F.);
#2308=ORIENTED_EDGE('',*,*,#1764,.F.);
#2309=ORIENTED_EDGE('',*,*,#1757,.T.);
#2310=ORIENTED_EDGE('',*,*,#1765,.T.);
#2311=ORIENTED_EDGE('',*,*,#1766,.F.);
#2312=ORIENTED_EDGE('',*,*,#1767,.F.);
#2313=ORIENTED_EDGE('',*,*,#1758,.T.);
#2314=ORIENTED_EDGE('',*,*,#1767,.T.);
#2315=ORIENTED_EDGE('',*,*,#1768,.F.);
#2316=ORIENTED_EDGE('',*,*,#1769,.F.);
#2317=ORIENTED_EDGE('',*,*,#1759,.T.);
#2318=ORIENTED_EDGE('',*,*,#1769,.T.);
#2319=ORIENTED_EDGE('',*,*,#1770,.F.);
#2320=ORIENTED_EDGE('',*,*,#1771,.F.);
#2321=ORIENTED_EDGE('',*,*,#1760,.T.);
#2322=ORIENTED_EDGE('',*,*,#1771,.T.);
#2323=ORIENTED_EDGE('',*,*,#1772,.F.);
#2324=ORIENTED_EDGE('',*,*,#1773,.F.);
#2325=ORIENTED_EDGE('',*,*,#1761,.T.);
#2326=ORIENTED_EDGE('',*,*,#1773,.T.);
#2327=ORIENTED_EDGE('',*,*,#1774,.F.);
#2328=ORIENTED_EDGE('',*,*,#1775,.F.);
#2329=ORIENTED_EDGE('',*,*,#1762,.T.);
#2330=ORIENTED_EDGE('',*,*,#1775,.T.);
#2331=ORIENTED_EDGE('',*,*,#1776,.F.);
#2332=ORIENTED_EDGE('',*,*,#1777,.F.);
#2333=ORIENTED_EDGE('',*,*,#1763,.T.);
#2334=ORIENTED_EDGE('',*,*,#1777,.T.);
#2335=ORIENTED_EDGE('',*,*,#1778,.F.);
#2336=ORIENTED_EDGE('',*,*,#1779,.F.);
#2337=ORIENTED_EDGE('',*,*,#1764,.T.);
#2338=ORIENTED_EDGE('',*,*,#1779,.T.);
#2339=ORIENTED_EDGE('',*,*,#1780,.F.);
#2340=ORIENTED_EDGE('',*,*,#1765,.F.);
#2341=ORIENTED_EDGE('',*,*,#1781,.F.);
#2342=ORIENTED_EDGE('',*,*,#1782,.F.);
#2343=ORIENTED_EDGE('',*,*,#1783,.F.);
#2344=ORIENTED_EDGE('',*,*,#1784,.F.);
#2345=ORIENTED_EDGE('',*,*,#1785,.F.);
#2346=ORIENTED_EDGE('',*,*,#1786,.F.);
#2347=ORIENTED_EDGE('',*,*,#1787,.F.);
#2348=ORIENTED_EDGE('',*,*,#1788,.F.);
#2349=ORIENTED_EDGE('',*,*,#1789,.F.);
#2350=ORIENTED_EDGE('',*,*,#1790,.F.);
#2351=ORIENTED_EDGE('',*,*,#1791,.F.);
#2352=ORIENTED_EDGE('',*,*,#1792,.F.);
#2353=ORIENTED_EDGE('',*,*,#1793,.F.);
#2354=ORIENTED_EDGE('',*,*,#1794,.F.);
#2355=ORIENTED_EDGE('',*,*,#1795,.F.);
#2356=ORIENTED_EDGE('',*,*,#1796,.F.);
#2357=ORIENTED_EDGE('',*,*,#1797,.F.);
#2358=ORIENTED_EDGE('',*,*,#1798,.F.);
#2359=ORIENTED_EDGE('',*,*,#1799,.F.);
#2360=ORIENTED_EDGE('',*,*,#1800,.F.);
#2361=ORIENTED_EDGE('',*,*,#1801,.F.);
#2362=ORIENTED_EDGE('',*,*,#1781,.T.);
#2363=ORIENTED_EDGE('',*,*,#1802,.T.);
#2364=ORIENTED_EDGE('',*,*,#1803,.F.);
#2365=ORIENTED_EDGE('',*,*,#1804,.F.);
#2366=ORIENTED_EDGE('',*,*,#1782,.T.);
#2367=ORIENTED_EDGE('',*,*,#1804,.T.);
#2368=ORIENTED_EDGE('',*,*,#1805,.F.);
#2369=ORIENTED_EDGE('',*,*,#1806,.F.);
#2370=ORIENTED_EDGE('',*,*,#1783,.T.);
#2371=ORIENTED_EDGE('',*,*,#1806,.T.);
#2372=ORIENTED_EDGE('',*,*,#1807,.F.);
#2373=ORIENTED_EDGE('',*,*,#1808,.F.);
#2374=ORIENTED_EDGE('',*,*,#1784,.T.);
#2375=ORIENTED_EDGE('',*,*,#1808,.T.);
#2376=ORIENTED_EDGE('',*,*,#1809,.F.);
#2377=ORIENTED_EDGE('',*,*,#1810,.F.);
#2378=ORIENTED_EDGE('',*,*,#1785,.T.);
#2379=ORIENTED_EDGE('',*,*,#1810,.T.);
#2380=ORIENTED_EDGE('',*,*,#1811,.F.);
#2381=ORIENTED_EDGE('',*,*,#1812,.F.);
#2382=ORIENTED_EDGE('',*,*,#1786,.T.);
#2383=ORIENTED_EDGE('',*,*,#1812,.T.);
#2384=ORIENTED_EDGE('',*,*,#1813,.F.);
#2385=ORIENTED_EDGE('',*,*,#1814,.F.);
#2386=ORIENTED_EDGE('',*,*,#1787,.T.);
#2387=ORIENTED_EDGE('',*,*,#1814,.T.);
#2388=ORIENTED_EDGE('',*,*,#1815,.F.);
#2389=ORIENTED_EDGE('',*,*,#1816,.F.);
#2390=ORIENTED_EDGE('',*,*,#1788,.T.);
#2391=ORIENTED_EDGE('',*,*,#1816,.T.);
#2392=ORIENTED_EDGE('',*,*,#1817,.F.);
#2393=ORIENTED_EDGE('',*,*,#1818,.F.);
#2394=ORIENTED_EDGE('',*,*,#1789,.T.);
#2395=ORIENTED_EDGE('',*,*,#1818,.T.);
#2396=ORIENTED_EDGE('',*,*,#1819,.F.);
#2397=ORIENTED_EDGE('',*,*,#1820,.F.);
#2398=ORIENTED_EDGE('',*,*,#1790,.T.);
#2399=ORIENTED_EDGE('',*,*,#1820,.T.);
#2400=ORIENTED_EDGE('',*,*,#1821,.F.);
#2401=ORIENTED_EDGE('',*,*,#1822,.F.);
#2402=ORIENTED_EDGE('',*,*,#1791,.T.);
#2403=ORIENTED_EDGE('',*,*,#1822,.T.);
#2404=ORIENTED_EDGE('',*,*,#1823,.F.);
#2405=ORIENTED_EDGE('',*,*,#1824,.F.);
#2406=ORIENTED_EDGE('',*,*,#1792,.T.);
#2407=ORIENTED_EDGE('',*,*,#1824,.T.);
#2408=ORIENTED_EDGE('',*,*,#1825,.F.);
#2409=ORIENTED_EDGE('',*,*,#1826,.F.);
#2410=ORIENTED_EDGE('',*,*,#1793,.T.);
#2411=ORIENTED_EDGE('',*,*,#1826,.T.);
#2412=ORIENTED_EDGE('',*,*,#1827,.F.);
#2413=ORIENTED_EDGE('',*,*,#1828,.F.);
#2414=ORIENTED_EDGE('',*,*,#1794,.T.);
#2415=ORIENTED_EDGE('',*,*,#1828,.T.);
#2416=ORIENTED_EDGE('',*,*,#1829,.F.);
#2417=ORIENTED_EDGE('',*,*,#1830,.F.);
#2418=ORIENTED_EDGE('',*,*,#1795,.T.);
#2419=ORIENTED_EDGE('',*,*,#1830,.T.);
#2420=ORIENTED_EDGE('',*,*,#1831,.F.);
#2421=ORIENTED_EDGE('',*,*,#1832,.F.);
#2422=ORIENTED_EDGE('',*,*,#1796,.T.);
#2423=ORIENTED_EDGE('',*,*,#1832,.T.);
#2424=ORIENTED_EDGE('',*,*,#1833,.F.);
#2425=ORIENTED_EDGE('',*,*,#1834,.F.);
#2426=ORIENTED_EDGE('',*,*,#1797,.T.);
#2427=ORIENTED_EDGE('',*,*,#1834,.T.);
#2428=ORIENTED_EDGE('',*,*,#1835,.F.);
#2429=ORIENTED_EDGE('',*,*,#1836,.F.);
#2430=ORIENTED_EDGE('',*,*,#1798,.T.);
#2431=ORIENTED_EDGE('',*,*,#1836,.T.);
#2432=ORIENTED_EDGE('',*,*,#1837,.F.);
#2433=ORIENTED_EDGE('',*,*,#1838,.F.);
#2434=ORIENTED_EDGE('',*,*,#1799,.T.);
#2435=ORIENTED_EDGE('',*,*,#1838,.T.);
#2436=ORIENTED_EDGE('',*,*,#1839,.F.);
#2437=ORIENTED_EDGE('',*,*,#1840,.F.);
#2438=ORIENTED_EDGE('',*,*,#1800,.T.);
#2439=ORIENTED_EDGE('',*,*,#1840,.T.);
#2440=ORIENTED_EDGE('',*,*,#1841,.F.);
#2441=ORIENTED_EDGE('',*,*,#1842,.F.);
#2442=ORIENTED_EDGE('',*,*,#1801,.T.);
#2443=ORIENTED_EDGE('',*,*,#1842,.T.);
#2444=ORIENTED_EDGE('',*,*,#1843,.F.);
#2445=ORIENTED_EDGE('',*,*,#1802,.F.);
#2446=ORIENTED_EDGE('',*,*,#1844,.F.);
#2447=ORIENTED_EDGE('',*,*,#1845,.F.);
#2448=ORIENTED_EDGE('',*,*,#1846,.F.);
#2449=ORIENTED_EDGE('',*,*,#1847,.F.);
#2450=ORIENTED_EDGE('',*,*,#1848,.F.);
#2451=ORIENTED_EDGE('',*,*,#1849,.F.);
#2452=ORIENTED_EDGE('',*,*,#1850,.F.);
#2453=ORIENTED_EDGE('',*,*,#1851,.F.);
#2454=ORIENTED_EDGE('',*,*,#1852,.F.);
#2455=ORIENTED_EDGE('',*,*,#1853,.F.);
#2456=ORIENTED_EDGE('',*,*,#1854,.F.);
#2457=ORIENTED_EDGE('',*,*,#1855,.F.);
#2458=ORIENTED_EDGE('',*,*,#1856,.F.);
#2459=ORIENTED_EDGE('',*,*,#1857,.F.);
#2460=ORIENTED_EDGE('',*,*,#1858,.F.);
#2461=ORIENTED_EDGE('',*,*,#1859,.F.);
#2462=ORIENTED_EDGE('',*,*,#1860,.F.);
#2463=ORIENTED_EDGE('',*,*,#1861,.F.);
#2464=ORIENTED_EDGE('',*,*,#1862,.F.);
#2465=ORIENTED_EDGE('',*,*,#1863,.F.);
#2466=ORIENTED_EDGE('',*,*,#1864,.F.);
#2467=ORIENTED_EDGE('',*,*,#1844,.T.);
#2468=ORIENTED_EDGE('',*,*,#1865,.T.);
#2469=ORIENTED_EDGE('',*,*,#1866,.F.);
#2470=ORIENTED_EDGE('',*,*,#1867,.F.);
#2471=ORIENTED_EDGE('',*,*,#1845,.T.);
#2472=ORIENTED_EDGE('',*,*,#1867,.T.);
#2473=ORIENTED_EDGE('',*,*,#1868,.F.);
#2474=ORIENTED_EDGE('',*,*,#1869,.F.);
#2475=ORIENTED_EDGE('',*,*,#1846,.T.);
#2476=ORIENTED_EDGE('',*,*,#1869,.T.);
#2477=ORIENTED_EDGE('',*,*,#1870,.F.);
#2478=ORIENTED_EDGE('',*,*,#1871,.F.);
#2479=ORIENTED_EDGE('',*,*,#1847,.T.);
#2480=ORIENTED_EDGE('',*,*,#1871,.T.);
#2481=ORIENTED_EDGE('',*,*,#1872,.F.);
#2482=ORIENTED_EDGE('',*,*,#1873,.F.);
#2483=ORIENTED_EDGE('',*,*,#1848,.T.);
#2484=ORIENTED_EDGE('',*,*,#1873,.T.);
#2485=ORIENTED_EDGE('',*,*,#1874,.F.);
#2486=ORIENTED_EDGE('',*,*,#1875,.F.);
#2487=ORIENTED_EDGE('',*,*,#1849,.T.);
#2488=ORIENTED_EDGE('',*,*,#1875,.T.);
#2489=ORIENTED_EDGE('',*,*,#1876,.F.);
#2490=ORIENTED_EDGE('',*,*,#1877,.F.);
#2491=ORIENTED_EDGE('',*,*,#1850,.T.);
#2492=ORIENTED_EDGE('',*,*,#1877,.T.);
#2493=ORIENTED_EDGE('',*,*,#1878,.F.);
#2494=ORIENTED_EDGE('',*,*,#1879,.F.);
#2495=ORIENTED_EDGE('',*,*,#1851,.T.);
#2496=ORIENTED_EDGE('',*,*,#1879,.T.);
#2497=ORIENTED_EDGE('',*,*,#1880,.F.);
#2498=ORIENTED_EDGE('',*,*,#1881,.F.);
#2499=ORIENTED_EDGE('',*,*,#1852,.T.);
#2500=ORIENTED_EDGE('',*,*,#1881,.T.);
#2501=ORIENTED_EDGE('',*,*,#1882,.F.);
#2502=ORIENTED_EDGE('',*,*,#1883,.F.);
#2503=ORIENTED_EDGE('',*,*,#1853,.T.);
#2504=ORIENTED_EDGE('',*,*,#1883,.T.);
#2505=ORIENTED_EDGE('',*,*,#1884,.F.);
#2506=ORIENTED_EDGE('',*,*,#1885,.F.);
#2507=ORIENTED_EDGE('',*,*,#1854,.T.);
#2508=ORIENTED_EDGE('',*,*,#1885,.T.);
#2509=ORIENTED_EDGE('',*,*,#1886,.F.);
#2510=ORIENTED_EDGE('',*,*,#1887,.F.);
#2511=ORIENTED_EDGE('',*,*,#1855,.T.);
#2512=ORIENTED_EDGE('',*,*,#1887,.T.);
#2513=ORIENTED_EDGE('',*,*,#1888,.F.);
#2514=ORIENTED_EDGE('',*,*,#1889,.F.);
#2515=ORIENTED_EDGE('',*,*,#1856,.T.);
#2516=ORIENTED_EDGE('',*,*,#1889,.T.);
#2517=ORIENTED_EDGE('',*,*,#1890,.F.);
#2518=ORIENTED_EDGE('',*,*,#1891,.F.);
#2519=ORIENTED_EDGE('',*,*,#1857,.T.);
#2520=ORIENTED_EDGE('',*,*,#1891,.T.);
#2521=ORIENTED_EDGE('',*,*,#1892,.F.);
#2522=ORIENTED_EDGE('',*,*,#1893,.F.);
#2523=ORIENTED_EDGE('',*,*,#1858,.T.);
#2524=ORIENTED_EDGE('',*,*,#1893,.T.);
#2525=ORIENTED_EDGE('',*,*,#1894,.F.);
#2526=ORIENTED_EDGE('',*,*,#1895,.F.);
#2527=ORIENTED_EDGE('',*,*,#1859,.T.);
#2528=ORIENTED_EDGE('',*,*,#1895,.T.);
#2529=ORIENTED_EDGE('',*,*,#1896,.F.);
#2530=ORIENTED_EDGE('',*,*,#1897,.F.);
#2531=ORIENTED_EDGE('',*,*,#1860,.T.);
#2532=ORIENTED_EDGE('',*,*,#1897,.T.);
#2533=ORIENTED_EDGE('',*,*,#1898,.F.);
#2534=ORIENTED_EDGE('',*,*,#1899,.F.);
#2535=ORIENTED_EDGE('',*,*,#1861,.T.);
#2536=ORIENTED_EDGE('',*,*,#1899,.T.);
#2537=ORIENTED_EDGE('',*,*,#1900,.F.);
#2538=ORIENTED_EDGE('',*,*,#1901,.F.);
#2539=ORIENTED_EDGE('',*,*,#1862,.T.);
#2540=ORIENTED_EDGE('',*,*,#1901,.T.);
#2541=ORIENTED_EDGE('',*,*,#1902,.F.);
#2542=ORIENTED_EDGE('',*,*,#1903,.F.);
#2543=ORIENTED_EDGE('',*,*,#1863,.T.);
#2544=ORIENTED_EDGE('',*,*,#1903,.T.);
#2545=ORIENTED_EDGE('',*,*,#1904,.F.);
#2546=ORIENTED_EDGE('',*,*,#1905,.F.);
#2547=ORIENTED_EDGE('',*,*,#1864,.T.);
#2548=ORIENTED_EDGE('',*,*,#1905,.T.);
#2549=ORIENTED_EDGE('',*,*,#1906,.F.);
#2550=ORIENTED_EDGE('',*,*,#1865,.F.);
#2551=ORIENTED_EDGE('',*,*,#1907,.T.);
#2552=ORIENTED_EDGE('',*,*,#1908,.T.);
#2553=ORIENTED_EDGE('',*,*,#1909,.T.);
#2554=ORIENTED_EDGE('',*,*,#1910,.T.);
#2555=ORIENTED_EDGE('',*,*,#1911,.T.);
#2556=ORIENTED_EDGE('',*,*,#1912,.T.);
#2557=ORIENTED_EDGE('',*,*,#1913,.T.);
#2558=ORIENTED_EDGE('',*,*,#1914,.T.);
#2559=ORIENTED_EDGE('',*,*,#1915,.T.);
#2560=ORIENTED_EDGE('',*,*,#1916,.T.);
#2561=ORIENTED_EDGE('',*,*,#1917,.T.);
#2562=ORIENTED_EDGE('',*,*,#1918,.T.);
#2563=ORIENTED_EDGE('',*,*,#1907,.F.);
#2564=ORIENTED_EDGE('',*,*,#1919,.T.);
#2565=ORIENTED_EDGE('',*,*,#1920,.F.);
#2566=ORIENTED_EDGE('',*,*,#1921,.F.);
#2567=ORIENTED_EDGE('',*,*,#1918,.F.);
#2568=ORIENTED_EDGE('',*,*,#1922,.T.);
#2569=ORIENTED_EDGE('',*,*,#1923,.F.);
#2570=ORIENTED_EDGE('',*,*,#1919,.F.);
#2571=ORIENTED_EDGE('',*,*,#1917,.F.);
#2572=ORIENTED_EDGE('',*,*,#1924,.T.);
#2573=ORIENTED_EDGE('',*,*,#1925,.F.);
#2574=ORIENTED_EDGE('',*,*,#1922,.F.);
#2575=ORIENTED_EDGE('',*,*,#1916,.F.);
#2576=ORIENTED_EDGE('',*,*,#1926,.T.);
#2577=ORIENTED_EDGE('',*,*,#1927,.F.);
#2578=ORIENTED_EDGE('',*,*,#1924,.F.);
#2579=ORIENTED_EDGE('',*,*,#1915,.F.);
#2580=ORIENTED_EDGE('',*,*,#1928,.T.);
#2581=ORIENTED_EDGE('',*,*,#1929,.F.);
#2582=ORIENTED_EDGE('',*,*,#1926,.F.);
#2583=ORIENTED_EDGE('',*,*,#1914,.F.);
#2584=ORIENTED_EDGE('',*,*,#1930,.T.);
#2585=ORIENTED_EDGE('',*,*,#1931,.F.);
#2586=ORIENTED_EDGE('',*,*,#1928,.F.);
#2587=ORIENTED_EDGE('',*,*,#1913,.F.);
#2588=ORIENTED_EDGE('',*,*,#1932,.T.);
#2589=ORIENTED_EDGE('',*,*,#1933,.F.);
#2590=ORIENTED_EDGE('',*,*,#1930,.F.);
#2591=ORIENTED_EDGE('',*,*,#1912,.F.);
#2592=ORIENTED_EDGE('',*,*,#1934,.T.);
#2593=ORIENTED_EDGE('',*,*,#1935,.F.);
#2594=ORIENTED_EDGE('',*,*,#1932,.F.);
#2595=ORIENTED_EDGE('',*,*,#1911,.F.);
#2596=ORIENTED_EDGE('',*,*,#1936,.T.);
#2597=ORIENTED_EDGE('',*,*,#1937,.F.);
#2598=ORIENTED_EDGE('',*,*,#1934,.F.);
#2599=ORIENTED_EDGE('',*,*,#1910,.F.);
#2600=ORIENTED_EDGE('',*,*,#1938,.T.);
#2601=ORIENTED_EDGE('',*,*,#1939,.F.);
#2602=ORIENTED_EDGE('',*,*,#1936,.F.);
#2603=ORIENTED_EDGE('',*,*,#1909,.F.);
#2604=ORIENTED_EDGE('',*,*,#1940,.T.);
#2605=ORIENTED_EDGE('',*,*,#1941,.F.);
#2606=ORIENTED_EDGE('',*,*,#1938,.F.);
#2607=ORIENTED_EDGE('',*,*,#1908,.F.);
#2608=ORIENTED_EDGE('',*,*,#1921,.T.);
#2609=ORIENTED_EDGE('',*,*,#1942,.F.);
#2610=ORIENTED_EDGE('',*,*,#1940,.F.);
#2611=ORIENTED_EDGE('',*,*,#1943,.F.);
#2612=ORIENTED_EDGE('',*,*,#1944,.F.);
#2613=ORIENTED_EDGE('',*,*,#1945,.F.);
#2614=ORIENTED_EDGE('',*,*,#1946,.F.);
#2615=ORIENTED_EDGE('',*,*,#1947,.F.);
#2616=ORIENTED_EDGE('',*,*,#1948,.F.);
#2617=ORIENTED_EDGE('',*,*,#1949,.F.);
#2618=ORIENTED_EDGE('',*,*,#1950,.F.);
#2619=ORIENTED_EDGE('',*,*,#1951,.F.);
#2620=ORIENTED_EDGE('',*,*,#1952,.F.);
#2621=ORIENTED_EDGE('',*,*,#1953,.F.);
#2622=ORIENTED_EDGE('',*,*,#1954,.F.);
#2623=ORIENTED_EDGE('',*,*,#1943,.T.);
#2624=ORIENTED_EDGE('',*,*,#1955,.T.);
#2625=ORIENTED_EDGE('',*,*,#1956,.F.);
#2626=ORIENTED_EDGE('',*,*,#1957,.F.);
#2627=ORIENTED_EDGE('',*,*,#1944,.T.);
#2628=ORIENTED_EDGE('',*,*,#1957,.T.);
#2629=ORIENTED_EDGE('',*,*,#1958,.F.);
#2630=ORIENTED_EDGE('',*,*,#1959,.F.);
#2631=ORIENTED_EDGE('',*,*,#1945,.T.);
#2632=ORIENTED_EDGE('',*,*,#1959,.T.);
#2633=ORIENTED_EDGE('',*,*,#1960,.F.);
#2634=ORIENTED_EDGE('',*,*,#1961,.F.);
#2635=ORIENTED_EDGE('',*,*,#1946,.T.);
#2636=ORIENTED_EDGE('',*,*,#1961,.T.);
#2637=ORIENTED_EDGE('',*,*,#1962,.F.);
#2638=ORIENTED_EDGE('',*,*,#1963,.F.);
#2639=ORIENTED_EDGE('',*,*,#1947,.T.);
#2640=ORIENTED_EDGE('',*,*,#1963,.T.);
#2641=ORIENTED_EDGE('',*,*,#1964,.F.);
#2642=ORIENTED_EDGE('',*,*,#1965,.F.);
#2643=ORIENTED_EDGE('',*,*,#1948,.T.);
#2644=ORIENTED_EDGE('',*,*,#1965,.T.);
#2645=ORIENTED_EDGE('',*,*,#1966,.F.);
#2646=ORIENTED_EDGE('',*,*,#1967,.F.);
#2647=ORIENTED_EDGE('',*,*,#1949,.T.);
#2648=ORIENTED_EDGE('',*,*,#1967,.T.);
#2649=ORIENTED_EDGE('',*,*,#1968,.F.);
#2650=ORIENTED_EDGE('',*,*,#1969,.F.);
#2651=ORIENTED_EDGE('',*,*,#1950,.T.);
#2652=ORIENTED_EDGE('',*,*,#1969,.T.);
#2653=ORIENTED_EDGE('',*,*,#1970,.F.);
#2654=ORIENTED_EDGE('',*,*,#1971,.F.);
#2655=ORIENTED_EDGE('',*,*,#1951,.T.);
#2656=ORIENTED_EDGE('',*,*,#1971,.T.);
#2657=ORIENTED_EDGE('',*,*,#1972,.F.);
#2658=ORIENTED_EDGE('',*,*,#1973,.F.);
#2659=ORIENTED_EDGE('',*,*,#1952,.T.);
#2660=ORIENTED_EDGE('',*,*,#1973,.T.);
#2661=ORIENTED_EDGE('',*,*,#1974,.F.);
#2662=ORIENTED_EDGE('',*,*,#1975,.F.);
#2663=ORIENTED_EDGE('',*,*,#1953,.T.);
#2664=ORIENTED_EDGE('',*,*,#1975,.T.);
#2665=ORIENTED_EDGE('',*,*,#1976,.F.);
#2666=ORIENTED_EDGE('',*,*,#1977,.F.);
#2667=ORIENTED_EDGE('',*,*,#1954,.T.);
#2668=ORIENTED_EDGE('',*,*,#1977,.T.);
#2669=ORIENTED_EDGE('',*,*,#1978,.F.);
#2670=ORIENTED_EDGE('',*,*,#1955,.F.);
#2671=ORIENTED_EDGE('',*,*,#1979,.F.);
#2672=ORIENTED_EDGE('',*,*,#1980,.F.);
#2673=ORIENTED_EDGE('',*,*,#1981,.F.);
#2674=ORIENTED_EDGE('',*,*,#1982,.F.);
#2675=ORIENTED_EDGE('',*,*,#1983,.F.);
#2676=ORIENTED_EDGE('',*,*,#1984,.F.);
#2677=ORIENTED_EDGE('',*,*,#1985,.F.);
#2678=ORIENTED_EDGE('',*,*,#1986,.F.);
#2679=ORIENTED_EDGE('',*,*,#1987,.F.);
#2680=ORIENTED_EDGE('',*,*,#1979,.T.);
#2681=ORIENTED_EDGE('',*,*,#1988,.T.);
#2682=ORIENTED_EDGE('',*,*,#1989,.F.);
#2683=ORIENTED_EDGE('',*,*,#1990,.F.);
#2684=ORIENTED_EDGE('',*,*,#1980,.T.);
#2685=ORIENTED_EDGE('',*,*,#1990,.T.);
#2686=ORIENTED_EDGE('',*,*,#1991,.F.);
#2687=ORIENTED_EDGE('',*,*,#1992,.F.);
#2688=ORIENTED_EDGE('',*,*,#1981,.T.);
#2689=ORIENTED_EDGE('',*,*,#1992,.T.);
#2690=ORIENTED_EDGE('',*,*,#1993,.F.);
#2691=ORIENTED_EDGE('',*,*,#1994,.F.);
#2692=ORIENTED_EDGE('',*,*,#1982,.T.);
#2693=ORIENTED_EDGE('',*,*,#1994,.T.);
#2694=ORIENTED_EDGE('',*,*,#1995,.F.);
#2695=ORIENTED_EDGE('',*,*,#1996,.F.);
#2696=ORIENTED_EDGE('',*,*,#1983,.T.);
#2697=ORIENTED_EDGE('',*,*,#1996,.T.);
#2698=ORIENTED_EDGE('',*,*,#1997,.F.);
#2699=ORIENTED_EDGE('',*,*,#1998,.F.);
#2700=ORIENTED_EDGE('',*,*,#1984,.T.);
#2701=ORIENTED_EDGE('',*,*,#1998,.T.);
#2702=ORIENTED_EDGE('',*,*,#1999,.F.);
#2703=ORIENTED_EDGE('',*,*,#2000,.F.);
#2704=ORIENTED_EDGE('',*,*,#1985,.T.);
#2705=ORIENTED_EDGE('',*,*,#2000,.T.);
#2706=ORIENTED_EDGE('',*,*,#2001,.F.);
#2707=ORIENTED_EDGE('',*,*,#2002,.F.);
#2708=ORIENTED_EDGE('',*,*,#1986,.T.);
#2709=ORIENTED_EDGE('',*,*,#2002,.T.);
#2710=ORIENTED_EDGE('',*,*,#2003,.F.);
#2711=ORIENTED_EDGE('',*,*,#2004,.F.);
#2712=ORIENTED_EDGE('',*,*,#1987,.T.);
#2713=ORIENTED_EDGE('',*,*,#2004,.T.);
#2714=ORIENTED_EDGE('',*,*,#2005,.F.);
#2715=ORIENTED_EDGE('',*,*,#1988,.F.);
#2716=ORIENTED_EDGE('',*,*,#2006,.F.);
#2717=ORIENTED_EDGE('',*,*,#2007,.F.);
#2718=ORIENTED_EDGE('',*,*,#2008,.F.);
#2719=ORIENTED_EDGE('',*,*,#2009,.F.);
#2720=ORIENTED_EDGE('',*,*,#2010,.F.);
#2721=ORIENTED_EDGE('',*,*,#2011,.F.);
#2722=ORIENTED_EDGE('',*,*,#2012,.F.);
#2723=ORIENTED_EDGE('',*,*,#2013,.F.);
#2724=ORIENTED_EDGE('',*,*,#2014,.F.);
#2725=ORIENTED_EDGE('',*,*,#2006,.T.);
#2726=ORIENTED_EDGE('',*,*,#2015,.T.);
#2727=ORIENTED_EDGE('',*,*,#2016,.F.);
#2728=ORIENTED_EDGE('',*,*,#2017,.F.);
#2729=ORIENTED_EDGE('',*,*,#2007,.T.);
#2730=ORIENTED_EDGE('',*,*,#2017,.T.);
#2731=ORIENTED_EDGE('',*,*,#2018,.F.);
#2732=ORIENTED_EDGE('',*,*,#2019,.F.);
#2733=ORIENTED_EDGE('',*,*,#2008,.T.);
#2734=ORIENTED_EDGE('',*,*,#2019,.T.);
#2735=ORIENTED_EDGE('',*,*,#2020,.F.);
#2736=ORIENTED_EDGE('',*,*,#2021,.F.);
#2737=ORIENTED_EDGE('',*,*,#2009,.T.);
#2738=ORIENTED_EDGE('',*,*,#2021,.T.);
#2739=ORIENTED_EDGE('',*,*,#2022,.F.);
#2740=ORIENTED_EDGE('',*,*,#2023,.F.);
#2741=ORIENTED_EDGE('',*,*,#2010,.T.);
#2742=ORIENTED_EDGE('',*,*,#2023,.T.);
#2743=ORIENTED_EDGE('',*,*,#2024,.F.);
#2744=ORIENTED_EDGE('',*,*,#2025,.F.);
#2745=ORIENTED_EDGE('',*,*,#2011,.T.);
#2746=ORIENTED_EDGE('',*,*,#2025,.T.);
#2747=ORIENTED_EDGE('',*,*,#2026,.F.);
#2748=ORIENTED_EDGE('',*,*,#2027,.F.);
#2749=ORIENTED_EDGE('',*,*,#2012,.T.);
#2750=ORIENTED_EDGE('',*,*,#2027,.T.);
#2751=ORIENTED_EDGE('',*,*,#2028,.F.);
#2752=ORIENTED_EDGE('',*,*,#2029,.F.);
#2753=ORIENTED_EDGE('',*,*,#2013,.T.);
#2754=ORIENTED_EDGE('',*,*,#2029,.T.);
#2755=ORIENTED_EDGE('',*,*,#2030,.F.);
#2756=ORIENTED_EDGE('',*,*,#2031,.F.);
#2757=ORIENTED_EDGE('',*,*,#2014,.T.);
#2758=ORIENTED_EDGE('',*,*,#2031,.T.);
#2759=ORIENTED_EDGE('',*,*,#2032,.F.);
#2760=ORIENTED_EDGE('',*,*,#2015,.F.);
#2761=ORIENTED_EDGE('',*,*,#2033,.T.);
#2762=ORIENTED_EDGE('',*,*,#2034,.T.);
#2763=ORIENTED_EDGE('',*,*,#2035,.T.);
#2764=ORIENTED_EDGE('',*,*,#2034,.F.);
#2765=ORIENTED_EDGE('',*,*,#2035,.F.);
#2766=ORIENTED_EDGE('',*,*,#2036,.T.);
#2767=ORIENTED_EDGE('',*,*,#2037,.F.);
#2768=ORIENTED_EDGE('',*,*,#2036,.F.);
#2769=ORIENTED_EDGE('',*,*,#2033,.F.);
#2770=ORIENTED_EDGE('',*,*,#1714,.T.);
#2771=ORIENTED_EDGE('',*,*,#1732,.T.);
#2772=ORIENTED_EDGE('',*,*,#1730,.T.);
#2773=ORIENTED_EDGE('',*,*,#1728,.T.);
#2774=ORIENTED_EDGE('',*,*,#1726,.T.);
#2775=ORIENTED_EDGE('',*,*,#1724,.T.);
#2776=ORIENTED_EDGE('',*,*,#1722,.T.);
#2777=ORIENTED_EDGE('',*,*,#1720,.T.);
#2778=ORIENTED_EDGE('',*,*,#1718,.T.);
#2779=ORIENTED_EDGE('',*,*,#1716,.T.);
#2780=ORIENTED_EDGE('',*,*,#2038,.T.);
#2781=ORIENTED_EDGE('',*,*,#2039,.T.);
#2782=ORIENTED_EDGE('',*,*,#2040,.T.);
#2783=ORIENTED_EDGE('',*,*,#2039,.F.);
#2784=ORIENTED_EDGE('',*,*,#2040,.F.);
#2785=ORIENTED_EDGE('',*,*,#2041,.T.);
#2786=ORIENTED_EDGE('',*,*,#2042,.F.);
#2787=ORIENTED_EDGE('',*,*,#2043,.T.);
#2788=ORIENTED_EDGE('',*,*,#2044,.T.);
#2789=ORIENTED_EDGE('',*,*,#2045,.F.);
#2790=ORIENTED_EDGE('',*,*,#2046,.T.);
#2791=ORIENTED_EDGE('',*,*,#2047,.T.);
#2792=ORIENTED_EDGE('',*,*,#2048,.F.);
#2793=ORIENTED_EDGE('',*,*,#2049,.T.);
#2794=ORIENTED_EDGE('',*,*,#2050,.T.);
#2795=ORIENTED_EDGE('',*,*,#2051,.F.);
#2796=ORIENTED_EDGE('',*,*,#2052,.T.);
#2797=ORIENTED_EDGE('',*,*,#2053,.T.);
#2798=ORIENTED_EDGE('',*,*,#2054,.F.);
#2799=ORIENTED_EDGE('',*,*,#2055,.T.);
#2800=ORIENTED_EDGE('',*,*,#2056,.T.);
#2801=ORIENTED_EDGE('',*,*,#2057,.F.);
#2802=ORIENTED_EDGE('',*,*,#2058,.T.);
#2803=ORIENTED_EDGE('',*,*,#2059,.T.);
#2804=ORIENTED_EDGE('',*,*,#2060,.F.);
#2805=ORIENTED_EDGE('',*,*,#2061,.T.);
#2806=ORIENTED_EDGE('',*,*,#2062,.T.);
#2807=ORIENTED_EDGE('',*,*,#2063,.F.);
#2808=ORIENTED_EDGE('',*,*,#2064,.T.);
#2809=ORIENTED_EDGE('',*,*,#2065,.T.);
#2810=ORIENTED_EDGE('',*,*,#2066,.F.);
#2811=ORIENTED_EDGE('',*,*,#2041,.F.);
#2812=ORIENTED_EDGE('',*,*,#2038,.F.);
#2813=ORIENTED_EDGE('',*,*,#2037,.T.);
#2814=ORIENTED_EDGE('',*,*,#2016,.T.);
#2815=ORIENTED_EDGE('',*,*,#2032,.T.);
#2816=ORIENTED_EDGE('',*,*,#2030,.T.);
#2817=ORIENTED_EDGE('',*,*,#2028,.T.);
#2818=ORIENTED_EDGE('',*,*,#2026,.T.);
#2819=ORIENTED_EDGE('',*,*,#2024,.T.);
#2820=ORIENTED_EDGE('',*,*,#2022,.T.);
#2821=ORIENTED_EDGE('',*,*,#2020,.T.);
#2822=ORIENTED_EDGE('',*,*,#2018,.T.);
#2823=ORIENTED_EDGE('',*,*,#1989,.T.);
#2824=ORIENTED_EDGE('',*,*,#2005,.T.);
#2825=ORIENTED_EDGE('',*,*,#2003,.T.);
#2826=ORIENTED_EDGE('',*,*,#2001,.T.);
#2827=ORIENTED_EDGE('',*,*,#1999,.T.);
#2828=ORIENTED_EDGE('',*,*,#1997,.T.);
#2829=ORIENTED_EDGE('',*,*,#1995,.T.);
#2830=ORIENTED_EDGE('',*,*,#1993,.T.);
#2831=ORIENTED_EDGE('',*,*,#1991,.T.);
#2832=ORIENTED_EDGE('',*,*,#1956,.T.);
#2833=ORIENTED_EDGE('',*,*,#1978,.T.);
#2834=ORIENTED_EDGE('',*,*,#1976,.T.);
#2835=ORIENTED_EDGE('',*,*,#1974,.T.);
#2836=ORIENTED_EDGE('',*,*,#1972,.T.);
#2837=ORIENTED_EDGE('',*,*,#1970,.T.);
#2838=ORIENTED_EDGE('',*,*,#1968,.T.);
#2839=ORIENTED_EDGE('',*,*,#1966,.T.);
#2840=ORIENTED_EDGE('',*,*,#1964,.T.);
#2841=ORIENTED_EDGE('',*,*,#1962,.T.);
#2842=ORIENTED_EDGE('',*,*,#1960,.T.);
#2843=ORIENTED_EDGE('',*,*,#1958,.T.);
#2844=ORIENTED_EDGE('',*,*,#1920,.T.);
#2845=ORIENTED_EDGE('',*,*,#1923,.T.);
#2846=ORIENTED_EDGE('',*,*,#1925,.T.);
#2847=ORIENTED_EDGE('',*,*,#1927,.T.);
#2848=ORIENTED_EDGE('',*,*,#1929,.T.);
#2849=ORIENTED_EDGE('',*,*,#1931,.T.);
#2850=ORIENTED_EDGE('',*,*,#1933,.T.);
#2851=ORIENTED_EDGE('',*,*,#1935,.T.);
#2852=ORIENTED_EDGE('',*,*,#1937,.T.);
#2853=ORIENTED_EDGE('',*,*,#1939,.T.);
#2854=ORIENTED_EDGE('',*,*,#1941,.T.);
#2855=ORIENTED_EDGE('',*,*,#1942,.T.);
#2856=ORIENTED_EDGE('',*,*,#1866,.T.);
#2857=ORIENTED_EDGE('',*,*,#1906,.T.);
#2858=ORIENTED_EDGE('',*,*,#1904,.T.);
#2859=ORIENTED_EDGE('',*,*,#1902,.T.);
#2860=ORIENTED_EDGE('',*,*,#1900,.T.);
#2861=ORIENTED_EDGE('',*,*,#1898,.T.);
#2862=ORIENTED_EDGE('',*,*,#1896,.T.);
#2863=ORIENTED_EDGE('',*,*,#1894,.T.);
#2864=ORIENTED_EDGE('',*,*,#1892,.T.);
#2865=ORIENTED_EDGE('',*,*,#1890,.T.);
#2866=ORIENTED_EDGE('',*,*,#1888,.T.);
#2867=ORIENTED_EDGE('',*,*,#1886,.T.);
#2868=ORIENTED_EDGE('',*,*,#1884,.T.);
#2869=ORIENTED_EDGE('',*,*,#1882,.T.);
#2870=ORIENTED_EDGE('',*,*,#1880,.T.);
#2871=ORIENTED_EDGE('',*,*,#1878,.T.);
#2872=ORIENTED_EDGE('',*,*,#1876,.T.);
#2873=ORIENTED_EDGE('',*,*,#1874,.T.);
#2874=ORIENTED_EDGE('',*,*,#1872,.T.);
#2875=ORIENTED_EDGE('',*,*,#1870,.T.);
#2876=ORIENTED_EDGE('',*,*,#1868,.T.);
#2877=ORIENTED_EDGE('',*,*,#1803,.T.);
#2878=ORIENTED_EDGE('',*,*,#1843,.T.);
#2879=ORIENTED_EDGE('',*,*,#1841,.T.);
#2880=ORIENTED_EDGE('',*,*,#1839,.T.);
#2881=ORIENTED_EDGE('',*,*,#1837,.T.);
#2882=ORIENTED_EDGE('',*,*,#1835,.T.);
#2883=ORIENTED_EDGE('',*,*,#1833,.T.);
#2884=ORIENTED_EDGE('',*,*,#1831,.T.);
#2885=ORIENTED_EDGE('',*,*,#1829,.T.);
#2886=ORIENTED_EDGE('',*,*,#1827,.T.);
#2887=ORIENTED_EDGE('',*,*,#1825,.T.);
#2888=ORIENTED_EDGE('',*,*,#1823,.T.);
#2889=ORIENTED_EDGE('',*,*,#1821,.T.);
#2890=ORIENTED_EDGE('',*,*,#1819,.T.);
#2891=ORIENTED_EDGE('',*,*,#1817,.T.);
#2892=ORIENTED_EDGE('',*,*,#1815,.T.);
#2893=ORIENTED_EDGE('',*,*,#1813,.T.);
#2894=ORIENTED_EDGE('',*,*,#1811,.T.);
#2895=ORIENTED_EDGE('',*,*,#1809,.T.);
#2896=ORIENTED_EDGE('',*,*,#1807,.T.);
#2897=ORIENTED_EDGE('',*,*,#1805,.T.);
#2898=ORIENTED_EDGE('',*,*,#1766,.T.);
#2899=ORIENTED_EDGE('',*,*,#1780,.T.);
#2900=ORIENTED_EDGE('',*,*,#1778,.T.);
#2901=ORIENTED_EDGE('',*,*,#1776,.T.);
#2902=ORIENTED_EDGE('',*,*,#1774,.T.);
#2903=ORIENTED_EDGE('',*,*,#1772,.T.);
#2904=ORIENTED_EDGE('',*,*,#1770,.T.);
#2905=ORIENTED_EDGE('',*,*,#1768,.T.);
#2906=ORIENTED_EDGE('',*,*,#1742,.T.);
#2907=ORIENTED_EDGE('',*,*,#1756,.T.);
#2908=ORIENTED_EDGE('',*,*,#1754,.T.);
#2909=ORIENTED_EDGE('',*,*,#1752,.T.);
#2910=ORIENTED_EDGE('',*,*,#1750,.T.);
#2911=ORIENTED_EDGE('',*,*,#1748,.T.);
#2912=ORIENTED_EDGE('',*,*,#1746,.T.);
#2913=ORIENTED_EDGE('',*,*,#1744,.T.);
#2914=ORIENTED_EDGE('',*,*,#2067,.F.);
#2915=ORIENTED_EDGE('',*,*,#2068,.F.);
#2916=ORIENTED_EDGE('',*,*,#2069,.F.);
#2917=ORIENTED_EDGE('',*,*,#2070,.T.);
#2918=ORIENTED_EDGE('',*,*,#2071,.T.);
#2919=ORIENTED_EDGE('',*,*,#2068,.T.);
#2920=ORIENTED_EDGE('',*,*,#2072,.T.);
#2921=ORIENTED_EDGE('',*,*,#2073,.F.);
#2922=ORIENTED_EDGE('',*,*,#2074,.F.);
#2923=ORIENTED_EDGE('',*,*,#2075,.F.);
#2924=ORIENTED_EDGE('',*,*,#2076,.T.);
#2925=ORIENTED_EDGE('',*,*,#2077,.T.);
#2926=ORIENTED_EDGE('',*,*,#2074,.T.);
#2927=ORIENTED_EDGE('',*,*,#2078,.T.);
#2928=ORIENTED_EDGE('',*,*,#2079,.F.);
#2929=ORIENTED_EDGE('',*,*,#2080,.F.);
#2930=ORIENTED_EDGE('',*,*,#2081,.F.);
#2931=ORIENTED_EDGE('',*,*,#2082,.T.);
#2932=ORIENTED_EDGE('',*,*,#2083,.T.);
#2933=ORIENTED_EDGE('',*,*,#2080,.T.);
#2934=ORIENTED_EDGE('',*,*,#2084,.T.);
#2935=ORIENTED_EDGE('',*,*,#2067,.T.);
#2936=ORIENTED_EDGE('',*,*,#2085,.T.);
#2937=ORIENTED_EDGE('',*,*,#2081,.T.);
#2938=ORIENTED_EDGE('',*,*,#2086,.T.);
#2939=ORIENTED_EDGE('',*,*,#2087,.F.);
#2940=ORIENTED_EDGE('',*,*,#2088,.F.);
#2941=ORIENTED_EDGE('',*,*,#2089,.F.);
#2942=ORIENTED_EDGE('',*,*,#2090,.T.);
#2943=ORIENTED_EDGE('',*,*,#2091,.T.);
#2944=ORIENTED_EDGE('',*,*,#2088,.T.);
#2945=ORIENTED_EDGE('',*,*,#2092,.T.);
#2946=ORIENTED_EDGE('',*,*,#2093,.F.);
#2947=ORIENTED_EDGE('',*,*,#2094,.F.);
#2948=ORIENTED_EDGE('',*,*,#2095,.F.);
#2949=ORIENTED_EDGE('',*,*,#2096,.T.);
#2950=ORIENTED_EDGE('',*,*,#2097,.T.);
#2951=ORIENTED_EDGE('',*,*,#2094,.T.);
#2952=ORIENTED_EDGE('',*,*,#2098,.T.);
#2953=ORIENTED_EDGE('',*,*,#2079,.T.);
#2954=ORIENTED_EDGE('',*,*,#2099,.T.);
#2955=ORIENTED_EDGE('',*,*,#2095,.T.);
#2956=ORIENTED_EDGE('',*,*,#2100,.T.);
#2957=ORIENTED_EDGE('',*,*,#2101,.F.);
#2958=ORIENTED_EDGE('',*,*,#2102,.F.);
#2959=ORIENTED_EDGE('',*,*,#2103,.F.);
#2960=ORIENTED_EDGE('',*,*,#2104,.T.);
#2961=ORIENTED_EDGE('',*,*,#2105,.T.);
#2962=ORIENTED_EDGE('',*,*,#2102,.T.);
#2963=ORIENTED_EDGE('',*,*,#2106,.T.);
#2964=ORIENTED_EDGE('',*,*,#2107,.F.);
#2965=ORIENTED_EDGE('',*,*,#2108,.F.);
#2966=ORIENTED_EDGE('',*,*,#2109,.F.);
#2967=ORIENTED_EDGE('',*,*,#2110,.T.);
#2968=ORIENTED_EDGE('',*,*,#2111,.T.);
#2969=ORIENTED_EDGE('',*,*,#2108,.T.);
#2970=ORIENTED_EDGE('',*,*,#2112,.T.);
#2971=ORIENTED_EDGE('',*,*,#2093,.T.);
#2972=ORIENTED_EDGE('',*,*,#2113,.T.);
#2973=ORIENTED_EDGE('',*,*,#2109,.T.);
#2974=ORIENTED_EDGE('',*,*,#2114,.T.);
#2975=ORIENTED_EDGE('',*,*,#2115,.F.);
#2976=ORIENTED_EDGE('',*,*,#2116,.F.);
#2977=ORIENTED_EDGE('',*,*,#2117,.F.);
#2978=ORIENTED_EDGE('',*,*,#2118,.T.);
#2979=ORIENTED_EDGE('',*,*,#2119,.T.);
#2980=ORIENTED_EDGE('',*,*,#2116,.T.);
#2981=ORIENTED_EDGE('',*,*,#2120,.T.);
#2982=ORIENTED_EDGE('',*,*,#2107,.T.);
#2983=ORIENTED_EDGE('',*,*,#2121,.T.);
#2984=ORIENTED_EDGE('',*,*,#2117,.T.);
#2985=ORIENTED_EDGE('',*,*,#2122,.T.);
#2986=ORIENTED_EDGE('',*,*,#2115,.T.);
#2987=ORIENTED_EDGE('',*,*,#2123,.T.);
#2988=ORIENTED_EDGE('',*,*,#2103,.T.);
#2989=ORIENTED_EDGE('',*,*,#2124,.T.);
#2990=ORIENTED_EDGE('',*,*,#2101,.T.);
#2991=ORIENTED_EDGE('',*,*,#2125,.T.);
#2992=ORIENTED_EDGE('',*,*,#2089,.T.);
#2993=ORIENTED_EDGE('',*,*,#2126,.T.);
#2994=ORIENTED_EDGE('',*,*,#2087,.T.);
#2995=ORIENTED_EDGE('',*,*,#2127,.T.);
#2996=ORIENTED_EDGE('',*,*,#2075,.T.);
#2997=ORIENTED_EDGE('',*,*,#2128,.T.);
#2998=ORIENTED_EDGE('',*,*,#2073,.T.);
#2999=ORIENTED_EDGE('',*,*,#2129,.T.);
#3000=ORIENTED_EDGE('',*,*,#2069,.T.);
#3001=ORIENTED_EDGE('',*,*,#2130,.T.);
#3002=ORIENTED_EDGE('',*,*,#2072,.F.);
#3003=ORIENTED_EDGE('',*,*,#2086,.F.);
#3004=ORIENTED_EDGE('',*,*,#2083,.F.);
#3005=ORIENTED_EDGE('',*,*,#2131,.T.);
#3006=ORIENTED_EDGE('',*,*,#2084,.F.);
#3007=ORIENTED_EDGE('',*,*,#2100,.F.);
#3008=ORIENTED_EDGE('',*,*,#2097,.F.);
#3009=ORIENTED_EDGE('',*,*,#2132,.T.);
#3010=ORIENTED_EDGE('',*,*,#2098,.F.);
#3011=ORIENTED_EDGE('',*,*,#2114,.F.);
#3012=ORIENTED_EDGE('',*,*,#2111,.F.);
#3013=ORIENTED_EDGE('',*,*,#2133,.T.);
#3014=ORIENTED_EDGE('',*,*,#2112,.F.);
#3015=ORIENTED_EDGE('',*,*,#2122,.F.);
#3016=ORIENTED_EDGE('',*,*,#2119,.F.);
#3017=ORIENTED_EDGE('',*,*,#2134,.T.);
#3018=ORIENTED_EDGE('',*,*,#2085,.F.);
#3019=ORIENTED_EDGE('',*,*,#2129,.F.);
#3020=ORIENTED_EDGE('',*,*,#2127,.F.);
#3021=ORIENTED_EDGE('',*,*,#2125,.F.);
#3022=ORIENTED_EDGE('',*,*,#2123,.F.);
#3023=ORIENTED_EDGE('',*,*,#2121,.F.);
#3024=ORIENTED_EDGE('',*,*,#2113,.F.);
#3025=ORIENTED_EDGE('',*,*,#2099,.F.);
#3026=ORIENTED_EDGE('',*,*,#2135,.T.);
#3027=ORIENTED_EDGE('',*,*,#2136,.F.);
#3028=ORIENTED_EDGE('',*,*,#2137,.T.);
#3029=ORIENTED_EDGE('',*,*,#2138,.F.);
#3030=ORIENTED_EDGE('',*,*,#2139,.T.);
#3031=ORIENTED_EDGE('',*,*,#2140,.F.);
#3032=ORIENTED_EDGE('',*,*,#2141,.T.);
#3033=ORIENTED_EDGE('',*,*,#2142,.F.);
#3034=ORIENTED_EDGE('',*,*,#2143,.T.);
#3035=ORIENTED_EDGE('',*,*,#2144,.F.);
#3036=ORIENTED_EDGE('',*,*,#2145,.T.);
#3037=ORIENTED_EDGE('',*,*,#2146,.F.);
#3038=ORIENTED_EDGE('',*,*,#2147,.T.);
#3039=ORIENTED_EDGE('',*,*,#2148,.F.);
#3040=ORIENTED_EDGE('',*,*,#2149,.T.);
#3041=ORIENTED_EDGE('',*,*,#2150,.F.);
#3042=ORIENTED_EDGE('',*,*,#2151,.T.);
#3043=ORIENTED_EDGE('',*,*,#2152,.T.);
#3044=ORIENTED_EDGE('',*,*,#2136,.T.);
#3045=ORIENTED_EDGE('',*,*,#2153,.T.);
#3046=ORIENTED_EDGE('',*,*,#2154,.T.);
#3047=ORIENTED_EDGE('',*,*,#2153,.F.);
#3048=ORIENTED_EDGE('',*,*,#2135,.F.);
#3049=ORIENTED_EDGE('',*,*,#2155,.F.);
#3050=ORIENTED_EDGE('',*,*,#2156,.F.);
#3051=ORIENTED_EDGE('',*,*,#2157,.T.);
#3052=ORIENTED_EDGE('',*,*,#2158,.T.);
#3053=ORIENTED_EDGE('',*,*,#2138,.T.);
#3054=ORIENTED_EDGE('',*,*,#2159,.T.);
#3055=ORIENTED_EDGE('',*,*,#2160,.T.);
#3056=ORIENTED_EDGE('',*,*,#2152,.F.);
#3057=ORIENTED_EDGE('',*,*,#2161,.F.);
#3058=ORIENTED_EDGE('',*,*,#2159,.F.);
#3059=ORIENTED_EDGE('',*,*,#2137,.F.);
#3060=ORIENTED_EDGE('',*,*,#2162,.T.);
#3061=ORIENTED_EDGE('',*,*,#2163,.T.);
#3062=ORIENTED_EDGE('',*,*,#2140,.T.);
#3063=ORIENTED_EDGE('',*,*,#2164,.T.);
#3064=ORIENTED_EDGE('',*,*,#2165,.T.);
#3065=ORIENTED_EDGE('',*,*,#2158,.F.);
#3066=ORIENTED_EDGE('',*,*,#2166,.F.);
#3067=ORIENTED_EDGE('',*,*,#2164,.F.);
#3068=ORIENTED_EDGE('',*,*,#2139,.F.);
#3069=ORIENTED_EDGE('',*,*,#2167,.T.);
#3070=ORIENTED_EDGE('',*,*,#2168,.T.);
#3071=ORIENTED_EDGE('',*,*,#2142,.T.);
#3072=ORIENTED_EDGE('',*,*,#2169,.T.);
#3073=ORIENTED_EDGE('',*,*,#2170,.T.);
#3074=ORIENTED_EDGE('',*,*,#2163,.F.);
#3075=ORIENTED_EDGE('',*,*,#2171,.F.);
#3076=ORIENTED_EDGE('',*,*,#2169,.F.);
#3077=ORIENTED_EDGE('',*,*,#2141,.F.);
#3078=ORIENTED_EDGE('',*,*,#2172,.T.);
#3079=ORIENTED_EDGE('',*,*,#2173,.T.);
#3080=ORIENTED_EDGE('',*,*,#2144,.T.);
#3081=ORIENTED_EDGE('',*,*,#2174,.T.);
#3082=ORIENTED_EDGE('',*,*,#2175,.T.);
#3083=ORIENTED_EDGE('',*,*,#2168,.F.);
#3084=ORIENTED_EDGE('',*,*,#2176,.F.);
#3085=ORIENTED_EDGE('',*,*,#2174,.F.);
#3086=ORIENTED_EDGE('',*,*,#2143,.F.);
#3087=ORIENTED_EDGE('',*,*,#2177,.T.);
#3088=ORIENTED_EDGE('',*,*,#2178,.T.);
#3089=ORIENTED_EDGE('',*,*,#2146,.T.);
#3090=ORIENTED_EDGE('',*,*,#2179,.T.);
#3091=ORIENTED_EDGE('',*,*,#2180,.T.);
#3092=ORIENTED_EDGE('',*,*,#2173,.F.);
#3093=ORIENTED_EDGE('',*,*,#2181,.F.);
#3094=ORIENTED_EDGE('',*,*,#2179,.F.);
#3095=ORIENTED_EDGE('',*,*,#2145,.F.);
#3096=ORIENTED_EDGE('',*,*,#2182,.T.);
#3097=ORIENTED_EDGE('',*,*,#2183,.T.);
#3098=ORIENTED_EDGE('',*,*,#2148,.T.);
#3099=ORIENTED_EDGE('',*,*,#2184,.T.);
#3100=ORIENTED_EDGE('',*,*,#2185,.T.);
#3101=ORIENTED_EDGE('',*,*,#2178,.F.);
#3102=ORIENTED_EDGE('',*,*,#2186,.F.);
#3103=ORIENTED_EDGE('',*,*,#2184,.F.);
#3104=ORIENTED_EDGE('',*,*,#2147,.F.);
#3105=ORIENTED_EDGE('',*,*,#2187,.T.);
#3106=ORIENTED_EDGE('',*,*,#2155,.T.);
#3107=ORIENTED_EDGE('',*,*,#2150,.T.);
#3108=ORIENTED_EDGE('',*,*,#2188,.T.);
#3109=ORIENTED_EDGE('',*,*,#2189,.T.);
#3110=ORIENTED_EDGE('',*,*,#2183,.F.);
#3111=ORIENTED_EDGE('',*,*,#2190,.F.);
#3112=ORIENTED_EDGE('',*,*,#2188,.F.);
#3113=ORIENTED_EDGE('',*,*,#2149,.F.);
#3114=ORIENTED_EDGE('',*,*,#2061,.F.);
#3115=ORIENTED_EDGE('',*,*,#2191,.T.);
#3116=ORIENTED_EDGE('',*,*,#2059,.F.);
#3117=ORIENTED_EDGE('',*,*,#2192,.F.);
#3118=ORIENTED_EDGE('',*,*,#2189,.F.);
#3119=ORIENTED_EDGE('',*,*,#2190,.T.);
#3120=ORIENTED_EDGE('',*,*,#2182,.F.);
#3121=ORIENTED_EDGE('',*,*,#2193,.F.);
#3122=ORIENTED_EDGE('',*,*,#2058,.F.);
#3123=ORIENTED_EDGE('',*,*,#2194,.T.);
#3124=ORIENTED_EDGE('',*,*,#2056,.F.);
#3125=ORIENTED_EDGE('',*,*,#2195,.F.);
#3126=ORIENTED_EDGE('',*,*,#2154,.F.);
#3127=ORIENTED_EDGE('',*,*,#2156,.T.);
#3128=ORIENTED_EDGE('',*,*,#2187,.F.);
#3129=ORIENTED_EDGE('',*,*,#2192,.T.);
#3130=ORIENTED_EDGE('',*,*,#2055,.F.);
#3131=ORIENTED_EDGE('',*,*,#2196,.T.);
#3132=ORIENTED_EDGE('',*,*,#2053,.F.);
#3133=ORIENTED_EDGE('',*,*,#2197,.F.);
#3134=ORIENTED_EDGE('',*,*,#2160,.F.);
#3135=ORIENTED_EDGE('',*,*,#2161,.T.);
#3136=ORIENTED_EDGE('',*,*,#2151,.F.);
#3137=ORIENTED_EDGE('',*,*,#2195,.T.);
#3138=ORIENTED_EDGE('',*,*,#2052,.F.);
#3139=ORIENTED_EDGE('',*,*,#2198,.T.);
#3140=ORIENTED_EDGE('',*,*,#2050,.F.);
#3141=ORIENTED_EDGE('',*,*,#2199,.F.);
#3142=ORIENTED_EDGE('',*,*,#2165,.F.);
#3143=ORIENTED_EDGE('',*,*,#2166,.T.);
#3144=ORIENTED_EDGE('',*,*,#2157,.F.);
#3145=ORIENTED_EDGE('',*,*,#2197,.T.);
#3146=ORIENTED_EDGE('',*,*,#2049,.F.);
#3147=ORIENTED_EDGE('',*,*,#2200,.T.);
#3148=ORIENTED_EDGE('',*,*,#2047,.F.);
#3149=ORIENTED_EDGE('',*,*,#2201,.T.);
#3150=ORIENTED_EDGE('',*,*,#2170,.F.);
#3151=ORIENTED_EDGE('',*,*,#2171,.T.);
#3152=ORIENTED_EDGE('',*,*,#2162,.F.);
#3153=ORIENTED_EDGE('',*,*,#2199,.T.);
#3154=ORIENTED_EDGE('',*,*,#2044,.F.);
#3155=ORIENTED_EDGE('',*,*,#2202,.T.);
#3156=ORIENTED_EDGE('',*,*,#2175,.F.);
#3157=ORIENTED_EDGE('',*,*,#2176,.T.);
#3158=ORIENTED_EDGE('',*,*,#2167,.F.);
#3159=ORIENTED_EDGE('',*,*,#2201,.F.);
#3160=ORIENTED_EDGE('',*,*,#2046,.F.);
#3161=ORIENTED_EDGE('',*,*,#2203,.T.);
#3162=ORIENTED_EDGE('',*,*,#2065,.F.);
#3163=ORIENTED_EDGE('',*,*,#2204,.T.);
#3164=ORIENTED_EDGE('',*,*,#2180,.F.);
#3165=ORIENTED_EDGE('',*,*,#2181,.T.);
#3166=ORIENTED_EDGE('',*,*,#2172,.F.);
#3167=ORIENTED_EDGE('',*,*,#2202,.F.);
#3168=ORIENTED_EDGE('',*,*,#2043,.F.);
#3169=ORIENTED_EDGE('',*,*,#2205,.T.);
#3170=ORIENTED_EDGE('',*,*,#2062,.F.);
#3171=ORIENTED_EDGE('',*,*,#2193,.T.);
#3172=ORIENTED_EDGE('',*,*,#2185,.F.);
#3173=ORIENTED_EDGE('',*,*,#2186,.T.);
#3174=ORIENTED_EDGE('',*,*,#2177,.F.);
#3175=ORIENTED_EDGE('',*,*,#2204,.F.);
#3176=ORIENTED_EDGE('',*,*,#2064,.F.);
#3177=ORIENTED_EDGE('',*,*,#2206,.T.);
#3178=ORIENTED_EDGE('',*,*,#2205,.F.);
#3179=ORIENTED_EDGE('',*,*,#2042,.T.);
#3180=ORIENTED_EDGE('',*,*,#2066,.T.);
#3181=ORIENTED_EDGE('',*,*,#2203,.F.);
#3182=ORIENTED_EDGE('',*,*,#2045,.T.);
#3183=ORIENTED_EDGE('',*,*,#2200,.F.);
#3184=ORIENTED_EDGE('',*,*,#2048,.T.);
#3185=ORIENTED_EDGE('',*,*,#2206,.F.);
#3186=ORIENTED_EDGE('',*,*,#2063,.T.);
#3187=ORIENTED_EDGE('',*,*,#2198,.F.);
#3188=ORIENTED_EDGE('',*,*,#2051,.T.);
#3189=ORIENTED_EDGE('',*,*,#2191,.F.);
#3190=ORIENTED_EDGE('',*,*,#2060,.T.);
#3191=ORIENTED_EDGE('',*,*,#2196,.F.);
#3192=ORIENTED_EDGE('',*,*,#2054,.T.);
#3193=ORIENTED_EDGE('',*,*,#2194,.F.);
#3194=ORIENTED_EDGE('',*,*,#2057,.T.);
#3195=ORIENTED_EDGE('',*,*,#2105,.F.);
#3196=ORIENTED_EDGE('',*,*,#2207,.T.);
#3197=ORIENTED_EDGE('',*,*,#2120,.F.);
#3198=ORIENTED_EDGE('',*,*,#2124,.F.);
#3199=ORIENTED_EDGE('',*,*,#2091,.F.);
#3200=ORIENTED_EDGE('',*,*,#2208,.T.);
#3201=ORIENTED_EDGE('',*,*,#2106,.F.);
#3202=ORIENTED_EDGE('',*,*,#2126,.F.);
#3203=ORIENTED_EDGE('',*,*,#2077,.F.);
#3204=ORIENTED_EDGE('',*,*,#2209,.T.);
#3205=ORIENTED_EDGE('',*,*,#2092,.F.);
#3206=ORIENTED_EDGE('',*,*,#2128,.F.);
#3207=ORIENTED_EDGE('',*,*,#2071,.F.);
#3208=ORIENTED_EDGE('',*,*,#2210,.T.);
#3209=ORIENTED_EDGE('',*,*,#2078,.F.);
#3210=ORIENTED_EDGE('',*,*,#2130,.F.);
#3211=ORIENTED_EDGE('',*,*,#2070,.F.);
#3212=ORIENTED_EDGE('',*,*,#2131,.F.);
#3213=ORIENTED_EDGE('',*,*,#2082,.F.);
#3214=ORIENTED_EDGE('',*,*,#2132,.F.);
#3215=ORIENTED_EDGE('',*,*,#2096,.F.);
#3216=ORIENTED_EDGE('',*,*,#2133,.F.);
#3217=ORIENTED_EDGE('',*,*,#2110,.F.);
#3218=ORIENTED_EDGE('',*,*,#2134,.F.);
#3219=ORIENTED_EDGE('',*,*,#2118,.F.);
#3220=ORIENTED_EDGE('',*,*,#2207,.F.);
#3221=ORIENTED_EDGE('',*,*,#2104,.F.);
#3222=ORIENTED_EDGE('',*,*,#2208,.F.);
#3223=ORIENTED_EDGE('',*,*,#2090,.F.);
#3224=ORIENTED_EDGE('',*,*,#2209,.F.);
#3225=ORIENTED_EDGE('',*,*,#2076,.F.);
#3226=ORIENTED_EDGE('',*,*,#2210,.F.);
#3227=PLANE('',#3580);
#3228=PLANE('',#3581);
#3229=PLANE('',#3582);
#3230=PLANE('',#3583);
#3231=PLANE('',#3584);
#3232=PLANE('',#3585);
#3233=PLANE('',#3586);
#3234=PLANE('',#3587);
#3235=PLANE('',#3588);
#3236=PLANE('',#3589);
#3237=PLANE('',#3590);
#3238=PLANE('',#3591);
#3239=PLANE('',#3592);
#3240=PLANE('',#3593);
#3241=PLANE('',#3594);
#3242=PLANE('',#3595);
#3243=PLANE('',#3596);
#3244=PLANE('',#3597);
#3245=PLANE('',#3598);
#3246=PLANE('',#3599);
#3247=PLANE('',#3600);
#3248=PLANE('',#3601);
#3249=PLANE('',#3602);
#3250=PLANE('',#3603);
#3251=PLANE('',#3604);
#3252=PLANE('',#3605);
#3253=PLANE('',#3606);
#3254=PLANE('',#3607);
#3255=PLANE('',#3608);
#3256=PLANE('',#3609);
#3257=PLANE('',#3610);
#3258=PLANE('',#3611);
#3259=PLANE('',#3612);
#3260=PLANE('',#3613);
#3261=PLANE('',#3614);
#3262=PLANE('',#3615);
#3263=PLANE('',#3616);
#3264=PLANE('',#3617);
#3265=PLANE('',#3618);
#3266=PLANE('',#3619);
#3267=PLANE('',#3620);
#3268=PLANE('',#3621);
#3269=PLANE('',#3622);
#3270=PLANE('',#3623);
#3271=PLANE('',#3624);
#3272=PLANE('',#3625);
#3273=PLANE('',#3626);
#3274=PLANE('',#3627);
#3275=PLANE('',#3628);
#3276=PLANE('',#3629);
#3277=PLANE('',#3630);
#3278=PLANE('',#3631);
#3279=PLANE('',#3632);
#3280=PLANE('',#3633);
#3281=PLANE('',#3634);
#3282=PLANE('',#3635);
#3283=PLANE('',#3636);
#3284=PLANE('',#3637);
#3285=PLANE('',#3638);
#3286=PLANE('',#3639);
#3287=PLANE('',#3640);
#3288=PLANE('',#3641);
#3289=PLANE('',#3642);
#3290=PLANE('',#3643);
#3291=PLANE('',#3644);
#3292=PLANE('',#3645);
#3293=PLANE('',#3646);
#3294=PLANE('',#3647);
#3295=PLANE('',#3648);
#3296=PLANE('',#3649);
#3297=PLANE('',#3650);
#3298=PLANE('',#3651);
#3299=PLANE('',#3652);
#3300=PLANE('',#3653);
#3301=PLANE('',#3654);
#3302=PLANE('',#3655);
#3303=PLANE('',#3656);
#3304=PLANE('',#3657);
#3305=PLANE('',#3658);
#3306=PLANE('',#3664);
#3307=PLANE('',#3694);
#3308=PLANE('',#3695);
#3309=PLANE('',#3696);
#3310=PLANE('',#3697);
#3311=PLANE('',#3698);
#3312=PLANE('',#3699);
#3313=PLANE('',#3700);
#3314=PLANE('',#3701);
#3315=PLANE('',#3702);
#3316=PLANE('',#3703);
#3317=PLANE('',#3704);
#3318=PLANE('',#3705);
#3319=PLANE('',#3706);
#3320=PLANE('',#3707);
#3321=PLANE('',#3708);
#3322=PLANE('',#3709);
#3323=PLANE('',#3710);
#3324=PLANE('',#3711);
#3325=PLANE('',#3712);
#3326=PLANE('',#3713);
#3327=PLANE('',#3714);
#3328=PLANE('',#3715);
#3329=PLANE('',#3716);
#3330=PLANE('',#3717);
#3331=PLANE('',#3718);
#3332=PLANE('',#3719);
#3333=PLANE('',#3720);
#3334=PLANE('',#3721);
#3335=PLANE('',#3722);
#3336=PLANE('',#3723);
#3337=PLANE('',#3724);
#3338=PLANE('',#3725);
#3339=PLANE('',#3726);
#3340=PLANE('',#3727);
#3341=PLANE('',#3728);
#3342=PLANE('',#3729);
#3343=PLANE('',#3730);
#3344=PLANE('',#3731);
#3345=PLANE('',#3732);
#3346=PLANE('',#3733);
#3347=PLANE('',#3734);
#3348=PLANE('',#3735);
#3349=PLANE('',#3736);
#3350=PLANE('',#3737);
#3351=PLANE('',#3738);
#3352=PLANE('',#3739);
#3353=PLANE('',#3740);
#3354=PLANE('',#3741);
#3355=PLANE('',#3742);
#3356=PLANE('',#3743);
#3357=PLANE('',#3744);
#3358=PLANE('',#3745);
#3359=PLANE('',#3746);
#3360=PLANE('',#3747);
#3361=PLANE('',#3748);
#3362=PLANE('',#3749);
#3363=PLANE('',#3750);
#3364=PLANE('',#3751);
#3365=PLANE('',#3752);
#3366=PLANE('',#3753);
#3367=PLANE('',#3754);
#3368=PLANE('',#3755);
#3369=PLANE('',#3756);
#3370=PLANE('',#3757);
#3371=PLANE('',#3758);
#3372=PLANE('',#3759);
#3373=PLANE('',#3760);
#3374=ADVANCED_FACE('',(#184),#3227,.T.);
#3375=ADVANCED_FACE('',(#185),#3228,.T.);
#3376=ADVANCED_FACE('',(#186),#3229,.T.);
#3377=ADVANCED_FACE('',(#187),#3230,.T.);
#3378=ADVANCED_FACE('',(#188),#3231,.T.);
#3379=ADVANCED_FACE('',(#189),#3232,.T.);
#3380=ADVANCED_FACE('',(#190),#3233,.T.);
#3381=ADVANCED_FACE('',(#191),#3234,.T.);
#3382=ADVANCED_FACE('',(#192),#3235,.T.);
#3383=ADVANCED_FACE('',(#193),#3236,.T.);
#3384=ADVANCED_FACE('',(#194),#3237,.T.);
#3385=ADVANCED_FACE('',(#195),#3238,.T.);
#3386=ADVANCED_FACE('',(#196),#3239,.T.);
#3387=ADVANCED_FACE('',(#197),#64,.T.);
#3388=ADVANCED_FACE('',(#198),#65,.T.);
#3389=ADVANCED_FACE('',(#199),#3240,.T.);
#3390=ADVANCED_FACE('',(#200),#66,.T.);
#3391=ADVANCED_FACE('',(#201),#3241,.T.);
#3392=ADVANCED_FACE('',(#202),#3242,.T.);
#3393=ADVANCED_FACE('',(#203),#3243,.T.);
#3394=ADVANCED_FACE('',(#204),#3244,.T.);
#3395=ADVANCED_FACE('',(#205),#3245,.T.);
#3396=ADVANCED_FACE('',(#206),#67,.T.);
#3397=ADVANCED_FACE('',(#207),#68,.T.);
#3398=ADVANCED_FACE('',(#208),#3246,.T.);
#3399=ADVANCED_FACE('',(#209),#69,.T.);
#3400=ADVANCED_FACE('',(#210),#3247,.T.);
#3401=ADVANCED_FACE('',(#211),#3248,.T.);
#3402=ADVANCED_FACE('',(#212),#3249,.T.);
#3403=ADVANCED_FACE('',(#213),#3250,.T.);
#3404=ADVANCED_FACE('',(#214),#70,.T.);
#3405=ADVANCED_FACE('',(#215),#71,.T.);
#3406=ADVANCED_FACE('',(#216),#72,.T.);
#3407=ADVANCED_FACE('',(#217),#73,.T.);
#3408=ADVANCED_FACE('',(#218),#74,.T.);
#3409=ADVANCED_FACE('',(#219),#75,.T.);
#3410=ADVANCED_FACE('',(#220),#76,.T.);
#3411=ADVANCED_FACE('',(#221),#77,.T.);
#3412=ADVANCED_FACE('',(#222),#78,.T.);
#3413=ADVANCED_FACE('',(#223),#3251,.T.);
#3414=ADVANCED_FACE('',(#224),#79,.T.);
#3415=ADVANCED_FACE('',(#225),#80,.T.);
#3416=ADVANCED_FACE('',(#226),#81,.T.);
#3417=ADVANCED_FACE('',(#227),#82,.T.);
#3418=ADVANCED_FACE('',(#228),#83,.T.);
#3419=ADVANCED_FACE('',(#229),#84,.T.);
#3420=ADVANCED_FACE('',(#230),#85,.T.);
#3421=ADVANCED_FACE('',(#231),#86,.T.);
#3422=ADVANCED_FACE('',(#232),#3252,.T.);
#3423=ADVANCED_FACE('',(#233),#3253,.T.);
#3424=ADVANCED_FACE('',(#234),#3254,.T.);
#3425=ADVANCED_FACE('',(#235),#3255,.T.);
#3426=ADVANCED_FACE('',(#236),#87,.T.);
#3427=ADVANCED_FACE('',(#237),#88,.T.);
#3428=ADVANCED_FACE('',(#238),#89,.T.);
#3429=ADVANCED_FACE('',(#239),#90,.T.);
#3430=ADVANCED_FACE('',(#240),#91,.T.);
#3431=ADVANCED_FACE('',(#241),#92,.T.);
#3432=ADVANCED_FACE('',(#242),#93,.T.);
#3433=ADVANCED_FACE('',(#243),#94,.T.);
#3434=ADVANCED_FACE('',(#244),#95,.T.);
#3435=ADVANCED_FACE('',(#245),#3256,.T.);
#3436=ADVANCED_FACE('',(#246),#96,.T.);
#3437=ADVANCED_FACE('',(#247),#97,.T.);
#3438=ADVANCED_FACE('',(#248),#98,.T.);
#3439=ADVANCED_FACE('',(#249),#99,.T.);
#3440=ADVANCED_FACE('',(#250),#100,.T.);
#3441=ADVANCED_FACE('',(#251),#101,.T.);
#3442=ADVANCED_FACE('',(#252),#102,.T.);
#3443=ADVANCED_FACE('',(#253),#103,.T.);
#3444=ADVANCED_FACE('',(#254),#3257,.T.);
#3445=ADVANCED_FACE('',(#255),#3258,.T.);
#3446=ADVANCED_FACE('',(#256),#3259,.T.);
#3447=ADVANCED_FACE('',(#257),#3260,.F.);
#3448=ADVANCED_FACE('',(#258),#3261,.F.);
#3449=ADVANCED_FACE('',(#259),#3262,.F.);
#3450=ADVANCED_FACE('',(#260),#3263,.F.);
#3451=ADVANCED_FACE('',(#261),#3264,.F.);
#3452=ADVANCED_FACE('',(#262),#3265,.F.);
#3453=ADVANCED_FACE('',(#263),#3266,.F.);
#3454=ADVANCED_FACE('',(#264),#3267,.F.);
#3455=ADVANCED_FACE('',(#265),#3268,.F.);
#3456=ADVANCED_FACE('',(#266),#3269,.F.);
#3457=ADVANCED_FACE('',(#267),#3270,.F.);
#3458=ADVANCED_FACE('',(#268),#3271,.F.);
#3459=ADVANCED_FACE('',(#269),#3272,.F.);
#3460=ADVANCED_FACE('',(#270),#3273,.T.);
#3461=ADVANCED_FACE('',(#271),#3274,.T.);
#3462=ADVANCED_FACE('',(#272),#3275,.T.);
#3463=ADVANCED_FACE('',(#273),#3276,.T.);
#3464=ADVANCED_FACE('',(#274),#3277,.T.);
#3465=ADVANCED_FACE('',(#275),#3278,.T.);
#3466=ADVANCED_FACE('',(#276),#3279,.T.);
#3467=ADVANCED_FACE('',(#277),#3280,.T.);
#3468=ADVANCED_FACE('',(#278),#3281,.T.);
#3469=ADVANCED_FACE('',(#279),#3282,.T.);
#3470=ADVANCED_FACE('',(#280),#3283,.T.);
#3471=ADVANCED_FACE('',(#281),#3284,.T.);
#3472=ADVANCED_FACE('',(#282),#3285,.T.);
#3473=ADVANCED_FACE('',(#283),#3286,.T.);
#3474=ADVANCED_FACE('',(#284),#3287,.T.);
#3475=ADVANCED_FACE('',(#285),#3288,.T.);
#3476=ADVANCED_FACE('',(#286),#3289,.T.);
#3477=ADVANCED_FACE('',(#287),#3290,.T.);
#3478=ADVANCED_FACE('',(#288),#3291,.T.);
#3479=ADVANCED_FACE('',(#289),#3292,.T.);
#3480=ADVANCED_FACE('',(#290),#3293,.T.);
#3481=ADVANCED_FACE('',(#291),#3294,.T.);
#3482=ADVANCED_FACE('',(#292),#3295,.T.);
#3483=ADVANCED_FACE('',(#293),#3296,.T.);
#3484=ADVANCED_FACE('',(#294),#3297,.T.);
#3485=ADVANCED_FACE('',(#295),#3298,.T.);
#3486=ADVANCED_FACE('',(#296),#3299,.T.);
#3487=ADVANCED_FACE('',(#297),#3300,.T.);
#3488=ADVANCED_FACE('',(#298),#3301,.T.);
#3489=ADVANCED_FACE('',(#299),#3302,.T.);
#3490=ADVANCED_FACE('',(#300),#3303,.T.);
#3491=ADVANCED_FACE('',(#301),#3304,.T.);
#3492=ADVANCED_FACE('',(#302),#3305,.T.);
#3493=ADVANCED_FACE('',(#303),#62,.T.);
#3494=ADVANCED_FACE('',(#304),#46,.T.);
#3495=ADVANCED_FACE('',(#305,#35),#3306,.T.);
#3496=ADVANCED_FACE('',(#306),#63,.T.);
#3497=ADVANCED_FACE('',(#307),#47,.T.);
#3498=ADVANCED_FACE('',(#308,#36,#37,#38,#39,#40,#41,#42,#43,#44),#3307,
 .T.);
#3499=ADVANCED_FACE('',(#309),#3308,.T.);
#3500=ADVANCED_FACE('',(#310),#3309,.T.);
#3501=ADVANCED_FACE('',(#311),#3310,.T.);
#3502=ADVANCED_FACE('',(#312),#3311,.T.);
#3503=ADVANCED_FACE('',(#313),#3312,.T.);
#3504=ADVANCED_FACE('',(#314),#3313,.T.);
#3505=ADVANCED_FACE('',(#315),#3314,.T.);
#3506=ADVANCED_FACE('',(#316),#3315,.T.);
#3507=ADVANCED_FACE('',(#317),#3316,.T.);
#3508=ADVANCED_FACE('',(#318),#3317,.T.);
#3509=ADVANCED_FACE('',(#319),#3318,.T.);
#3510=ADVANCED_FACE('',(#320),#3319,.T.);
#3511=ADVANCED_FACE('',(#321),#3320,.T.);
#3512=ADVANCED_FACE('',(#322),#3321,.T.);
#3513=ADVANCED_FACE('',(#323),#3322,.T.);
#3514=ADVANCED_FACE('',(#324),#3323,.T.);
#3515=ADVANCED_FACE('',(#325),#3324,.T.);
#3516=ADVANCED_FACE('',(#326),#3325,.T.);
#3517=ADVANCED_FACE('',(#327),#3326,.T.);
#3518=ADVANCED_FACE('',(#328),#3327,.T.);
#3519=ADVANCED_FACE('',(#329),#3328,.T.);
#3520=ADVANCED_FACE('',(#330),#3329,.T.);
#3521=ADVANCED_FACE('',(#331),#3330,.T.);
#3522=ADVANCED_FACE('',(#332),#3331,.T.);
#3523=ADVANCED_FACE('',(#333),#3332,.T.);
#3524=ADVANCED_FACE('',(#334),#3333,.T.);
#3525=ADVANCED_FACE('',(#335),#3334,.T.);
#3526=ADVANCED_FACE('',(#336),#3335,.T.);
#3527=ADVANCED_FACE('',(#337,#45),#3336,.T.);
#3528=ADVANCED_FACE('',(#338),#3337,.T.);
#3529=ADVANCED_FACE('',(#339),#3338,.T.);
#3530=ADVANCED_FACE('',(#340),#3339,.T.);
#3531=ADVANCED_FACE('',(#341),#3340,.T.);
#3532=ADVANCED_FACE('',(#342),#3341,.T.);
#3533=ADVANCED_FACE('',(#343),#3342,.T.);
#3534=ADVANCED_FACE('',(#344),#3343,.T.);
#3535=ADVANCED_FACE('',(#345),#3344,.T.);
#3536=ADVANCED_FACE('',(#346),#3345,.T.);
#3537=ADVANCED_FACE('',(#347),#3346,.T.);
#3538=ADVANCED_FACE('',(#348),#3347,.T.);
#3539=ADVANCED_FACE('',(#349),#3348,.T.);
#3540=ADVANCED_FACE('',(#350),#3349,.T.);
#3541=ADVANCED_FACE('',(#351),#3350,.T.);
#3542=ADVANCED_FACE('',(#352),#3351,.T.);
#3543=ADVANCED_FACE('',(#353),#3352,.T.);
#3544=ADVANCED_FACE('',(#354),#3353,.T.);
#3545=ADVANCED_FACE('',(#355),#3354,.T.);
#3546=ADVANCED_FACE('',(#356),#3355,.T.);
#3547=ADVANCED_FACE('',(#357),#3356,.T.);
#3548=ADVANCED_FACE('',(#358),#3357,.T.);
#3549=ADVANCED_FACE('',(#359),#3358,.T.);
#3550=ADVANCED_FACE('',(#360),#3359,.T.);
#3551=ADVANCED_FACE('',(#361),#3360,.T.);
#3552=ADVANCED_FACE('',(#362),#3361,.F.);
#3553=ADVANCED_FACE('',(#363),#3362,.F.);
#3554=ADVANCED_FACE('',(#364),#3363,.F.);
#3555=ADVANCED_FACE('',(#365),#3364,.F.);
#3556=ADVANCED_FACE('',(#366),#3365,.F.);
#3557=ADVANCED_FACE('',(#367),#3366,.F.);
#3558=ADVANCED_FACE('',(#368),#3367,.F.);
#3559=ADVANCED_FACE('',(#369),#3368,.F.);
#3560=ADVANCED_FACE('',(#370),#3369,.T.);
#3561=ADVANCED_FACE('',(#371),#3370,.T.);
#3562=ADVANCED_FACE('',(#372),#3371,.T.);
#3563=ADVANCED_FACE('',(#373),#3372,.T.);
#3564=ADVANCED_FACE('',(#374),#3373,.F.);
#3565=CLOSED_SHELL('',(#3374,#3375,#3376,#3377,#3378,#3379,#3380,#3381,
#3382,#3383,#3384,#3385,#3386,#3387,#3388,#3389,#3390,#3391,#3392,#3393,
#3394,#3395,#3396,#3397,#3398,#3399,#3400,#3401,#3402,#3403,#3404,#3405,
#3406,#3407,#3408,#3409,#3410,#3411,#3412,#3413,#3414,#3415,#3416,#3417,
#3418,#3419,#3420,#3421,#3422,#3423,#3424,#3425,#3426,#3427,#3428,#3429,
#3430,#3431,#3432,#3433,#3434,#3435,#3436,#3437,#3438,#3439,#3440,#3441,
#3442,#3443,#3444,#3445,#3446,#3447,#3448,#3449,#3450,#3451,#3452,#3453,
#3454,#3455,#3456,#3457,#3458,#3459,#3460,#3461,#3462,#3463,#3464,#3465,
#3466,#3467,#3468,#3469,#3470,#3471,#3472,#3473,#3474,#3475,#3476,#3477,
#3478,#3479,#3480,#3481,#3482,#3483,#3484,#3485,#3486,#3487,#3488,#3489,
#3490,#3491,#3492,#3493,#3494,#3495,#3496,#3497,#3498,#3499,#3500,#3501,
#3502,#3503,#3504,#3505,#3506,#3507,#3508,#3509,#3510,#3511,#3512,#3513,
#3514,#3515,#3516,#3517,#3518,#3519,#3520,#3521,#3522,#3523,#3524,#3525,
#3526,#3527,#3528,#3529,#3530,#3531,#3532,#3533,#3534,#3535,#3536,#3537,
#3538,#3539,#3540,#3541,#3542,#3543,#3544,#3545,#3546,#3547,#3548,#3549,
#3550,#3551,#3552,#3553,#3554,#3555,#3556,#3557,#3558,#3559,#3560,#3561,
#3562,#3563,#3564));
#3566=DERIVED_UNIT_ELEMENT(#3568,1.);
#3567=DERIVED_UNIT_ELEMENT(#6247,-3.);
#3568=(
MASS_UNIT()
NAMED_UNIT(*)
SI_UNIT(.KILO.,.GRAM.)
);
#3569=DERIVED_UNIT((#3566,#3567));
#3570=MEASURE_REPRESENTATION_ITEM('density measure',
POSITIVE_RATIO_MEASURE(7850.),#3569);
#3571=PROPERTY_DEFINITION_REPRESENTATION(#3576,#3573);
#3572=PROPERTY_DEFINITION_REPRESENTATION(#3577,#3574);
#3573=REPRESENTATION('material name',(#3575),#6244);
#3574=REPRESENTATION('density',(#3570),#6244);
#3575=DESCRIPTIVE_REPRESENTATION_ITEM('Stahl','Stahl');
#3576=PROPERTY_DEFINITION('material property','material name',#6259);
#3577=PROPERTY_DEFINITION('material property','density of part',#6259);
#3578=AXIS2_PLACEMENT_3D('',#4528,#3762,#3763);
#3579=AXIS2_PLACEMENT_3D('',#4529,#3764,#3765);
#3580=AXIS2_PLACEMENT_3D('',#4530,#3766,#3767);
#3581=AXIS2_PLACEMENT_3D('',#4551,#3778,#3779);
#3582=AXIS2_PLACEMENT_3D('',#4557,#3783,#3784);
#3583=AXIS2_PLACEMENT_3D('',#4561,#3787,#3788);
#3584=AXIS2_PLACEMENT_3D('',#4565,#3791,#3792);
#3585=AXIS2_PLACEMENT_3D('',#4569,#3795,#3796);
#3586=AXIS2_PLACEMENT_3D('',#4573,#3799,#3800);
#3587=AXIS2_PLACEMENT_3D('',#4577,#3803,#3804);
#3588=AXIS2_PLACEMENT_3D('',#4581,#3807,#3808);
#3589=AXIS2_PLACEMENT_3D('',#4585,#3811,#3812);
#3590=AXIS2_PLACEMENT_3D('',#4589,#3815,#3816);
#3591=AXIS2_PLACEMENT_3D('',#4591,#3818,#3819);
#3592=AXIS2_PLACEMENT_3D('',#4620,#3825,#3826);
#3593=AXIS2_PLACEMENT_3D('',#4660,#3832,#3833);
#3594=AXIS2_PLACEMENT_3D('',#4681,#3837,#3838);
#3595=AXIS2_PLACEMENT_3D('',#4685,#3841,#3842);
#3596=AXIS2_PLACEMENT_3D('',#4689,#3845,#3846);
#3597=AXIS2_PLACEMENT_3D('',#4691,#3848,#3849);
#3598=AXIS2_PLACEMENT_3D('',#4720,#3855,#3856);
#3599=AXIS2_PLACEMENT_3D('',#4760,#3862,#3863);
#3600=AXIS2_PLACEMENT_3D('',#4781,#3867,#3868);
#3601=AXIS2_PLACEMENT_3D('',#4785,#3871,#3872);
#3602=AXIS2_PLACEMENT_3D('',#4789,#3875,#3876);
#3603=AXIS2_PLACEMENT_3D('',#4791,#3878,#3879);
#3604=AXIS2_PLACEMENT_3D('',#5057,#3894,#3895);
#3605=AXIS2_PLACEMENT_3D('',#5197,#3906,#3907);
#3606=AXIS2_PLACEMENT_3D('',#5201,#3910,#3911);
#3607=AXIS2_PLACEMENT_3D('',#5205,#3914,#3915);
#3608=AXIS2_PLACEMENT_3D('',#5207,#3917,#3918);
#3609=AXIS2_PLACEMENT_3D('',#5473,#3933,#3934);
#3610=AXIS2_PLACEMENT_3D('',#5613,#3945,#3946);
#3611=AXIS2_PLACEMENT_3D('',#5617,#3949,#3950);
#3612=AXIS2_PLACEMENT_3D('',#5621,#3953,#3954);
#3613=AXIS2_PLACEMENT_3D('',#5623,#3956,#3957);
#3614=AXIS2_PLACEMENT_3D('',#5648,#3970,#3971);
#3615=AXIS2_PLACEMENT_3D('',#5654,#3975,#3976);
#3616=AXIS2_PLACEMENT_3D('',#5658,#3979,#3980);
#3617=AXIS2_PLACEMENT_3D('',#5662,#3983,#3984);
#3618=AXIS2_PLACEMENT_3D('',#5666,#3987,#3988);
#3619=AXIS2_PLACEMENT_3D('',#5670,#3991,#3992);
#3620=AXIS2_PLACEMENT_3D('',#5674,#3995,#3996);
#3621=AXIS2_PLACEMENT_3D('',#5678,#3999,#4000);
#3622=AXIS2_PLACEMENT_3D('',#5682,#4003,#4004);
#3623=AXIS2_PLACEMENT_3D('',#5686,#4007,#4008);
#3624=AXIS2_PLACEMENT_3D('',#5690,#4011,#4012);
#3625=AXIS2_PLACEMENT_3D('',#5694,#4015,#4016);
#3626=AXIS2_PLACEMENT_3D('',#5696,#4018,#4019);
#3627=AXIS2_PLACEMENT_3D('',#5721,#4032,#4033);
#3628=AXIS2_PLACEMENT_3D('',#5727,#4037,#4038);
#3629=AXIS2_PLACEMENT_3D('',#5731,#4041,#4042);
#3630=AXIS2_PLACEMENT_3D('',#5735,#4045,#4046);
#3631=AXIS2_PLACEMENT_3D('',#5739,#4049,#4050);
#3632=AXIS2_PLACEMENT_3D('',#5743,#4053,#4054);
#3633=AXIS2_PLACEMENT_3D('',#5747,#4057,#4058);
#3634=AXIS2_PLACEMENT_3D('',#5751,#4061,#4062);
#3635=AXIS2_PLACEMENT_3D('',#5755,#4065,#4066);
#3636=AXIS2_PLACEMENT_3D('',#5759,#4069,#4070);
#3637=AXIS2_PLACEMENT_3D('',#5763,#4073,#4074);
#3638=AXIS2_PLACEMENT_3D('',#5767,#4077,#4078);
#3639=AXIS2_PLACEMENT_3D('',#5769,#4080,#4081);
#3640=AXIS2_PLACEMENT_3D('',#5788,#4091,#4092);
#3641=AXIS2_PLACEMENT_3D('',#5794,#4096,#4097);
#3642=AXIS2_PLACEMENT_3D('',#5798,#4100,#4101);
#3643=AXIS2_PLACEMENT_3D('',#5802,#4104,#4105);
#3644=AXIS2_PLACEMENT_3D('',#5806,#4108,#4109);
#3645=AXIS2_PLACEMENT_3D('',#5810,#4112,#4113);
#3646=AXIS2_PLACEMENT_3D('',#5814,#4116,#4117);
#3647=AXIS2_PLACEMENT_3D('',#5818,#4120,#4121);
#3648=AXIS2_PLACEMENT_3D('',#5822,#4124,#4125);
#3649=AXIS2_PLACEMENT_3D('',#5824,#4127,#4128);
#3650=AXIS2_PLACEMENT_3D('',#5843,#4138,#4139);
#3651=AXIS2_PLACEMENT_3D('',#5849,#4143,#4144);
#3652=AXIS2_PLACEMENT_3D('',#5853,#4147,#4148);
#3653=AXIS2_PLACEMENT_3D('',#5857,#4151,#4152);
#3654=AXIS2_PLACEMENT_3D('',#5861,#4155,#4156);
#3655=AXIS2_PLACEMENT_3D('',#5865,#4159,#4160);
#3656=AXIS2_PLACEMENT_3D('',#5869,#4163,#4164);
#3657=AXIS2_PLACEMENT_3D('',#5873,#4167,#4168);
#3658=AXIS2_PLACEMENT_3D('',#5877,#4171,#4172);
#3659=AXIS2_PLACEMENT_3D('',#5879,#4174,#4175);
#3660=AXIS2_PLACEMENT_3D('',#5881,#4176,#4177);
#3661=AXIS2_PLACEMENT_3D('',#5884,#4179,#4180);
#3662=AXIS2_PLACEMENT_3D('',#5885,#4181,#4182);
#3663=AXIS2_PLACEMENT_3D('',#5888,#4184,#4185);
#3664=AXIS2_PLACEMENT_3D('',#5889,#4186,#4187);
#3665=AXIS2_PLACEMENT_3D('',#5890,#4188,#4189);
#3666=AXIS2_PLACEMENT_3D('',#5892,#4190,#4191);
#3667=AXIS2_PLACEMENT_3D('',#5895,#4193,#4194);
#3668=AXIS2_PLACEMENT_3D('',#5896,#4195,#4196);
#3669=AXIS2_PLACEMENT_3D('',#5900,#4198,#4199);
#3670=AXIS2_PLACEMENT_3D('',#5902,#4200,#4201);
#3671=AXIS2_PLACEMENT_3D('',#5904,#4202,#4203);
#3672=AXIS2_PLACEMENT_3D('',#5906,#4204,#4205);
#3673=AXIS2_PLACEMENT_3D('',#5908,#4206,#4207);
#3674=AXIS2_PLACEMENT_3D('',#5910,#4208,#4209);
#3675=AXIS2_PLACEMENT_3D('',#5912,#4210,#4211);
#3676=AXIS2_PLACEMENT_3D('',#5914,#4212,#4213);
#3677=AXIS2_PLACEMENT_3D('',#5916,#4214,#4215);
#3678=AXIS2_PLACEMENT_3D('',#5918,#4216,#4217);
#3679=AXIS2_PLACEMENT_3D('',#5920,#4218,#4219);
#3680=AXIS2_PLACEMENT_3D('',#5922,#4220,#4221);
#3681=AXIS2_PLACEMENT_3D('',#5924,#4222,#4223);
#3682=AXIS2_PLACEMENT_3D('',#5926,#4224,#4225);
#3683=AXIS2_PLACEMENT_3D('',#5928,#4226,#4227);
#3684=AXIS2_PLACEMENT_3D('',#5930,#4228,#4229);
#3685=AXIS2_PLACEMENT_3D('',#5932,#4230,#4231);
#3686=AXIS2_PLACEMENT_3D('',#5934,#4232,#4233);
#3687=AXIS2_PLACEMENT_3D('',#5936,#4234,#4235);
#3688=AXIS2_PLACEMENT_3D('',#5938,#4236,#4237);
#3689=AXIS2_PLACEMENT_3D('',#5940,#4238,#4239);
#3690=AXIS2_PLACEMENT_3D('',#5942,#4240,#4241);
#3691=AXIS2_PLACEMENT_3D('',#5944,#4242,#4243);
#3692=AXIS2_PLACEMENT_3D('',#5946,#4244,#4245);
#3693=AXIS2_PLACEMENT_3D('',#5947,#4246,#4247);
#3694=AXIS2_PLACEMENT_3D('',#5948,#4248,#4249);
#3695=AXIS2_PLACEMENT_3D('',#5949,#4250,#4251);
#3696=AXIS2_PLACEMENT_3D('',#5956,#4255,#4256);
#3697=AXIS2_PLACEMENT_3D('',#5962,#4260,#4261);
#3698=AXIS2_PLACEMENT_3D('',#5969,#4265,#4266);
#3699=AXIS2_PLACEMENT_3D('',#5975,#4270,#4271);
#3700=AXIS2_PLACEMENT_3D('',#5982,#4275,#4276);
#3701=AXIS2_PLACEMENT_3D('',#5988,#4280,#4281);
#3702=AXIS2_PLACEMENT_3D('',#5991,#4284,#4285);
#3703=AXIS2_PLACEMENT_3D('',#5998,#4289,#4290);
#3704=AXIS2_PLACEMENT_3D('',#6004,#4294,#4295);
#3705=AXIS2_PLACEMENT_3D('',#6011,#4299,#4300);
#3706=AXIS2_PLACEMENT_3D('',#6017,#4304,#4305);
#3707=AXIS2_PLACEMENT_3D('',#6020,#4308,#4309);
#3708=AXIS2_PLACEMENT_3D('',#6027,#4313,#4314);
#3709=AXIS2_PLACEMENT_3D('',#6033,#4318,#4319);
#3710=AXIS2_PLACEMENT_3D('',#6040,#4323,#4324);
#3711=AXIS2_PLACEMENT_3D('',#6046,#4328,#4329);
#3712=AXIS2_PLACEMENT_3D('',#6049,#4332,#4333);
#3713=AXIS2_PLACEMENT_3D('',#6056,#4337,#4338);
#3714=AXIS2_PLACEMENT_3D('',#6062,#4342,#4343);
#3715=AXIS2_PLACEMENT_3D('',#6065,#4346,#4347);
#3716=AXIS2_PLACEMENT_3D('',#6068,#4350,#4351);
#3717=AXIS2_PLACEMENT_3D('',#6071,#4354,#4355);
#3718=AXIS2_PLACEMENT_3D('',#6074,#4358,#4359);
#3719=AXIS2_PLACEMENT_3D('',#6077,#4362,#4363);
#3720=AXIS2_PLACEMENT_3D('',#6079,#4365,#4366);
#3721=AXIS2_PLACEMENT_3D('',#6081,#4368,#4369);
#3722=AXIS2_PLACEMENT_3D('',#6083,#4371,#4372);
#3723=AXIS2_PLACEMENT_3D('',#6085,#4374,#4375);
#3724=AXIS2_PLACEMENT_3D('',#6118,#4392,#4393);
#3725=AXIS2_PLACEMENT_3D('',#6126,#4398,#4399);
#3726=AXIS2_PLACEMENT_3D('',#6130,#4402,#4403);
#3727=AXIS2_PLACEMENT_3D('',#6138,#4408,#4409);
#3728=AXIS2_PLACEMENT_3D('',#6140,#4411,#4412);
#3729=AXIS2_PLACEMENT_3D('',#6148,#4417,#4418);
#3730=AXIS2_PLACEMENT_3D('',#6150,#4420,#4421);
#3731=AXIS2_PLACEMENT_3D('',#6158,#4426,#4427);
#3732=AXIS2_PLACEMENT_3D('',#6160,#4429,#4430);
#3733=AXIS2_PLACEMENT_3D('',#6168,#4435,#4436);
#3734=AXIS2_PLACEMENT_3D('',#6170,#4438,#4439);
#3735=AXIS2_PLACEMENT_3D('',#6178,#4444,#4445);
#3736=AXIS2_PLACEMENT_3D('',#6180,#4447,#4448);
#3737=AXIS2_PLACEMENT_3D('',#6188,#4453,#4454);
#3738=AXIS2_PLACEMENT_3D('',#6190,#4456,#4457);
#3739=AXIS2_PLACEMENT_3D('',#6196,#4461,#4462);
#3740=AXIS2_PLACEMENT_3D('',#6198,#4464,#4465);
#3741=AXIS2_PLACEMENT_3D('',#6202,#4469,#4470);
#3742=AXIS2_PLACEMENT_3D('',#6205,#4473,#4474);
#3743=AXIS2_PLACEMENT_3D('',#6208,#4477,#4478);
#3744=AXIS2_PLACEMENT_3D('',#6211,#4481,#4482);
#3745=AXIS2_PLACEMENT_3D('',#6214,#4485,#4486);
#3746=AXIS2_PLACEMENT_3D('',#6217,#4489,#4490);
#3747=AXIS2_PLACEMENT_3D('',#6220,#4493,#4494);
#3748=AXIS2_PLACEMENT_3D('',#6222,#4496,#4497);
#3749=AXIS2_PLACEMENT_3D('',#6223,#4498,#4499);
#3750=AXIS2_PLACEMENT_3D('',#6224,#4500,#4501);
#3751=AXIS2_PLACEMENT_3D('',#6225,#4502,#4503);
#3752=AXIS2_PLACEMENT_3D('',#6226,#4504,#4505);
#3753=AXIS2_PLACEMENT_3D('',#6227,#4506,#4507);
#3754=AXIS2_PLACEMENT_3D('',#6228,#4508,#4509);
#3755=AXIS2_PLACEMENT_3D('',#6229,#4510,#4511);
#3756=AXIS2_PLACEMENT_3D('',#6230,#4512,#4513);
#3757=AXIS2_PLACEMENT_3D('',#6232,#4515,#4516);
#3758=AXIS2_PLACEMENT_3D('',#6234,#4518,#4519);
#3759=AXIS2_PLACEMENT_3D('',#6236,#4521,#4522);
#3760=AXIS2_PLACEMENT_3D('',#6238,#4524,#4525);
#3761=AXIS2_PLACEMENT_3D('',#6239,#4526,#4527);
#3762=DIRECTION('axis',(0.,0.,1.));
#3763=DIRECTION('refdir',(1.,0.,0.));
#3764=DIRECTION('axis',(0.,0.,1.));
#3765=DIRECTION('refdir',(1.,0.,0.));
#3766=DIRECTION('center_axis',(0.,0.,1.));
#3767=DIRECTION('ref_axis',(1.,0.,0.));
#3768=DIRECTION('',(0.,-1.,0.));
#3769=DIRECTION('',(1.,0.,0.));
#3770=DIRECTION('',(-0.630326629273022,-0.77633004606888,0.));
#3771=DIRECTION('',(0.,-1.,0.));
#3772=DIRECTION('',(1.,0.,0.));
#3773=DIRECTION('',(0.,1.,0.));
#3774=DIRECTION('',(-1.,0.,0.));
#3775=DIRECTION('',(0.62926872286602,0.777187798683541,0.));
#3776=DIRECTION('',(0.,1.,0.));
#3777=DIRECTION('',(-1.,0.,0.));
#3778=DIRECTION('center_axis',(-1.,0.,0.));
#3779=DIRECTION('ref_axis',(0.,0.,1.));
#3780=DIRECTION('',(0.,0.,1.));
#3781=DIRECTION('',(0.,-1.,0.));
#3782=DIRECTION('',(0.,0.,1.));
#3783=DIRECTION('center_axis',(0.,-1.,0.));
#3784=DIRECTION('ref_axis',(0.,0.,-1.));
#3785=DIRECTION('',(1.,0.,0.));
#3786=DIRECTION('',(0.,0.,1.));
#3787=DIRECTION('center_axis',(-0.776330046068881,0.630326629273022,0.));
#3788=DIRECTION('ref_axis',(0.,0.,1.));
#3789=DIRECTION('',(-0.630326629273022,-0.776330046068881,0.));
#3790=DIRECTION('',(0.,0.,1.));
#3791=DIRECTION('center_axis',(-1.,0.,0.));
#3792=DIRECTION('ref_axis',(0.,0.,1.));
#3793=DIRECTION('',(0.,-1.,0.));
#3794=DIRECTION('',(0.,0.,1.));
#3795=DIRECTION('center_axis',(0.,-1.,0.));
#3796=DIRECTION('ref_axis',(0.,0.,-1.));
#3797=DIRECTION('',(1.,0.,0.));
#3798=DIRECTION('',(0.,0.,1.));
#3799=DIRECTION('center_axis',(1.,0.,0.));
#3800=DIRECTION('ref_axis',(0.,0.,-1.));
#3801=DIRECTION('',(0.,1.,0.));
#3802=DIRECTION('',(0.,0.,1.));
#3803=DIRECTION('center_axis',(0.,1.,0.));
#3804=DIRECTION('ref_axis',(0.,0.,1.));
#3805=DIRECTION('',(-1.,0.,0.));
#3806=DIRECTION('',(0.,0.,1.));
#3807=DIRECTION('center_axis',(0.777187798683541,-0.62926872286602,0.));
#3808=DIRECTION('ref_axis',(0.,0.,-1.));
#3809=DIRECTION('',(0.62926872286602,0.777187798683541,0.));
#3810=DIRECTION('',(0.,0.,1.));
#3811=DIRECTION('center_axis',(1.,0.,0.));
#3812=DIRECTION('ref_axis',(0.,0.,-1.));
#3813=DIRECTION('',(0.,1.,0.));
#3814=DIRECTION('',(0.,0.,1.));
#3815=DIRECTION('center_axis',(0.,1.,0.));
#3816=DIRECTION('ref_axis',(0.,0.,1.));
#3817=DIRECTION('',(-1.,0.,0.));
#3818=DIRECTION('center_axis',(0.,0.,1.));
#3819=DIRECTION('ref_axis',(1.,0.,0.));
#3820=DIRECTION('',(1.,0.,0.));
#3821=DIRECTION('',(0.,1.,0.));
#3822=DIRECTION('',(0.,1.,0.));
#3823=DIRECTION('',(-1.,0.,0.));
#3824=DIRECTION('',(0.,-1.,0.));
#3825=DIRECTION('center_axis',(0.,-1.,0.));
#3826=DIRECTION('ref_axis',(0.,0.,-1.));
#3827=DIRECTION('',(0.,0.,1.));
#3828=DIRECTION('',(1.,0.,0.));
#3829=DIRECTION('',(0.,0.,1.));
#3830=DIRECTION('',(0.,0.,1.));
#3831=DIRECTION('',(0.,0.,1.));
#3832=DIRECTION('center_axis',(1.,0.,0.));
#3833=DIRECTION('ref_axis',(0.,0.,-1.));
#3834=DIRECTION('',(0.,1.,0.));
#3835=DIRECTION('',(0.,0.,1.));
#3836=DIRECTION('',(0.,0.,1.));
#3837=DIRECTION('center_axis',(1.,0.,0.));
#3838=DIRECTION('ref_axis',(0.,0.,-1.));
#3839=DIRECTION('',(0.,1.,0.));
#3840=DIRECTION('',(0.,0.,1.));
#3841=DIRECTION('center_axis',(0.,1.,0.));
#3842=DIRECTION('ref_axis',(0.,0.,1.));
#3843=DIRECTION('',(-1.,0.,0.));
#3844=DIRECTION('',(0.,0.,1.));
#3845=DIRECTION('center_axis',(-1.,0.,0.));
#3846=DIRECTION('ref_axis',(0.,0.,1.));
#3847=DIRECTION('',(0.,-1.,0.));
#3848=DIRECTION('center_axis',(0.,0.,1.));
#3849=DIRECTION('ref_axis',(1.,0.,0.));
#3850=DIRECTION('',(1.,0.,0.));
#3851=DIRECTION('',(0.,1.,0.));
#3852=DIRECTION('',(0.,1.,0.));
#3853=DIRECTION('',(-1.,0.,0.));
#3854=DIRECTION('',(0.,-1.,0.));
#3855=DIRECTION('center_axis',(0.,-1.,0.));
#3856=DIRECTION('ref_axis',(0.,0.,-1.));
#3857=DIRECTION('',(0.,0.,1.));
#3858=DIRECTION('',(1.,0.,0.));
#3859=DIRECTION('',(0.,0.,1.));
#3860=DIRECTION('',(0.,0.,1.));
#3861=DIRECTION('',(0.,0.,1.));
#3862=DIRECTION('center_axis',(1.,0.,0.));
#3863=DIRECTION('ref_axis',(0.,0.,-1.));
#3864=DIRECTION('',(0.,1.,0.));
#3865=DIRECTION('',(0.,0.,1.));
#3866=DIRECTION('',(0.,0.,1.));
#3867=DIRECTION('center_axis',(1.,0.,0.));
#3868=DIRECTION('ref_axis',(0.,0.,-1.));
#3869=DIRECTION('',(0.,1.,0.));
#3870=DIRECTION('',(0.,0.,1.));
#3871=DIRECTION('center_axis',(0.,1.,0.));
#3872=DIRECTION('ref_axis',(0.,0.,1.));
#3873=DIRECTION('',(-1.,0.,0.));
#3874=DIRECTION('',(0.,0.,1.));
#3875=DIRECTION('center_axis',(-1.,0.,0.));
#3876=DIRECTION('ref_axis',(0.,0.,1.));
#3877=DIRECTION('',(0.,-1.,0.));
#3878=DIRECTION('center_axis',(0.,0.,1.));
#3879=DIRECTION('ref_axis',(1.,0.,0.));
#3880=DIRECTION('',(-0.995037171543387,0.0995039056868407,0.));
#3881=DIRECTION('',(-1.,0.,0.));
#3882=DIRECTION('',(0.,-1.,0.));
#3883=DIRECTION('',(1.,0.,0.));
#3884=DIRECTION('',(0.,0.,1.));
#3885=DIRECTION('',(0.,0.,1.));
#3886=DIRECTION('',(0.,0.,1.));
#3887=DIRECTION('',(0.,0.,1.));
#3888=DIRECTION('',(0.,0.,1.));
#3889=DIRECTION('',(0.,0.,1.));
#3890=DIRECTION('',(0.,0.,1.));
#3891=DIRECTION('',(0.,0.,1.));
#3892=DIRECTION('',(0.,0.,1.));
#3893=DIRECTION('',(0.,0.,1.));
#3894=DIRECTION('center_axis',(0.0995039056868407,0.995037171543387,0.));
#3895=DIRECTION('ref_axis',(0.,0.,1.));
#3896=DIRECTION('',(-0.995037171543387,0.0995039056868407,0.));
#3897=DIRECTION('',(0.,0.,1.));
#3898=DIRECTION('',(0.,0.,1.));
#3899=DIRECTION('',(0.,0.,1.));
#3900=DIRECTION('',(0.,0.,1.));
#3901=DIRECTION('',(0.,0.,1.));
#3902=DIRECTION('',(0.,0.,1.));
#3903=DIRECTION('',(0.,0.,1.));
#3904=DIRECTION('',(0.,0.,1.));
#3905=DIRECTION('',(0.,0.,1.));
#3906=DIRECTION('center_axis',(0.,1.,0.));
#3907=DIRECTION('ref_axis',(0.,0.,1.));
#3908=DIRECTION('',(-1.,0.,0.));
#3909=DIRECTION('',(0.,0.,1.));
#3910=DIRECTION('center_axis',(-1.,0.,0.));
#3911=DIRECTION('ref_axis',(0.,0.,1.));
#3912=DIRECTION('',(0.,-1.,0.));
#3913=DIRECTION('',(0.,0.,1.));
#3914=DIRECTION('center_axis',(0.,-1.,0.));
#3915=DIRECTION('ref_axis',(0.,0.,-1.));
#3916=DIRECTION('',(1.,0.,0.));
#3917=DIRECTION('center_axis',(0.,0.,1.));
#3918=DIRECTION('ref_axis',(1.,0.,0.));
#3919=DIRECTION('',(-0.995037171543387,0.0995039056868407,0.));
#3920=DIRECTION('',(-1.,0.,0.));
#3921=DIRECTION('',(0.,-1.,0.));
#3922=DIRECTION('',(1.,0.,0.));
#3923=DIRECTION('',(0.,0.,1.));
#3924=DIRECTION('',(0.,0.,1.));
#3925=DIRECTION('',(0.,0.,1.));
#3926=DIRECTION('',(0.,0.,1.));
#3927=DIRECTION('',(0.,0.,1.));
#3928=DIRECTION('',(0.,0.,1.));
#3929=DIRECTION('',(0.,0.,1.));
#3930=DIRECTION('',(0.,0.,1.));
#3931=DIRECTION('',(0.,0.,1.));
#3932=DIRECTION('',(0.,0.,1.));
#3933=DIRECTION('center_axis',(0.0995039056868407,0.995037171543387,0.));
#3934=DIRECTION('ref_axis',(0.,0.,1.));
#3935=DIRECTION('',(-0.995037171543387,0.0995039056868407,0.));
#3936=DIRECTION('',(0.,0.,1.));
#3937=DIRECTION('',(0.,0.,1.));
#3938=DIRECTION('',(0.,0.,1.));
#3939=DIRECTION('',(0.,0.,1.));
#3940=DIRECTION('',(0.,0.,1.));
#3941=DIRECTION('',(0.,0.,1.));
#3942=DIRECTION('',(0.,0.,1.));
#3943=DIRECTION('',(0.,0.,1.));
#3944=DIRECTION('',(0.,0.,1.));
#3945=DIRECTION('center_axis',(0.,1.,0.));
#3946=DIRECTION('ref_axis',(0.,0.,1.));
#3947=DIRECTION('',(-1.,0.,0.));
#3948=DIRECTION('',(0.,0.,1.));
#3949=DIRECTION('center_axis',(-1.,0.,0.));
#3950=DIRECTION('ref_axis',(0.,0.,1.));
#3951=DIRECTION('',(0.,-1.,0.));
#3952=DIRECTION('',(0.,0.,1.));
#3953=DIRECTION('center_axis',(0.,-1.,0.));
#3954=DIRECTION('ref_axis',(0.,0.,-1.));
#3955=DIRECTION('',(1.,0.,0.));
#3956=DIRECTION('center_axis',(0.,0.,-1.));
#3957=DIRECTION('ref_axis',(-1.,0.,0.));
#3958=DIRECTION('',(0.540841396830154,-0.8411245945012,0.));
#3959=DIRECTION('',(1.,1.9648936289286E-15,0.));
#3960=DIRECTION('',(-0.547867902923252,0.83656485758516,0.));
#3961=DIRECTION('',(0.543598723725853,0.839345237410461,0.));
#3962=DIRECTION('',(-1.,-1.68000303164465E-15,0.));
#3963=DIRECTION('',(-0.529513169477517,-0.848301717167822,0.));
#3964=DIRECTION('',(-0.521669743381526,0.853147512942664,0.));
#3965=DIRECTION('',(-1.,-1.69469726124687E-15,0.));
#3966=DIRECTION('',(0.53932213308374,-0.842099540889321,0.));
#3967=DIRECTION('',(-0.553424888236186,-0.832899089374436,0.));
#3968=DIRECTION('',(1.,1.95388643540032E-15,0.));
#3969=DIRECTION('',(0.539666212661768,0.841879076180958,0.));
#3970=DIRECTION('center_axis',(-0.8411245945012,-0.540841396830154,0.));
#3971=DIRECTION('ref_axis',(0.,0.,1.));
#3972=DIRECTION('',(0.,0.,1.));
#3973=DIRECTION('',(-0.540841396830154,0.8411245945012,0.));
#3974=DIRECTION('',(0.,0.,1.));
#3975=DIRECTION('center_axis',(0.841879076180958,-0.539666212661768,0.));
#3976=DIRECTION('ref_axis',(0.,0.,-1.));
#3977=DIRECTION('',(0.,0.,1.));
#3978=DIRECTION('',(-0.539666212661768,-0.841879076180958,0.));
#3979=DIRECTION('center_axis',(1.95388643540032E-15,-1.,0.));
#3980=DIRECTION('ref_axis',(0.,0.,1.));
#3981=DIRECTION('',(0.,0.,1.));
#3982=DIRECTION('',(-1.,-1.95388643540032E-15,0.));
#3983=DIRECTION('center_axis',(-0.832899089374436,0.553424888236186,0.));
#3984=DIRECTION('ref_axis',(0.,0.,1.));
#3985=DIRECTION('',(0.,0.,1.));
#3986=DIRECTION('',(0.553424888236186,0.832899089374436,0.));
#3987=DIRECTION('center_axis',(-0.842099540889321,-0.53932213308374,0.));
#3988=DIRECTION('ref_axis',(0.,0.,1.));
#3989=DIRECTION('',(0.,0.,1.));
#3990=DIRECTION('',(-0.53932213308374,0.842099540889321,0.));
#3991=DIRECTION('center_axis',(-1.69469726124687E-15,1.,0.));
#3992=DIRECTION('ref_axis',(0.,0.,-1.));
#3993=DIRECTION('',(0.,0.,1.));
#3994=DIRECTION('',(1.,1.69469726124687E-15,0.));
#3995=DIRECTION('center_axis',(0.853147512942664,0.521669743381526,0.));
#3996=DIRECTION('ref_axis',(0.,0.,-1.));
#3997=DIRECTION('',(0.,0.,1.));
#3998=DIRECTION('',(0.521669743381526,-0.853147512942664,0.));
#3999=DIRECTION('center_axis',(-0.848301717167822,0.529513169477517,0.));
#4000=DIRECTION('ref_axis',(0.,0.,1.));
#4001=DIRECTION('',(0.,0.,1.));
#4002=DIRECTION('',(0.529513169477517,0.848301717167822,0.));
#4003=DIRECTION('center_axis',(-1.68000303164465E-15,1.,0.));
#4004=DIRECTION('ref_axis',(0.,0.,-1.));
#4005=DIRECTION('',(0.,0.,1.));
#4006=DIRECTION('',(1.,1.68000303164465E-15,0.));
#4007=DIRECTION('center_axis',(0.839345237410461,-0.543598723725853,0.));
#4008=DIRECTION('ref_axis',(0.,0.,-1.));
#4009=DIRECTION('',(0.,0.,1.));
#4010=DIRECTION('',(-0.543598723725853,-0.839345237410461,0.));
#4011=DIRECTION('center_axis',(0.83656485758516,0.547867902923252,0.));
#4012=DIRECTION('ref_axis',(0.,0.,-1.));
#4013=DIRECTION('',(0.,0.,1.));
#4014=DIRECTION('',(0.547867902923252,-0.83656485758516,0.));
#4015=DIRECTION('center_axis',(1.9648936289286E-15,-1.,0.));
#4016=DIRECTION('ref_axis',(0.,0.,1.));
#4017=DIRECTION('',(-1.,-1.9648936289286E-15,0.));
#4018=DIRECTION('center_axis',(0.,0.,1.));
#4019=DIRECTION('ref_axis',(1.,0.,0.));
#4020=DIRECTION('',(-0.540841396830154,-0.8411245945012,0.));
#4021=DIRECTION('',(-0.539666212661768,0.841879076180958,0.));
#4022=DIRECTION('',(-1.,1.95388643540032E-15,0.));
#4023=DIRECTION('',(0.553424888236186,-0.832899089374436,0.));
#4024=DIRECTION('',(-0.53932213308374,-0.842099540889321,0.));
#4025=DIRECTION('',(1.,-1.69469726124687E-15,0.));
#4026=DIRECTION('',(0.521669743381526,0.853147512942664,0.));
#4027=DIRECTION('',(0.529513169477517,-0.848301717167822,0.));
#4028=DIRECTION('',(1.,-1.68000303164465E-15,0.));
#4029=DIRECTION('',(-0.543598723725853,0.839345237410461,0.));
#4030=DIRECTION('',(0.547867902923252,0.83656485758516,0.));
#4031=DIRECTION('',(-1.,1.9648936289286E-15,0.));
#4032=DIRECTION('center_axis',(-0.8411245945012,0.540841396830154,0.));
#4033=DIRECTION('ref_axis',(0.,0.,1.));
#4034=DIRECTION('',(0.,0.,1.));
#4035=DIRECTION('',(-0.540841396830154,-0.8411245945012,0.));
#4036=DIRECTION('',(0.,0.,1.));
#4037=DIRECTION('center_axis',(0.841879076180958,0.539666212661768,0.));
#4038=DIRECTION('ref_axis',(0.,0.,-1.));
#4039=DIRECTION('',(-0.539666212661768,0.841879076180958,0.));
#4040=DIRECTION('',(0.,0.,1.));
#4041=DIRECTION('center_axis',(1.95388643540032E-15,1.,0.));
#4042=DIRECTION('ref_axis',(0.,0.,1.));
#4043=DIRECTION('',(-1.,1.95388643540032E-15,0.));
#4044=DIRECTION('',(0.,0.,1.));
#4045=DIRECTION('center_axis',(-0.832899089374436,-0.553424888236186,0.));
#4046=DIRECTION('ref_axis',(0.,0.,1.));
#4047=DIRECTION('',(0.553424888236186,-0.832899089374436,0.));
#4048=DIRECTION('',(0.,0.,1.));
#4049=DIRECTION('center_axis',(-0.842099540889321,0.53932213308374,0.));
#4050=DIRECTION('ref_axis',(0.,0.,1.));
#4051=DIRECTION('',(-0.53932213308374,-0.842099540889321,0.));
#4052=DIRECTION('',(0.,0.,1.));
#4053=DIRECTION('center_axis',(-1.69469726124687E-15,-1.,0.));
#4054=DIRECTION('ref_axis',(0.,0.,-1.));
#4055=DIRECTION('',(1.,-1.69469726124687E-15,0.));
#4056=DIRECTION('',(0.,0.,1.));
#4057=DIRECTION('center_axis',(0.853147512942664,-0.521669743381526,0.));
#4058=DIRECTION('ref_axis',(0.,0.,-1.));
#4059=DIRECTION('',(0.521669743381526,0.853147512942664,0.));
#4060=DIRECTION('',(0.,0.,1.));
#4061=DIRECTION('center_axis',(-0.848301717167822,-0.529513169477517,0.));
#4062=DIRECTION('ref_axis',(0.,0.,1.));
#4063=DIRECTION('',(0.529513169477517,-0.848301717167822,0.));
#4064=DIRECTION('',(0.,0.,1.));
#4065=DIRECTION('center_axis',(-1.68000303164465E-15,-1.,0.));
#4066=DIRECTION('ref_axis',(0.,0.,-1.));
#4067=DIRECTION('',(1.,-1.68000303164465E-15,0.));
#4068=DIRECTION('',(0.,0.,1.));
#4069=DIRECTION('center_axis',(0.839345237410461,0.543598723725853,0.));
#4070=DIRECTION('ref_axis',(0.,0.,-1.));
#4071=DIRECTION('',(-0.543598723725853,0.839345237410461,0.));
#4072=DIRECTION('',(0.,0.,1.));
#4073=DIRECTION('center_axis',(0.83656485758516,-0.547867902923252,0.));
#4074=DIRECTION('ref_axis',(0.,0.,-1.));
#4075=DIRECTION('',(0.547867902923252,0.83656485758516,0.));
#4076=DIRECTION('',(0.,0.,1.));
#4077=DIRECTION('center_axis',(1.9648936289286E-15,1.,0.));
#4078=DIRECTION('ref_axis',(0.,0.,1.));
#4079=DIRECTION('',(-1.,1.9648936289286E-15,0.));
#4080=DIRECTION('center_axis',(0.,0.,1.));
#4081=DIRECTION('ref_axis',(1.,0.,0.));
#4082=DIRECTION('',(-7.08879424723857E-16,-1.,0.));
#4083=DIRECTION('',(-0.535075630748951,-0.84480416037009,0.));
#4084=DIRECTION('',(1.,0.,0.));
#4085=DIRECTION('',(0.503500425362499,0.863994977797778,0.));
#4086=DIRECTION('',(0.511223304876063,-0.859447923117856,0.));
#4087=DIRECTION('',(1.,0.,0.));
#4088=DIRECTION('',(-0.534554611030062,0.845133934844945,0.));
#4089=DIRECTION('',(7.06581583511229E-16,1.,0.));
#4090=DIRECTION('',(-1.,0.,0.));
#4091=DIRECTION('center_axis',(-1.,7.08879424723857E-16,0.));
#4092=DIRECTION('ref_axis',(0.,0.,1.));
#4093=DIRECTION('',(0.,0.,1.));
#4094=DIRECTION('',(-7.08879424723857E-16,-1.,0.));
#4095=DIRECTION('',(0.,0.,1.));
#4096=DIRECTION('center_axis',(-0.84480416037009,0.535075630748951,0.));
#4097=DIRECTION('ref_axis',(0.,0.,1.));
#4098=DIRECTION('',(-0.535075630748951,-0.84480416037009,0.));
#4099=DIRECTION('',(0.,0.,1.));
#4100=DIRECTION('center_axis',(0.,-1.,0.));
#4101=DIRECTION('ref_axis',(0.,0.,-1.));
#4102=DIRECTION('',(1.,0.,0.));
#4103=DIRECTION('',(0.,0.,1.));
#4104=DIRECTION('center_axis',(0.863994977797778,-0.503500425362499,0.));
#4105=DIRECTION('ref_axis',(0.,0.,-1.));
#4106=DIRECTION('',(0.503500425362499,0.863994977797778,0.));
#4107=DIRECTION('',(0.,0.,1.));
#4108=DIRECTION('center_axis',(-0.859447923117856,-0.511223304876063,0.));
#4109=DIRECTION('ref_axis',(0.,0.,1.));
#4110=DIRECTION('',(0.511223304876063,-0.859447923117856,0.));
#4111=DIRECTION('',(0.,0.,1.));
#4112=DIRECTION('center_axis',(0.,-1.,0.));
#4113=DIRECTION('ref_axis',(0.,0.,-1.));
#4114=DIRECTION('',(1.,0.,0.));
#4115=DIRECTION('',(0.,0.,1.));
#4116=DIRECTION('center_axis',(0.845133934844945,0.534554611030062,0.));
#4117=DIRECTION('ref_axis',(0.,0.,-1.));
#4118=DIRECTION('',(-0.534554611030062,0.845133934844945,0.));
#4119=DIRECTION('',(0.,0.,1.));
#4120=DIRECTION('center_axis',(1.,-7.06581583511229E-16,0.));
#4121=DIRECTION('ref_axis',(0.,0.,-1.));
#4122=DIRECTION('',(7.06581583511229E-16,1.,0.));
#4123=DIRECTION('',(0.,0.,1.));
#4124=DIRECTION('center_axis',(0.,1.,0.));
#4125=DIRECTION('ref_axis',(0.,0.,1.));
#4126=DIRECTION('',(-1.,0.,0.));
#4127=DIRECTION('center_axis',(0.,0.,1.));
#4128=DIRECTION('ref_axis',(1.,0.,0.));
#4129=DIRECTION('',(-7.08879424723857E-16,-1.,0.));
#4130=DIRECTION('',(-0.535075630748951,-0.84480416037009,0.));
#4131=DIRECTION('',(1.,0.,0.));
#4132=DIRECTION('',(0.503500425362499,0.863994977797778,0.));
#4133=DIRECTION('',(0.511223304876063,-0.859447923117856,0.));
#4134=DIRECTION('',(1.,0.,0.));
#4135=DIRECTION('',(-0.534554611030062,0.845133934844945,0.));
#4136=DIRECTION('',(7.06581583511229E-16,1.,0.));
#4137=DIRECTION('',(-1.,0.,0.));
#4138=DIRECTION('center_axis',(-1.,7.08879424723857E-16,0.));
#4139=DIRECTION('ref_axis',(0.,0.,1.));
#4140=DIRECTION('',(0.,0.,1.));
#4141=DIRECTION('',(-7.08879424723857E-16,-1.,0.));
#4142=DIRECTION('',(0.,0.,1.));
#4143=DIRECTION('center_axis',(-0.84480416037009,0.535075630748951,0.));
#4144=DIRECTION('ref_axis',(0.,0.,1.));
#4145=DIRECTION('',(-0.535075630748951,-0.84480416037009,0.));
#4146=DIRECTION('',(0.,0.,1.));
#4147=DIRECTION('center_axis',(0.,-1.,0.));
#4148=DIRECTION('ref_axis',(0.,0.,-1.));
#4149=DIRECTION('',(1.,0.,0.));
#4150=DIRECTION('',(0.,0.,1.));
#4151=DIRECTION('center_axis',(0.863994977797778,-0.503500425362499,0.));
#4152=DIRECTION('ref_axis',(0.,0.,-1.));
#4153=DIRECTION('',(0.503500425362499,0.863994977797778,0.));
#4154=DIRECTION('',(0.,0.,1.));
#4155=DIRECTION('center_axis',(-0.859447923117856,-0.511223304876063,0.));
#4156=DIRECTION('ref_axis',(0.,0.,1.));
#4157=DIRECTION('',(0.511223304876063,-0.859447923117856,0.));
#4158=DIRECTION('',(0.,0.,1.));
#4159=DIRECTION('center_axis',(0.,-1.,0.));
#4160=DIRECTION('ref_axis',(0.,0.,-1.));
#4161=DIRECTION('',(1.,0.,0.));
#4162=DIRECTION('',(0.,0.,1.));
#4163=DIRECTION('center_axis',(0.845133934844945,0.534554611030062,0.));
#4164=DIRECTION('ref_axis',(0.,0.,-1.));
#4165=DIRECTION('',(-0.534554611030062,0.845133934844945,0.));
#4166=DIRECTION('',(0.,0.,1.));
#4167=DIRECTION('center_axis',(1.,-7.06581583511229E-16,0.));
#4168=DIRECTION('ref_axis',(0.,0.,-1.));
#4169=DIRECTION('',(7.06581583511229E-16,1.,0.));
#4170=DIRECTION('',(0.,0.,1.));
#4171=DIRECTION('center_axis',(0.,1.,0.));
#4172=DIRECTION('ref_axis',(0.,0.,1.));
#4173=DIRECTION('',(-1.,0.,0.));
#4174=DIRECTION('center_axis',(0.,0.,-1.));
#4175=DIRECTION('ref_axis',(1.,0.,0.));
#4176=DIRECTION('center_axis',(0.,0.,-1.));
#4177=DIRECTION('ref_axis',(1.,0.,0.));
#4178=DIRECTION('',(-0.707106781186547,-8.65956056235493E-17,-0.707106781186547));
#4179=DIRECTION('center_axis',(0.,0.,1.));
#4180=DIRECTION('ref_axis',(1.,0.,0.));
#4181=DIRECTION('center_axis',(0.,0.,1.));
#4182=DIRECTION('ref_axis',(1.,0.,0.));
#4183=DIRECTION('',(0.,0.,-1.));
#4184=DIRECTION('center_axis',(0.,0.,-1.));
#4185=DIRECTION('ref_axis',(1.,0.,0.));
#4186=DIRECTION('center_axis',(0.,0.,1.));
#4187=DIRECTION('ref_axis',(1.,0.,0.));
#4188=DIRECTION('center_axis',(0.,0.,-1.));
#4189=DIRECTION('ref_axis',(1.,0.,0.));
#4190=DIRECTION('center_axis',(0.,0.,-1.));
#4191=DIRECTION('ref_axis',(1.,0.,0.));
#4192=DIRECTION('',(-0.707106781186548,-8.65956056235493E-17,-0.707106781186548));
#4193=DIRECTION('center_axis',(0.,0.,1.));
#4194=DIRECTION('ref_axis',(1.,0.,0.));
#4195=DIRECTION('center_axis',(0.,0.,1.));
#4196=DIRECTION('ref_axis',(1.,0.,0.));
#4197=DIRECTION('',(0.,0.,-1.));
#4198=DIRECTION('center_axis',(0.,0.,-1.));
#4199=DIRECTION('ref_axis',(1.,0.,0.));
#4200=DIRECTION('center_axis',(-0.707106781186548,1.89526925396704E-16,
-0.707106781186548));
#4201=DIRECTION('ref_axis',(0.707106781186547,0.,-0.707106781186547));
#4202=DIRECTION('center_axis',(-0.5,-0.5,-0.707106781186547));
#4203=DIRECTION('ref_axis',(0.5,0.5,-0.707106781186548));
#4204=DIRECTION('center_axis',(0.,0.,-1.));
#4205=DIRECTION('ref_axis',(1.,0.,0.));
#4206=DIRECTION('center_axis',(-0.5,-0.5,-0.707106781186547));
#4207=DIRECTION('ref_axis',(0.5,0.5,-0.707106781186548));
#4208=DIRECTION('center_axis',(-1.89526925396704E-16,-0.707106781186548,
-0.707106781186548));
#4209=DIRECTION('ref_axis',(0.,0.707106781186547,-0.707106781186547));
#4210=DIRECTION('center_axis',(0.,0.,-1.));
#4211=DIRECTION('ref_axis',(1.,0.,0.));
#4212=DIRECTION('center_axis',(-1.89526925396704E-16,-0.707106781186548,
-0.707106781186548));
#4213=DIRECTION('ref_axis',(0.,0.707106781186547,-0.707106781186547));
#4214=DIRECTION('center_axis',(0.5,-0.5,-0.707106781186547));
#4215=DIRECTION('ref_axis',(0.5,-0.5,0.707106781186548));
#4216=DIRECTION('center_axis',(0.,0.,-1.));
#4217=DIRECTION('ref_axis',(1.,0.,0.));
#4218=DIRECTION('center_axis',(0.5,-0.5,-0.707106781186547));
#4219=DIRECTION('ref_axis',(0.5,-0.5,0.707106781186548));
#4220=DIRECTION('center_axis',(0.707106781186548,-1.89526925396704E-16,
-0.707106781186548));
#4221=DIRECTION('ref_axis',(0.707106781186547,0.,0.707106781186547));
#4222=DIRECTION('center_axis',(0.,0.,-1.));
#4223=DIRECTION('ref_axis',(1.,0.,0.));
#4224=DIRECTION('center_axis',(0.707106781186548,-1.89526925396704E-16,
-0.707106781186548));
#4225=DIRECTION('ref_axis',(0.707106781186547,0.,0.707106781186547));
#4226=DIRECTION('center_axis',(0.5,0.5,-0.707106781186547));
#4227=DIRECTION('ref_axis',(0.5,0.5,0.707106781186548));
#4228=DIRECTION('center_axis',(0.,0.,-1.));
#4229=DIRECTION('ref_axis',(1.,0.,0.));
#4230=DIRECTION('center_axis',(0.5,0.5,-0.707106781186547));
#4231=DIRECTION('ref_axis',(0.5,0.5,0.707106781186548));
#4232=DIRECTION('center_axis',(1.89526925396704E-16,0.707106781186548,-0.707106781186548));
#4233=DIRECTION('ref_axis',(0.,0.707106781186547,0.707106781186547));
#4234=DIRECTION('center_axis',(0.,0.,-1.));
#4235=DIRECTION('ref_axis',(1.,0.,0.));
#4236=DIRECTION('center_axis',(1.89526925396704E-16,0.707106781186548,-0.707106781186548));
#4237=DIRECTION('ref_axis',(0.,0.707106781186547,0.707106781186547));
#4238=DIRECTION('center_axis',(-0.5,0.5,-0.707106781186547));
#4239=DIRECTION('ref_axis',(0.5,-0.5,-0.707106781186548));
#4240=DIRECTION('center_axis',(0.,0.,-1.));
#4241=DIRECTION('ref_axis',(1.,0.,0.));
#4242=DIRECTION('center_axis',(-0.5,0.5,-0.707106781186547));
#4243=DIRECTION('ref_axis',(0.5,-0.5,-0.707106781186548));
#4244=DIRECTION('center_axis',(-0.707106781186548,1.89526925396704E-16,
-0.707106781186548));
#4245=DIRECTION('ref_axis',(0.707106781186547,0.,-0.707106781186547));
#4246=DIRECTION('center_axis',(0.,0.,-1.));
#4247=DIRECTION('ref_axis',(1.,0.,0.));
#4248=DIRECTION('center_axis',(0.,0.,1.));
#4249=DIRECTION('ref_axis',(1.,0.,0.));
#4250=DIRECTION('center_axis',(-0.313549377219837,0.756975158957759,0.573302186256016));
#4251=DIRECTION('ref_axis',(0.877355197961357,0.,0.479841491130339));
#4252=DIRECTION('',(-0.382683432365088,-0.653281482438188,0.65328148243819));
#4253=DIRECTION('',(0.923879532511285,0.382683432365093,0.));
#4254=DIRECTION('',(-0.732537816328745,0.191341716182537,-0.653281482438187));
#4255=DIRECTION('center_axis',(-0.382683432365093,0.923879532511285,0.));
#4256=DIRECTION('ref_axis',(0.,0.,1.));
#4257=DIRECTION('',(-0.923879532511285,-0.382683432365093,0.));
#4258=DIRECTION('',(0.,0.,1.));
#4259=DIRECTION('',(0.,0.,-1.));
#4260=DIRECTION('center_axis',(-0.756975158957759,0.313549377219835,0.573302186256017));
#4261=DIRECTION('ref_axis',(0.603748055220391,0.,0.797175191421306));
#4262=DIRECTION('',(0.191341716182547,-0.73253781632874,0.65328148243819));
#4263=DIRECTION('',(0.382683432365092,0.923879532511286,0.));
#4264=DIRECTION('',(-0.653281482438188,-0.382683432365091,-0.653281482438188));
#4265=DIRECTION('center_axis',(-0.923879532511286,0.382683432365092,0.));
#4266=DIRECTION('ref_axis',(0.,0.,1.));
#4267=DIRECTION('',(-0.382683432365092,-0.923879532511286,0.));
#4268=DIRECTION('',(0.,0.,1.));
#4269=DIRECTION('',(0.,0.,-1.));
#4270=DIRECTION('center_axis',(0.313549377219835,0.756975158957759,0.573302186256017));
#4271=DIRECTION('ref_axis',(0.877355197961359,0.,-0.479841491130336));
#4272=DIRECTION('',(-0.732537816328744,-0.19134171618254,0.653281482438188));
#4273=DIRECTION('',(0.923879532511286,-0.382683432365091,0.));
#4274=DIRECTION('',(-0.382683432365087,0.653281482438188,-0.65328148243819));
#4275=DIRECTION('center_axis',(0.382683432365091,0.923879532511286,0.));
#4276=DIRECTION('ref_axis',(0.,0.,1.));
#4277=DIRECTION('',(-0.923879532511286,0.382683432365091,0.));
#4278=DIRECTION('',(0.,0.,1.));
#4279=DIRECTION('',(0.,0.,-1.));
#4280=DIRECTION('center_axis',(1.26351283597803E-16,0.707106781186549,0.707106781186546));
#4281=DIRECTION('ref_axis',(1.,0.,-1.78687698887263E-16));
#4282=DIRECTION('',(1.,-1.78687698887262E-16,0.));
#4283=DIRECTION('',(-1.,1.78687698887262E-16,0.));
#4284=DIRECTION('center_axis',(-0.756975158957759,-0.313549377219833,0.573302186256019));
#4285=DIRECTION('ref_axis',(0.603748055220393,0.,0.797175191421305));
#4286=DIRECTION('',(0.653281482438189,-0.38268343236509,0.653281482438188));
#4287=DIRECTION('',(-0.382683432365089,0.923879532511287,0.));
#4288=DIRECTION('',(-0.191341716182546,-0.732537816328741,-0.653281482438188));
#4289=DIRECTION('center_axis',(-0.923879532511287,-0.382683432365089,0.));
#4290=DIRECTION('ref_axis',(0.,0.,1.));
#4291=DIRECTION('',(0.382683432365089,-0.923879532511287,0.));
#4292=DIRECTION('',(0.,0.,1.));
#4293=DIRECTION('',(0.,0.,-1.));
#4294=DIRECTION('center_axis',(0.75697515895776,0.313549377219832,0.573302186256018));
#4295=DIRECTION('ref_axis',(0.603748055220391,0.,-0.797175191421306));
#4296=DIRECTION('',(-0.653281482438187,0.382683432365095,0.653281482438187));
#4297=DIRECTION('',(0.382683432365088,-0.923879532511287,0.));
#4298=DIRECTION('',(0.191341716182547,0.73253781632874,-0.65328148243819));
#4299=DIRECTION('center_axis',(0.923879532511287,0.382683432365088,0.));
#4300=DIRECTION('ref_axis',(0.,0.,-1.));
#4301=DIRECTION('',(-0.382683432365088,0.923879532511287,0.));
#4302=DIRECTION('',(0.,0.,1.));
#4303=DIRECTION('',(0.,0.,-1.));
#4304=DIRECTION('center_axis',(0.5,0.5,0.707106781186547));
#4305=DIRECTION('ref_axis',(0.816496580927726,0.,-0.577350269189626));
#4306=DIRECTION('',(0.707106781186547,-0.707106781186548,0.));
#4307=DIRECTION('',(-0.707106781186547,0.707106781186548,0.));
#4308=DIRECTION('center_axis',(-0.313549377219835,-0.756975158957758,0.573302186256018));
#4309=DIRECTION('ref_axis',(0.877355197961359,0.,0.479841491130336));
#4310=DIRECTION('',(0.732537816328742,0.191341716182544,0.653281482438189));
#4311=DIRECTION('',(-0.923879532511286,0.382683432365092,0.));
#4312=DIRECTION('',(0.382683432365087,-0.653281482438189,-0.653281482438189));
#4313=DIRECTION('center_axis',(-0.382683432365092,-0.923879532511286,0.));
#4314=DIRECTION('ref_axis',(0.,0.,-1.));
#4315=DIRECTION('',(0.923879532511286,-0.382683432365092,0.));
#4316=DIRECTION('',(0.,0.,1.));
#4317=DIRECTION('',(0.,0.,-1.));
#4318=DIRECTION('center_axis',(0.756975158957759,-0.313549377219833,0.573302186256018));
#4319=DIRECTION('ref_axis',(0.603748055220392,0.,-0.797175191421305));
#4320=DIRECTION('',(-0.19134171618255,0.732537816328738,0.653281482438191));
#4321=DIRECTION('',(-0.382683432365089,-0.923879532511287,0.));
#4322=DIRECTION('',(0.653281482438188,0.382683432365093,-0.653281482438187));
#4323=DIRECTION('center_axis',(0.923879532511287,-0.382683432365089,0.));
#4324=DIRECTION('ref_axis',(0.,0.,-1.));
#4325=DIRECTION('',(0.382683432365089,0.923879532511287,0.));
#4326=DIRECTION('',(0.,0.,1.));
#4327=DIRECTION('',(0.,0.,-1.));
#4328=DIRECTION('center_axis',(0.707106781186547,-1.26351283597803E-16,
0.707106781186548));
#4329=DIRECTION('ref_axis',(0.707106781186548,0.,-0.707106781186547));
#4330=DIRECTION('',(-1.78687698887262E-16,-1.,0.));
#4331=DIRECTION('',(1.78687698887262E-16,1.,0.));
#4332=DIRECTION('center_axis',(0.313549377219832,-0.75697515895776,0.573302186256018));
#4333=DIRECTION('ref_axis',(0.877355197961361,0.,-0.479841491130333));
#4334=DIRECTION('',(0.382683432365097,0.653281482438187,0.653281482438186));
#4335=DIRECTION('',(-0.923879532511287,-0.382683432365088,0.));
#4336=DIRECTION('',(0.73253781632874,-0.191341716182547,-0.65328148243819));
#4337=DIRECTION('center_axis',(0.382683432365088,-0.923879532511287,0.));
#4338=DIRECTION('ref_axis',(0.,0.,-1.));
#4339=DIRECTION('',(0.923879532511287,0.382683432365088,0.));
#4340=DIRECTION('',(0.,0.,1.));
#4341=DIRECTION('',(0.,0.,-1.));
#4342=DIRECTION('center_axis',(0.5,-0.500000000000001,0.707106781186547));
#4343=DIRECTION('ref_axis',(0.816496580927726,0.,-0.577350269189626));
#4344=DIRECTION('',(-0.707106781186548,-0.707106781186547,0.));
#4345=DIRECTION('',(0.707106781186548,0.707106781186547,0.));
#4346=DIRECTION('center_axis',(0.,-0.707106781186547,0.707106781186548));
#4347=DIRECTION('ref_axis',(1.,0.,0.));
#4348=DIRECTION('',(-1.,0.,0.));
#4349=DIRECTION('',(1.,0.,0.));
#4350=DIRECTION('center_axis',(-0.500000000000001,-0.5,0.707106781186547));
#4351=DIRECTION('ref_axis',(0.816496580927725,0.,0.577350269189627));
#4352=DIRECTION('',(-0.707106781186547,0.707106781186548,0.));
#4353=DIRECTION('',(0.707106781186547,-0.707106781186548,0.));
#4354=DIRECTION('center_axis',(-0.707106781186547,-1.26351283597803E-16,
0.707106781186548));
#4355=DIRECTION('ref_axis',(0.707106781186548,0.,0.707106781186547));
#4356=DIRECTION('',(-1.78687698887262E-16,1.,0.));
#4357=DIRECTION('',(1.78687698887262E-16,-1.,0.));
#4358=DIRECTION('center_axis',(-0.5,0.5,0.707106781186547));
#4359=DIRECTION('ref_axis',(0.816496580927726,0.,0.577350269189626));
#4360=DIRECTION('',(0.707106781186548,0.707106781186547,0.));
#4361=DIRECTION('',(-0.707106781186548,-0.707106781186547,0.));
#4362=DIRECTION('center_axis',(1.78687698887262E-16,1.,0.));
#4363=DIRECTION('ref_axis',(-1.,1.78687698887262E-16,0.));
#4364=DIRECTION('',(-1.,1.78687698887262E-16,0.));
#4365=DIRECTION('center_axis',(0.707106781186548,0.707106781186547,0.));
#4366=DIRECTION('ref_axis',(-0.707106781186547,0.707106781186548,0.));
#4367=DIRECTION('',(-0.707106781186547,0.707106781186548,0.));
#4368=DIRECTION('center_axis',(1.,-1.78687698887262E-16,0.));
#4369=DIRECTION('ref_axis',(1.78687698887262E-16,1.,0.));
#4370=DIRECTION('',(1.78687698887262E-16,1.,0.));
#4371=DIRECTION('center_axis',(0.707106781186547,-0.707106781186548,0.));
#4372=DIRECTION('ref_axis',(0.707106781186548,0.707106781186547,0.));
#4373=DIRECTION('',(0.707106781186548,0.707106781186547,0.));
#4374=DIRECTION('center_axis',(0.,0.,1.));
#4375=DIRECTION('ref_axis',(1.,0.,0.));
#4376=DIRECTION('',(0.707106781186547,-0.707106781186548,0.));
#4377=DIRECTION('',(0.382683432365091,-0.923879532511286,0.));
#4378=DIRECTION('',(-2.68031548330893E-16,-1.,0.));
#4379=DIRECTION('',(-0.382683432365092,-0.923879532511286,0.));
#4380=DIRECTION('',(-0.707106781186548,-0.707106781186547,0.));
#4381=DIRECTION('',(-0.923879532511286,-0.382683432365091,0.));
#4382=DIRECTION('',(-1.,2.68031548330893E-16,0.));
#4383=DIRECTION('',(-0.923879532511286,0.382683432365092,0.));
#4384=DIRECTION('',(-0.707106781186547,0.707106781186548,0.));
#4385=DIRECTION('',(-0.382683432365091,0.923879532511286,0.));
#4386=DIRECTION('',(2.68031548330893E-16,1.,0.));
#4387=DIRECTION('',(0.382683432365088,0.923879532511288,0.));
#4388=DIRECTION('',(0.707106781186548,0.707106781186548,0.));
#4389=DIRECTION('',(0.923879532511286,0.382683432365091,0.));
#4390=DIRECTION('',(1.,-2.68031548330893E-16,0.));
#4391=DIRECTION('',(0.923879532511286,-0.382683432365092,0.));
#4392=DIRECTION('center_axis',(0.923879532511286,0.382683432365091,0.));
#4393=DIRECTION('ref_axis',(0.,0.,-1.));
#4394=DIRECTION('',(-0.357406744336594,0.862856209461016,-0.357406744336594));
#4395=DIRECTION('',(0.,0.,-1.));
#4396=DIRECTION('',(0.,0.,1.));
#4397=DIRECTION('',(-0.357406744336595,0.862856209461017,0.357406744336592));
#4398=DIRECTION('center_axis',(0.707106781186548,0.707106781186547,0.));
#4399=DIRECTION('ref_axis',(-0.707106781186547,0.707106781186548,0.));
#4400=DIRECTION('',(0.,0.,-1.));
#4401=DIRECTION('',(-0.707106781186547,0.707106781186548,0.));
#4402=DIRECTION('center_axis',(0.923879532511286,-0.382683432365092,0.));
#4403=DIRECTION('ref_axis',(0.,0.,-1.));
#4404=DIRECTION('',(0.357406744336595,0.862856209461017,-0.357406744336592));
#4405=DIRECTION('',(0.,0.,-1.));
#4406=DIRECTION('',(0.,0.,1.));
#4407=DIRECTION('',(0.357406744336595,0.862856209461016,0.357406744336595));
#4408=DIRECTION('center_axis',(1.,-2.68031548330893E-16,0.));
#4409=DIRECTION('ref_axis',(2.68031548330893E-16,1.,0.));
#4410=DIRECTION('',(2.68031548330893E-16,1.,0.));
#4411=DIRECTION('center_axis',(0.382683432365091,-0.923879532511286,0.));
#4412=DIRECTION('ref_axis',(0.,0.,-1.));
#4413=DIRECTION('',(0.862856209461016,0.357406744336594,-0.357406744336594));
#4414=DIRECTION('',(0.,0.,-1.));
#4415=DIRECTION('',(0.,0.,1.));
#4416=DIRECTION('',(0.862856209461017,0.357406744336595,0.357406744336592));
#4417=DIRECTION('center_axis',(0.707106781186547,-0.707106781186548,0.));
#4418=DIRECTION('ref_axis',(0.707106781186548,0.707106781186547,0.));
#4419=DIRECTION('',(0.707106781186548,0.707106781186547,0.));
#4420=DIRECTION('center_axis',(-0.382683432365092,-0.923879532511286,0.));
#4421=DIRECTION('ref_axis',(0.,0.,-1.));
#4422=DIRECTION('',(0.862856209461017,-0.357406744336595,-0.357406744336592));
#4423=DIRECTION('',(0.,0.,-1.));
#4424=DIRECTION('',(0.,0.,1.));
#4425=DIRECTION('',(0.862856209461016,-0.357406744336595,0.357406744336595));
#4426=DIRECTION('center_axis',(-2.68031548330893E-16,-1.,0.));
#4427=DIRECTION('ref_axis',(1.,-2.68031548330893E-16,0.));
#4428=DIRECTION('',(1.,-2.68031548330893E-16,0.));
#4429=DIRECTION('center_axis',(-0.923879532511286,-0.382683432365091,0.));
#4430=DIRECTION('ref_axis',(0.,0.,1.));
#4431=DIRECTION('',(0.357406744336594,-0.862856209461016,-0.357406744336595));
#4432=DIRECTION('',(0.,0.,-1.));
#4433=DIRECTION('',(0.,0.,1.));
#4434=DIRECTION('',(0.357406744336595,-0.862856209461017,0.357406744336592));
#4435=DIRECTION('center_axis',(-0.707106781186548,-0.707106781186547,0.));
#4436=DIRECTION('ref_axis',(0.707106781186547,-0.707106781186548,0.));
#4437=DIRECTION('',(0.707106781186547,-0.707106781186548,0.));
#4438=DIRECTION('center_axis',(-0.923879532511288,0.382683432365088,0.));
#4439=DIRECTION('ref_axis',(0.,0.,1.));
#4440=DIRECTION('',(-0.357406744336591,-0.862856209461017,-0.357406744336595));
#4441=DIRECTION('',(0.,0.,-1.));
#4442=DIRECTION('',(0.,0.,1.));
#4443=DIRECTION('',(-0.357406744336592,-0.862856209461018,0.357406744336592));
#4444=DIRECTION('center_axis',(-1.,2.68031548330893E-16,0.));
#4445=DIRECTION('ref_axis',(-2.68031548330893E-16,-1.,0.));
#4446=DIRECTION('',(-2.68031548330893E-16,-1.,0.));
#4447=DIRECTION('center_axis',(-0.382683432365091,0.923879532511286,0.));
#4448=DIRECTION('ref_axis',(0.,0.,1.));
#4449=DIRECTION('',(-0.862856209461016,-0.357406744336594,-0.357406744336594));
#4450=DIRECTION('',(0.,0.,-1.));
#4451=DIRECTION('',(0.,0.,1.));
#4452=DIRECTION('',(-0.862856209461017,-0.357406744336595,0.357406744336592));
#4453=DIRECTION('center_axis',(-0.707106781186548,0.707106781186548,0.));
#4454=DIRECTION('ref_axis',(-0.707106781186548,-0.707106781186548,0.));
#4455=DIRECTION('',(-0.707106781186548,-0.707106781186548,0.));
#4456=DIRECTION('center_axis',(0.382683432365092,0.923879532511286,0.));
#4457=DIRECTION('ref_axis',(0.,0.,1.));
#4458=DIRECTION('',(-0.862856209461017,0.357406744336595,-0.357406744336592));
#4459=DIRECTION('',(0.,0.,1.));
#4460=DIRECTION('',(-0.862856209461016,0.357406744336595,0.357406744336595));
#4461=DIRECTION('center_axis',(2.68031548330893E-16,1.,0.));
#4462=DIRECTION('ref_axis',(-1.,2.68031548330893E-16,0.));
#4463=DIRECTION('',(-1.,2.68031548330893E-16,0.));
#4464=DIRECTION('center_axis',(1.89526925396704E-16,0.707106781186548,-0.707106781186548));
#4465=DIRECTION('ref_axis',(-1.,0.,-2.68031548330893E-16));
#4466=DIRECTION('',(1.,-2.68031548330893E-16,0.));
#4467=DIRECTION('',(-0.28108463771482,-0.678598344545847,-0.678598344545847));
#4468=DIRECTION('',(0.28108463771482,-0.678598344545847,-0.678598344545847));
#4469=DIRECTION('center_axis',(0.5,0.5,-0.707106781186547));
#4470=DIRECTION('ref_axis',(-0.816496580927726,0.,-0.577350269189626));
#4471=DIRECTION('',(0.707106781186547,-0.707106781186548,0.));
#4472=DIRECTION('',(-0.678598344545847,-0.28108463771482,-0.678598344545847));
#4473=DIRECTION('center_axis',(0.707106781186548,-1.89526925396704E-16,
-0.707106781186548));
#4474=DIRECTION('ref_axis',(-0.707106781186548,0.,-0.707106781186548));
#4475=DIRECTION('',(-2.68031548330893E-16,-1.,0.));
#4476=DIRECTION('',(-0.678598344545847,0.28108463771482,-0.678598344545847));
#4477=DIRECTION('center_axis',(0.5,-0.5,-0.707106781186547));
#4478=DIRECTION('ref_axis',(-0.816496580927726,0.,-0.577350269189626));
#4479=DIRECTION('',(-0.707106781186548,-0.707106781186547,0.));
#4480=DIRECTION('',(-0.28108463771482,0.678598344545847,-0.678598344545847));
#4481=DIRECTION('center_axis',(-1.89526925396704E-16,-0.707106781186548,
-0.707106781186548));
#4482=DIRECTION('ref_axis',(-1.,0.,2.68031548330893E-16));
#4483=DIRECTION('',(-1.,2.68031548330893E-16,0.));
#4484=DIRECTION('',(0.28108463771482,0.678598344545847,-0.678598344545847));
#4485=DIRECTION('center_axis',(-0.5,-0.5,-0.707106781186547));
#4486=DIRECTION('ref_axis',(-0.816496580927726,0.,0.577350269189626));
#4487=DIRECTION('',(0.678598344545847,0.28108463771482,-0.678598344545847));
#4488=DIRECTION('',(-0.707106781186547,0.707106781186548,0.));
#4489=DIRECTION('center_axis',(-0.707106781186548,1.89526925396704E-16,
-0.707106781186548));
#4490=DIRECTION('ref_axis',(-0.707106781186548,0.,0.707106781186548));
#4491=DIRECTION('',(0.678598344545847,-0.28108463771482,-0.678598344545847));
#4492=DIRECTION('',(2.68031548330893E-16,1.,0.));
#4493=DIRECTION('center_axis',(-0.5,0.5,-0.707106781186547));
#4494=DIRECTION('ref_axis',(-0.816496580927726,0.,0.577350269189626));
#4495=DIRECTION('',(0.707106781186547,0.707106781186547,0.));
#4496=DIRECTION('center_axis',(0.,0.,1.));
#4497=DIRECTION('ref_axis',(1.,0.,0.));
#4498=DIRECTION('center_axis',(0.,0.,1.));
#4499=DIRECTION('ref_axis',(1.,0.,0.));
#4500=DIRECTION('center_axis',(0.,0.,1.));
#4501=DIRECTION('ref_axis',(1.,0.,0.));
#4502=DIRECTION('center_axis',(0.,0.,1.));
#4503=DIRECTION('ref_axis',(1.,0.,0.));
#4504=DIRECTION('center_axis',(0.,0.,1.));
#4505=DIRECTION('ref_axis',(1.,0.,0.));
#4506=DIRECTION('center_axis',(0.,0.,1.));
#4507=DIRECTION('ref_axis',(1.,0.,0.));
#4508=DIRECTION('center_axis',(0.,0.,1.));
#4509=DIRECTION('ref_axis',(1.,0.,0.));
#4510=DIRECTION('center_axis',(0.,0.,1.));
#4511=DIRECTION('ref_axis',(1.,0.,0.));
#4512=DIRECTION('center_axis',(0.,-1.,0.));
#4513=DIRECTION('ref_axis',(1.,0.,0.));
#4514=DIRECTION('',(1.,0.,0.));
#4515=DIRECTION('center_axis',(-0.707106781186548,-0.707106781186547,0.));
#4516=DIRECTION('ref_axis',(0.707106781186547,-0.707106781186548,0.));
#4517=DIRECTION('',(0.707106781186547,-0.707106781186548,0.));
#4518=DIRECTION('center_axis',(-1.,-1.78687698887262E-16,0.));
#4519=DIRECTION('ref_axis',(1.78687698887262E-16,-1.,0.));
#4520=DIRECTION('',(1.78687698887262E-16,-1.,0.));
#4521=DIRECTION('center_axis',(-0.707106781186547,0.707106781186548,0.));
#4522=DIRECTION('ref_axis',(-0.707106781186548,-0.707106781186547,0.));
#4523=DIRECTION('',(-0.707106781186548,-0.707106781186547,0.));
#4524=DIRECTION('center_axis',(0.,0.,1.));
#4525=DIRECTION('ref_axis',(1.,0.,0.));
#4526=DIRECTION('',(0.,0.,1.));
#4527=DIRECTION('',(1.,0.,0.));
#4528=CARTESIAN_POINT('',(0.,0.,0.));
#4529=CARTESIAN_POINT('',(0.,0.,0.));
#4530=CARTESIAN_POINT('Origin',(0.,0.,19.25));
#4531=CARTESIAN_POINT('',(1.42612513282951,-1.16610580892662,19.25));
#4532=CARTESIAN_POINT('',(1.42612513282951,-1.75580555410484,19.25));
#4533=CARTESIAN_POINT('',(1.42612513282951,-1.16610580892662,19.25));
#4534=CARTESIAN_POINT('',(-0.565007215946358,-1.16610580892662,19.25));
#4535=CARTESIAN_POINT('',(-0.565007215946358,-1.16610580892662,19.25));
#4536=CARTESIAN_POINT('',(1.35211434343513,1.1950812318792,19.25));
#4537=CARTESIAN_POINT('',(1.35211434343513,1.1950812318792,19.25));
#4538=CARTESIAN_POINT('',(1.35211434343513,1.74419438629051,19.25));
#4539=CARTESIAN_POINT('',(1.35211434343513,1.74419438629051,19.25));
#4540=CARTESIAN_POINT('',(-1.20961833617036,1.74419438629051,19.25));
#4541=CARTESIAN_POINT('',(-1.20961833617036,1.74419438629051,19.25));
#4542=CARTESIAN_POINT('',(-1.20961833617036,1.15210717706581,19.25));
#4543=CARTESIAN_POINT('',(-1.20961833617036,1.15210717706581,19.25));
#4544=CARTESIAN_POINT('',(0.421009176761467,1.15210717706581,19.25));
#4545=CARTESIAN_POINT('',(0.421009176761467,1.15210717706581,19.25));
#4546=CARTESIAN_POINT('',(-1.41732640436236,-1.11835682602028,19.25));
#4547=CARTESIAN_POINT('',(-1.41732640436236,-1.11835682602028,19.25));
#4548=CARTESIAN_POINT('',(-1.41732640436236,-1.75580555410484,19.25));
#4549=CARTESIAN_POINT('',(-1.41732640436236,-1.75580555410484,19.25));
#4550=CARTESIAN_POINT('',(1.42612513282951,-1.75580555410484,19.25));
#4551=CARTESIAN_POINT('Origin',(1.42612513282951,-1.46095568151573,20.));
#4552=CARTESIAN_POINT('',(1.42612513282951,-1.75580555410484,20.));
#4553=CARTESIAN_POINT('',(1.42612513282951,-1.75580555410484,20.));
#4554=CARTESIAN_POINT('',(1.42612513282951,-1.16610580892662,20.));
#4555=CARTESIAN_POINT('',(1.42612513282951,-0.730477840757866,20.));
#4556=CARTESIAN_POINT('',(1.42612513282951,-1.16610580892662,20.));
#4557=CARTESIAN_POINT('Origin',(0.430558958441574,-1.16610580892662,20.));
#4558=CARTESIAN_POINT('',(-0.565007215946358,-1.16610580892662,20.));
#4559=CARTESIAN_POINT('',(0.215279479220787,-1.16610580892662,20.));
#4560=CARTESIAN_POINT('',(-0.565007215946358,-1.16610580892662,20.));
#4561=CARTESIAN_POINT('Origin',(0.393553563744385,0.0144877114762881,20.));
#4562=CARTESIAN_POINT('',(1.35211434343513,1.1950812318792,20.));
#4563=CARTESIAN_POINT('',(0.311827134732805,-0.0861691217480673,20.));
#4564=CARTESIAN_POINT('',(1.35211434343513,1.1950812318792,20.));
#4565=CARTESIAN_POINT('Origin',(1.35211434343513,1.46963780908485,20.));
#4566=CARTESIAN_POINT('',(1.35211434343513,1.74419438629051,20.));
#4567=CARTESIAN_POINT('',(1.35211434343513,0.734818904542427,20.));
#4568=CARTESIAN_POINT('',(1.35211434343513,1.74419438629051,20.));
#4569=CARTESIAN_POINT('Origin',(0.0712480036323848,1.74419438629051,20.));
#4570=CARTESIAN_POINT('',(-1.20961833617036,1.74419438629051,20.));
#4571=CARTESIAN_POINT('',(0.0356240018161924,1.74419438629051,20.));
#4572=CARTESIAN_POINT('',(-1.20961833617036,1.74419438629051,20.));
#4573=CARTESIAN_POINT('Origin',(-1.20961833617036,1.44815078167816,20.));
#4574=CARTESIAN_POINT('',(-1.20961833617036,1.15210717706581,20.));
#4575=CARTESIAN_POINT('',(-1.20961833617036,0.724075390839081,20.));
#4576=CARTESIAN_POINT('',(-1.20961833617036,1.15210717706581,20.));
#4577=CARTESIAN_POINT('Origin',(-0.394304579704445,1.15210717706581,20.));
#4578=CARTESIAN_POINT('',(0.421009176761467,1.15210717706581,20.));
#4579=CARTESIAN_POINT('',(-0.197152289852223,1.15210717706581,20.));
#4580=CARTESIAN_POINT('',(0.421009176761467,1.15210717706581,20.));
#4581=CARTESIAN_POINT('Origin',(-0.498158613800448,0.0168751755227661,20.));
#4582=CARTESIAN_POINT('',(-1.41732640436236,-1.11835682602028,20.));
#4583=CARTESIAN_POINT('',(-0.403654894101689,0.133593415618297,20.));
#4584=CARTESIAN_POINT('',(-1.41732640436236,-1.11835682602028,20.));
#4585=CARTESIAN_POINT('Origin',(-1.41732640436236,-1.43708119006256,20.));
#4586=CARTESIAN_POINT('',(-1.41732640436236,-1.75580555410484,20.));
#4587=CARTESIAN_POINT('',(-1.41732640436236,-0.718540595031281,20.));
#4588=CARTESIAN_POINT('',(-1.41732640436236,-1.75580555410484,20.));
#4589=CARTESIAN_POINT('Origin',(0.00439936423357157,-1.75580555410484,20.));
#4590=CARTESIAN_POINT('',(0.00219968211678578,-1.75580555410484,20.));
#4591=CARTESIAN_POINT('Origin',(0.,0.,14.25));
#4592=CARTESIAN_POINT('',(8.61586788649879,-6.94537189445303,14.25));
#4593=CARTESIAN_POINT('',(9.16020626182876,-6.94537189445303,14.25));
#4594=CARTESIAN_POINT('',(8.61586788649879,-6.94537189445303,14.25));
#4595=CARTESIAN_POINT('',(8.19328943248115,-7.50522848806188,14.25));
#4596=CARTESIAN_POINT('Ctrl Pts',(8.19328943248115,-7.50522848806188,14.25));
#4597=CARTESIAN_POINT('Ctrl Pts',(8.2871134931762,-7.42401769810332,14.25));
#4598=CARTESIAN_POINT('Ctrl Pts',(8.46810564674742,-7.26735728862058,14.25));
#4599=CARTESIAN_POINT('Ctrl Pts',(8.56783633518246,-7.05003637442498,14.25));
#4600=CARTESIAN_POINT('Ctrl Pts',(8.61586788649879,-6.94537189445303,14.25));
#4601=CARTESIAN_POINT('',(7.62268925066314,-7.83111539325521,14.25));
#4602=CARTESIAN_POINT('Ctrl Pts',(7.62268925066314,-7.83111539325521,14.25));
#4603=CARTESIAN_POINT('Ctrl Pts',(7.71591260069489,-7.7930247672561,14.25));
#4604=CARTESIAN_POINT('Ctrl Pts',(7.9202271744388,-7.70954278541359,14.25));
#4605=CARTESIAN_POINT('Ctrl Pts',(8.09711231512885,-7.5771914180326,14.25));
#4606=CARTESIAN_POINT('Ctrl Pts',(8.19328943248115,-7.50522848806188,14.25));
#4607=CARTESIAN_POINT('',(7.62268925066314,-8.43991485080526,14.25));
#4608=CARTESIAN_POINT('',(7.62268925066314,-8.43991485080526,14.25));
#4609=CARTESIAN_POINT('',(8.4893330370935,-7.93138828716085,14.25));
#4610=CARTESIAN_POINT('Ctrl Pts',(8.4893330370935,-7.93138828716085,14.25));
#4611=CARTESIAN_POINT('Ctrl Pts',(8.36039964914115,-8.03882197182395,14.25));
#4612=CARTESIAN_POINT('Ctrl Pts',(8.09963110392203,-8.25610723906194,14.25));
#4613=CARTESIAN_POINT('Ctrl Pts',(7.78284490847625,-8.37819280068812,14.25));
#4614=CARTESIAN_POINT('Ctrl Pts',(7.62268925066314,-8.43991485080526,14.25));
#4615=CARTESIAN_POINT('',(8.4893330370935,-10.4596966191273,14.25));
#4616=CARTESIAN_POINT('',(8.4893330370935,-10.4596966191273,14.25));
#4617=CARTESIAN_POINT('',(9.16020626182876,-10.4596966191273,14.25));
#4618=CARTESIAN_POINT('',(9.16020626182876,-10.4596966191273,14.25));
#4619=CARTESIAN_POINT('',(9.16020626182876,-6.94537189445303,14.25));
#4620=CARTESIAN_POINT('Origin',(8.88803707416377,-6.94537189445303,15.));
#4621=CARTESIAN_POINT('',(9.16020626182876,-6.94537189445303,15.));
#4622=CARTESIAN_POINT('',(9.16020626182876,-6.94537189445303,15.));
#4623=CARTESIAN_POINT('',(8.61586788649879,-6.94537189445303,15.));
#4624=CARTESIAN_POINT('',(4.44401853708189,-6.94537189445303,15.));
#4625=CARTESIAN_POINT('',(8.61586788649879,-6.94537189445303,15.));
#4626=CARTESIAN_POINT('Ctrl Pts',(8.19328943248115,-7.50522848806188,14.25));
#4627=CARTESIAN_POINT('Ctrl Pts',(8.19328943248115,-7.50522848806188,15.));
#4628=CARTESIAN_POINT('Ctrl Pts',(8.2871134931762,-7.42401769810332,14.25));
#4629=CARTESIAN_POINT('Ctrl Pts',(8.2871134931762,-7.42401769810332,15.));
#4630=CARTESIAN_POINT('Ctrl Pts',(8.46810564674742,-7.26735728862058,14.25));
#4631=CARTESIAN_POINT('Ctrl Pts',(8.46810564674742,-7.26735728862058,15.));
#4632=CARTESIAN_POINT('Ctrl Pts',(8.56783633518246,-7.05003637442498,14.25));
#4633=CARTESIAN_POINT('Ctrl Pts',(8.56783633518246,-7.05003637442498,15.));
#4634=CARTESIAN_POINT('Ctrl Pts',(8.61586788649879,-6.94537189445303,14.25));
#4635=CARTESIAN_POINT('Ctrl Pts',(8.61586788649879,-6.94537189445303,15.));
#4636=CARTESIAN_POINT('',(8.19328943248115,-7.50522848806188,15.));
#4637=CARTESIAN_POINT('Ctrl Pts',(8.19328943248115,-7.50522848806188,15.));
#4638=CARTESIAN_POINT('Ctrl Pts',(8.2871134931762,-7.42401769810332,15.));
#4639=CARTESIAN_POINT('Ctrl Pts',(8.46810564674742,-7.26735728862058,15.));
#4640=CARTESIAN_POINT('Ctrl Pts',(8.56783633518246,-7.05003637442498,15.));
#4641=CARTESIAN_POINT('Ctrl Pts',(8.61586788649879,-6.94537189445303,15.));
#4642=CARTESIAN_POINT('',(8.19328943248115,-7.50522848806188,15.));
#4643=CARTESIAN_POINT('Ctrl Pts',(7.62268925066314,-7.83111539325521,14.25));
#4644=CARTESIAN_POINT('Ctrl Pts',(7.62268925066314,-7.83111539325521,15.));
#4645=CARTESIAN_POINT('Ctrl Pts',(7.71591260069489,-7.7930247672561,14.25));
#4646=CARTESIAN_POINT('Ctrl Pts',(7.71591260069489,-7.7930247672561,15.));
#4647=CARTESIAN_POINT('Ctrl Pts',(7.9202271744388,-7.70954278541359,14.25));
#4648=CARTESIAN_POINT('Ctrl Pts',(7.9202271744388,-7.70954278541359,15.));
#4649=CARTESIAN_POINT('Ctrl Pts',(8.09711231512885,-7.5771914180326,14.25));
#4650=CARTESIAN_POINT('Ctrl Pts',(8.09711231512885,-7.5771914180326,15.));
#4651=CARTESIAN_POINT('Ctrl Pts',(8.19328943248115,-7.50522848806188,14.25));
#4652=CARTESIAN_POINT('Ctrl Pts',(8.19328943248115,-7.50522848806188,15.));
#4653=CARTESIAN_POINT('',(7.62268925066314,-7.83111539325521,15.));
#4654=CARTESIAN_POINT('Ctrl Pts',(7.62268925066314,-7.83111539325521,15.));
#4655=CARTESIAN_POINT('Ctrl Pts',(7.71591260069489,-7.7930247672561,15.));
#4656=CARTESIAN_POINT('Ctrl Pts',(7.9202271744388,-7.70954278541359,15.));
#4657=CARTESIAN_POINT('Ctrl Pts',(8.09711231512885,-7.5771914180326,15.));
#4658=CARTESIAN_POINT('Ctrl Pts',(8.19328943248115,-7.50522848806188,15.));
#4659=CARTESIAN_POINT('',(7.62268925066314,-7.83111539325521,15.));
#4660=CARTESIAN_POINT('Origin',(7.62268925066314,-8.13551512203024,15.));
#4661=CARTESIAN_POINT('',(7.62268925066314,-8.43991485080526,15.));
#4662=CARTESIAN_POINT('',(7.62268925066314,-4.06775756101512,15.));
#4663=CARTESIAN_POINT('',(7.62268925066314,-8.43991485080526,15.));
#4664=CARTESIAN_POINT('Ctrl Pts',(8.4893330370935,-7.93138828716085,14.25));
#4665=CARTESIAN_POINT('Ctrl Pts',(8.4893330370935,-7.93138828716085,15.));
#4666=CARTESIAN_POINT('Ctrl Pts',(8.36039964914115,-8.03882197182395,14.25));
#4667=CARTESIAN_POINT('Ctrl Pts',(8.36039964914115,-8.03882197182395,15.));
#4668=CARTESIAN_POINT('Ctrl Pts',(8.09963110392203,-8.25610723906194,14.25));
#4669=CARTESIAN_POINT('Ctrl Pts',(8.09963110392203,-8.25610723906194,15.));
#4670=CARTESIAN_POINT('Ctrl Pts',(7.78284490847625,-8.37819280068812,14.25));
#4671=CARTESIAN_POINT('Ctrl Pts',(7.78284490847625,-8.37819280068812,15.));
#4672=CARTESIAN_POINT('Ctrl Pts',(7.62268925066314,-8.43991485080526,14.25));
#4673=CARTESIAN_POINT('Ctrl Pts',(7.62268925066314,-8.43991485080526,15.));
#4674=CARTESIAN_POINT('',(8.4893330370935,-7.93138828716085,15.));
#4675=CARTESIAN_POINT('Ctrl Pts',(8.4893330370935,-7.93138828716085,15.));
#4676=CARTESIAN_POINT('Ctrl Pts',(8.36039964914115,-8.03882197182395,15.));
#4677=CARTESIAN_POINT('Ctrl Pts',(8.09963110392203,-8.25610723906194,15.));
#4678=CARTESIAN_POINT('Ctrl Pts',(7.78284490847625,-8.37819280068812,15.));
#4679=CARTESIAN_POINT('Ctrl Pts',(7.62268925066314,-8.43991485080526,15.));
#4680=CARTESIAN_POINT('',(8.4893330370935,-7.93138828716085,15.));
#4681=CARTESIAN_POINT('Origin',(8.4893330370935,-9.19554245314405,15.));
#4682=CARTESIAN_POINT('',(8.4893330370935,-10.4596966191273,15.));
#4683=CARTESIAN_POINT('',(8.4893330370935,-4.59777122657203,15.));
#4684=CARTESIAN_POINT('',(8.4893330370935,-10.4596966191273,15.));
#4685=CARTESIAN_POINT('Origin',(8.82476964946113,-10.4596966191273,15.));
#4686=CARTESIAN_POINT('',(9.16020626182876,-10.4596966191273,15.));
#4687=CARTESIAN_POINT('',(4.41238482473057,-10.4596966191273,15.));
#4688=CARTESIAN_POINT('',(9.16020626182876,-10.4596966191273,15.));
#4689=CARTESIAN_POINT('Origin',(9.16020626182876,-8.70253425679014,15.));
#4690=CARTESIAN_POINT('',(9.16020626182876,-4.35126712839507,15.));
#4691=CARTESIAN_POINT('Origin',(0.,0.,14.25));
#4692=CARTESIAN_POINT('',(-8.75506334216661,10.5315396852596,14.25));
#4693=CARTESIAN_POINT('',(-8.21072496683664,10.5315396852596,14.25));
#4694=CARTESIAN_POINT('',(-8.75506334216661,10.5315396852596,14.25));
#4695=CARTESIAN_POINT('',(-9.17764179618425,9.97168309165077,14.25));
#4696=CARTESIAN_POINT('Ctrl Pts',(-9.17764179618425,9.97168309165077,14.25));
#4697=CARTESIAN_POINT('Ctrl Pts',(-9.0838177354892,10.0528938816093,14.25));
#4698=CARTESIAN_POINT('Ctrl Pts',(-8.90282558191798,10.2095542910921,14.25));
#4699=CARTESIAN_POINT('Ctrl Pts',(-8.80309489348294,10.4268752052877,14.25));
#4700=CARTESIAN_POINT('Ctrl Pts',(-8.75506334216661,10.5315396852596,14.25));
#4701=CARTESIAN_POINT('',(-9.74824197800226,9.64579618645744,14.25));
#4702=CARTESIAN_POINT('Ctrl Pts',(-9.74824197800226,9.64579618645744,14.25));
#4703=CARTESIAN_POINT('Ctrl Pts',(-9.6550186279705,9.68388681245656,14.25));
#4704=CARTESIAN_POINT('Ctrl Pts',(-9.45070405422659,9.76736879429907,14.25));
#4705=CARTESIAN_POINT('Ctrl Pts',(-9.27381891353655,9.89972016168005,14.25));
#4706=CARTESIAN_POINT('Ctrl Pts',(-9.17764179618425,9.97168309165077,14.25));
#4707=CARTESIAN_POINT('',(-9.74824197800226,9.03699672890739,14.25));
#4708=CARTESIAN_POINT('',(-9.74824197800226,9.03699672890739,14.25));
#4709=CARTESIAN_POINT('',(-8.8815981915719,9.5455232925518,14.25));
#4710=CARTESIAN_POINT('Ctrl Pts',(-8.8815981915719,9.5455232925518,14.25));
#4711=CARTESIAN_POINT('Ctrl Pts',(-9.01053157952425,9.4380896078887,14.25));
#4712=CARTESIAN_POINT('Ctrl Pts',(-9.27130012474337,9.22080434065072,14.25));
#4713=CARTESIAN_POINT('Ctrl Pts',(-9.58808632018915,9.09871877902454,14.25));
#4714=CARTESIAN_POINT('Ctrl Pts',(-9.74824197800226,9.03699672890739,14.25));
#4715=CARTESIAN_POINT('',(-8.8815981915719,7.0172149605854,14.25));
#4716=CARTESIAN_POINT('',(-8.8815981915719,7.0172149605854,14.25));
#4717=CARTESIAN_POINT('',(-8.21072496683664,7.0172149605854,14.25));
#4718=CARTESIAN_POINT('',(-8.21072496683664,7.0172149605854,14.25));
#4719=CARTESIAN_POINT('',(-8.21072496683664,10.5315396852596,14.25));
#4720=CARTESIAN_POINT('Origin',(-8.48289415450162,10.5315396852596,15.));
#4721=CARTESIAN_POINT('',(-8.21072496683664,10.5315396852596,15.));
#4722=CARTESIAN_POINT('',(-8.21072496683664,10.5315396852596,15.));
#4723=CARTESIAN_POINT('',(-8.75506334216661,10.5315396852596,15.));
#4724=CARTESIAN_POINT('',(-4.24144707725081,10.5315396852596,15.));
#4725=CARTESIAN_POINT('',(-8.75506334216661,10.5315396852596,15.));
#4726=CARTESIAN_POINT('Ctrl Pts',(-9.17764179618425,9.97168309165077,14.25));
#4727=CARTESIAN_POINT('Ctrl Pts',(-9.17764179618425,9.97168309165077,15.));
#4728=CARTESIAN_POINT('Ctrl Pts',(-9.0838177354892,10.0528938816093,14.25));
#4729=CARTESIAN_POINT('Ctrl Pts',(-9.0838177354892,10.0528938816093,15.));
#4730=CARTESIAN_POINT('Ctrl Pts',(-8.90282558191798,10.2095542910921,14.25));
#4731=CARTESIAN_POINT('Ctrl Pts',(-8.90282558191798,10.2095542910921,15.));
#4732=CARTESIAN_POINT('Ctrl Pts',(-8.80309489348294,10.4268752052877,14.25));
#4733=CARTESIAN_POINT('Ctrl Pts',(-8.80309489348294,10.4268752052877,15.));
#4734=CARTESIAN_POINT('Ctrl Pts',(-8.75506334216661,10.5315396852596,14.25));
#4735=CARTESIAN_POINT('Ctrl Pts',(-8.75506334216661,10.5315396852596,15.));
#4736=CARTESIAN_POINT('',(-9.17764179618425,9.97168309165077,15.));
#4737=CARTESIAN_POINT('Ctrl Pts',(-9.17764179618425,9.97168309165077,15.));
#4738=CARTESIAN_POINT('Ctrl Pts',(-9.0838177354892,10.0528938816093,15.));
#4739=CARTESIAN_POINT('Ctrl Pts',(-8.90282558191798,10.2095542910921,15.));
#4740=CARTESIAN_POINT('Ctrl Pts',(-8.80309489348294,10.4268752052877,15.));
#4741=CARTESIAN_POINT('Ctrl Pts',(-8.75506334216661,10.5315396852596,15.));
#4742=CARTESIAN_POINT('',(-9.17764179618425,9.97168309165077,15.));
#4743=CARTESIAN_POINT('Ctrl Pts',(-9.74824197800226,9.64579618645744,14.25));
#4744=CARTESIAN_POINT('Ctrl Pts',(-9.74824197800226,9.64579618645744,15.));
#4745=CARTESIAN_POINT('Ctrl Pts',(-9.6550186279705,9.68388681245656,14.25));
#4746=CARTESIAN_POINT('Ctrl Pts',(-9.6550186279705,9.68388681245656,15.));
#4747=CARTESIAN_POINT('Ctrl Pts',(-9.45070405422659,9.76736879429907,14.25));
#4748=CARTESIAN_POINT('Ctrl Pts',(-9.45070405422659,9.76736879429907,15.));
#4749=CARTESIAN_POINT('Ctrl Pts',(-9.27381891353655,9.89972016168005,14.25));
#4750=CARTESIAN_POINT('Ctrl Pts',(-9.27381891353655,9.89972016168005,15.));
#4751=CARTESIAN_POINT('Ctrl Pts',(-9.17764179618425,9.97168309165077,14.25));
#4752=CARTESIAN_POINT('Ctrl Pts',(-9.17764179618425,9.97168309165077,15.));
#4753=CARTESIAN_POINT('',(-9.74824197800226,9.64579618645744,15.));
#4754=CARTESIAN_POINT('Ctrl Pts',(-9.74824197800226,9.64579618645744,15.));
#4755=CARTESIAN_POINT('Ctrl Pts',(-9.6550186279705,9.68388681245656,15.));
#4756=CARTESIAN_POINT('Ctrl Pts',(-9.45070405422659,9.76736879429907,15.));
#4757=CARTESIAN_POINT('Ctrl Pts',(-9.27381891353655,9.89972016168005,15.));
#4758=CARTESIAN_POINT('Ctrl Pts',(-9.17764179618425,9.97168309165077,15.));
#4759=CARTESIAN_POINT('',(-9.74824197800226,9.64579618645744,15.));
#4760=CARTESIAN_POINT('Origin',(-9.74824197800226,9.34139645768242,15.));
#4761=CARTESIAN_POINT('',(-9.74824197800226,9.03699672890739,15.));
#4762=CARTESIAN_POINT('',(-9.74824197800226,4.67069822884121,15.));
#4763=CARTESIAN_POINT('',(-9.74824197800226,9.03699672890739,15.));
#4764=CARTESIAN_POINT('Ctrl Pts',(-8.8815981915719,9.5455232925518,14.25));
#4765=CARTESIAN_POINT('Ctrl Pts',(-8.8815981915719,9.5455232925518,15.));
#4766=CARTESIAN_POINT('Ctrl Pts',(-9.01053157952425,9.4380896078887,14.25));
#4767=CARTESIAN_POINT('Ctrl Pts',(-9.01053157952425,9.4380896078887,15.));
#4768=CARTESIAN_POINT('Ctrl Pts',(-9.27130012474337,9.22080434065072,14.25));
#4769=CARTESIAN_POINT('Ctrl Pts',(-9.27130012474337,9.22080434065072,15.));
#4770=CARTESIAN_POINT('Ctrl Pts',(-9.58808632018915,9.09871877902454,14.25));
#4771=CARTESIAN_POINT('Ctrl Pts',(-9.58808632018915,9.09871877902454,15.));
#4772=CARTESIAN_POINT('Ctrl Pts',(-9.74824197800226,9.03699672890739,14.25));
#4773=CARTESIAN_POINT('Ctrl Pts',(-9.74824197800226,9.03699672890739,15.));
#4774=CARTESIAN_POINT('',(-8.8815981915719,9.5455232925518,15.));
#4775=CARTESIAN_POINT('Ctrl Pts',(-8.8815981915719,9.5455232925518,15.));
#4776=CARTESIAN_POINT('Ctrl Pts',(-9.01053157952425,9.4380896078887,15.));
#4777=CARTESIAN_POINT('Ctrl Pts',(-9.27130012474337,9.22080434065072,15.));
#4778=CARTESIAN_POINT('Ctrl Pts',(-9.58808632018915,9.09871877902454,15.));
#4779=CARTESIAN_POINT('Ctrl Pts',(-9.74824197800226,9.03699672890739,15.));
#4780=CARTESIAN_POINT('',(-8.8815981915719,9.5455232925518,15.));
#4781=CARTESIAN_POINT('Origin',(-8.8815981915719,8.2813691265686,15.));
#4782=CARTESIAN_POINT('',(-8.8815981915719,7.0172149605854,15.));
#4783=CARTESIAN_POINT('',(-8.8815981915719,4.1406845632843,15.));
#4784=CARTESIAN_POINT('',(-8.8815981915719,7.0172149605854,15.));
#4785=CARTESIAN_POINT('Origin',(-8.54616157920427,7.0172149605854,15.));
#4786=CARTESIAN_POINT('',(-8.21072496683664,7.0172149605854,15.));
#4787=CARTESIAN_POINT('',(-4.27308078960213,7.0172149605854,15.));
#4788=CARTESIAN_POINT('',(-8.21072496683664,7.0172149605854,15.));
#4789=CARTESIAN_POINT('Origin',(-8.21072496683664,8.77437732292251,15.));
#4790=CARTESIAN_POINT('',(-8.21072496683664,4.38718866146126,15.));
#4791=CARTESIAN_POINT('Origin',(0.,0.,14.25));
#4792=CARTESIAN_POINT('',(-8.81262957110712,-9.31402823423874,14.25));
#4793=CARTESIAN_POINT('',(-8.94990785970995,-9.50024923777115,14.25));
#4794=CARTESIAN_POINT('Ctrl Pts',(-8.81262957110712,-9.31402823423874,14.25));
#4795=CARTESIAN_POINT('Ctrl Pts',(-8.83905254159483,-9.34483414925845,14.25));
#4796=CARTESIAN_POINT('Ctrl Pts',(-8.88940530865105,-9.40353924691814,14.25));
#4797=CARTESIAN_POINT('Ctrl Pts',(-8.93041723273012,-9.46909454554828,14.25));
#4798=CARTESIAN_POINT('Ctrl Pts',(-8.94990785970995,-9.50024923777115,14.25));
#4799=CARTESIAN_POINT('',(-8.41034441247293,-8.92726174091828,14.25));
#4800=CARTESIAN_POINT('Ctrl Pts',(-8.41034441247293,-8.92726174091828,14.25));
#4801=CARTESIAN_POINT('Ctrl Pts',(-8.49781458811428,-9.00698260498857,14.25));
#4802=CARTESIAN_POINT('Ctrl Pts',(-8.63536596245129,-9.13234778615803,14.25));
#4803=CARTESIAN_POINT('Ctrl Pts',(-8.76531596311723,-9.26553572319769,14.25));
#4804=CARTESIAN_POINT('Ctrl Pts',(-8.81262957110712,-9.31402823423874,14.25));
#4805=CARTESIAN_POINT('',(-7.97105385914156,-8.48080864643586,14.25));
#4806=CARTESIAN_POINT('Ctrl Pts',(-7.97105385914156,-8.48080864643586,14.25));
#4807=CARTESIAN_POINT('Ctrl Pts',(-8.02705127070324,-8.54475400190075,14.25));
#4808=CARTESIAN_POINT('Ctrl Pts',(-8.16477360388568,-8.70202383465193,14.25));
#4809=CARTESIAN_POINT('Ctrl Pts',(-8.31889075039756,-8.84338030775955,14.25));
#4810=CARTESIAN_POINT('Ctrl Pts',(-8.41034441247293,-8.92726174091828,14.25));
#4811=CARTESIAN_POINT('',(-7.70246579304048,-8.03316196894181,14.25));
#4812=CARTESIAN_POINT('Ctrl Pts',(-7.70246579304048,-8.03316196894181,14.25));
#4813=CARTESIAN_POINT('Ctrl Pts',(-7.73663053016896,-8.1074698072015,14.25));
#4814=CARTESIAN_POINT('Ctrl Pts',(-7.80972244198118,-8.26644372058502,14.25));
#4815=CARTESIAN_POINT('Ctrl Pts',(-7.9149904109005,-8.40631579726445,14.25));
#4816=CARTESIAN_POINT('Ctrl Pts',(-7.97105385914156,-8.48080864643586,14.25));
#4817=CARTESIAN_POINT('',(-7.61771126642534,-7.58312782740128,14.25));
#4818=CARTESIAN_POINT('Ctrl Pts',(-7.61771126642534,-7.58312782740128,14.25));
#4819=CARTESIAN_POINT('Ctrl Pts',(-7.62114066320181,-7.66071043432739,14.25));
#4820=CARTESIAN_POINT('Ctrl Pts',(-7.62795080471144,-7.81477500203138,14.25));
#4821=CARTESIAN_POINT('Ctrl Pts',(-7.67774604361604,-7.96071384513952,14.25));
#4822=CARTESIAN_POINT('Ctrl Pts',(-7.70246579304048,-8.03316196894181,14.25));
#4823=CARTESIAN_POINT('',(-7.9137550200493,-6.88838026022446,14.25));
#4824=CARTESIAN_POINT('Ctrl Pts',(-7.9137550200493,-6.88838026022446,14.25));
#4825=CARTESIAN_POINT('Ctrl Pts',(-7.82740981969404,-6.98755709822559,14.25));
#4826=CARTESIAN_POINT('Ctrl Pts',(-7.65371498852212,-7.18706447167416,14.25));
#4827=CARTESIAN_POINT('Ctrl Pts',(-7.62975868474336,-7.45059872626952,14.25));
#4828=CARTESIAN_POINT('Ctrl Pts',(-7.61771126642534,-7.58312782740128,14.25));
#4829=CARTESIAN_POINT('',(-8.72787519350359,-6.60904875492585,14.25));
#4830=CARTESIAN_POINT('Ctrl Pts',(-8.72787519350359,-6.60904875492585,14.25));
#4831=CARTESIAN_POINT('Ctrl Pts',(-8.56828929559913,-6.61724495964654,14.25));
#4832=CARTESIAN_POINT('Ctrl Pts',(-8.26909722418534,-6.6326112263425,14.25));
#4833=CARTESIAN_POINT('Ctrl Pts',(-8.02680917644068,-6.80700587795296,14.25));
#4834=CARTESIAN_POINT('Ctrl Pts',(-7.9137550200493,-6.88838026022446,14.25));
#4835=CARTESIAN_POINT('',(-9.51573326244661,-6.85018113350403,14.25));
#4836=CARTESIAN_POINT('Ctrl Pts',(-9.51573326244661,-6.85018113350403,14.25));
#4837=CARTESIAN_POINT('Ctrl Pts',(-9.40070372286155,-6.77989373681473,14.25));
#4838=CARTESIAN_POINT('Ctrl Pts',(-9.15922917422068,-6.63234366009603,14.25));
#4839=CARTESIAN_POINT('Ctrl Pts',(-8.87612107186757,-6.61705464760967,14.25));
#4840=CARTESIAN_POINT('Ctrl Pts',(-8.72787519350359,-6.60904875492585,14.25));
#4841=CARTESIAN_POINT('',(-9.8905626590521,-7.64520144557488,14.25));
#4842=CARTESIAN_POINT('Ctrl Pts',(-9.8905626590521,-7.64520144557488,14.25));
#4843=CARTESIAN_POINT('Ctrl Pts',(-9.86583684959099,-7.47847270761883,14.25));
#4844=CARTESIAN_POINT('Ctrl Pts',(-9.82066892017784,-7.17390060133506,14.25));
#4845=CARTESIAN_POINT('Ctrl Pts',(-9.6107420507848,-6.95104239265929,14.25));
#4846=CARTESIAN_POINT('Ctrl Pts',(-9.51573326244661,-6.85018113350403,14.25));
#4847=CARTESIAN_POINT('',(-9.22207697286913,-7.71205014085305,14.25));
#4848=CARTESIAN_POINT('',(-9.22207697286913,-7.71205014085305,14.25));
#4849=CARTESIAN_POINT('',(-9.0788300241501,-7.29185900187027,14.25));
#4850=CARTESIAN_POINT('Ctrl Pts',(-9.0788300241501,-7.29185900187027,14.25));
#4851=CARTESIAN_POINT('Ctrl Pts',(-9.11602226229259,-7.34628543301588,14.25));
#4852=CARTESIAN_POINT('Ctrl Pts',(-9.20210043022709,-7.4722506266748,14.25));
#4853=CARTESIAN_POINT('Ctrl Pts',(-9.21484118292546,-7.62519132127252,14.25));
#4854=CARTESIAN_POINT('Ctrl Pts',(-9.22207697286913,-7.71205014085305,14.25));
#4855=CARTESIAN_POINT('',(-8.74458729281732,-7.1653243014766,14.25));
#4856=CARTESIAN_POINT('Ctrl Pts',(-8.74458729281732,-7.1653243014766,14.25));
#4857=CARTESIAN_POINT('Ctrl Pts',(-8.80993474725785,-7.16951487291738,14.25));
#4858=CARTESIAN_POINT('Ctrl Pts',(-8.93467847869355,-7.17751438143454,14.25));
#4859=CARTESIAN_POINT('Ctrl Pts',(-9.03233244224935,-7.25497595398631,14.25));
#4860=CARTESIAN_POINT('Ctrl Pts',(-9.0788300241501,-7.29185900187027,14.25));
#4861=CARTESIAN_POINT('',(-8.41153814449617,-7.28589049076569,14.25));
#4862=CARTESIAN_POINT('Ctrl Pts',(-8.41153814449617,-7.28589049076569,14.25));
#4863=CARTESIAN_POINT('Ctrl Pts',(-8.45750950020904,-7.25076114907423,14.25));
#4864=CARTESIAN_POINT('Ctrl Pts',(-8.55547700079891,-7.17589857977403,14.25));
#4865=CARTESIAN_POINT('Ctrl Pts',(-8.67901802694019,-7.1689906681124,14.25));
#4866=CARTESIAN_POINT('Ctrl Pts',(-8.74458729281732,-7.1653243014766,14.25));
#4867=CARTESIAN_POINT('',(-8.29097195520708,-7.63087681030762,14.25));
#4868=CARTESIAN_POINT('Ctrl Pts',(-8.29097195520708,-7.63087681030762,14.25));
#4869=CARTESIAN_POINT('Ctrl Pts',(-8.29426594733377,-7.56224559077437,14.25));
#4870=CARTESIAN_POINT('Ctrl Pts',(-8.30038546597491,-7.43474375982122,14.25));
#4871=CARTESIAN_POINT('Ctrl Pts',(-8.37642766323517,-7.33290968979303,14.25));
#4872=CARTESIAN_POINT('Ctrl Pts',(-8.41153814449617,-7.28589049076569,14.25));
#4873=CARTESIAN_POINT('',(-8.42944397583315,-8.04151809310448,14.25));
#4874=CARTESIAN_POINT('Ctrl Pts',(-8.42944397583315,-8.04151809310448,14.25));
#4875=CARTESIAN_POINT('Ctrl Pts',(-8.3890933279343,-7.97456045990578,14.25));
#4876=CARTESIAN_POINT('Ctrl Pts',(-8.31260172559612,-7.84763073463887,14.25));
#4877=CARTESIAN_POINT('Ctrl Pts',(-8.29791240447441,-7.70042769264511,14.25));
#4878=CARTESIAN_POINT('Ctrl Pts',(-8.29097195520708,-7.63087681030762,14.25));
#4879=CARTESIAN_POINT('',(-8.9857195223839,-8.61450573896897,14.25));
#4880=CARTESIAN_POINT('Ctrl Pts',(-8.9857195223839,-8.61450573896897,14.25));
#4881=CARTESIAN_POINT('Ctrl Pts',(-8.86045338893558,-8.49946423231781,14.25));
#4882=CARTESIAN_POINT('Ctrl Pts',(-8.66393758495756,-8.31898868359561,14.25));
#4883=CARTESIAN_POINT('Ctrl Pts',(-8.49184034124266,-8.11535019633034,14.25));
#4884=CARTESIAN_POINT('Ctrl Pts',(-8.42944397583315,-8.04151809310448,14.25));
#4885=CARTESIAN_POINT('',(-9.74015339269945,-9.45369413589966,14.25));
#4886=CARTESIAN_POINT('Ctrl Pts',(-9.74015339269945,-9.45369413589966,14.25));
#4887=CARTESIAN_POINT('Ctrl Pts',(-9.64848712074402,-9.32837101355301,14.25));
#4888=CARTESIAN_POINT('Ctrl Pts',(-9.42554176394163,-9.02356742951779,14.25));
#4889=CARTESIAN_POINT('Ctrl Pts',(-9.14872199928297,-8.76610805113905,14.25));
#4890=CARTESIAN_POINT('Ctrl Pts',(-8.9857195223839,-8.61450573896897,14.25));
#4891=CARTESIAN_POINT('',(-9.96934845104524,-10.1233734796001,14.25));
#4892=CARTESIAN_POINT('Ctrl Pts',(-9.96934845104524,-10.1233734796001,14.25));
#4893=CARTESIAN_POINT('Ctrl Pts',(-9.94993267819794,-10.0066133000609,14.25));
#4894=CARTESIAN_POINT('Ctrl Pts',(-9.91070514970058,-9.77071162845366,14.25));
#4895=CARTESIAN_POINT('Ctrl Pts',(-9.79738528133408,-9.56007539017757,14.25));
#4896=CARTESIAN_POINT('Ctrl Pts',(-9.74015339269945,-9.45369413589966,14.25));
#4897=CARTESIAN_POINT('',(-7.61771126642534,-10.1233734796001,14.25));
#4898=CARTESIAN_POINT('',(-7.61771126642534,-10.1233734796001,14.25));
#4899=CARTESIAN_POINT('',(-7.61771126642534,-9.50024923777115,14.25));
#4900=CARTESIAN_POINT('',(-7.61771126642534,-9.50024923777115,14.25));
#4901=CARTESIAN_POINT('',(-8.94990785970995,-9.50024923777115,14.25));
#4902=CARTESIAN_POINT('Ctrl Pts',(-8.81262957110712,-9.31402823423874,14.25));
#4903=CARTESIAN_POINT('Ctrl Pts',(-8.81262957110712,-9.31402823423874,15.));
#4904=CARTESIAN_POINT('Ctrl Pts',(-8.83905254159483,-9.34483414925845,14.25));
#4905=CARTESIAN_POINT('Ctrl Pts',(-8.83905254159483,-9.34483414925845,15.));
#4906=CARTESIAN_POINT('Ctrl Pts',(-8.88940530865105,-9.40353924691814,14.25));
#4907=CARTESIAN_POINT('Ctrl Pts',(-8.88940530865105,-9.40353924691814,15.));
#4908=CARTESIAN_POINT('Ctrl Pts',(-8.93041723273012,-9.46909454554828,14.25));
#4909=CARTESIAN_POINT('Ctrl Pts',(-8.93041723273012,-9.46909454554828,15.));
#4910=CARTESIAN_POINT('Ctrl Pts',(-8.94990785970995,-9.50024923777115,14.25));
#4911=CARTESIAN_POINT('Ctrl Pts',(-8.94990785970995,-9.50024923777115,15.));
#4912=CARTESIAN_POINT('',(-8.94990785970995,-9.50024923777115,15.));
#4913=CARTESIAN_POINT('',(-8.94990785970995,-9.50024923777115,15.));
#4914=CARTESIAN_POINT('',(-8.81262957110712,-9.31402823423874,15.));
#4915=CARTESIAN_POINT('Ctrl Pts',(-8.81262957110712,-9.31402823423874,15.));
#4916=CARTESIAN_POINT('Ctrl Pts',(-8.83905254159483,-9.34483414925845,15.));
#4917=CARTESIAN_POINT('Ctrl Pts',(-8.88940530865105,-9.40353924691814,15.));
#4918=CARTESIAN_POINT('Ctrl Pts',(-8.93041723273012,-9.46909454554828,15.));
#4919=CARTESIAN_POINT('Ctrl Pts',(-8.94990785970995,-9.50024923777115,15.));
#4920=CARTESIAN_POINT('',(-8.81262957110712,-9.31402823423874,15.));
#4921=CARTESIAN_POINT('Ctrl Pts',(-8.41034441247293,-8.92726174091828,14.25));
#4922=CARTESIAN_POINT('Ctrl Pts',(-8.41034441247293,-8.92726174091828,15.));
#4923=CARTESIAN_POINT('Ctrl Pts',(-8.49781458811428,-9.00698260498857,14.25));
#4924=CARTESIAN_POINT('Ctrl Pts',(-8.49781458811428,-9.00698260498857,15.));
#4925=CARTESIAN_POINT('Ctrl Pts',(-8.63536596245129,-9.13234778615803,14.25));
#4926=CARTESIAN_POINT('Ctrl Pts',(-8.63536596245129,-9.13234778615803,15.));
#4927=CARTESIAN_POINT('Ctrl Pts',(-8.76531596311723,-9.26553572319769,14.25));
#4928=CARTESIAN_POINT('Ctrl Pts',(-8.76531596311723,-9.26553572319769,15.));
#4929=CARTESIAN_POINT('Ctrl Pts',(-8.81262957110712,-9.31402823423874,14.25));
#4930=CARTESIAN_POINT('Ctrl Pts',(-8.81262957110712,-9.31402823423874,15.));
#4931=CARTESIAN_POINT('',(-8.41034441247293,-8.92726174091828,15.));
#4932=CARTESIAN_POINT('Ctrl Pts',(-8.41034441247293,-8.92726174091828,15.));
#4933=CARTESIAN_POINT('Ctrl Pts',(-8.49781458811428,-9.00698260498857,15.));
#4934=CARTESIAN_POINT('Ctrl Pts',(-8.63536596245129,-9.13234778615803,15.));
#4935=CARTESIAN_POINT('Ctrl Pts',(-8.76531596311723,-9.26553572319769,15.));
#4936=CARTESIAN_POINT('Ctrl Pts',(-8.81262957110712,-9.31402823423874,15.));
#4937=CARTESIAN_POINT('',(-8.41034441247293,-8.92726174091828,15.));
#4938=CARTESIAN_POINT('Ctrl Pts',(-7.97105385914156,-8.48080864643586,14.25));
#4939=CARTESIAN_POINT('Ctrl Pts',(-7.97105385914156,-8.48080864643586,15.));
#4940=CARTESIAN_POINT('Ctrl Pts',(-8.02705127070324,-8.54475400190075,14.25));
#4941=CARTESIAN_POINT('Ctrl Pts',(-8.02705127070324,-8.54475400190075,15.));
#4942=CARTESIAN_POINT('Ctrl Pts',(-8.16477360388568,-8.70202383465193,14.25));
#4943=CARTESIAN_POINT('Ctrl Pts',(-8.16477360388568,-8.70202383465193,15.));
#4944=CARTESIAN_POINT('Ctrl Pts',(-8.31889075039756,-8.84338030775955,14.25));
#4945=CARTESIAN_POINT('Ctrl Pts',(-8.31889075039756,-8.84338030775955,15.));
#4946=CARTESIAN_POINT('Ctrl Pts',(-8.41034441247293,-8.92726174091828,14.25));
#4947=CARTESIAN_POINT('Ctrl Pts',(-8.41034441247293,-8.92726174091828,15.));
#4948=CARTESIAN_POINT('',(-7.97105385914156,-8.48080864643586,15.));
#4949=CARTESIAN_POINT('Ctrl Pts',(-7.97105385914156,-8.48080864643586,15.));
#4950=CARTESIAN_POINT('Ctrl Pts',(-8.02705127070324,-8.54475400190075,15.));
#4951=CARTESIAN_POINT('Ctrl Pts',(-8.16477360388568,-8.70202383465193,15.));
#4952=CARTESIAN_POINT('Ctrl Pts',(-8.31889075039756,-8.84338030775955,15.));
#4953=CARTESIAN_POINT('Ctrl Pts',(-8.41034441247293,-8.92726174091828,15.));
#4954=CARTESIAN_POINT('',(-7.97105385914156,-8.48080864643586,15.));
#4955=CARTESIAN_POINT('Ctrl Pts',(-7.70246579304048,-8.03316196894181,14.25));
#4956=CARTESIAN_POINT('Ctrl Pts',(-7.70246579304048,-8.03316196894181,15.));
#4957=CARTESIAN_POINT('Ctrl Pts',(-7.73663053016896,-8.1074698072015,14.25));
#4958=CARTESIAN_POINT('Ctrl Pts',(-7.73663053016896,-8.1074698072015,15.));
#4959=CARTESIAN_POINT('Ctrl Pts',(-7.80972244198118,-8.26644372058502,14.25));
#4960=CARTESIAN_POINT('Ctrl Pts',(-7.80972244198118,-8.26644372058502,15.));
#4961=CARTESIAN_POINT('Ctrl Pts',(-7.9149904109005,-8.40631579726445,14.25));
#4962=CARTESIAN_POINT('Ctrl Pts',(-7.9149904109005,-8.40631579726445,15.));
#4963=CARTESIAN_POINT('Ctrl Pts',(-7.97105385914156,-8.48080864643586,14.25));
#4964=CARTESIAN_POINT('Ctrl Pts',(-7.97105385914156,-8.48080864643586,15.));
#4965=CARTESIAN_POINT('',(-7.70246579304048,-8.03316196894181,15.));
#4966=CARTESIAN_POINT('Ctrl Pts',(-7.70246579304048,-8.03316196894181,15.));
#4967=CARTESIAN_POINT('Ctrl Pts',(-7.73663053016896,-8.1074698072015,15.));
#4968=CARTESIAN_POINT('Ctrl Pts',(-7.80972244198118,-8.26644372058502,15.));
#4969=CARTESIAN_POINT('Ctrl Pts',(-7.9149904109005,-8.40631579726445,15.));
#4970=CARTESIAN_POINT('Ctrl Pts',(-7.97105385914156,-8.48080864643586,15.));
#4971=CARTESIAN_POINT('',(-7.70246579304048,-8.03316196894181,15.));
#4972=CARTESIAN_POINT('Ctrl Pts',(-7.61771126642534,-7.58312782740128,14.25));
#4973=CARTESIAN_POINT('Ctrl Pts',(-7.61771126642534,-7.58312782740128,15.));
#4974=CARTESIAN_POINT('Ctrl Pts',(-7.62114066320181,-7.66071043432739,14.25));
#4975=CARTESIAN_POINT('Ctrl Pts',(-7.62114066320181,-7.66071043432739,15.));
#4976=CARTESIAN_POINT('Ctrl Pts',(-7.62795080471144,-7.81477500203138,14.25));
#4977=CARTESIAN_POINT('Ctrl Pts',(-7.62795080471144,-7.81477500203138,15.));
#4978=CARTESIAN_POINT('Ctrl Pts',(-7.67774604361604,-7.96071384513952,14.25));
#4979=CARTESIAN_POINT('Ctrl Pts',(-7.67774604361604,-7.96071384513952,15.));
#4980=CARTESIAN_POINT('Ctrl Pts',(-7.70246579304048,-8.03316196894181,14.25));
#4981=CARTESIAN_POINT('Ctrl Pts',(-7.70246579304048,-8.03316196894181,15.));
#4982=CARTESIAN_POINT('',(-7.61771126642534,-7.58312782740128,15.));
#4983=CARTESIAN_POINT('Ctrl Pts',(-7.61771126642534,-7.58312782740128,15.));
#4984=CARTESIAN_POINT('Ctrl Pts',(-7.62114066320181,-7.66071043432739,15.));
#4985=CARTESIAN_POINT('Ctrl Pts',(-7.62795080471144,-7.81477500203138,15.));
#4986=CARTESIAN_POINT('Ctrl Pts',(-7.67774604361604,-7.96071384513952,15.));
#4987=CARTESIAN_POINT('Ctrl Pts',(-7.70246579304048,-8.03316196894181,15.));
#4988=CARTESIAN_POINT('',(-7.61771126642534,-7.58312782740128,15.));
#4989=CARTESIAN_POINT('Ctrl Pts',(-7.9137550200493,-6.88838026022446,14.25));
#4990=CARTESIAN_POINT('Ctrl Pts',(-7.9137550200493,-6.88838026022446,15.));
#4991=CARTESIAN_POINT('Ctrl Pts',(-7.82740981969404,-6.98755709822559,14.25));
#4992=CARTESIAN_POINT('Ctrl Pts',(-7.82740981969404,-6.98755709822559,15.));
#4993=CARTESIAN_POINT('Ctrl Pts',(-7.65371498852212,-7.18706447167416,14.25));
#4994=CARTESIAN_POINT('Ctrl Pts',(-7.65371498852212,-7.18706447167416,15.));
#4995=CARTESIAN_POINT('Ctrl Pts',(-7.62975868474336,-7.45059872626952,14.25));
#4996=CARTESIAN_POINT('Ctrl Pts',(-7.62975868474336,-7.45059872626952,15.));
#4997=CARTESIAN_POINT('Ctrl Pts',(-7.61771126642534,-7.58312782740128,14.25));
#4998=CARTESIAN_POINT('Ctrl Pts',(-7.61771126642534,-7.58312782740128,15.));
#4999=CARTESIAN_POINT('',(-7.9137550200493,-6.88838026022446,15.));
#5000=CARTESIAN_POINT('Ctrl Pts',(-7.9137550200493,-6.88838026022446,15.));
#5001=CARTESIAN_POINT('Ctrl Pts',(-7.82740981969404,-6.98755709822559,15.));
#5002=CARTESIAN_POINT('Ctrl Pts',(-7.65371498852212,-7.18706447167416,15.));
#5003=CARTESIAN_POINT('Ctrl Pts',(-7.62975868474336,-7.45059872626952,15.));
#5004=CARTESIAN_POINT('Ctrl Pts',(-7.61771126642534,-7.58312782740128,15.));
#5005=CARTESIAN_POINT('',(-7.9137550200493,-6.88838026022446,15.));
#5006=CARTESIAN_POINT('Ctrl Pts',(-8.72787519350359,-6.60904875492585,14.25));
#5007=CARTESIAN_POINT('Ctrl Pts',(-8.72787519350359,-6.60904875492585,15.));
#5008=CARTESIAN_POINT('Ctrl Pts',(-8.56828929559913,-6.61724495964654,14.25));
#5009=CARTESIAN_POINT('Ctrl Pts',(-8.56828929559913,-6.61724495964654,15.));
#5010=CARTESIAN_POINT('Ctrl Pts',(-8.26909722418534,-6.6326112263425,14.25));
#5011=CARTESIAN_POINT('Ctrl Pts',(-8.26909722418534,-6.6326112263425,15.));
#5012=CARTESIAN_POINT('Ctrl Pts',(-8.02680917644068,-6.80700587795296,14.25));
#5013=CARTESIAN_POINT('Ctrl Pts',(-8.02680917644068,-6.80700587795296,15.));
#5014=CARTESIAN_POINT('Ctrl Pts',(-7.9137550200493,-6.88838026022446,14.25));
#5015=CARTESIAN_POINT('Ctrl Pts',(-7.9137550200493,-6.88838026022446,15.));
#5016=CARTESIAN_POINT('',(-8.72787519350359,-6.60904875492585,15.));
#5017=CARTESIAN_POINT('Ctrl Pts',(-8.72787519350359,-6.60904875492585,15.));
#5018=CARTESIAN_POINT('Ctrl Pts',(-8.56828929559913,-6.61724495964654,15.));
#5019=CARTESIAN_POINT('Ctrl Pts',(-8.26909722418534,-6.6326112263425,15.));
#5020=CARTESIAN_POINT('Ctrl Pts',(-8.02680917644068,-6.80700587795296,15.));
#5021=CARTESIAN_POINT('Ctrl Pts',(-7.9137550200493,-6.88838026022446,15.));
#5022=CARTESIAN_POINT('',(-8.72787519350359,-6.60904875492585,15.));
#5023=CARTESIAN_POINT('Ctrl Pts',(-9.51573326244661,-6.85018113350403,14.25));
#5024=CARTESIAN_POINT('Ctrl Pts',(-9.51573326244661,-6.85018113350403,15.));
#5025=CARTESIAN_POINT('Ctrl Pts',(-9.40070372286155,-6.77989373681473,14.25));
#5026=CARTESIAN_POINT('Ctrl Pts',(-9.40070372286155,-6.77989373681473,15.));
#5027=CARTESIAN_POINT('Ctrl Pts',(-9.15922917422068,-6.63234366009603,14.25));
#5028=CARTESIAN_POINT('Ctrl Pts',(-9.15922917422068,-6.63234366009603,15.));
#5029=CARTESIAN_POINT('Ctrl Pts',(-8.87612107186757,-6.61705464760967,14.25));
#5030=CARTESIAN_POINT('Ctrl Pts',(-8.87612107186757,-6.61705464760967,15.));
#5031=CARTESIAN_POINT('Ctrl Pts',(-8.72787519350359,-6.60904875492585,14.25));
#5032=CARTESIAN_POINT('Ctrl Pts',(-8.72787519350359,-6.60904875492585,15.));
#5033=CARTESIAN_POINT('',(-9.51573326244661,-6.85018113350403,15.));
#5034=CARTESIAN_POINT('Ctrl Pts',(-9.51573326244661,-6.85018113350403,15.));
#5035=CARTESIAN_POINT('Ctrl Pts',(-9.40070372286155,-6.77989373681473,15.));
#5036=CARTESIAN_POINT('Ctrl Pts',(-9.15922917422068,-6.63234366009603,15.));
#5037=CARTESIAN_POINT('Ctrl Pts',(-8.87612107186757,-6.61705464760967,15.));
#5038=CARTESIAN_POINT('Ctrl Pts',(-8.72787519350359,-6.60904875492585,15.));
#5039=CARTESIAN_POINT('',(-9.51573326244661,-6.85018113350403,15.));
#5040=CARTESIAN_POINT('Ctrl Pts',(-9.8905626590521,-7.64520144557488,14.25));
#5041=CARTESIAN_POINT('Ctrl Pts',(-9.8905626590521,-7.64520144557488,15.));
#5042=CARTESIAN_POINT('Ctrl Pts',(-9.86583684959099,-7.47847270761883,14.25));
#5043=CARTESIAN_POINT('Ctrl Pts',(-9.86583684959099,-7.47847270761883,15.));
#5044=CARTESIAN_POINT('Ctrl Pts',(-9.82066892017784,-7.17390060133506,14.25));
#5045=CARTESIAN_POINT('Ctrl Pts',(-9.82066892017784,-7.17390060133506,15.));
#5046=CARTESIAN_POINT('Ctrl Pts',(-9.6107420507848,-6.95104239265929,14.25));
#5047=CARTESIAN_POINT('Ctrl Pts',(-9.6107420507848,-6.95104239265929,15.));
#5048=CARTESIAN_POINT('Ctrl Pts',(-9.51573326244661,-6.85018113350403,14.25));
#5049=CARTESIAN_POINT('Ctrl Pts',(-9.51573326244661,-6.85018113350403,15.));
#5050=CARTESIAN_POINT('',(-9.8905626590521,-7.64520144557488,15.));
#5051=CARTESIAN_POINT('Ctrl Pts',(-9.8905626590521,-7.64520144557488,15.));
#5052=CARTESIAN_POINT('Ctrl Pts',(-9.86583684959099,-7.47847270761883,15.));
#5053=CARTESIAN_POINT('Ctrl Pts',(-9.82066892017784,-7.17390060133506,15.));
#5054=CARTESIAN_POINT('Ctrl Pts',(-9.6107420507848,-6.95104239265929,15.));
#5055=CARTESIAN_POINT('Ctrl Pts',(-9.51573326244661,-6.85018113350403,15.));
#5056=CARTESIAN_POINT('',(-9.8905626590521,-7.64520144557488,15.));
#5057=CARTESIAN_POINT('Origin',(-9.55631981596061,-7.67862579321396,15.));
#5058=CARTESIAN_POINT('',(-9.22207697286913,-7.71205014085305,15.));
#5059=CARTESIAN_POINT('',(-5.20559929516325,-8.113698669637,15.));
#5060=CARTESIAN_POINT('',(-9.22207697286913,-7.71205014085305,15.));
#5061=CARTESIAN_POINT('Ctrl Pts',(-9.0788300241501,-7.29185900187027,14.25));
#5062=CARTESIAN_POINT('Ctrl Pts',(-9.0788300241501,-7.29185900187027,15.));
#5063=CARTESIAN_POINT('Ctrl Pts',(-9.11602226229259,-7.34628543301588,14.25));
#5064=CARTESIAN_POINT('Ctrl Pts',(-9.11602226229259,-7.34628543301588,15.));
#5065=CARTESIAN_POINT('Ctrl Pts',(-9.20210043022709,-7.4722506266748,14.25));
#5066=CARTESIAN_POINT('Ctrl Pts',(-9.20210043022709,-7.4722506266748,15.));
#5067=CARTESIAN_POINT('Ctrl Pts',(-9.21484118292546,-7.62519132127252,14.25));
#5068=CARTESIAN_POINT('Ctrl Pts',(-9.21484118292546,-7.62519132127252,15.));
#5069=CARTESIAN_POINT('Ctrl Pts',(-9.22207697286913,-7.71205014085305,14.25));
#5070=CARTESIAN_POINT('Ctrl Pts',(-9.22207697286913,-7.71205014085305,15.));
#5071=CARTESIAN_POINT('',(-9.0788300241501,-7.29185900187027,15.));
#5072=CARTESIAN_POINT('Ctrl Pts',(-9.0788300241501,-7.29185900187027,15.));
#5073=CARTESIAN_POINT('Ctrl Pts',(-9.11602226229259,-7.34628543301588,15.));
#5074=CARTESIAN_POINT('Ctrl Pts',(-9.20210043022709,-7.4722506266748,15.));
#5075=CARTESIAN_POINT('Ctrl Pts',(-9.21484118292546,-7.62519132127252,15.));
#5076=CARTESIAN_POINT('Ctrl Pts',(-9.22207697286913,-7.71205014085305,15.));
#5077=CARTESIAN_POINT('',(-9.0788300241501,-7.29185900187027,15.));
#5078=CARTESIAN_POINT('Ctrl Pts',(-8.74458729281732,-7.1653243014766,14.25));
#5079=CARTESIAN_POINT('Ctrl Pts',(-8.74458729281732,-7.1653243014766,15.));
#5080=CARTESIAN_POINT('Ctrl Pts',(-8.80993474725785,-7.16951487291738,14.25));
#5081=CARTESIAN_POINT('Ctrl Pts',(-8.80993474725785,-7.16951487291738,15.));
#5082=CARTESIAN_POINT('Ctrl Pts',(-8.93467847869355,-7.17751438143454,14.25));
#5083=CARTESIAN_POINT('Ctrl Pts',(-8.93467847869355,-7.17751438143454,15.));
#5084=CARTESIAN_POINT('Ctrl Pts',(-9.03233244224935,-7.25497595398631,14.25));
#5085=CARTESIAN_POINT('Ctrl Pts',(-9.03233244224935,-7.25497595398631,15.));
#5086=CARTESIAN_POINT('Ctrl Pts',(-9.0788300241501,-7.29185900187027,14.25));
#5087=CARTESIAN_POINT('Ctrl Pts',(-9.0788300241501,-7.29185900187027,15.));
#5088=CARTESIAN_POINT('',(-8.74458729281732,-7.1653243014766,15.));
#5089=CARTESIAN_POINT('Ctrl Pts',(-8.74458729281732,-7.1653243014766,15.));
#5090=CARTESIAN_POINT('Ctrl Pts',(-8.80993474725785,-7.16951487291738,15.));
#5091=CARTESIAN_POINT('Ctrl Pts',(-8.93467847869355,-7.17751438143454,15.));
#5092=CARTESIAN_POINT('Ctrl Pts',(-9.03233244224935,-7.25497595398631,15.));
#5093=CARTESIAN_POINT('Ctrl Pts',(-9.0788300241501,-7.29185900187027,15.));
#5094=CARTESIAN_POINT('',(-8.74458729281732,-7.1653243014766,15.));
#5095=CARTESIAN_POINT('Ctrl Pts',(-8.41153814449617,-7.28589049076569,14.25));
#5096=CARTESIAN_POINT('Ctrl Pts',(-8.41153814449617,-7.28589049076569,15.));
#5097=CARTESIAN_POINT('Ctrl Pts',(-8.45750950020904,-7.25076114907423,14.25));
#5098=CARTESIAN_POINT('Ctrl Pts',(-8.45750950020904,-7.25076114907423,15.));
#5099=CARTESIAN_POINT('Ctrl Pts',(-8.55547700079891,-7.17589857977403,14.25));
#5100=CARTESIAN_POINT('Ctrl Pts',(-8.55547700079891,-7.17589857977403,15.));
#5101=CARTESIAN_POINT('Ctrl Pts',(-8.67901802694019,-7.1689906681124,14.25));
#5102=CARTESIAN_POINT('Ctrl Pts',(-8.67901802694019,-7.1689906681124,15.));
#5103=CARTESIAN_POINT('Ctrl Pts',(-8.74458729281732,-7.1653243014766,14.25));
#5104=CARTESIAN_POINT('Ctrl Pts',(-8.74458729281732,-7.1653243014766,15.));
#5105=CARTESIAN_POINT('',(-8.41153814449617,-7.28589049076569,15.));
#5106=CARTESIAN_POINT('Ctrl Pts',(-8.41153814449617,-7.28589049076569,15.));
#5107=CARTESIAN_POINT('Ctrl Pts',(-8.45750950020904,-7.25076114907423,15.));
#5108=CARTESIAN_POINT('Ctrl Pts',(-8.55547700079891,-7.17589857977403,15.));
#5109=CARTESIAN_POINT('Ctrl Pts',(-8.67901802694019,-7.1689906681124,15.));
#5110=CARTESIAN_POINT('Ctrl Pts',(-8.74458729281732,-7.1653243014766,15.));
#5111=CARTESIAN_POINT('',(-8.41153814449617,-7.28589049076569,15.));
#5112=CARTESIAN_POINT('Ctrl Pts',(-8.29097195520708,-7.63087681030762,14.25));
#5113=CARTESIAN_POINT('Ctrl Pts',(-8.29097195520708,-7.63087681030762,15.));
#5114=CARTESIAN_POINT('Ctrl Pts',(-8.29426594733377,-7.56224559077437,14.25));
#5115=CARTESIAN_POINT('Ctrl Pts',(-8.29426594733377,-7.56224559077437,15.));
#5116=CARTESIAN_POINT('Ctrl Pts',(-8.30038546597491,-7.43474375982122,14.25));
#5117=CARTESIAN_POINT('Ctrl Pts',(-8.30038546597491,-7.43474375982122,15.));
#5118=CARTESIAN_POINT('Ctrl Pts',(-8.37642766323517,-7.33290968979303,14.25));
#5119=CARTESIAN_POINT('Ctrl Pts',(-8.37642766323517,-7.33290968979303,15.));
#5120=CARTESIAN_POINT('Ctrl Pts',(-8.41153814449617,-7.28589049076569,14.25));
#5121=CARTESIAN_POINT('Ctrl Pts',(-8.41153814449617,-7.28589049076569,15.));
#5122=CARTESIAN_POINT('',(-8.29097195520708,-7.63087681030762,15.));
#5123=CARTESIAN_POINT('Ctrl Pts',(-8.29097195520708,-7.63087681030762,15.));
#5124=CARTESIAN_POINT('Ctrl Pts',(-8.29426594733377,-7.56224559077437,15.));
#5125=CARTESIAN_POINT('Ctrl Pts',(-8.30038546597491,-7.43474375982122,15.));
#5126=CARTESIAN_POINT('Ctrl Pts',(-8.37642766323517,-7.33290968979303,15.));
#5127=CARTESIAN_POINT('Ctrl Pts',(-8.41153814449617,-7.28589049076569,15.));
#5128=CARTESIAN_POINT('',(-8.29097195520708,-7.63087681030762,15.));
#5129=CARTESIAN_POINT('Ctrl Pts',(-8.42944397583315,-8.04151809310448,14.25));
#5130=CARTESIAN_POINT('Ctrl Pts',(-8.42944397583315,-8.04151809310448,15.));
#5131=CARTESIAN_POINT('Ctrl Pts',(-8.3890933279343,-7.97456045990578,14.25));
#5132=CARTESIAN_POINT('Ctrl Pts',(-8.3890933279343,-7.97456045990578,15.));
#5133=CARTESIAN_POINT('Ctrl Pts',(-8.31260172559612,-7.84763073463887,14.25));
#5134=CARTESIAN_POINT('Ctrl Pts',(-8.31260172559612,-7.84763073463887,15.));
#5135=CARTESIAN_POINT('Ctrl Pts',(-8.29791240447441,-7.70042769264511,14.25));
#5136=CARTESIAN_POINT('Ctrl Pts',(-8.29791240447441,-7.70042769264511,15.));
#5137=CARTESIAN_POINT('Ctrl Pts',(-8.29097195520708,-7.63087681030762,14.25));
#5138=CARTESIAN_POINT('Ctrl Pts',(-8.29097195520708,-7.63087681030762,15.));
#5139=CARTESIAN_POINT('',(-8.42944397583315,-8.04151809310448,15.));
#5140=CARTESIAN_POINT('Ctrl Pts',(-8.42944397583315,-8.04151809310448,15.));
#5141=CARTESIAN_POINT('Ctrl Pts',(-8.3890933279343,-7.97456045990578,15.));
#5142=CARTESIAN_POINT('Ctrl Pts',(-8.31260172559612,-7.84763073463887,15.));
#5143=CARTESIAN_POINT('Ctrl Pts',(-8.29791240447441,-7.70042769264511,15.));
#5144=CARTESIAN_POINT('Ctrl Pts',(-8.29097195520708,-7.63087681030762,15.));
#5145=CARTESIAN_POINT('',(-8.42944397583315,-8.04151809310448,15.));
#5146=CARTESIAN_POINT('Ctrl Pts',(-8.9857195223839,-8.61450573896897,14.25));
#5147=CARTESIAN_POINT('Ctrl Pts',(-8.9857195223839,-8.61450573896897,15.));
#5148=CARTESIAN_POINT('Ctrl Pts',(-8.86045338893558,-8.49946423231781,14.25));
#5149=CARTESIAN_POINT('Ctrl Pts',(-8.86045338893558,-8.49946423231781,15.));
#5150=CARTESIAN_POINT('Ctrl Pts',(-8.66393758495756,-8.31898868359561,14.25));
#5151=CARTESIAN_POINT('Ctrl Pts',(-8.66393758495756,-8.31898868359561,15.));
#5152=CARTESIAN_POINT('Ctrl Pts',(-8.49184034124266,-8.11535019633034,14.25));
#5153=CARTESIAN_POINT('Ctrl Pts',(-8.49184034124266,-8.11535019633034,15.));
#5154=CARTESIAN_POINT('Ctrl Pts',(-8.42944397583315,-8.04151809310448,14.25));
#5155=CARTESIAN_POINT('Ctrl Pts',(-8.42944397583315,-8.04151809310448,15.));
#5156=CARTESIAN_POINT('',(-8.9857195223839,-8.61450573896897,15.));
#5157=CARTESIAN_POINT('Ctrl Pts',(-8.9857195223839,-8.61450573896897,15.));
#5158=CARTESIAN_POINT('Ctrl Pts',(-8.86045338893558,-8.49946423231781,15.));
#5159=CARTESIAN_POINT('Ctrl Pts',(-8.66393758495756,-8.31898868359561,15.));
#5160=CARTESIAN_POINT('Ctrl Pts',(-8.49184034124266,-8.11535019633034,15.));
#5161=CARTESIAN_POINT('Ctrl Pts',(-8.42944397583315,-8.04151809310448,15.));
#5162=CARTESIAN_POINT('',(-8.9857195223839,-8.61450573896897,15.));
#5163=CARTESIAN_POINT('Ctrl Pts',(-9.74015339269945,-9.45369413589966,14.25));
#5164=CARTESIAN_POINT('Ctrl Pts',(-9.74015339269945,-9.45369413589966,15.));
#5165=CARTESIAN_POINT('Ctrl Pts',(-9.64848712074402,-9.32837101355301,14.25));
#5166=CARTESIAN_POINT('Ctrl Pts',(-9.64848712074402,-9.32837101355301,15.));
#5167=CARTESIAN_POINT('Ctrl Pts',(-9.42554176394163,-9.02356742951779,14.25));
#5168=CARTESIAN_POINT('Ctrl Pts',(-9.42554176394163,-9.02356742951779,15.));
#5169=CARTESIAN_POINT('Ctrl Pts',(-9.14872199928297,-8.76610805113905,14.25));
#5170=CARTESIAN_POINT('Ctrl Pts',(-9.14872199928297,-8.76610805113905,15.));
#5171=CARTESIAN_POINT('Ctrl Pts',(-8.9857195223839,-8.61450573896897,14.25));
#5172=CARTESIAN_POINT('Ctrl Pts',(-8.9857195223839,-8.61450573896897,15.));
#5173=CARTESIAN_POINT('',(-9.74015339269945,-9.45369413589966,15.));
#5174=CARTESIAN_POINT('Ctrl Pts',(-9.74015339269945,-9.45369413589966,15.));
#5175=CARTESIAN_POINT('Ctrl Pts',(-9.64848712074402,-9.32837101355301,15.));
#5176=CARTESIAN_POINT('Ctrl Pts',(-9.42554176394163,-9.02356742951779,15.));
#5177=CARTESIAN_POINT('Ctrl Pts',(-9.14872199928297,-8.76610805113905,15.));
#5178=CARTESIAN_POINT('Ctrl Pts',(-8.9857195223839,-8.61450573896897,15.));
#5179=CARTESIAN_POINT('',(-9.74015339269945,-9.45369413589966,15.));
#5180=CARTESIAN_POINT('Ctrl Pts',(-9.96934845104524,-10.1233734796001,14.25));
#5181=CARTESIAN_POINT('Ctrl Pts',(-9.96934845104524,-10.1233734796001,15.));
#5182=CARTESIAN_POINT('Ctrl Pts',(-9.94993267819794,-10.0066133000609,14.25));
#5183=CARTESIAN_POINT('Ctrl Pts',(-9.94993267819794,-10.0066133000609,15.));
#5184=CARTESIAN_POINT('Ctrl Pts',(-9.91070514970058,-9.77071162845366,14.25));
#5185=CARTESIAN_POINT('Ctrl Pts',(-9.91070514970058,-9.77071162845366,15.));
#5186=CARTESIAN_POINT('Ctrl Pts',(-9.79738528133408,-9.56007539017757,14.25));
#5187=CARTESIAN_POINT('Ctrl Pts',(-9.79738528133408,-9.56007539017757,15.));
#5188=CARTESIAN_POINT('Ctrl Pts',(-9.74015339269945,-9.45369413589966,14.25));
#5189=CARTESIAN_POINT('Ctrl Pts',(-9.74015339269945,-9.45369413589966,15.));
#5190=CARTESIAN_POINT('',(-9.96934845104524,-10.1233734796001,15.));
#5191=CARTESIAN_POINT('Ctrl Pts',(-9.96934845104524,-10.1233734796001,15.));
#5192=CARTESIAN_POINT('Ctrl Pts',(-9.94993267819794,-10.0066133000609,15.));
#5193=CARTESIAN_POINT('Ctrl Pts',(-9.91070514970058,-9.77071162845366,15.));
#5194=CARTESIAN_POINT('Ctrl Pts',(-9.79738528133408,-9.56007539017757,15.));
#5195=CARTESIAN_POINT('Ctrl Pts',(-9.74015339269945,-9.45369413589966,15.));
#5196=CARTESIAN_POINT('',(-9.96934845104524,-10.1233734796001,15.));
#5197=CARTESIAN_POINT('Origin',(-8.79352985873529,-10.1233734796001,15.));
#5198=CARTESIAN_POINT('',(-7.61771126642534,-10.1233734796001,15.));
#5199=CARTESIAN_POINT('',(-4.39676492936765,-10.1233734796001,15.));
#5200=CARTESIAN_POINT('',(-7.61771126642534,-10.1233734796001,15.));
#5201=CARTESIAN_POINT('Origin',(-7.61771126642534,-9.81181135868561,15.));
#5202=CARTESIAN_POINT('',(-7.61771126642534,-9.50024923777115,15.));
#5203=CARTESIAN_POINT('',(-7.61771126642534,-4.90590567934281,15.));
#5204=CARTESIAN_POINT('',(-7.61771126642534,-9.50024923777115,15.));
#5205=CARTESIAN_POINT('Origin',(-8.28380956306764,-9.50024923777115,15.));
#5206=CARTESIAN_POINT('',(-4.14190478153382,-9.50024923777115,15.));
#5207=CARTESIAN_POINT('Origin',(0.,0.,14.25));
#5208=CARTESIAN_POINT('',(8.50872536262985,8.02018089684771,14.25));
#5209=CARTESIAN_POINT('',(8.37144707402702,7.8339598933153,14.25));
#5210=CARTESIAN_POINT('Ctrl Pts',(8.50872536262985,8.02018089684771,14.25));
#5211=CARTESIAN_POINT('Ctrl Pts',(8.48230239214214,7.98937498182801,14.25));
#5212=CARTESIAN_POINT('Ctrl Pts',(8.43194962508592,7.93066988416831,14.25));
#5213=CARTESIAN_POINT('Ctrl Pts',(8.39093770100685,7.86511458553817,14.25));
#5214=CARTESIAN_POINT('Ctrl Pts',(8.37144707402702,7.8339598933153,14.25));
#5215=CARTESIAN_POINT('',(8.91101052126404,8.40694739016817,14.25));
#5216=CARTESIAN_POINT('Ctrl Pts',(8.91101052126404,8.40694739016817,14.25));
#5217=CARTESIAN_POINT('Ctrl Pts',(8.82354034562269,8.32722652609788,14.25));
#5218=CARTESIAN_POINT('Ctrl Pts',(8.68598897128568,8.20186134492842,14.25));
#5219=CARTESIAN_POINT('Ctrl Pts',(8.55603897061975,8.06867340788876,14.25));
#5220=CARTESIAN_POINT('Ctrl Pts',(8.50872536262985,8.02018089684771,14.25));
#5221=CARTESIAN_POINT('',(9.35030107459541,8.8534004846506,14.25));
#5222=CARTESIAN_POINT('Ctrl Pts',(9.35030107459541,8.8534004846506,14.25));
#5223=CARTESIAN_POINT('Ctrl Pts',(9.29430366303373,8.7894551291857,14.25));
#5224=CARTESIAN_POINT('Ctrl Pts',(9.15658132985129,8.63218529643452,14.25));
#5225=CARTESIAN_POINT('Ctrl Pts',(9.00246418333941,8.4908288233269,14.25));
#5226=CARTESIAN_POINT('Ctrl Pts',(8.91101052126404,8.40694739016817,14.25));
#5227=CARTESIAN_POINT('',(9.61888914069649,9.30104716214464,14.25));
#5228=CARTESIAN_POINT('Ctrl Pts',(9.61888914069649,9.30104716214464,14.25));
#5229=CARTESIAN_POINT('Ctrl Pts',(9.58472440356801,9.22673932388495,14.25));
#5230=CARTESIAN_POINT('Ctrl Pts',(9.51163249175579,9.06776541050143,14.25));
#5231=CARTESIAN_POINT('Ctrl Pts',(9.40636452283647,8.927893333822,14.25));
#5232=CARTESIAN_POINT('Ctrl Pts',(9.35030107459541,8.8534004846506,14.25));
#5233=CARTESIAN_POINT('',(9.70364366731163,9.75108130368517,14.25));
#5234=CARTESIAN_POINT('Ctrl Pts',(9.70364366731163,9.75108130368517,14.25));
#5235=CARTESIAN_POINT('Ctrl Pts',(9.70021427053516,9.67349869675906,14.25));
#5236=CARTESIAN_POINT('Ctrl Pts',(9.69340412902553,9.51943412905507,14.25));
#5237=CARTESIAN_POINT('Ctrl Pts',(9.64360889012093,9.37349528594694,14.25));
#5238=CARTESIAN_POINT('Ctrl Pts',(9.61888914069649,9.30104716214464,14.25));
#5239=CARTESIAN_POINT('',(9.40759991368767,10.445828870862,14.25));
#5240=CARTESIAN_POINT('Ctrl Pts',(9.40759991368767,10.445828870862,14.25));
#5241=CARTESIAN_POINT('Ctrl Pts',(9.49394511404294,10.3466520328609,14.25));
#5242=CARTESIAN_POINT('Ctrl Pts',(9.66763994521485,10.1471446594123,14.25));
#5243=CARTESIAN_POINT('Ctrl Pts',(9.69159624899361,9.88361040481693,14.25));
#5244=CARTESIAN_POINT('Ctrl Pts',(9.70364366731163,9.75108130368517,14.25));
#5245=CARTESIAN_POINT('',(8.59347974023338,10.7251603761606,14.25));
#5246=CARTESIAN_POINT('Ctrl Pts',(8.59347974023338,10.7251603761606,14.25));
#5247=CARTESIAN_POINT('Ctrl Pts',(8.75306563813785,10.7169641714399,14.25));
#5248=CARTESIAN_POINT('Ctrl Pts',(9.05225770955163,10.701597904744,14.25));
#5249=CARTESIAN_POINT('Ctrl Pts',(9.29454575729629,10.5272032531335,14.25));
#5250=CARTESIAN_POINT('Ctrl Pts',(9.40759991368767,10.445828870862,14.25));
#5251=CARTESIAN_POINT('',(7.80562167129036,10.4840279975824,14.25));
#5252=CARTESIAN_POINT('Ctrl Pts',(7.80562167129036,10.4840279975824,14.25));
#5253=CARTESIAN_POINT('Ctrl Pts',(7.92065121087542,10.5543153942717,14.25));
#5254=CARTESIAN_POINT('Ctrl Pts',(8.16212575951629,10.7018654709904,14.25));
#5255=CARTESIAN_POINT('Ctrl Pts',(8.4452338618694,10.7171544834768,14.25));
#5256=CARTESIAN_POINT('Ctrl Pts',(8.59347974023338,10.7251603761606,14.25));
#5257=CARTESIAN_POINT('',(7.43079227468487,9.68900768551157,14.25));
#5258=CARTESIAN_POINT('Ctrl Pts',(7.43079227468487,9.68900768551157,14.25));
#5259=CARTESIAN_POINT('Ctrl Pts',(7.45551808414598,9.85573642346762,14.25));
#5260=CARTESIAN_POINT('Ctrl Pts',(7.50068601355913,10.1603085297514,14.25));
#5261=CARTESIAN_POINT('Ctrl Pts',(7.71061288295217,10.3831667384272,14.25));
#5262=CARTESIAN_POINT('Ctrl Pts',(7.80562167129036,10.4840279975824,14.25));
#5263=CARTESIAN_POINT('',(8.09927796086784,9.62215899023341,14.25));
#5264=CARTESIAN_POINT('',(8.09927796086784,9.62215899023341,14.25));
#5265=CARTESIAN_POINT('',(8.24252490958687,10.0423501292162,14.25));
#5266=CARTESIAN_POINT('Ctrl Pts',(8.24252490958687,10.0423501292162,14.25));
#5267=CARTESIAN_POINT('Ctrl Pts',(8.20533267144438,9.98792369807057,14.25));
#5268=CARTESIAN_POINT('Ctrl Pts',(8.11925450350988,9.86195850441165,14.25));
#5269=CARTESIAN_POINT('Ctrl Pts',(8.10651375081151,9.70901780981394,14.25));
#5270=CARTESIAN_POINT('Ctrl Pts',(8.09927796086784,9.62215899023341,14.25));
#5271=CARTESIAN_POINT('',(8.57676764091965,10.1688848296099,14.25));
#5272=CARTESIAN_POINT('Ctrl Pts',(8.57676764091965,10.1688848296099,14.25));
#5273=CARTESIAN_POINT('Ctrl Pts',(8.51142018647912,10.1646942581691,14.25));
#5274=CARTESIAN_POINT('Ctrl Pts',(8.38667645504342,10.1566947496519,14.25));
#5275=CARTESIAN_POINT('Ctrl Pts',(8.28902249148762,10.0792331771001,14.25));
#5276=CARTESIAN_POINT('Ctrl Pts',(8.24252490958687,10.0423501292162,14.25));
#5277=CARTESIAN_POINT('',(8.9098167892408,10.0483186403208,14.25));
#5278=CARTESIAN_POINT('Ctrl Pts',(8.9098167892408,10.0483186403208,14.25));
#5279=CARTESIAN_POINT('Ctrl Pts',(8.86384543352793,10.0834479820122,14.25));
#5280=CARTESIAN_POINT('Ctrl Pts',(8.76587793293806,10.1583105513124,14.25));
#5281=CARTESIAN_POINT('Ctrl Pts',(8.64233690679678,10.1652184629741,14.25));
#5282=CARTESIAN_POINT('Ctrl Pts',(8.57676764091965,10.1688848296099,14.25));
#5283=CARTESIAN_POINT('',(9.03038297852989,9.70333232077883,14.25));
#5284=CARTESIAN_POINT('Ctrl Pts',(9.03038297852989,9.70333232077883,14.25));
#5285=CARTESIAN_POINT('Ctrl Pts',(9.0270889864032,9.77196354031208,14.25));
#5286=CARTESIAN_POINT('Ctrl Pts',(9.02096946776206,9.89946537126523,14.25));
#5287=CARTESIAN_POINT('Ctrl Pts',(8.9449272705018,10.0012994412934,14.25));
#5288=CARTESIAN_POINT('Ctrl Pts',(8.9098167892408,10.0483186403208,14.25));
#5289=CARTESIAN_POINT('',(8.89191095790382,9.29269103798197,14.25));
#5290=CARTESIAN_POINT('Ctrl Pts',(8.89191095790382,9.29269103798197,14.25));
#5291=CARTESIAN_POINT('Ctrl Pts',(8.93226160580267,9.35964867118068,14.25));
#5292=CARTESIAN_POINT('Ctrl Pts',(9.00875320814085,9.48657839644758,14.25));
#5293=CARTESIAN_POINT('Ctrl Pts',(9.02344252926256,9.63378143844134,14.25));
#5294=CARTESIAN_POINT('Ctrl Pts',(9.03038297852989,9.70333232077883,14.25));
#5295=CARTESIAN_POINT('',(8.33563541135307,8.71970339211748,14.25));
#5296=CARTESIAN_POINT('Ctrl Pts',(8.33563541135307,8.71970339211748,14.25));
#5297=CARTESIAN_POINT('Ctrl Pts',(8.46090154480139,8.83474489876864,14.25));
#5298=CARTESIAN_POINT('Ctrl Pts',(8.65741734877941,9.01522044749084,14.25));
#5299=CARTESIAN_POINT('Ctrl Pts',(8.82951459249431,9.21885893475612,14.25));
#5300=CARTESIAN_POINT('Ctrl Pts',(8.89191095790382,9.29269103798197,14.25));
#5301=CARTESIAN_POINT('',(7.58120154103752,7.88051499518679,14.25));
#5302=CARTESIAN_POINT('Ctrl Pts',(7.58120154103752,7.88051499518679,14.25));
#5303=CARTESIAN_POINT('Ctrl Pts',(7.67286781299295,8.00583811753344,14.25));
#5304=CARTESIAN_POINT('Ctrl Pts',(7.89581316979534,8.31064170156866,14.25));
#5305=CARTESIAN_POINT('Ctrl Pts',(8.172632934454,8.5681010799474,14.25));
#5306=CARTESIAN_POINT('Ctrl Pts',(8.33563541135307,8.71970339211748,14.25));
#5307=CARTESIAN_POINT('',(7.35200648269173,7.21083565148638,14.25));
#5308=CARTESIAN_POINT('Ctrl Pts',(7.35200648269173,7.21083565148638,14.25));
#5309=CARTESIAN_POINT('Ctrl Pts',(7.37142225553904,7.32759583102551,14.25));
#5310=CARTESIAN_POINT('Ctrl Pts',(7.41064978403639,7.56349750263279,14.25));
#5311=CARTESIAN_POINT('Ctrl Pts',(7.52396965240289,7.77413374090888,14.25));
#5312=CARTESIAN_POINT('Ctrl Pts',(7.58120154103752,7.88051499518679,14.25));
#5313=CARTESIAN_POINT('',(9.70364366731163,7.21083565148638,14.25));
#5314=CARTESIAN_POINT('',(9.70364366731163,7.21083565148638,14.25));
#5315=CARTESIAN_POINT('',(9.70364366731163,7.8339598933153,14.25));
#5316=CARTESIAN_POINT('',(9.70364366731163,7.8339598933153,14.25));
#5317=CARTESIAN_POINT('',(8.37144707402702,7.8339598933153,14.25));
#5318=CARTESIAN_POINT('Ctrl Pts',(8.50872536262985,8.02018089684771,14.25));
#5319=CARTESIAN_POINT('Ctrl Pts',(8.50872536262985,8.02018089684771,15.));
#5320=CARTESIAN_POINT('Ctrl Pts',(8.48230239214214,7.98937498182801,14.25));
#5321=CARTESIAN_POINT('Ctrl Pts',(8.48230239214214,7.98937498182801,15.));
#5322=CARTESIAN_POINT('Ctrl Pts',(8.43194962508592,7.93066988416831,14.25));
#5323=CARTESIAN_POINT('Ctrl Pts',(8.43194962508592,7.93066988416831,15.));
#5324=CARTESIAN_POINT('Ctrl Pts',(8.39093770100685,7.86511458553817,14.25));
#5325=CARTESIAN_POINT('Ctrl Pts',(8.39093770100685,7.86511458553817,15.));
#5326=CARTESIAN_POINT('Ctrl Pts',(8.37144707402702,7.8339598933153,14.25));
#5327=CARTESIAN_POINT('Ctrl Pts',(8.37144707402702,7.8339598933153,15.));
#5328=CARTESIAN_POINT('',(8.37144707402702,7.8339598933153,15.));
#5329=CARTESIAN_POINT('',(8.37144707402702,7.8339598933153,15.));
#5330=CARTESIAN_POINT('',(8.50872536262985,8.02018089684771,15.));
#5331=CARTESIAN_POINT('Ctrl Pts',(8.50872536262985,8.02018089684771,15.));
#5332=CARTESIAN_POINT('Ctrl Pts',(8.48230239214214,7.98937498182801,15.));
#5333=CARTESIAN_POINT('Ctrl Pts',(8.43194962508592,7.93066988416831,15.));
#5334=CARTESIAN_POINT('Ctrl Pts',(8.39093770100685,7.86511458553817,15.));
#5335=CARTESIAN_POINT('Ctrl Pts',(8.37144707402702,7.8339598933153,15.));
#5336=CARTESIAN_POINT('',(8.50872536262985,8.02018089684771,15.));
#5337=CARTESIAN_POINT('Ctrl Pts',(8.91101052126404,8.40694739016817,14.25));
#5338=CARTESIAN_POINT('Ctrl Pts',(8.91101052126404,8.40694739016817,15.));
#5339=CARTESIAN_POINT('Ctrl Pts',(8.82354034562269,8.32722652609788,14.25));
#5340=CARTESIAN_POINT('Ctrl Pts',(8.82354034562269,8.32722652609788,15.));
#5341=CARTESIAN_POINT('Ctrl Pts',(8.68598897128568,8.20186134492842,14.25));
#5342=CARTESIAN_POINT('Ctrl Pts',(8.68598897128568,8.20186134492842,15.));
#5343=CARTESIAN_POINT('Ctrl Pts',(8.55603897061975,8.06867340788876,14.25));
#5344=CARTESIAN_POINT('Ctrl Pts',(8.55603897061975,8.06867340788876,15.));
#5345=CARTESIAN_POINT('Ctrl Pts',(8.50872536262985,8.02018089684771,14.25));
#5346=CARTESIAN_POINT('Ctrl Pts',(8.50872536262985,8.02018089684771,15.));
#5347=CARTESIAN_POINT('',(8.91101052126404,8.40694739016817,15.));
#5348=CARTESIAN_POINT('Ctrl Pts',(8.91101052126404,8.40694739016817,15.));
#5349=CARTESIAN_POINT('Ctrl Pts',(8.82354034562269,8.32722652609788,15.));
#5350=CARTESIAN_POINT('Ctrl Pts',(8.68598897128568,8.20186134492842,15.));
#5351=CARTESIAN_POINT('Ctrl Pts',(8.55603897061975,8.06867340788876,15.));
#5352=CARTESIAN_POINT('Ctrl Pts',(8.50872536262985,8.02018089684771,15.));
#5353=CARTESIAN_POINT('',(8.91101052126404,8.40694739016817,15.));
#5354=CARTESIAN_POINT('Ctrl Pts',(9.35030107459541,8.8534004846506,14.25));
#5355=CARTESIAN_POINT('Ctrl Pts',(9.35030107459541,8.8534004846506,15.));
#5356=CARTESIAN_POINT('Ctrl Pts',(9.29430366303373,8.7894551291857,14.25));
#5357=CARTESIAN_POINT('Ctrl Pts',(9.29430366303373,8.7894551291857,15.));
#5358=CARTESIAN_POINT('Ctrl Pts',(9.15658132985129,8.63218529643452,14.25));
#5359=CARTESIAN_POINT('Ctrl Pts',(9.15658132985129,8.63218529643452,15.));
#5360=CARTESIAN_POINT('Ctrl Pts',(9.00246418333941,8.4908288233269,14.25));
#5361=CARTESIAN_POINT('Ctrl Pts',(9.00246418333941,8.4908288233269,15.));
#5362=CARTESIAN_POINT('Ctrl Pts',(8.91101052126404,8.40694739016817,14.25));
#5363=CARTESIAN_POINT('Ctrl Pts',(8.91101052126404,8.40694739016817,15.));
#5364=CARTESIAN_POINT('',(9.35030107459541,8.8534004846506,15.));
#5365=CARTESIAN_POINT('Ctrl Pts',(9.35030107459541,8.8534004846506,15.));
#5366=CARTESIAN_POINT('Ctrl Pts',(9.29430366303373,8.7894551291857,15.));
#5367=CARTESIAN_POINT('Ctrl Pts',(9.15658132985129,8.63218529643452,15.));
#5368=CARTESIAN_POINT('Ctrl Pts',(9.00246418333941,8.4908288233269,15.));
#5369=CARTESIAN_POINT('Ctrl Pts',(8.91101052126404,8.40694739016817,15.));
#5370=CARTESIAN_POINT('',(9.35030107459541,8.8534004846506,15.));
#5371=CARTESIAN_POINT('Ctrl Pts',(9.61888914069649,9.30104716214464,14.25));
#5372=CARTESIAN_POINT('Ctrl Pts',(9.61888914069649,9.30104716214464,15.));
#5373=CARTESIAN_POINT('Ctrl Pts',(9.58472440356801,9.22673932388495,14.25));
#5374=CARTESIAN_POINT('Ctrl Pts',(9.58472440356801,9.22673932388495,15.));
#5375=CARTESIAN_POINT('Ctrl Pts',(9.51163249175579,9.06776541050143,14.25));
#5376=CARTESIAN_POINT('Ctrl Pts',(9.51163249175579,9.06776541050143,15.));
#5377=CARTESIAN_POINT('Ctrl Pts',(9.40636452283647,8.927893333822,14.25));
#5378=CARTESIAN_POINT('Ctrl Pts',(9.40636452283647,8.927893333822,15.));
#5379=CARTESIAN_POINT('Ctrl Pts',(9.35030107459541,8.8534004846506,14.25));
#5380=CARTESIAN_POINT('Ctrl Pts',(9.35030107459541,8.8534004846506,15.));
#5381=CARTESIAN_POINT('',(9.61888914069649,9.30104716214464,15.));
#5382=CARTESIAN_POINT('Ctrl Pts',(9.61888914069649,9.30104716214464,15.));
#5383=CARTESIAN_POINT('Ctrl Pts',(9.58472440356801,9.22673932388495,15.));
#5384=CARTESIAN_POINT('Ctrl Pts',(9.51163249175579,9.06776541050143,15.));
#5385=CARTESIAN_POINT('Ctrl Pts',(9.40636452283647,8.927893333822,15.));
#5386=CARTESIAN_POINT('Ctrl Pts',(9.35030107459541,8.8534004846506,15.));
#5387=CARTESIAN_POINT('',(9.61888914069649,9.30104716214464,15.));
#5388=CARTESIAN_POINT('Ctrl Pts',(9.70364366731163,9.75108130368517,14.25));
#5389=CARTESIAN_POINT('Ctrl Pts',(9.70364366731163,9.75108130368517,15.));
#5390=CARTESIAN_POINT('Ctrl Pts',(9.70021427053516,9.67349869675906,14.25));
#5391=CARTESIAN_POINT('Ctrl Pts',(9.70021427053516,9.67349869675906,15.));
#5392=CARTESIAN_POINT('Ctrl Pts',(9.69340412902553,9.51943412905507,14.25));
#5393=CARTESIAN_POINT('Ctrl Pts',(9.69340412902553,9.51943412905507,15.));
#5394=CARTESIAN_POINT('Ctrl Pts',(9.64360889012093,9.37349528594694,14.25));
#5395=CARTESIAN_POINT('Ctrl Pts',(9.64360889012093,9.37349528594694,15.));
#5396=CARTESIAN_POINT('Ctrl Pts',(9.61888914069649,9.30104716214464,14.25));
#5397=CARTESIAN_POINT('Ctrl Pts',(9.61888914069649,9.30104716214464,15.));
#5398=CARTESIAN_POINT('',(9.70364366731163,9.75108130368517,15.));
#5399=CARTESIAN_POINT('Ctrl Pts',(9.70364366731163,9.75108130368517,15.));
#5400=CARTESIAN_POINT('Ctrl Pts',(9.70021427053516,9.67349869675906,15.));
#5401=CARTESIAN_POINT('Ctrl Pts',(9.69340412902553,9.51943412905507,15.));
#5402=CARTESIAN_POINT('Ctrl Pts',(9.64360889012093,9.37349528594694,15.));
#5403=CARTESIAN_POINT('Ctrl Pts',(9.61888914069649,9.30104716214464,15.));
#5404=CARTESIAN_POINT('',(9.70364366731163,9.75108130368517,15.));
#5405=CARTESIAN_POINT('Ctrl Pts',(9.40759991368767,10.445828870862,14.25));
#5406=CARTESIAN_POINT('Ctrl Pts',(9.40759991368767,10.445828870862,15.));
#5407=CARTESIAN_POINT('Ctrl Pts',(9.49394511404294,10.3466520328609,14.25));
#5408=CARTESIAN_POINT('Ctrl Pts',(9.49394511404294,10.3466520328609,15.));
#5409=CARTESIAN_POINT('Ctrl Pts',(9.66763994521485,10.1471446594123,14.25));
#5410=CARTESIAN_POINT('Ctrl Pts',(9.66763994521485,10.1471446594123,15.));
#5411=CARTESIAN_POINT('Ctrl Pts',(9.69159624899361,9.88361040481693,14.25));
#5412=CARTESIAN_POINT('Ctrl Pts',(9.69159624899361,9.88361040481693,15.));
#5413=CARTESIAN_POINT('Ctrl Pts',(9.70364366731163,9.75108130368517,14.25));
#5414=CARTESIAN_POINT('Ctrl Pts',(9.70364366731163,9.75108130368517,15.));
#5415=CARTESIAN_POINT('',(9.40759991368767,10.445828870862,15.));
#5416=CARTESIAN_POINT('Ctrl Pts',(9.40759991368767,10.445828870862,15.));
#5417=CARTESIAN_POINT('Ctrl Pts',(9.49394511404294,10.3466520328609,15.));
#5418=CARTESIAN_POINT('Ctrl Pts',(9.66763994521485,10.1471446594123,15.));
#5419=CARTESIAN_POINT('Ctrl Pts',(9.69159624899361,9.88361040481693,15.));
#5420=CARTESIAN_POINT('Ctrl Pts',(9.70364366731163,9.75108130368517,15.));
#5421=CARTESIAN_POINT('',(9.40759991368767,10.445828870862,15.));
#5422=CARTESIAN_POINT('Ctrl Pts',(8.59347974023338,10.7251603761606,14.25));
#5423=CARTESIAN_POINT('Ctrl Pts',(8.59347974023338,10.7251603761606,15.));
#5424=CARTESIAN_POINT('Ctrl Pts',(8.75306563813785,10.7169641714399,14.25));
#5425=CARTESIAN_POINT('Ctrl Pts',(8.75306563813785,10.7169641714399,15.));
#5426=CARTESIAN_POINT('Ctrl Pts',(9.05225770955163,10.701597904744,14.25));
#5427=CARTESIAN_POINT('Ctrl Pts',(9.05225770955163,10.701597904744,15.));
#5428=CARTESIAN_POINT('Ctrl Pts',(9.29454575729629,10.5272032531335,14.25));
#5429=CARTESIAN_POINT('Ctrl Pts',(9.29454575729629,10.5272032531335,15.));
#5430=CARTESIAN_POINT('Ctrl Pts',(9.40759991368767,10.445828870862,14.25));
#5431=CARTESIAN_POINT('Ctrl Pts',(9.40759991368767,10.445828870862,15.));
#5432=CARTESIAN_POINT('',(8.59347974023338,10.7251603761606,15.));
#5433=CARTESIAN_POINT('Ctrl Pts',(8.59347974023338,10.7251603761606,15.));
#5434=CARTESIAN_POINT('Ctrl Pts',(8.75306563813785,10.7169641714399,15.));
#5435=CARTESIAN_POINT('Ctrl Pts',(9.05225770955163,10.701597904744,15.));
#5436=CARTESIAN_POINT('Ctrl Pts',(9.29454575729629,10.5272032531335,15.));
#5437=CARTESIAN_POINT('Ctrl Pts',(9.40759991368767,10.445828870862,15.));
#5438=CARTESIAN_POINT('',(8.59347974023338,10.7251603761606,15.));
#5439=CARTESIAN_POINT('Ctrl Pts',(7.80562167129036,10.4840279975824,14.25));
#5440=CARTESIAN_POINT('Ctrl Pts',(7.80562167129036,10.4840279975824,15.));
#5441=CARTESIAN_POINT('Ctrl Pts',(7.92065121087542,10.5543153942717,14.25));
#5442=CARTESIAN_POINT('Ctrl Pts',(7.92065121087542,10.5543153942717,15.));
#5443=CARTESIAN_POINT('Ctrl Pts',(8.16212575951629,10.7018654709904,14.25));
#5444=CARTESIAN_POINT('Ctrl Pts',(8.16212575951629,10.7018654709904,15.));
#5445=CARTESIAN_POINT('Ctrl Pts',(8.4452338618694,10.7171544834768,14.25));
#5446=CARTESIAN_POINT('Ctrl Pts',(8.4452338618694,10.7171544834768,15.));
#5447=CARTESIAN_POINT('Ctrl Pts',(8.59347974023338,10.7251603761606,14.25));
#5448=CARTESIAN_POINT('Ctrl Pts',(8.59347974023338,10.7251603761606,15.));
#5449=CARTESIAN_POINT('',(7.80562167129036,10.4840279975824,15.));
#5450=CARTESIAN_POINT('Ctrl Pts',(7.80562167129036,10.4840279975824,15.));
#5451=CARTESIAN_POINT('Ctrl Pts',(7.92065121087542,10.5543153942717,15.));
#5452=CARTESIAN_POINT('Ctrl Pts',(8.16212575951629,10.7018654709904,15.));
#5453=CARTESIAN_POINT('Ctrl Pts',(8.4452338618694,10.7171544834768,15.));
#5454=CARTESIAN_POINT('Ctrl Pts',(8.59347974023338,10.7251603761606,15.));
#5455=CARTESIAN_POINT('',(7.80562167129036,10.4840279975824,15.));
#5456=CARTESIAN_POINT('Ctrl Pts',(7.43079227468487,9.68900768551157,14.25));
#5457=CARTESIAN_POINT('Ctrl Pts',(7.43079227468487,9.68900768551157,15.));
#5458=CARTESIAN_POINT('Ctrl Pts',(7.45551808414598,9.85573642346762,14.25));
#5459=CARTESIAN_POINT('Ctrl Pts',(7.45551808414598,9.85573642346762,15.));
#5460=CARTESIAN_POINT('Ctrl Pts',(7.50068601355913,10.1603085297514,14.25));
#5461=CARTESIAN_POINT('Ctrl Pts',(7.50068601355913,10.1603085297514,15.));
#5462=CARTESIAN_POINT('Ctrl Pts',(7.71061288295217,10.3831667384272,14.25));
#5463=CARTESIAN_POINT('Ctrl Pts',(7.71061288295217,10.3831667384272,15.));
#5464=CARTESIAN_POINT('Ctrl Pts',(7.80562167129036,10.4840279975824,14.25));
#5465=CARTESIAN_POINT('Ctrl Pts',(7.80562167129036,10.4840279975824,15.));
#5466=CARTESIAN_POINT('',(7.43079227468487,9.68900768551157,15.));
#5467=CARTESIAN_POINT('Ctrl Pts',(7.43079227468487,9.68900768551157,15.));
#5468=CARTESIAN_POINT('Ctrl Pts',(7.45551808414598,9.85573642346762,15.));
#5469=CARTESIAN_POINT('Ctrl Pts',(7.50068601355913,10.1603085297514,15.));
#5470=CARTESIAN_POINT('Ctrl Pts',(7.71061288295217,10.3831667384272,15.));
#5471=CARTESIAN_POINT('Ctrl Pts',(7.80562167129036,10.4840279975824,15.));
#5472=CARTESIAN_POINT('',(7.43079227468487,9.68900768551157,15.));
#5473=CARTESIAN_POINT('Origin',(7.76503511777636,9.65558333787249,15.));
#5474=CARTESIAN_POINT('',(8.09927796086784,9.62215899023341,15.));
#5475=CARTESIAN_POINT('',(4.39895853391189,9.99219163403897,15.));
#5476=CARTESIAN_POINT('',(8.09927796086784,9.62215899023341,15.));
#5477=CARTESIAN_POINT('Ctrl Pts',(8.24252490958687,10.0423501292162,14.25));
#5478=CARTESIAN_POINT('Ctrl Pts',(8.24252490958687,10.0423501292162,15.));
#5479=CARTESIAN_POINT('Ctrl Pts',(8.20533267144438,9.98792369807057,14.25));
#5480=CARTESIAN_POINT('Ctrl Pts',(8.20533267144438,9.98792369807057,15.));
#5481=CARTESIAN_POINT('Ctrl Pts',(8.11925450350988,9.86195850441165,14.25));
#5482=CARTESIAN_POINT('Ctrl Pts',(8.11925450350988,9.86195850441165,15.));
#5483=CARTESIAN_POINT('Ctrl Pts',(8.10651375081151,9.70901780981394,14.25));
#5484=CARTESIAN_POINT('Ctrl Pts',(8.10651375081151,9.70901780981394,15.));
#5485=CARTESIAN_POINT('Ctrl Pts',(8.09927796086784,9.62215899023341,14.25));
#5486=CARTESIAN_POINT('Ctrl Pts',(8.09927796086784,9.62215899023341,15.));
#5487=CARTESIAN_POINT('',(8.24252490958687,10.0423501292162,15.));
#5488=CARTESIAN_POINT('Ctrl Pts',(8.24252490958687,10.0423501292162,15.));
#5489=CARTESIAN_POINT('Ctrl Pts',(8.20533267144438,9.98792369807057,15.));
#5490=CARTESIAN_POINT('Ctrl Pts',(8.11925450350988,9.86195850441165,15.));
#5491=CARTESIAN_POINT('Ctrl Pts',(8.10651375081151,9.70901780981394,15.));
#5492=CARTESIAN_POINT('Ctrl Pts',(8.09927796086784,9.62215899023341,15.));
#5493=CARTESIAN_POINT('',(8.24252490958687,10.0423501292162,15.));
#5494=CARTESIAN_POINT('Ctrl Pts',(8.57676764091965,10.1688848296099,14.25));
#5495=CARTESIAN_POINT('Ctrl Pts',(8.57676764091965,10.1688848296099,15.));
#5496=CARTESIAN_POINT('Ctrl Pts',(8.51142018647912,10.1646942581691,14.25));
#5497=CARTESIAN_POINT('Ctrl Pts',(8.51142018647912,10.1646942581691,15.));
#5498=CARTESIAN_POINT('Ctrl Pts',(8.38667645504342,10.1566947496519,14.25));
#5499=CARTESIAN_POINT('Ctrl Pts',(8.38667645504342,10.1566947496519,15.));
#5500=CARTESIAN_POINT('Ctrl Pts',(8.28902249148762,10.0792331771001,14.25));
#5501=CARTESIAN_POINT('Ctrl Pts',(8.28902249148762,10.0792331771001,15.));
#5502=CARTESIAN_POINT('Ctrl Pts',(8.24252490958687,10.0423501292162,14.25));
#5503=CARTESIAN_POINT('Ctrl Pts',(8.24252490958687,10.0423501292162,15.));
#5504=CARTESIAN_POINT('',(8.57676764091965,10.1688848296099,15.));
#5505=CARTESIAN_POINT('Ctrl Pts',(8.57676764091965,10.1688848296099,15.));
#5506=CARTESIAN_POINT('Ctrl Pts',(8.51142018647912,10.1646942581691,15.));
#5507=CARTESIAN_POINT('Ctrl Pts',(8.38667645504342,10.1566947496519,15.));
#5508=CARTESIAN_POINT('Ctrl Pts',(8.28902249148762,10.0792331771001,15.));
#5509=CARTESIAN_POINT('Ctrl Pts',(8.24252490958687,10.0423501292162,15.));
#5510=CARTESIAN_POINT('',(8.57676764091965,10.1688848296099,15.));
#5511=CARTESIAN_POINT('Ctrl Pts',(8.9098167892408,10.0483186403208,14.25));
#5512=CARTESIAN_POINT('Ctrl Pts',(8.9098167892408,10.0483186403208,15.));
#5513=CARTESIAN_POINT('Ctrl Pts',(8.86384543352793,10.0834479820122,14.25));
#5514=CARTESIAN_POINT('Ctrl Pts',(8.86384543352793,10.0834479820122,15.));
#5515=CARTESIAN_POINT('Ctrl Pts',(8.76587793293806,10.1583105513124,14.25));
#5516=CARTESIAN_POINT('Ctrl Pts',(8.76587793293806,10.1583105513124,15.));
#5517=CARTESIAN_POINT('Ctrl Pts',(8.64233690679678,10.1652184629741,14.25));
#5518=CARTESIAN_POINT('Ctrl Pts',(8.64233690679678,10.1652184629741,15.));
#5519=CARTESIAN_POINT('Ctrl Pts',(8.57676764091965,10.1688848296099,14.25));
#5520=CARTESIAN_POINT('Ctrl Pts',(8.57676764091965,10.1688848296099,15.));
#5521=CARTESIAN_POINT('',(8.9098167892408,10.0483186403208,15.));
#5522=CARTESIAN_POINT('Ctrl Pts',(8.9098167892408,10.0483186403208,15.));
#5523=CARTESIAN_POINT('Ctrl Pts',(8.86384543352793,10.0834479820122,15.));
#5524=CARTESIAN_POINT('Ctrl Pts',(8.76587793293806,10.1583105513124,15.));
#5525=CARTESIAN_POINT('Ctrl Pts',(8.64233690679678,10.1652184629741,15.));
#5526=CARTESIAN_POINT('Ctrl Pts',(8.57676764091965,10.1688848296099,15.));
#5527=CARTESIAN_POINT('',(8.9098167892408,10.0483186403208,15.));
#5528=CARTESIAN_POINT('Ctrl Pts',(9.03038297852989,9.70333232077883,14.25));
#5529=CARTESIAN_POINT('Ctrl Pts',(9.03038297852989,9.70333232077883,15.));
#5530=CARTESIAN_POINT('Ctrl Pts',(9.0270889864032,9.77196354031208,14.25));
#5531=CARTESIAN_POINT('Ctrl Pts',(9.0270889864032,9.77196354031208,15.));
#5532=CARTESIAN_POINT('Ctrl Pts',(9.02096946776206,9.89946537126523,14.25));
#5533=CARTESIAN_POINT('Ctrl Pts',(9.02096946776206,9.89946537126523,15.));
#5534=CARTESIAN_POINT('Ctrl Pts',(8.9449272705018,10.0012994412934,14.25));
#5535=CARTESIAN_POINT('Ctrl Pts',(8.9449272705018,10.0012994412934,15.));
#5536=CARTESIAN_POINT('Ctrl Pts',(8.9098167892408,10.0483186403208,14.25));
#5537=CARTESIAN_POINT('Ctrl Pts',(8.9098167892408,10.0483186403208,15.));
#5538=CARTESIAN_POINT('',(9.03038297852989,9.70333232077883,15.));
#5539=CARTESIAN_POINT('Ctrl Pts',(9.03038297852989,9.70333232077883,15.));
#5540=CARTESIAN_POINT('Ctrl Pts',(9.0270889864032,9.77196354031208,15.));
#5541=CARTESIAN_POINT('Ctrl Pts',(9.02096946776206,9.89946537126523,15.));
#5542=CARTESIAN_POINT('Ctrl Pts',(8.9449272705018,10.0012994412934,15.));
#5543=CARTESIAN_POINT('Ctrl Pts',(8.9098167892408,10.0483186403208,15.));
#5544=CARTESIAN_POINT('',(9.03038297852989,9.70333232077883,15.));
#5545=CARTESIAN_POINT('Ctrl Pts',(8.89191095790382,9.29269103798197,14.25));
#5546=CARTESIAN_POINT('Ctrl Pts',(8.89191095790382,9.29269103798197,15.));
#5547=CARTESIAN_POINT('Ctrl Pts',(8.93226160580267,9.35964867118068,14.25));
#5548=CARTESIAN_POINT('Ctrl Pts',(8.93226160580267,9.35964867118068,15.));
#5549=CARTESIAN_POINT('Ctrl Pts',(9.00875320814085,9.48657839644758,14.25));
#5550=CARTESIAN_POINT('Ctrl Pts',(9.00875320814085,9.48657839644758,15.));
#5551=CARTESIAN_POINT('Ctrl Pts',(9.02344252926256,9.63378143844134,14.25));
#5552=CARTESIAN_POINT('Ctrl Pts',(9.02344252926256,9.63378143844134,15.));
#5553=CARTESIAN_POINT('Ctrl Pts',(9.03038297852989,9.70333232077883,14.25));
#5554=CARTESIAN_POINT('Ctrl Pts',(9.03038297852989,9.70333232077883,15.));
#5555=CARTESIAN_POINT('',(8.89191095790382,9.29269103798197,15.));
#5556=CARTESIAN_POINT('Ctrl Pts',(8.89191095790382,9.29269103798197,15.));
#5557=CARTESIAN_POINT('Ctrl Pts',(8.93226160580267,9.35964867118068,15.));
#5558=CARTESIAN_POINT('Ctrl Pts',(9.00875320814085,9.48657839644758,15.));
#5559=CARTESIAN_POINT('Ctrl Pts',(9.02344252926256,9.63378143844134,15.));
#5560=CARTESIAN_POINT('Ctrl Pts',(9.03038297852989,9.70333232077883,15.));
#5561=CARTESIAN_POINT('',(8.89191095790382,9.29269103798197,15.));
#5562=CARTESIAN_POINT('Ctrl Pts',(8.33563541135307,8.71970339211748,14.25));
#5563=CARTESIAN_POINT('Ctrl Pts',(8.33563541135307,8.71970339211748,15.));
#5564=CARTESIAN_POINT('Ctrl Pts',(8.46090154480139,8.83474489876864,14.25));
#5565=CARTESIAN_POINT('Ctrl Pts',(8.46090154480139,8.83474489876864,15.));
#5566=CARTESIAN_POINT('Ctrl Pts',(8.65741734877941,9.01522044749084,14.25));
#5567=CARTESIAN_POINT('Ctrl Pts',(8.65741734877941,9.01522044749084,15.));
#5568=CARTESIAN_POINT('Ctrl Pts',(8.82951459249431,9.21885893475612,14.25));
#5569=CARTESIAN_POINT('Ctrl Pts',(8.82951459249431,9.21885893475612,15.));
#5570=CARTESIAN_POINT('Ctrl Pts',(8.89191095790382,9.29269103798197,14.25));
#5571=CARTESIAN_POINT('Ctrl Pts',(8.89191095790382,9.29269103798197,15.));
#5572=CARTESIAN_POINT('',(8.33563541135307,8.71970339211748,15.));
#5573=CARTESIAN_POINT('Ctrl Pts',(8.33563541135307,8.71970339211748,15.));
#5574=CARTESIAN_POINT('Ctrl Pts',(8.46090154480139,8.83474489876864,15.));
#5575=CARTESIAN_POINT('Ctrl Pts',(8.65741734877941,9.01522044749084,15.));
#5576=CARTESIAN_POINT('Ctrl Pts',(8.82951459249431,9.21885893475612,15.));
#5577=CARTESIAN_POINT('Ctrl Pts',(8.89191095790382,9.29269103798197,15.));
#5578=CARTESIAN_POINT('',(8.33563541135307,8.71970339211748,15.));
#5579=CARTESIAN_POINT('Ctrl Pts',(7.58120154103752,7.88051499518679,14.25));
#5580=CARTESIAN_POINT('Ctrl Pts',(7.58120154103752,7.88051499518679,15.));
#5581=CARTESIAN_POINT('Ctrl Pts',(7.67286781299295,8.00583811753344,14.25));
#5582=CARTESIAN_POINT('Ctrl Pts',(7.67286781299295,8.00583811753344,15.));
#5583=CARTESIAN_POINT('Ctrl Pts',(7.89581316979534,8.31064170156866,14.25));
#5584=CARTESIAN_POINT('Ctrl Pts',(7.89581316979534,8.31064170156866,15.));
#5585=CARTESIAN_POINT('Ctrl Pts',(8.172632934454,8.5681010799474,14.25));
#5586=CARTESIAN_POINT('Ctrl Pts',(8.172632934454,8.5681010799474,15.));
#5587=CARTESIAN_POINT('Ctrl Pts',(8.33563541135307,8.71970339211748,14.25));
#5588=CARTESIAN_POINT('Ctrl Pts',(8.33563541135307,8.71970339211748,15.));
#5589=CARTESIAN_POINT('',(7.58120154103752,7.88051499518679,15.));
#5590=CARTESIAN_POINT('Ctrl Pts',(7.58120154103752,7.88051499518679,15.));
#5591=CARTESIAN_POINT('Ctrl Pts',(7.67286781299295,8.00583811753344,15.));
#5592=CARTESIAN_POINT('Ctrl Pts',(7.89581316979534,8.31064170156866,15.));
#5593=CARTESIAN_POINT('Ctrl Pts',(8.172632934454,8.5681010799474,15.));
#5594=CARTESIAN_POINT('Ctrl Pts',(8.33563541135307,8.71970339211748,15.));
#5595=CARTESIAN_POINT('',(7.58120154103752,7.88051499518679,15.));
#5596=CARTESIAN_POINT('Ctrl Pts',(7.35200648269173,7.21083565148638,14.25));
#5597=CARTESIAN_POINT('Ctrl Pts',(7.35200648269173,7.21083565148638,15.));
#5598=CARTESIAN_POINT('Ctrl Pts',(7.37142225553904,7.32759583102551,14.25));
#5599=CARTESIAN_POINT('Ctrl Pts',(7.37142225553904,7.32759583102551,15.));
#5600=CARTESIAN_POINT('Ctrl Pts',(7.41064978403639,7.56349750263279,14.25));
#5601=CARTESIAN_POINT('Ctrl Pts',(7.41064978403639,7.56349750263279,15.));
#5602=CARTESIAN_POINT('Ctrl Pts',(7.52396965240289,7.77413374090888,14.25));
#5603=CARTESIAN_POINT('Ctrl Pts',(7.52396965240289,7.77413374090888,15.));
#5604=CARTESIAN_POINT('Ctrl Pts',(7.58120154103752,7.88051499518679,14.25));
#5605=CARTESIAN_POINT('Ctrl Pts',(7.58120154103752,7.88051499518679,15.));
#5606=CARTESIAN_POINT('',(7.35200648269173,7.21083565148638,15.));
#5607=CARTESIAN_POINT('Ctrl Pts',(7.35200648269173,7.21083565148638,15.));
#5608=CARTESIAN_POINT('Ctrl Pts',(7.37142225553904,7.32759583102551,15.));
#5609=CARTESIAN_POINT('Ctrl Pts',(7.41064978403639,7.56349750263279,15.));
#5610=CARTESIAN_POINT('Ctrl Pts',(7.52396965240289,7.77413374090888,15.));
#5611=CARTESIAN_POINT('Ctrl Pts',(7.58120154103752,7.88051499518679,15.));
#5612=CARTESIAN_POINT('',(7.35200648269173,7.21083565148638,15.));
#5613=CARTESIAN_POINT('Origin',(8.52782507500168,7.21083565148638,15.));
#5614=CARTESIAN_POINT('',(9.70364366731163,7.21083565148638,15.));
#5615=CARTESIAN_POINT('',(4.26391253750084,7.21083565148638,15.));
#5616=CARTESIAN_POINT('',(9.70364366731163,7.21083565148638,15.));
#5617=CARTESIAN_POINT('Origin',(9.70364366731163,7.52239777240084,15.));
#5618=CARTESIAN_POINT('',(9.70364366731163,7.8339598933153,15.));
#5619=CARTESIAN_POINT('',(9.70364366731163,3.76119888620042,15.));
#5620=CARTESIAN_POINT('',(9.70364366731163,7.8339598933153,15.));
#5621=CARTESIAN_POINT('Origin',(9.03754537066933,7.8339598933153,15.));
#5622=CARTESIAN_POINT('',(4.51877268533466,7.8339598933153,15.));
#5623=CARTESIAN_POINT('Origin',(0.,0.,14.25));
#5624=CARTESIAN_POINT('',(-12.1238061785698,-0.539563584833775,14.25));
#5625=CARTESIAN_POINT('',(-11.3454979658127,-1.75000010779444,14.25));
#5626=CARTESIAN_POINT('',(-12.1238061785698,-0.539563584833775,14.25));
#5627=CARTESIAN_POINT('',(-10.4979535937309,-1.75000010779443,14.25));
#5628=CARTESIAN_POINT('',(-11.3454979658127,-1.75000010779444,14.25));
#5629=CARTESIAN_POINT('',(-11.6940653324127,0.0763982648557088,14.25));
#5630=CARTESIAN_POINT('',(-10.4979535937309,-1.75000010779443,14.25));
#5631=CARTESIAN_POINT('',(-10.6101636961103,1.74999983260092,14.25));
#5632=CARTESIAN_POINT('',(-11.6940653324127,0.0763982648557088,14.25));
#5633=CARTESIAN_POINT('',(-11.4362210035324,1.74999983260092,14.25));
#5634=CARTESIAN_POINT('',(-10.6101636961103,1.74999983260092,14.25));
#5635=CARTESIAN_POINT('',(-12.1381309628487,0.625511419267024,14.25));
#5636=CARTESIAN_POINT('',(-11.4362210035324,1.74999983260092,14.25));
#5637=CARTESIAN_POINT('',(-12.8257161378861,1.74999983260092,14.25));
#5638=CARTESIAN_POINT('',(-12.1381309628487,0.625511419267024,14.25));
#5639=CARTESIAN_POINT('',(-13.6446109414101,1.74999983260091,14.25));
#5640=CARTESIAN_POINT('',(-12.8257161378861,1.74999983260092,14.25));
#5641=CARTESIAN_POINT('',(-12.5559344887733,0.0501364583676703,14.25));
#5642=CARTESIAN_POINT('',(-13.6446109414101,1.74999983260091,14.25));
#5643=CARTESIAN_POINT('',(-13.7520462274551,-1.75000010779444,14.25));
#5644=CARTESIAN_POINT('',(-12.5559344887734,0.0501364583676706,14.25));
#5645=CARTESIAN_POINT('',(-12.8997272253037,-1.75000010779444,14.25));
#5646=CARTESIAN_POINT('',(-13.7520462274551,-1.75000010779444,14.25));
#5647=CARTESIAN_POINT('',(-12.8997272253037,-1.75000010779444,14.25));
#5648=CARTESIAN_POINT('Origin',(-11.7346520721912,-1.14478184631411,15.));
#5649=CARTESIAN_POINT('',(-12.1238061785698,-0.539563584833775,15.));
#5650=CARTESIAN_POINT('',(-12.1238061785698,-0.539563584833775,15.));
#5651=CARTESIAN_POINT('',(-11.3454979658127,-1.75000010779444,15.));
#5652=CARTESIAN_POINT('',(-10.2787931739603,-3.40895528533446,15.));
#5653=CARTESIAN_POINT('',(-11.3454979658127,-1.75000010779444,15.));
#5654=CARTESIAN_POINT('Origin',(-12.5117667019367,-1.14478184631411,15.));
#5655=CARTESIAN_POINT('',(-12.8997272253037,-1.75000010779444,15.));
#5656=CARTESIAN_POINT('',(-12.8997272253037,-1.75000010779444,15.));
#5657=CARTESIAN_POINT('',(-10.4297491235188,2.10316474434921,15.));
#5658=CARTESIAN_POINT('Origin',(-13.3258867263794,-1.75000010779444,15.));
#5659=CARTESIAN_POINT('',(-13.7520462274551,-1.75000010779444,15.));
#5660=CARTESIAN_POINT('',(-13.7520462274551,-1.75000010779444,15.));
#5661=CARTESIAN_POINT('',(-6.6629433631897,-1.75000010779443,15.));
#5662=CARTESIAN_POINT('Origin',(-13.1539903581142,-0.849931824713385,15.));
#5663=CARTESIAN_POINT('',(-12.5559344887733,0.0501364583676703,15.));
#5664=CARTESIAN_POINT('',(-12.5559344887733,0.0501364583676703,15.));
#5665=CARTESIAN_POINT('',(-10.9437073497445,2.47652266633454,15.));
#5666=CARTESIAN_POINT('Origin',(-13.1002727150917,0.900068145484292,15.));
#5667=CARTESIAN_POINT('',(-13.6446109414101,1.74999983260091,15.));
#5668=CARTESIAN_POINT('',(-13.6446109414101,1.74999983260091,15.));
#5669=CARTESIAN_POINT('',(-10.9906564849392,-2.39389431199239,15.));
#5670=CARTESIAN_POINT('Origin',(-13.2351635396481,1.74999983260091,15.));
#5671=CARTESIAN_POINT('',(-12.8257161378861,1.74999983260092,15.));
#5672=CARTESIAN_POINT('',(-12.8257161378861,1.74999983260092,15.));
#5673=CARTESIAN_POINT('',(-6.61758176982403,1.74999983260093,15.));
#5674=CARTESIAN_POINT('Origin',(-12.4819235503674,1.18775562593397,15.));
#5675=CARTESIAN_POINT('',(-12.1381309628487,0.625511419267024,15.));
#5676=CARTESIAN_POINT('',(-12.1381309628487,0.625511419267024,15.));
#5677=CARTESIAN_POINT('',(-10.5192004511767,-2.02211489447491,15.));
#5678=CARTESIAN_POINT('Origin',(-11.7871759831905,1.18775562593397,15.));
#5679=CARTESIAN_POINT('',(-11.4362210035324,1.74999983260092,15.));
#5680=CARTESIAN_POINT('',(-11.4362210035324,1.74999983260092,15.));
#5681=CARTESIAN_POINT('',(-10.4014692009348,3.40771446857909,15.));
#5682=CARTESIAN_POINT('Origin',(-11.0231923498213,1.74999983260092,15.));
#5683=CARTESIAN_POINT('',(-10.6101636961103,1.74999983260092,15.));
#5684=CARTESIAN_POINT('',(-10.6101636961103,1.74999983260092,15.));
#5685=CARTESIAN_POINT('',(-5.51159617491067,1.74999983260093,15.));
#5686=CARTESIAN_POINT('Origin',(-11.1521145142615,0.913199048728314,15.));
#5687=CARTESIAN_POINT('',(-11.6940653324127,0.0763982648557088,15.));
#5688=CARTESIAN_POINT('',(-11.6940653324127,0.0763982648557088,15.));
#5689=CARTESIAN_POINT('',(-9.71272327400025,3.13569540413348,15.));
#5690=CARTESIAN_POINT('Origin',(-11.0960094630718,-0.836800921469363,15.));
#5691=CARTESIAN_POINT('',(-10.4979535937309,-1.75000010779443,15.));
#5692=CARTESIAN_POINT('',(-10.4979535937309,-1.75000010779443,15.));
#5693=CARTESIAN_POINT('',(-9.62248882685861,-3.08678777889471,15.));
#5694=CARTESIAN_POINT('Origin',(-10.9217257797718,-1.75000010779444,15.));
#5695=CARTESIAN_POINT('',(-5.4608628898859,-1.75000010779442,15.));
#5696=CARTESIAN_POINT('Origin',(0.,0.,14.25));
#5697=CARTESIAN_POINT('',(12.1238061785698,-0.539563584833775,14.25));
#5698=CARTESIAN_POINT('',(11.3454979658127,-1.75000010779444,14.25));
#5699=CARTESIAN_POINT('',(12.1238061785698,-0.539563584833775,14.25));
#5700=CARTESIAN_POINT('',(12.8997272253037,-1.75000010779444,14.25));
#5701=CARTESIAN_POINT('',(12.8997272253037,-1.75000010779444,14.25));
#5702=CARTESIAN_POINT('',(13.7520462274551,-1.75000010779444,14.25));
#5703=CARTESIAN_POINT('',(13.7520462274551,-1.75000010779444,14.25));
#5704=CARTESIAN_POINT('',(12.5559344887733,0.0501364583676703,14.25));
#5705=CARTESIAN_POINT('',(12.5559344887734,0.0501364583676706,14.25));
#5706=CARTESIAN_POINT('',(13.6446109414101,1.74999983260091,14.25));
#5707=CARTESIAN_POINT('',(13.6446109414101,1.74999983260091,14.25));
#5708=CARTESIAN_POINT('',(12.8257161378861,1.74999983260092,14.25));
#5709=CARTESIAN_POINT('',(12.8257161378861,1.74999983260092,14.25));
#5710=CARTESIAN_POINT('',(12.1381309628487,0.625511419267024,14.25));
#5711=CARTESIAN_POINT('',(12.1381309628487,0.625511419267024,14.25));
#5712=CARTESIAN_POINT('',(11.4362210035324,1.74999983260092,14.25));
#5713=CARTESIAN_POINT('',(11.4362210035324,1.74999983260092,14.25));
#5714=CARTESIAN_POINT('',(10.6101636961103,1.74999983260092,14.25));
#5715=CARTESIAN_POINT('',(10.6101636961103,1.74999983260092,14.25));
#5716=CARTESIAN_POINT('',(11.6940653324127,0.0763982648557088,14.25));
#5717=CARTESIAN_POINT('',(11.6940653324127,0.0763982648557088,14.25));
#5718=CARTESIAN_POINT('',(10.4979535937309,-1.75000010779443,14.25));
#5719=CARTESIAN_POINT('',(10.4979535937309,-1.75000010779443,14.25));
#5720=CARTESIAN_POINT('',(11.3454979658127,-1.75000010779444,14.25));
#5721=CARTESIAN_POINT('Origin',(11.7346520721912,-1.14478184631411,15.));
#5722=CARTESIAN_POINT('',(11.3454979658127,-1.75000010779444,15.));
#5723=CARTESIAN_POINT('',(11.3454979658127,-1.75000010779444,15.));
#5724=CARTESIAN_POINT('',(12.1238061785698,-0.539563584833775,15.));
#5725=CARTESIAN_POINT('',(10.2787931739603,-3.40895528533446,15.));
#5726=CARTESIAN_POINT('',(12.1238061785698,-0.539563584833775,15.));
#5727=CARTESIAN_POINT('Origin',(12.5117667019367,-1.14478184631411,15.));
#5728=CARTESIAN_POINT('',(12.8997272253037,-1.75000010779444,15.));
#5729=CARTESIAN_POINT('',(10.4297491235188,2.10316474434921,15.));
#5730=CARTESIAN_POINT('',(12.8997272253037,-1.75000010779444,15.));
#5731=CARTESIAN_POINT('Origin',(13.3258867263794,-1.75000010779444,15.));
#5732=CARTESIAN_POINT('',(13.7520462274551,-1.75000010779444,15.));
#5733=CARTESIAN_POINT('',(6.6629433631897,-1.75000010779443,15.));
#5734=CARTESIAN_POINT('',(13.7520462274551,-1.75000010779444,15.));
#5735=CARTESIAN_POINT('Origin',(13.1539903581142,-0.849931824713385,15.));
#5736=CARTESIAN_POINT('',(12.5559344887733,0.0501364583676703,15.));
#5737=CARTESIAN_POINT('',(10.9437073497445,2.47652266633454,15.));
#5738=CARTESIAN_POINT('',(12.5559344887733,0.0501364583676703,15.));
#5739=CARTESIAN_POINT('Origin',(13.1002727150917,0.900068145484292,15.));
#5740=CARTESIAN_POINT('',(13.6446109414101,1.74999983260091,15.));
#5741=CARTESIAN_POINT('',(10.9906564849392,-2.39389431199239,15.));
#5742=CARTESIAN_POINT('',(13.6446109414101,1.74999983260091,15.));
#5743=CARTESIAN_POINT('Origin',(13.2351635396481,1.74999983260091,15.));
#5744=CARTESIAN_POINT('',(12.8257161378861,1.74999983260092,15.));
#5745=CARTESIAN_POINT('',(6.61758176982403,1.74999983260093,15.));
#5746=CARTESIAN_POINT('',(12.8257161378861,1.74999983260092,15.));
#5747=CARTESIAN_POINT('Origin',(12.4819235503674,1.18775562593397,15.));
#5748=CARTESIAN_POINT('',(12.1381309628487,0.625511419267024,15.));
#5749=CARTESIAN_POINT('',(10.5192004511767,-2.02211489447491,15.));
#5750=CARTESIAN_POINT('',(12.1381309628487,0.625511419267024,15.));
#5751=CARTESIAN_POINT('Origin',(11.7871759831905,1.18775562593397,15.));
#5752=CARTESIAN_POINT('',(11.4362210035324,1.74999983260092,15.));
#5753=CARTESIAN_POINT('',(10.4014692009348,3.40771446857909,15.));
#5754=CARTESIAN_POINT('',(11.4362210035324,1.74999983260092,15.));
#5755=CARTESIAN_POINT('Origin',(11.0231923498213,1.74999983260092,15.));
#5756=CARTESIAN_POINT('',(10.6101636961103,1.74999983260092,15.));
#5757=CARTESIAN_POINT('',(5.51159617491067,1.74999983260093,15.));
#5758=CARTESIAN_POINT('',(10.6101636961103,1.74999983260092,15.));
#5759=CARTESIAN_POINT('Origin',(11.1521145142615,0.913199048728314,15.));
#5760=CARTESIAN_POINT('',(11.6940653324127,0.0763982648557088,15.));
#5761=CARTESIAN_POINT('',(9.71272327400025,3.13569540413348,15.));
#5762=CARTESIAN_POINT('',(11.6940653324127,0.0763982648557088,15.));
#5763=CARTESIAN_POINT('Origin',(11.0960094630718,-0.836800921469363,15.));
#5764=CARTESIAN_POINT('',(10.4979535937309,-1.75000010779443,15.));
#5765=CARTESIAN_POINT('',(9.62248882685861,-3.08678777889471,15.));
#5766=CARTESIAN_POINT('',(10.4979535937309,-1.75000010779443,15.));
#5767=CARTESIAN_POINT('Origin',(10.9217257797718,-1.75000010779444,15.));
#5768=CARTESIAN_POINT('',(5.4608628898859,-1.75000010779442,15.));
#5769=CARTESIAN_POINT('Origin',(0.,0.,14.25));
#5770=CARTESIAN_POINT('',(0.349761201650841,12.093280673027,14.25));
#5771=CARTESIAN_POINT('',(0.34976120165084,10.6249998211861,14.25));
#5772=CARTESIAN_POINT('',(0.349761201650841,12.093280673027,14.25));
#5773=CARTESIAN_POINT('',(1.63659597805236,14.1249997615814,14.25));
#5774=CARTESIAN_POINT('',(1.63659597805236,14.1249997615814,14.25));
#5775=CARTESIAN_POINT('',(0.822475804598077,14.1249997615814,14.25));
#5776=CARTESIAN_POINT('',(0.822475804598077,14.1249997615814,14.25));
#5777=CARTESIAN_POINT('',(0.0155183213064504,12.7402795553207,14.25));
#5778=CARTESIAN_POINT('',(0.0155183213064505,12.7402795553207,14.25));
#5779=CARTESIAN_POINT('',(-0.808151410310523,14.1249997615814,14.25));
#5780=CARTESIAN_POINT('',(-0.808151410310523,14.1249997615814,14.25));
#5781=CARTESIAN_POINT('',(-1.63659614452626,14.1249997615814,14.25));
#5782=CARTESIAN_POINT('',(-1.63659614452626,14.1249997615814,14.25));
#5783=CARTESIAN_POINT('',(-0.354536221711891,12.09805560112,14.25));
#5784=CARTESIAN_POINT('',(-0.354536221711891,12.09805560112,14.25));
#5785=CARTESIAN_POINT('',(-0.354536221711892,10.6249998211861,14.25));
#5786=CARTESIAN_POINT('',(-0.354536221711892,10.6249998211861,14.25));
#5787=CARTESIAN_POINT('',(0.34976120165084,10.6249998211861,14.25));
#5788=CARTESIAN_POINT('Origin',(0.34976120165084,11.3591402471065,15.));
#5789=CARTESIAN_POINT('',(0.34976120165084,10.6249998211861,15.));
#5790=CARTESIAN_POINT('',(0.34976120165084,10.6249998211861,15.));
#5791=CARTESIAN_POINT('',(0.349761201650841,12.093280673027,15.));
#5792=CARTESIAN_POINT('',(0.349761201650836,5.67957012355327,15.));
#5793=CARTESIAN_POINT('',(0.349761201650841,12.093280673027,15.));
#5794=CARTESIAN_POINT('Origin',(0.993178589851601,13.1091402173042,15.));
#5795=CARTESIAN_POINT('',(1.63659597805236,14.1249997615814,15.));
#5796=CARTESIAN_POINT('',(-2.11188719465623,8.20670709901149,15.));
#5797=CARTESIAN_POINT('',(1.63659597805236,14.1249997615814,15.));
#5798=CARTESIAN_POINT('Origin',(1.22953589132522,14.1249997615814,15.));
#5799=CARTESIAN_POINT('',(0.822475804598077,14.1249997615814,15.));
#5800=CARTESIAN_POINT('',(0.61476794566261,14.1249997615814,15.));
#5801=CARTESIAN_POINT('',(0.822475804598077,14.1249997615814,15.));
#5802=CARTESIAN_POINT('Origin',(0.418997062952264,13.4326396584511,15.));
#5803=CARTESIAN_POINT('',(0.0155183213064504,12.7402795553207,15.));
#5804=CARTESIAN_POINT('',(-2.55585927316575,8.32785562132661,15.));
#5805=CARTESIAN_POINT('',(0.0155183213064504,12.7402795553207,15.));
#5806=CARTESIAN_POINT('Origin',(-0.396316544502036,13.4326396584511,15.));
#5807=CARTESIAN_POINT('',(-0.808151410310523,14.1249997615814,15.));
#5808=CARTESIAN_POINT('',(2.60642012610561,8.38456033458456,15.));
#5809=CARTESIAN_POINT('',(-0.808151410310523,14.1249997615814,15.));
#5810=CARTESIAN_POINT('Origin',(-1.22237377741839,14.1249997615814,15.));
#5811=CARTESIAN_POINT('',(-1.63659614452626,14.1249997615814,15.));
#5812=CARTESIAN_POINT('',(-0.611186888709195,14.1249997615814,15.));
#5813=CARTESIAN_POINT('',(-1.63659614452626,14.1249997615814,15.));
#5814=CARTESIAN_POINT('Origin',(-0.995566183119075,13.1115276813507,15.));
#5815=CARTESIAN_POINT('',(-0.354536221711891,12.09805560112,15.));
#5816=CARTESIAN_POINT('',(2.10837366996002,8.20418080335837,15.));
#5817=CARTESIAN_POINT('',(-0.354536221711891,12.09805560112,15.));
#5818=CARTESIAN_POINT('Origin',(-0.354536221711892,11.361527711153,15.));
#5819=CARTESIAN_POINT('',(-0.354536221711892,10.6249998211861,15.));
#5820=CARTESIAN_POINT('',(-0.354536221711896,5.68076385557651,15.));
#5821=CARTESIAN_POINT('',(-0.354536221711892,10.6249998211861,15.));
#5822=CARTESIAN_POINT('Origin',(-0.00238751003052623,10.6249998211861,15.));
#5823=CARTESIAN_POINT('',(-0.00119375501526311,10.6249998211861,15.));
#5824=CARTESIAN_POINT('Origin',(0.,0.,14.25));
#5825=CARTESIAN_POINT('',(0.349761201650841,-12.406719326973,14.25));
#5826=CARTESIAN_POINT('',(0.34976120165084,-13.8750001788139,14.25));
#5827=CARTESIAN_POINT('',(0.349761201650841,-12.406719326973,14.25));
#5828=CARTESIAN_POINT('',(1.63659597805236,-10.3750002384186,14.25));
#5829=CARTESIAN_POINT('',(1.63659597805236,-10.3750002384186,14.25));
#5830=CARTESIAN_POINT('',(0.822475804598077,-10.3750002384186,14.25));
#5831=CARTESIAN_POINT('',(0.822475804598077,-10.3750002384186,14.25));
#5832=CARTESIAN_POINT('',(0.0155183213064504,-11.7597204446793,14.25));
#5833=CARTESIAN_POINT('',(0.0155183213064505,-11.7597204446793,14.25));
#5834=CARTESIAN_POINT('',(-0.808151410310523,-10.3750002384186,14.25));
#5835=CARTESIAN_POINT('',(-0.808151410310523,-10.3750002384186,14.25));
#5836=CARTESIAN_POINT('',(-1.63659614452626,-10.3750002384186,14.25));
#5837=CARTESIAN_POINT('',(-1.63659614452626,-10.3750002384186,14.25));
#5838=CARTESIAN_POINT('',(-0.354536221711891,-12.40194439888,14.25));
#5839=CARTESIAN_POINT('',(-0.354536221711891,-12.40194439888,14.25));
#5840=CARTESIAN_POINT('',(-0.354536221711892,-13.8750001788139,14.25));
#5841=CARTESIAN_POINT('',(-0.354536221711892,-13.8750001788139,14.25));
#5842=CARTESIAN_POINT('',(0.34976120165084,-13.8750001788139,14.25));
#5843=CARTESIAN_POINT('Origin',(0.34976120165084,-13.1408597528935,15.));
#5844=CARTESIAN_POINT('',(0.34976120165084,-13.8750001788139,15.));
#5845=CARTESIAN_POINT('',(0.34976120165084,-13.8750001788139,15.));
#5846=CARTESIAN_POINT('',(0.349761201650841,-12.406719326973,15.));
#5847=CARTESIAN_POINT('',(0.349761201650845,-6.57042987644673,15.));
#5848=CARTESIAN_POINT('',(0.349761201650841,-12.406719326973,15.));
#5849=CARTESIAN_POINT('Origin',(0.993178589851601,-11.3908597826958,15.));
#5850=CARTESIAN_POINT('',(1.63659597805236,-10.3750002384186,15.));
#5851=CARTESIAN_POINT('',(3.42553076271847,-7.55054055110052,15.));
#5852=CARTESIAN_POINT('',(1.63659597805236,-10.3750002384186,15.));
#5853=CARTESIAN_POINT('Origin',(1.22953589132522,-10.3750002384186,15.));
#5854=CARTESIAN_POINT('',(0.822475804598077,-10.3750002384186,15.));
#5855=CARTESIAN_POINT('',(0.61476794566261,-10.3750002384186,15.));
#5856=CARTESIAN_POINT('',(0.822475804598077,-10.3750002384186,15.));
#5857=CARTESIAN_POINT('Origin',(0.418997062952264,-11.0673603415489,15.));
#5858=CARTESIAN_POINT('',(0.0155183213064504,-11.7597204446793,15.));
#5859=CARTESIAN_POINT('',(2.77315825252924,-7.02767468834105,15.));
#5860=CARTESIAN_POINT('',(0.0155183213064504,-11.7597204446793,15.));
#5861=CARTESIAN_POINT('Origin',(-0.396316544502036,-11.0673603415489,15.));
#5862=CARTESIAN_POINT('',(-0.808151410310523,-10.3750002384186,15.));
#5863=CARTESIAN_POINT('',(-2.77586001730283,-7.0669681916584,15.));
#5864=CARTESIAN_POINT('',(-0.808151410310523,-10.3750002384186,15.));
#5865=CARTESIAN_POINT('Origin',(-1.22237377741839,-10.3750002384186,15.));
#5866=CARTESIAN_POINT('',(-1.63659614452626,-10.3750002384186,15.));
#5867=CARTESIAN_POINT('',(-0.611186888709195,-10.3750002384186,15.));
#5868=CARTESIAN_POINT('',(-1.63659614452626,-10.3750002384186,15.));
#5869=CARTESIAN_POINT('Origin',(-0.995566183119075,-11.3884723186493,15.));
#5870=CARTESIAN_POINT('',(-0.354536221711891,-12.40194439888,15.));
#5871=CARTESIAN_POINT('',(-3.42581179220445,-7.54623994076701,15.));
#5872=CARTESIAN_POINT('',(-0.354536221711891,-12.40194439888,15.));
#5873=CARTESIAN_POINT('Origin',(-0.354536221711892,-13.138472288847,15.));
#5874=CARTESIAN_POINT('',(-0.354536221711892,-13.8750001788139,15.));
#5875=CARTESIAN_POINT('',(-0.354536221711887,-6.56923614442349,15.));
#5876=CARTESIAN_POINT('',(-0.354536221711892,-13.8750001788139,15.));
#5877=CARTESIAN_POINT('Origin',(-0.00238751003052623,-13.8750001788139,
15.));
#5878=CARTESIAN_POINT('',(-0.00119375501526311,-13.8750001788139,15.));
#5879=CARTESIAN_POINT('Origin',(0.,0.,19.75));
#5880=CARTESIAN_POINT('',(-9.5,1.16341445918999E-15,20.));
#5881=CARTESIAN_POINT('Origin',(0.,0.,20.));
#5882=CARTESIAN_POINT('',(-10.,-1.22464679914735E-15,19.5));
#5883=CARTESIAN_POINT('',(-9.75,-1.19403062916867E-15,19.75));
#5884=CARTESIAN_POINT('Origin',(0.,0.,19.5));
#5885=CARTESIAN_POINT('Origin',(0.,0.,15.));
#5886=CARTESIAN_POINT('',(-10.,1.22464679914735E-15,15.));
#5887=CARTESIAN_POINT('',(-10.,-1.22464679914735E-15,15.));
#5888=CARTESIAN_POINT('Origin',(0.,0.,15.));
#5889=CARTESIAN_POINT('Origin',(0.,0.,20.));
#5890=CARTESIAN_POINT('Origin',(0.,0.,14.75));
#5891=CARTESIAN_POINT('',(-14.5,1.77573785876366E-15,15.));
#5892=CARTESIAN_POINT('Origin',(0.,0.,15.));
#5893=CARTESIAN_POINT('',(-15.,-1.83697019872103E-15,14.5));
#5894=CARTESIAN_POINT('',(-14.75,-1.80635402874235E-15,14.75));
#5895=CARTESIAN_POINT('Origin',(0.,0.,14.5));
#5896=CARTESIAN_POINT('Origin',(0.,0.,13.));
#5897=CARTESIAN_POINT('',(-15.,-1.83697019872103E-15,13.));
#5898=CARTESIAN_POINT('',(-15.,-1.83697019872103E-15,13.));
#5899=CARTESIAN_POINT('',(-14.99,-0.547631262803676,13.));
#5900=CARTESIAN_POINT('Origin',(0.,0.,13.));
#5901=CARTESIAN_POINT('',(-13.8581929876693,-5.74025148547634,11.8681929876693));
#5902=CARTESIAN_POINT('Origin',(0.,0.,-1.99));
#5903=CARTESIAN_POINT('',(-10.9867644295046,-10.2122968704681,13.));
#5904=CARTESIAN_POINT('Origin',(0.,0.,-1.99000000000001));
#5905=CARTESIAN_POINT('',(-10.2122968704681,-10.9867644295046,13.));
#5906=CARTESIAN_POINT('Origin',(0.,0.,13.));
#5907=CARTESIAN_POINT('',(-5.74025148547635,-13.8581929876693,11.8681929876693));
#5908=CARTESIAN_POINT('Origin',(0.,0.,-1.99000000000001));
#5909=CARTESIAN_POINT('',(-0.547631262803684,-14.99,13.));
#5910=CARTESIAN_POINT('Origin',(0.,0.,-1.99));
#5911=CARTESIAN_POINT('',(0.547631262803676,-14.99,13.));
#5912=CARTESIAN_POINT('Origin',(0.,0.,13.));
#5913=CARTESIAN_POINT('',(5.74025148547634,-13.8581929876693,11.8681929876693));
#5914=CARTESIAN_POINT('Origin',(0.,0.,-1.99));
#5915=CARTESIAN_POINT('',(10.2122968704681,-10.9867644295046,13.));
#5916=CARTESIAN_POINT('Origin',(0.,0.,-1.99000000000001));
#5917=CARTESIAN_POINT('',(10.9867644295046,-10.2122968704681,13.));
#5918=CARTESIAN_POINT('Origin',(0.,0.,13.));
#5919=CARTESIAN_POINT('',(13.8581929876693,-5.74025148547635,11.8681929876693));
#5920=CARTESIAN_POINT('Origin',(0.,0.,-1.99000000000001));
#5921=CARTESIAN_POINT('',(14.99,-0.547631262803684,13.));
#5922=CARTESIAN_POINT('Origin',(0.,0.,-1.99));
#5923=CARTESIAN_POINT('',(14.99,0.547631262803676,13.));
#5924=CARTESIAN_POINT('Origin',(0.,0.,13.));
#5925=CARTESIAN_POINT('',(13.8581929876693,5.74025148547634,11.8681929876693));
#5926=CARTESIAN_POINT('Origin',(0.,0.,-1.99));
#5927=CARTESIAN_POINT('',(10.9867644295046,10.2122968704681,13.));
#5928=CARTESIAN_POINT('Origin',(0.,0.,-1.99000000000001));
#5929=CARTESIAN_POINT('',(10.2122968704681,10.9867644295046,13.));
#5930=CARTESIAN_POINT('Origin',(0.,0.,13.));
#5931=CARTESIAN_POINT('',(5.74025148547635,13.8581929876693,11.8681929876693));
#5932=CARTESIAN_POINT('Origin',(0.,0.,-1.99000000000001));
#5933=CARTESIAN_POINT('',(0.547631262803684,14.99,13.));
#5934=CARTESIAN_POINT('Origin',(0.,0.,-1.99));
#5935=CARTESIAN_POINT('',(-0.547631262803676,14.99,13.));
#5936=CARTESIAN_POINT('Origin',(0.,0.,13.));
#5937=CARTESIAN_POINT('',(-5.74025148547634,13.8581929876693,11.8681929876693));
#5938=CARTESIAN_POINT('Origin',(0.,0.,-1.99));
#5939=CARTESIAN_POINT('',(-10.2122968704681,10.9867644295046,13.));
#5940=CARTESIAN_POINT('Origin',(0.,0.,-1.99000000000001));
#5941=CARTESIAN_POINT('',(-10.9867644295046,10.2122968704681,13.));
#5942=CARTESIAN_POINT('Origin',(0.,0.,13.));
#5943=CARTESIAN_POINT('',(-13.8581929876693,5.74025148547635,11.8681929876693));
#5944=CARTESIAN_POINT('Origin',(0.,0.,-1.99000000000001));
#5945=CARTESIAN_POINT('',(-14.99,0.547631262803684,13.));
#5946=CARTESIAN_POINT('Origin',(0.,0.,-1.99));
#5947=CARTESIAN_POINT('Origin',(0.,0.,13.));
#5948=CARTESIAN_POINT('Origin',(0.,0.,15.));
#5949=CARTESIAN_POINT('Origin',(-6.5667568261897,14.6464466094067,2.5));
#5950=CARTESIAN_POINT('',(-5.71320343559643,15.,2.5));
#5951=CARTESIAN_POINT('',(-6.00609665440988,14.5,3.));
#5952=CARTESIAN_POINT('',(-5.71320343559643,15.,2.5));
#5953=CARTESIAN_POINT('',(-6.5667568261897,14.6464466094067,2.5));
#5954=CARTESIAN_POINT('',(-6.5667568261897,14.6464466094067,2.5));
#5955=CARTESIAN_POINT('',(-6.00609665440988,14.5,3.));
#5956=CARTESIAN_POINT('Origin',(-6.13998013089306,14.8232233047034,0.));
#5957=CARTESIAN_POINT('',(-5.71320343559643,15.,0.));
#5958=CARTESIAN_POINT('',(-6.5667568261897,14.6464466094067,0.));
#5959=CARTESIAN_POINT('',(-6.13998013089309,14.8232233047034,0.));
#5960=CARTESIAN_POINT('',(-6.5667568261897,14.6464466094067,0.));
#5961=CARTESIAN_POINT('',(-5.71320343559643,15.,0.));
#5962=CARTESIAN_POINT('Origin',(-15.,5.71320343559643,2.5));
#5963=CARTESIAN_POINT('',(-14.6464466094067,6.5667568261897,2.5));
#5964=CARTESIAN_POINT('',(-14.5,6.00609665440988,3.));
#5965=CARTESIAN_POINT('',(-14.6464466094067,6.5667568261897,2.5));
#5966=CARTESIAN_POINT('',(-15.,5.71320343559643,2.5));
#5967=CARTESIAN_POINT('',(-15.,5.71320343559643,2.5));
#5968=CARTESIAN_POINT('',(-14.5,6.00609665440988,3.));
#5969=CARTESIAN_POINT('Origin',(-14.8232233047034,6.13998013089306,0.));
#5970=CARTESIAN_POINT('',(-14.6464466094067,6.5667568261897,0.));
#5971=CARTESIAN_POINT('',(-15.,5.71320343559643,0.));
#5972=CARTESIAN_POINT('',(-14.8232233047034,6.13998013089308,0.));
#5973=CARTESIAN_POINT('',(-15.,5.71320343559643,0.));
#5974=CARTESIAN_POINT('',(-14.6464466094067,6.5667568261897,0.));
#5975=CARTESIAN_POINT('Origin',(5.71320343559643,15.,2.5));
#5976=CARTESIAN_POINT('',(6.5667568261897,14.6464466094067,2.5));
#5977=CARTESIAN_POINT('',(6.00609665440988,14.5,3.));
#5978=CARTESIAN_POINT('',(6.5667568261897,14.6464466094067,2.5));
#5979=CARTESIAN_POINT('',(5.71320343559643,15.,2.5));
#5980=CARTESIAN_POINT('',(5.71320343559643,15.,2.5));
#5981=CARTESIAN_POINT('',(6.00609665440988,14.5,3.));
#5982=CARTESIAN_POINT('Origin',(6.13998013089307,14.8232233047034,0.));
#5983=CARTESIAN_POINT('',(6.5667568261897,14.6464466094067,0.));
#5984=CARTESIAN_POINT('',(5.71320343559643,15.,0.));
#5985=CARTESIAN_POINT('',(6.13998013089308,14.8232233047034,0.));
#5986=CARTESIAN_POINT('',(5.71320343559643,15.,0.));
#5987=CARTESIAN_POINT('',(6.5667568261897,14.6464466094067,0.));
#5988=CARTESIAN_POINT('Origin',(3.10660171779822,14.75,2.75));
#5989=CARTESIAN_POINT('',(3.10660171779822,14.5,3.));
#5990=CARTESIAN_POINT('',(3.10660171779822,15.,2.5));
#5991=CARTESIAN_POINT('Origin',(-14.6464466094067,-6.56675682618969,2.5));
#5992=CARTESIAN_POINT('',(-15.,-5.71320343559641,2.5));
#5993=CARTESIAN_POINT('',(-14.5,-6.00609665440987,3.));
#5994=CARTESIAN_POINT('',(-15.,-5.71320343559641,2.5));
#5995=CARTESIAN_POINT('',(-14.6464466094067,-6.56675682618969,2.5));
#5996=CARTESIAN_POINT('',(-14.6464466094067,-6.56675682618969,2.5));
#5997=CARTESIAN_POINT('',(-14.5,-6.00609665440987,3.));
#5998=CARTESIAN_POINT('Origin',(-14.8232233047034,-6.13998013089305,0.));
#5999=CARTESIAN_POINT('',(-15.,-5.71320343559641,0.));
#6000=CARTESIAN_POINT('',(-14.6464466094067,-6.56675682618969,0.));
#6001=CARTESIAN_POINT('',(-14.8232233047034,-6.13998013089305,0.));
#6002=CARTESIAN_POINT('',(-14.6464466094067,-6.56675682618969,0.));
#6003=CARTESIAN_POINT('',(-15.,-5.71320343559641,0.));
#6004=CARTESIAN_POINT('Origin',(14.6464466094067,6.56675682618969,2.5));
#6005=CARTESIAN_POINT('',(15.,5.71320343559642,2.5));
#6006=CARTESIAN_POINT('',(14.5,6.00609665440988,3.));
#6007=CARTESIAN_POINT('',(15.,5.71320343559642,2.5));
#6008=CARTESIAN_POINT('',(14.6464466094067,6.56675682618969,2.5));
#6009=CARTESIAN_POINT('',(14.6464466094067,6.56675682618969,2.5));
#6010=CARTESIAN_POINT('',(14.5,6.00609665440988,3.));
#6011=CARTESIAN_POINT('Origin',(14.8232233047034,6.13998013089306,0.));
#6012=CARTESIAN_POINT('',(15.,5.71320343559642,0.));
#6013=CARTESIAN_POINT('',(14.6464466094067,6.56675682618969,0.));
#6014=CARTESIAN_POINT('',(14.8232233047034,6.13998013089305,0.));
#6015=CARTESIAN_POINT('',(14.6464466094067,6.56675682618969,0.));
#6016=CARTESIAN_POINT('',(15.,5.71320343559642,0.));
#6017=CARTESIAN_POINT('Origin',(12.6265241636025,8.23312588140068,2.75));
#6018=CARTESIAN_POINT('',(12.4497474683058,8.05634918610404,3.));
#6019=CARTESIAN_POINT('',(12.8033008588991,8.40990257669732,2.5));
#6020=CARTESIAN_POINT('Origin',(-5.71320343559643,-15.,2.5));
#6021=CARTESIAN_POINT('',(-6.5667568261897,-14.6464466094067,2.5));
#6022=CARTESIAN_POINT('',(-6.00609665440988,-14.5,3.));
#6023=CARTESIAN_POINT('',(-6.5667568261897,-14.6464466094067,2.5));
#6024=CARTESIAN_POINT('',(-5.71320343559643,-15.,2.5));
#6025=CARTESIAN_POINT('',(-5.71320343559643,-15.,2.5));
#6026=CARTESIAN_POINT('',(-6.00609665440988,-14.5,3.));
#6027=CARTESIAN_POINT('Origin',(-6.13998013089307,-14.8232233047034,0.));
#6028=CARTESIAN_POINT('',(-6.5667568261897,-14.6464466094067,0.));
#6029=CARTESIAN_POINT('',(-5.71320343559643,-15.,0.));
#6030=CARTESIAN_POINT('',(-6.13998013089308,-14.8232233047034,0.));
#6031=CARTESIAN_POINT('',(-5.71320343559643,-15.,0.));
#6032=CARTESIAN_POINT('',(-6.5667568261897,-14.6464466094067,0.));
#6033=CARTESIAN_POINT('Origin',(15.,-5.71320343559643,2.5));
#6034=CARTESIAN_POINT('',(14.6464466094067,-6.5667568261897,2.5));
#6035=CARTESIAN_POINT('',(14.5,-6.00609665440988,3.));
#6036=CARTESIAN_POINT('',(14.6464466094067,-6.5667568261897,2.5));
#6037=CARTESIAN_POINT('',(15.,-5.71320343559643,2.5));
#6038=CARTESIAN_POINT('',(15.,-5.71320343559643,2.5));
#6039=CARTESIAN_POINT('',(14.5,-6.00609665440988,3.));
#6040=CARTESIAN_POINT('Origin',(14.8232233047034,-6.13998013089307,0.));
#6041=CARTESIAN_POINT('',(14.6464466094067,-6.5667568261897,0.));
#6042=CARTESIAN_POINT('',(15.,-5.71320343559643,0.));
#6043=CARTESIAN_POINT('',(14.8232233047034,-6.13998013089306,0.));
#6044=CARTESIAN_POINT('',(15.,-5.71320343559643,0.));
#6045=CARTESIAN_POINT('',(14.6464466094067,-6.5667568261897,0.));
#6046=CARTESIAN_POINT('Origin',(14.75,-3.10660171779822,2.75));
#6047=CARTESIAN_POINT('',(14.5,-3.10660171779822,3.));
#6048=CARTESIAN_POINT('',(15.,-3.10660171779822,2.5));
#6049=CARTESIAN_POINT('Origin',(6.5667568261897,-14.6464466094067,2.5));
#6050=CARTESIAN_POINT('',(5.71320343559642,-15.,2.5));
#6051=CARTESIAN_POINT('',(6.00609665440988,-14.5,3.));
#6052=CARTESIAN_POINT('',(5.71320343559642,-15.,2.5));
#6053=CARTESIAN_POINT('',(6.5667568261897,-14.6464466094067,2.5));
#6054=CARTESIAN_POINT('',(6.5667568261897,-14.6464466094067,2.5));
#6055=CARTESIAN_POINT('',(6.00609665440988,-14.5,3.));
#6056=CARTESIAN_POINT('Origin',(6.13998013089306,-14.8232233047034,0.));
#6057=CARTESIAN_POINT('',(5.71320343559642,-15.,0.));
#6058=CARTESIAN_POINT('',(6.5667568261897,-14.6464466094067,0.));
#6059=CARTESIAN_POINT('',(6.13998013089305,-14.8232233047034,0.));
#6060=CARTESIAN_POINT('',(6.5667568261897,-14.6464466094067,0.));
#6061=CARTESIAN_POINT('',(5.71320343559642,-15.,0.));
#6062=CARTESIAN_POINT('Origin',(8.23312588140068,-12.6265241636025,2.75));
#6063=CARTESIAN_POINT('',(8.05634918610405,-12.4497474683058,3.));
#6064=CARTESIAN_POINT('',(8.40990257669732,-12.8033008588991,2.5));
#6065=CARTESIAN_POINT('Origin',(-3.10660171779821,-14.75,2.75));
#6066=CARTESIAN_POINT('',(-3.10660171779821,-14.5,3.));
#6067=CARTESIAN_POINT('',(-3.10660171779821,-15.,2.5));
#6068=CARTESIAN_POINT('Origin',(-12.6265241636025,-8.23312588140067,2.75));
#6069=CARTESIAN_POINT('',(-12.4497474683058,-8.05634918610403,3.));
#6070=CARTESIAN_POINT('',(-12.8033008588991,-8.40990257669731,2.5));
#6071=CARTESIAN_POINT('Origin',(-14.75,3.10660171779821,2.75));
#6072=CARTESIAN_POINT('',(-14.5,3.10660171779821,3.));
#6073=CARTESIAN_POINT('',(-15.,3.10660171779821,2.5));
#6074=CARTESIAN_POINT('Origin',(-8.23312588140068,12.6265241636025,2.75));
#6075=CARTESIAN_POINT('',(-8.05634918610405,12.4497474683058,3.));
#6076=CARTESIAN_POINT('',(-8.40990257669732,12.8033008588991,2.5));
#6077=CARTESIAN_POINT('Origin',(6.21320343559643,15.,0.));
#6078=CARTESIAN_POINT('',(6.21320343559643,15.,0.));
#6079=CARTESIAN_POINT('Origin',(15.,6.21320343559642,0.));
#6080=CARTESIAN_POINT('',(15.,6.21320343559642,0.));
#6081=CARTESIAN_POINT('Origin',(15.,-6.21320343559643,0.));
#6082=CARTESIAN_POINT('',(15.,-6.21320343559643,0.));
#6083=CARTESIAN_POINT('Origin',(6.21320343559642,-15.,0.));
#6084=CARTESIAN_POINT('',(6.21320343559642,-15.,0.));
#6085=CARTESIAN_POINT('Origin',(2.22044604925031E-15,0.,3.));
#6086=CARTESIAN_POINT('',(4.49568901432423,9.64644660940673,3.));
#6087=CARTESIAN_POINT('',(9.64644660940673,4.49568901432422,3.));
#6088=CARTESIAN_POINT('',(8.53553390593274,5.60660171779821,3.));
#6089=CARTESIAN_POINT('',(10.,3.64213562373095,3.));
#6090=CARTESIAN_POINT('',(9.82322330470336,4.06891231902759,3.));
#6091=CARTESIAN_POINT('',(10.,-3.64213562373095,3.));
#6092=CARTESIAN_POINT('',(10.,-2.07106781186548,3.));
#6093=CARTESIAN_POINT('',(9.64644660940673,-4.49568901432423,3.));
#6094=CARTESIAN_POINT('',(9.82322330470336,-4.0689123190276,3.));
#6095=CARTESIAN_POINT('',(4.49568901432422,-9.64644660940673,3.));
#6096=CARTESIAN_POINT('',(5.60660171779821,-8.53553390593274,3.));
#6097=CARTESIAN_POINT('',(3.64213562373095,-10.,3.));
#6098=CARTESIAN_POINT('',(4.0689123190276,-9.82322330470336,3.));
#6099=CARTESIAN_POINT('',(-3.64213562373095,-10.,3.));
#6100=CARTESIAN_POINT('',(-2.07106781186548,-10.,3.));
#6101=CARTESIAN_POINT('',(-4.49568901432423,-9.64644660940673,3.));
#6102=CARTESIAN_POINT('',(-4.0689123190276,-9.82322330470336,3.));
#6103=CARTESIAN_POINT('',(-9.64644660940673,-4.49568901432422,3.));
#6104=CARTESIAN_POINT('',(-8.53553390593274,-5.60660171779821,3.));
#6105=CARTESIAN_POINT('',(-10.,-3.64213562373095,3.));
#6106=CARTESIAN_POINT('',(-9.82322330470336,-4.0689123190276,3.));
#6107=CARTESIAN_POINT('',(-10.,3.64213562373095,3.));
#6108=CARTESIAN_POINT('',(-10.,2.07106781186548,3.));
#6109=CARTESIAN_POINT('',(-9.64644660940673,4.49568901432422,3.));
#6110=CARTESIAN_POINT('',(-9.82322330470337,4.06891231902758,3.));
#6111=CARTESIAN_POINT('',(-4.49568901432422,9.64644660940673,3.));
#6112=CARTESIAN_POINT('',(-5.60660171779821,8.53553390593274,3.));
#6113=CARTESIAN_POINT('',(-3.64213562373095,10.,3.));
#6114=CARTESIAN_POINT('',(-4.06891231902759,9.82322330470336,3.));
#6115=CARTESIAN_POINT('',(3.64213562373095,10.,3.));
#6116=CARTESIAN_POINT('',(2.07106781186548,10.,3.));
#6117=CARTESIAN_POINT('',(4.0689123190276,9.82322330470336,3.));
#6118=CARTESIAN_POINT('Origin',(9.82322330470337,4.06891231902759,3.));
#6119=CARTESIAN_POINT('',(9.82322330470337,4.06891231902759,7.83322330470336));
#6120=CARTESIAN_POINT('',(10.,3.64213562373095,8.01));
#6121=CARTESIAN_POINT('',(10.8025741465936,1.70455023421465,8.81257414659361));
#6122=CARTESIAN_POINT('',(10.,3.64213562373095,3.));
#6123=CARTESIAN_POINT('',(9.64644660940673,4.49568901432422,8.01));
#6124=CARTESIAN_POINT('',(9.64644660940673,4.49568901432422,3.));
#6125=CARTESIAN_POINT('',(9.48257036729953,4.89132126057016,8.17387624210719));
#6126=CARTESIAN_POINT('Origin',(10.,4.14213562373095,3.));
#6127=CARTESIAN_POINT('',(4.49568901432423,9.64644660940673,8.01));
#6128=CARTESIAN_POINT('',(4.49568901432423,9.64644660940673,3.));
#6129=CARTESIAN_POINT('',(8.53553390593274,5.60660171779821,8.01));
#6130=CARTESIAN_POINT('Origin',(9.82322330470336,-4.06891231902759,3.));
#6131=CARTESIAN_POINT('',(9.82322330470336,-4.06891231902759,7.83322330470336));
#6132=CARTESIAN_POINT('',(9.64644660940673,-4.49568901432423,8.01));
#6133=CARTESIAN_POINT('',(8.84387246281311,-6.43327440384054,8.81257414659361));
#6134=CARTESIAN_POINT('',(9.64644660940673,-4.49568901432423,3.));
#6135=CARTESIAN_POINT('',(10.,-3.64213562373095,8.01));
#6136=CARTESIAN_POINT('',(10.,-3.64213562373095,3.));
#6137=CARTESIAN_POINT('',(10.1638762421072,-3.24650337748502,8.17387624210719));
#6138=CARTESIAN_POINT('Origin',(10.,-4.14213562373095,3.));
#6139=CARTESIAN_POINT('',(10.,-2.07106781186548,8.01));
#6140=CARTESIAN_POINT('Origin',(4.06891231902759,-9.82322330470337,3.));
#6141=CARTESIAN_POINT('',(4.06891231902759,-9.82322330470337,7.83322330470336));
#6142=CARTESIAN_POINT('',(3.64213562373095,-10.,8.01));
#6143=CARTESIAN_POINT('',(1.70455023421465,-10.8025741465936,8.81257414659361));
#6144=CARTESIAN_POINT('',(3.64213562373095,-10.,3.));
#6145=CARTESIAN_POINT('',(4.49568901432422,-9.64644660940673,8.01));
#6146=CARTESIAN_POINT('',(4.49568901432422,-9.64644660940673,3.));
#6147=CARTESIAN_POINT('',(4.89132126057016,-9.48257036729953,8.17387624210719));
#6148=CARTESIAN_POINT('Origin',(4.14213562373095,-10.,3.));
#6149=CARTESIAN_POINT('',(5.60660171779821,-8.53553390593274,8.01));
#6150=CARTESIAN_POINT('Origin',(-4.06891231902759,-9.82322330470336,3.));
#6151=CARTESIAN_POINT('',(-4.06891231902759,-9.82322330470336,7.83322330470336));
#6152=CARTESIAN_POINT('',(-4.49568901432423,-9.64644660940673,8.01));
#6153=CARTESIAN_POINT('',(-6.43327440384054,-8.84387246281311,8.81257414659361));
#6154=CARTESIAN_POINT('',(-4.49568901432423,-9.64644660940673,3.));
#6155=CARTESIAN_POINT('',(-3.64213562373095,-10.,8.01));
#6156=CARTESIAN_POINT('',(-3.64213562373095,-10.,3.));
#6157=CARTESIAN_POINT('',(-3.24650337748502,-10.1638762421072,8.17387624210719));
#6158=CARTESIAN_POINT('Origin',(-4.14213562373095,-10.,3.));
#6159=CARTESIAN_POINT('',(-2.07106781186548,-10.,8.01));
#6160=CARTESIAN_POINT('Origin',(-9.82322330470337,-4.06891231902759,3.));
#6161=CARTESIAN_POINT('',(-9.82322330470337,-4.06891231902759,7.83322330470336));
#6162=CARTESIAN_POINT('',(-10.,-3.64213562373095,8.01));
#6163=CARTESIAN_POINT('',(-10.8025741465936,-1.70455023421465,8.81257414659361));
#6164=CARTESIAN_POINT('',(-10.,-3.64213562373095,3.));
#6165=CARTESIAN_POINT('',(-9.64644660940673,-4.49568901432422,8.01));
#6166=CARTESIAN_POINT('',(-9.64644660940673,-4.49568901432422,3.));
#6167=CARTESIAN_POINT('',(-9.48257036729953,-4.89132126057016,8.17387624210719));
#6168=CARTESIAN_POINT('Origin',(-10.,-4.14213562373095,3.));
#6169=CARTESIAN_POINT('',(-8.53553390593274,-5.60660171779821,8.01));
#6170=CARTESIAN_POINT('Origin',(-9.82322330470336,4.06891231902759,3.));
#6171=CARTESIAN_POINT('',(-9.82322330470336,4.06891231902759,7.83322330470336));
#6172=CARTESIAN_POINT('',(-9.64644660940673,4.49568901432422,8.01));
#6173=CARTESIAN_POINT('',(-8.84387246281312,6.43327440384053,8.81257414659361));
#6174=CARTESIAN_POINT('',(-9.64644660940673,4.49568901432422,3.));
#6175=CARTESIAN_POINT('',(-10.,3.64213562373095,8.01));
#6176=CARTESIAN_POINT('',(-10.,3.64213562373095,3.));
#6177=CARTESIAN_POINT('',(-10.1638762421072,3.24650337748502,8.1738762421072));
#6178=CARTESIAN_POINT('Origin',(-10.,4.14213562373095,3.));
#6179=CARTESIAN_POINT('',(-10.,2.07106781186548,8.01));
#6180=CARTESIAN_POINT('Origin',(-4.06891231902759,9.82322330470337,3.));
#6181=CARTESIAN_POINT('',(-4.06891231902759,9.82322330470337,7.83322330470336));
#6182=CARTESIAN_POINT('',(-3.64213562373095,10.,8.01));
#6183=CARTESIAN_POINT('',(-1.70455023421465,10.8025741465936,8.81257414659361));
#6184=CARTESIAN_POINT('',(-3.64213562373095,10.,3.));
#6185=CARTESIAN_POINT('',(-4.49568901432422,9.64644660940673,8.01));
#6186=CARTESIAN_POINT('',(-4.49568901432422,9.64644660940673,3.));
#6187=CARTESIAN_POINT('',(-4.89132126057016,9.48257036729953,8.17387624210719));
#6188=CARTESIAN_POINT('Origin',(-4.14213562373095,10.,3.));
#6189=CARTESIAN_POINT('',(-5.60660171779821,8.53553390593274,8.01));
#6190=CARTESIAN_POINT('Origin',(4.06891231902759,9.82322330470336,3.));
#6191=CARTESIAN_POINT('',(4.06891231902759,9.82322330470336,7.83322330470336));
#6192=CARTESIAN_POINT('',(6.43327440384054,8.84387246281311,8.81257414659361));
#6193=CARTESIAN_POINT('',(3.64213562373095,10.,8.01));
#6194=CARTESIAN_POINT('',(3.64213562373095,10.,3.));
#6195=CARTESIAN_POINT('',(3.24650337748502,10.1638762421072,8.17387624210719));
#6196=CARTESIAN_POINT('Origin',(4.14213562373095,10.,3.));
#6197=CARTESIAN_POINT('',(2.07106781186548,10.,8.01));
#6198=CARTESIAN_POINT('Origin',(2.07106781186548,12.495,10.505));
#6199=CARTESIAN_POINT('',(2.07106781186548,14.99,13.));
#6200=CARTESIAN_POINT('',(4.76668181006535,11.5077878733769,9.5177878733769));
#6201=CARTESIAN_POINT('',(-6.20906129997269,14.99,13.));
#6202=CARTESIAN_POINT('Origin',(10.2997653249932,7.37083313685865,10.505));
#6203=CARTESIAN_POINT('',(12.0639967440536,9.13506455591908,13.));
#6204=CARTESIAN_POINT('',(11.5077878733769,4.76668181006535,9.5177878733769));
#6205=CARTESIAN_POINT('Origin',(12.495,-2.07106781186548,10.505));
#6206=CARTESIAN_POINT('',(14.99,-2.07106781186548,13.));
#6207=CARTESIAN_POINT('',(11.5077878733769,-4.76668181006535,9.5177878733769));
#6208=CARTESIAN_POINT('Origin',(7.37083313685865,-10.2997653249932,10.505));
#6209=CARTESIAN_POINT('',(9.13506455591908,-12.0639967440536,13.));
#6210=CARTESIAN_POINT('',(4.76668181006535,-11.5077878733769,9.5177878733769));
#6211=CARTESIAN_POINT('Origin',(-2.07106781186548,-12.495,10.505));
#6212=CARTESIAN_POINT('',(-2.07106781186548,-14.99,13.));
#6213=CARTESIAN_POINT('',(-6.20906129997269,-14.99,13.));
#6214=CARTESIAN_POINT('Origin',(-10.2997653249932,-7.37083313685865,10.505));
#6215=CARTESIAN_POINT('',(-14.99,-6.20906129997269,13.));
#6216=CARTESIAN_POINT('',(-12.0639967440536,-9.13506455591908,13.));
#6217=CARTESIAN_POINT('Origin',(-12.495,2.07106781186548,10.505));
#6218=CARTESIAN_POINT('',(-14.99,6.20906129997269,13.));
#6219=CARTESIAN_POINT('',(-14.99,2.07106781186548,13.));
#6220=CARTESIAN_POINT('Origin',(-7.37083313685865,10.2997653249932,10.505));
#6221=CARTESIAN_POINT('',(-9.13506455591908,12.0639967440536,13.));
#6222=CARTESIAN_POINT('Origin',(0.,0.,13.));
#6223=CARTESIAN_POINT('Origin',(0.,0.,13.));
#6224=CARTESIAN_POINT('Origin',(0.,0.,13.));
#6225=CARTESIAN_POINT('Origin',(0.,0.,13.));
#6226=CARTESIAN_POINT('Origin',(0.,0.,13.));
#6227=CARTESIAN_POINT('Origin',(0.,0.,13.));
#6228=CARTESIAN_POINT('Origin',(0.,0.,13.));
#6229=CARTESIAN_POINT('Origin',(0.,0.,13.));
#6230=CARTESIAN_POINT('Origin',(-6.21320343559643,-15.,0.));
#6231=CARTESIAN_POINT('',(-6.21320343559643,-15.,0.));
#6232=CARTESIAN_POINT('Origin',(-15.,-6.21320343559641,0.));
#6233=CARTESIAN_POINT('',(-15.,-6.21320343559641,0.));
#6234=CARTESIAN_POINT('Origin',(-15.,6.21320343559643,0.));
#6235=CARTESIAN_POINT('',(-15.,6.21320343559643,0.));
#6236=CARTESIAN_POINT('Origin',(-6.21320343559642,15.,0.));
#6237=CARTESIAN_POINT('',(-6.21320343559642,15.,0.));
#6238=CARTESIAN_POINT('Origin',(2.22044604925031E-15,0.,0.));
#6239=CARTESIAN_POINT('',(0.,0.,0.));
#6240=UNCERTAINTY_MEASURE_WITH_UNIT(LENGTH_MEASURE(0.01),#6246,
'DISTANCE_ACCURACY_VALUE',
'Maximum model space distance between geometric entities at asserted c
onnectivities');
#6241=UNCERTAINTY_MEASURE_WITH_UNIT(LENGTH_MEASURE(0.01),#6246,
'DISTANCE_ACCURACY_VALUE',
'Maximum model space distance between geometric entities at asserted c
onnectivities');
#6242=UNCERTAINTY_MEASURE_WITH_UNIT(LENGTH_MEASURE(0.01),#6246,
'DISTANCE_ACCURACY_VALUE',
'Maximum model space distance between geometric entities at asserted c
onnectivities');
#6243=(
GEOMETRIC_REPRESENTATION_CONTEXT(3)
GLOBAL_UNCERTAINTY_ASSIGNED_CONTEXT((#6240))
GLOBAL_UNIT_ASSIGNED_CONTEXT((#6246,#6248,#6249))
REPRESENTATION_CONTEXT('','3D')
);
#6244=(
GEOMETRIC_REPRESENTATION_CONTEXT(3)
GLOBAL_UNCERTAINTY_ASSIGNED_CONTEXT((#6241))
GLOBAL_UNIT_ASSIGNED_CONTEXT((#6246,#6248,#6249))
REPRESENTATION_CONTEXT('','3D')
);
#6245=(
GEOMETRIC_REPRESENTATION_CONTEXT(3)
GLOBAL_UNCERTAINTY_ASSIGNED_CONTEXT((#6242))
GLOBAL_UNIT_ASSIGNED_CONTEXT((#6246,#6248,#6249))
REPRESENTATION_CONTEXT('','3D')
);
#6246=(
LENGTH_UNIT()
NAMED_UNIT(*)
SI_UNIT(.MILLI.,.METRE.)
);
#6247=(
LENGTH_UNIT()
NAMED_UNIT(*)
SI_UNIT($,.METRE.)
);
#6248=(
NAMED_UNIT(*)
PLANE_ANGLE_UNIT()
SI_UNIT($,.RADIAN.)
);
#6249=(
NAMED_UNIT(*)
SI_UNIT($,.STERADIAN.)
SOLID_ANGLE_UNIT()
);
#6250=SHAPE_DEFINITION_REPRESENTATION(#6252,#6255);
#6251=SHAPE_DEFINITION_REPRESENTATION(#6253,#6256);
#6252=PRODUCT_DEFINITION_SHAPE('',$,#6258);
#6253=PRODUCT_DEFINITION_SHAPE('',$,#6259);
#6254=PRODUCT_DEFINITION_SHAPE($,$,#14);
#6255=SHAPE_REPRESENTATION('',(#3578,#3761),#6243);
#6256=SHAPE_REPRESENTATION('',(#3579),#6244);
#6257=PRODUCT_DEFINITION_CONTEXT('part definition',#6265,'design');
#6258=PRODUCT_DEFINITION('Untersuchungsobjekt V3.0',
'Untersuchungsobjekt V3.0 v7',#6260,#6257);
#6259=PRODUCT_DEFINITION('Untersuchungsobjekt V3.0_1',
'Untersuchungsobjekt V3.0',#6261,#6257);
#6260=PRODUCT_DEFINITION_FORMATION('',$,#6267);
#6261=PRODUCT_DEFINITION_FORMATION('',$,#6268);
#6262=PRODUCT_RELATED_PRODUCT_CATEGORY('Untersuchungsobjekt V3.0 v7',
'Untersuchungsobjekt V3.0 v7',(#6267));
#6263=PRODUCT_RELATED_PRODUCT_CATEGORY('Untersuchungsobjekt V3.0',
'Untersuchungsobjekt V3.0',(#6268));
#6264=APPLICATION_PROTOCOL_DEFINITION('international standard',
'automotive_design',2009,#6265);
#6265=APPLICATION_CONTEXT(
'Core Data for Automotive Mechanical Design Process');
#6266=PRODUCT_CONTEXT('part definition',#6265,'mechanical');
#6267=PRODUCT('Untersuchungsobjekt V3.0','Untersuchungsobjekt V3.0 v7',
$,(#6266));
#6268=PRODUCT('Untersuchungsobjekt V3.0_1','Untersuchungsobjekt V3.0',$,
(#6266));
#6269=PRESENTATION_STYLE_ASSIGNMENT((#6270));
#6270=SURFACE_STYLE_USAGE(.BOTH.,#6271);
#6271=SURFACE_SIDE_STYLE('',(#6272));
#6272=SURFACE_STYLE_FILL_AREA(#6273);
#6273=FILL_AREA_STYLE('Stahl - satiniert',(#6274));
#6274=FILL_AREA_STYLE_COLOUR('Stahl - satiniert',#6275);
#6275=COLOUR_RGB('Stahl - satiniert',0.627450980392157,0.627450980392157,
0.627450980392157);
ENDSEC;
END-ISO-10303-21;
