ISO-10303-21;
HEADER;
/* Generated by software containing ST-Developer
 * from STEP Tools, Inc. (www.steptools.com) 
 */

FILE_DESCRIPTION(
/* description */ (''),
/* implementation_level */ '2;1');

FILE_NAME(
/* name */ 'fdm_stufenuntersuchungsobjekt_tiefen_1_bis_15mm.step',
/* time_stamp */ '2026-07-27T16:30:36+02:00',
/* author */ (''),
/* organization */ (''),
/* preprocessor_version */ 'ST-DEVELOPER v20.1',
/* originating_system */ 'Autodesk Translation Framework v15.8.0.0',
/* authorisation */ '');

FILE_SCHEMA (('AUTOMOTIVE_DESIGN { 1 0 10303 214 3 1 1 }'));
ENDSEC;

DATA;
#10=MECHANICAL_DESIGN_GEOMETRIC_PRESENTATION_REPRESENTATION('',(#13),#9029);
#11=SHAPE_REPRESENTATION_RELATIONSHIP('SRR','None',#9036,#12);
#12=ADVANCED_BREP_SHAPE_REPRESENTATION('',(#14),#9028);
#13=STYLED_ITEM('',(#9045),#14);
#14=MANIFOLD_SOLID_BREP('K\X\F6rper2',#5133);
#15=FACE_BOUND('',#647,.T.);
#16=FACE_BOUND('',#702,.T.);
#17=FACE_BOUND('',#703,.T.);
#18=FACE_BOUND('',#704,.T.);
#19=FACE_BOUND('',#705,.T.);
#20=FACE_BOUND('',#706,.T.);
#21=FACE_BOUND('',#707,.T.);
#22=FACE_BOUND('',#708,.T.);
#23=FACE_BOUND('',#709,.T.);
#24=FACE_BOUND('',#710,.T.);
#25=FACE_BOUND('',#711,.T.);
#26=FACE_BOUND('',#712,.T.);
#27=FACE_BOUND('',#713,.T.);
#28=FACE_BOUND('',#714,.T.);
#29=FACE_BOUND('',#715,.T.);
#30=FACE_BOUND('',#716,.T.);
#31=CIRCLE('',#5276,2.);
#32=CIRCLE('',#5277,2.);
#33=CIRCLE('',#5280,2.);
#34=CIRCLE('',#5281,2.);
#35=CIRCLE('',#5282,2.);
#36=CIRCLE('',#5283,2.);
#37=CIRCLE('',#5284,2.);
#38=CIRCLE('',#5285,2.);
#39=CIRCLE('',#5286,2.);
#40=CIRCLE('',#5288,2.);
#41=CIRCLE('',#5291,2.);
#42=CIRCLE('',#5293,2.);
#43=CIRCLE('',#5296,2.);
#44=CIRCLE('',#5299,2.);
#45=CIRCLE('',#5301,2.);
#46=CIRCLE('',#5302,2.);
#47=CIRCLE('',#5305,2.);
#48=CIRCLE('',#5307,2.);
#49=CIRCLE('',#5308,2.);
#50=CIRCLE('',#5311,2.);
#51=CIRCLE('',#5312,2.);
#52=CIRCLE('',#5314,2.);
#53=CIRCLE('',#5315,2.);
#54=CIRCLE('',#5318,2.);
#55=CIRCLE('',#5319,2.);
#56=CIRCLE('',#5321,2.);
#57=CIRCLE('',#5323,2.);
#58=CIRCLE('',#5325,2.);
#59=CIRCLE('',#5328,2.);
#60=CIRCLE('',#5329,2.);
#61=CIRCLE('',#5331,2.);
#62=CIRCLE('',#5332,2.);
#63=CIRCLE('',#5335,2.);
#64=CIRCLE('',#5336,2.);
#65=CIRCLE('',#5338,2.);
#66=CIRCLE('',#5340,2.);
#67=CIRCLE('',#5342,2.);
#68=CIRCLE('',#5343,2.);
#69=CIRCLE('',#5346,2.);
#70=CIRCLE('',#5347,2.);
#71=CIRCLE('',#5350,2.);
#72=CIRCLE('',#5351,2.);
#73=CIRCLE('',#5352,2.);
#74=CIRCLE('',#5354,2.);
#75=CIRCLE('',#5356,2.);
#76=CIRCLE('',#5357,2.);
#77=CIRCLE('',#5360,2.);
#78=CIRCLE('',#5361,2.);
#79=CIRCLE('',#5363,2.);
#80=CIRCLE('',#5364,2.);
#81=CIRCLE('',#5365,2.);
#82=CIRCLE('',#5367,2.);
#83=CIRCLE('',#5369,2.);
#84=CIRCLE('',#5370,2.);
#85=CIRCLE('',#5374,2.);
#86=CIRCLE('',#5376,2.);
#87=CIRCLE('',#5377,2.);
#88=CIRCLE('',#5379,2.);
#89=CIRCLE('',#5381,2.);
#90=CIRCLE('',#5382,2.);
#91=CIRCLE('',#5384,2.);
#92=CIRCLE('',#5390,2.);
#93=CIRCLE('',#5392,2.);
#94=CIRCLE('',#5394,2.);
#95=CIRCLE('',#5396,2.);
#96=CIRCLE('',#5397,2.);
#97=CIRCLE('',#5398,2.);
#98=CIRCLE('',#5399,2.);
#99=CIRCLE('',#5403,2.);
#100=CIRCLE('',#5405,2.);
#101=CYLINDRICAL_SURFACE('',#5275,2.);
#102=CYLINDRICAL_SURFACE('',#5287,2.);
#103=CYLINDRICAL_SURFACE('',#5290,2.);
#104=CYLINDRICAL_SURFACE('',#5292,2.);
#105=CYLINDRICAL_SURFACE('',#5295,2.);
#106=CYLINDRICAL_SURFACE('',#5298,2.);
#107=CYLINDRICAL_SURFACE('',#5304,2.);
#108=CYLINDRICAL_SURFACE('',#5310,2.);
#109=CYLINDRICAL_SURFACE('',#5313,2.);
#110=CYLINDRICAL_SURFACE('',#5317,2.);
#111=CYLINDRICAL_SURFACE('',#5322,2.);
#112=CYLINDRICAL_SURFACE('',#5327,2.);
#113=CYLINDRICAL_SURFACE('',#5330,2.);
#114=CYLINDRICAL_SURFACE('',#5334,2.);
#115=CYLINDRICAL_SURFACE('',#5339,2.);
#116=CYLINDRICAL_SURFACE('',#5345,2.);
#117=CYLINDRICAL_SURFACE('',#5353,2.);
#118=CYLINDRICAL_SURFACE('',#5359,2.);
#119=CYLINDRICAL_SURFACE('',#5366,2.);
#120=CYLINDRICAL_SURFACE('',#5371,2.);
#121=CYLINDRICAL_SURFACE('',#5372,2.);
#122=CYLINDRICAL_SURFACE('',#5373,2.);
#123=CYLINDRICAL_SURFACE('',#5378,2.);
#124=CYLINDRICAL_SURFACE('',#5380,2.);
#125=CYLINDRICAL_SURFACE('',#5385,2.);
#126=CYLINDRICAL_SURFACE('',#5386,2.);
#127=CYLINDRICAL_SURFACE('',#5387,2.);
#128=CYLINDRICAL_SURFACE('',#5389,2.);
#129=CYLINDRICAL_SURFACE('',#5391,2.);
#130=CYLINDRICAL_SURFACE('',#5393,2.);
#131=CYLINDRICAL_SURFACE('',#5400,2.);
#132=CYLINDRICAL_SURFACE('',#5401,2.);
#133=CYLINDRICAL_SURFACE('',#5402,2.);
#134=CYLINDRICAL_SURFACE('',#5404,2.);
#135=CYLINDRICAL_SURFACE('',#5407,2.);
#136=B_SPLINE_SURFACE_WITH_KNOTS('',3,1,((#6571,#6572),(#6573,#6574),(#6575,
#6576),(#6577,#6578),(#6579,#6580)),.UNSPECIFIED.,.F.,.F.,.F.,(4,1,4),(2,
2),(0.,0.0367390767159852,0.0708717748054151),(-0.075,0.),.UNSPECIFIED.);
#137=B_SPLINE_SURFACE_WITH_KNOTS('',3,1,((#6588,#6589),(#6590,#6591),(#6592,
#6593),(#6594,#6595),(#6596,#6597)),.UNSPECIFIED.,.F.,.F.,.F.,(4,1,4),(2,
2),(0.,0.0300899739971183,0.0659471937810535),(-0.075,0.),.UNSPECIFIED.);
#138=B_SPLINE_SURFACE_WITH_KNOTS('',3,1,((#6609,#6610),(#6611,#6612),(#6613,
#6614),(#6615,#6616),(#6617,#6618)),.UNSPECIFIED.,.F.,.F.,.F.,(4,1,4),(2,
2),(0.,0.0499814295557512,0.101087638590904),(-0.075,0.),.UNSPECIFIED.);
#139=B_SPLINE_SURFACE_WITH_KNOTS('',3,1,((#6832,#6833),(#6834,#6835),(#6836,
#6837),(#6838,#6839),(#6840,#6841)),.UNSPECIFIED.,.F.,.F.,.F.,(4,1,4),(2,
2),(0.,0.0213337806121455,0.0526978020109055),(-0.075,0.),.UNSPECIFIED.);
#140=B_SPLINE_SURFACE_WITH_KNOTS('',3,1,((#6849,#6850),(#6851,#6852),(#6853,
#6854),(#6855,#6856),(#6857,#6858)),.UNSPECIFIED.,.F.,.F.,.F.,(4,1,4),(2,
2),(0.,0.0147538447921161,0.0303831360993424),(-0.075,0.),.UNSPECIFIED.);
#141=B_SPLINE_SURFACE_WITH_KNOTS('',3,1,((#6866,#6867),(#6868,#6869),(#6870,
#6871),(#6872,#6873),(#6874,#6875)),.UNSPECIFIED.,.F.,.F.,.F.,(4,1,4),(2,
2),(0.,0.0148896481860489,0.0294934820725654),(-0.075,0.),.UNSPECIFIED.);
#142=B_SPLINE_SURFACE_WITH_KNOTS('',3,1,((#6883,#6884),(#6885,#6886),(#6887,
#6888),(#6889,#6890),(#6891,#6892)),.UNSPECIFIED.,.F.,.F.,.F.,(4,1,4),(2,
2),(0.,0.00969942371945401,0.0213230643367982),(-0.075,0.),
 .UNSPECIFIED.);
#143=B_SPLINE_SURFACE_WITH_KNOTS('',3,1,((#6900,#6901),(#6902,#6903),(#6904,
#6905),(#6906,#6907),(#6908,#6909)),.UNSPECIFIED.,.F.,.F.,.F.,(4,1,4),(2,
2),(0.,0.010424030120872,0.0197302701591695),(-0.075,0.),.UNSPECIFIED.);
#144=B_SPLINE_SURFACE_WITH_KNOTS('',3,1,((#6917,#6918),(#6919,#6920),(#6921,
#6922),(#6923,#6924),(#6925,#6926)),.UNSPECIFIED.,.F.,.F.,.F.,(4,1,4),(2,
2),(0.,0.0304531351819498,0.0479692783311039),(-0.075,0.),.UNSPECIFIED.);
#145=B_SPLINE_SURFACE_WITH_KNOTS('',3,1,((#6946,#6947),(#6948,#6949),(#6950,
#6951),(#6952,#6953),(#6954,#6955)),.UNSPECIFIED.,.F.,.F.,.F.,(4,1,4),(2,
2),(0.,0.0217902415731334,0.0528275790075276),(-0.075,0.),.UNSPECIFIED.);
#146=B_SPLINE_SURFACE_WITH_KNOTS('',3,1,((#6963,#6964),(#6965,#6966),(#6967,
#6968),(#6969,#6970),(#6971,#6972)),.UNSPECIFIED.,.F.,.F.,.F.,(4,1,4),(2,
2),(0.,0.0150460100064595,0.0313286485752583),(-0.075,0.),.UNSPECIFIED.);
#147=B_SPLINE_SURFACE_WITH_KNOTS('',3,1,((#6980,#6981),(#6982,#6983),(#6984,
#6985),(#6986,#6987),(#6988,#6989)),.UNSPECIFIED.,.F.,.F.,.F.,(4,1,4),(2,
2),(0.,0.0138359217933188,0.0281966040122527),(-0.075,0.),.UNSPECIFIED.);
#148=B_SPLINE_SURFACE_WITH_KNOTS('',3,1,((#6997,#6998),(#6999,#7000),(#7001,
#7002),(#7003,#7004),(#7005,#7006)),.UNSPECIFIED.,.F.,.F.,.F.,(4,1,4),(2,
2),(0.,0.0159712645556629,0.0331796560175965),(-0.075,0.),.UNSPECIFIED.);
#149=B_SPLINE_SURFACE_WITH_KNOTS('',3,1,((#7014,#7015),(#7016,#7017),(#7018,
#7019),(#7020,#7021),(#7022,#7023)),.UNSPECIFIED.,.F.,.F.,.F.,(4,1,4),(2,
2),(0.,0.0310850530551841,0.0494994275669703),(-0.075,0.),.UNSPECIFIED.);
#150=B_SPLINE_SURFACE_WITH_KNOTS('',3,1,((#7043,#7044),(#7045,#7046),(#7047,
#7048),(#7049,#7050),(#7051,#7052)),.UNSPECIFIED.,.F.,.F.,.F.,(4,1,4),(2,
2),(0.,0.0218735386061538,0.0531969704674133),(-0.075,0.),.UNSPECIFIED.);
#151=B_SPLINE_SURFACE_WITH_KNOTS('',3,1,((#7060,#7061),(#7062,#7063),(#7064,
#7065),(#7066,#7067),(#7068,#7069)),.UNSPECIFIED.,.F.,.F.,.F.,(4,1,4),(2,
2),(0.,0.0219365872903972,0.0446686372708304),(-0.075,0.),.UNSPECIFIED.);
#152=B_SPLINE_SURFACE_WITH_KNOTS('',3,1,((#7077,#7078),(#7079,#7080),(#7081,
#7082),(#7083,#7084),(#7085,#7086)),.UNSPECIFIED.,.F.,.F.,.F.,(4,1,4),(2,
2),(0.,0.0259396515283561,0.0490489825701822),(-0.075,0.),.UNSPECIFIED.);
#153=B_SPLINE_SURFACE_WITH_KNOTS('',3,1,((#7094,#7095),(#7096,#7097),(#7098,
#7099),(#7100,#7101),(#7102,#7103)),.UNSPECIFIED.,.F.,.F.,.F.,(4,1,4),(2,
2),(0.,0.0213625002108156,0.0428173991647155),(-0.075,0.),.UNSPECIFIED.);
#154=B_SPLINE_SURFACE_WITH_KNOTS('',3,1,((#7111,#7112),(#7113,#7114),(#7115,
#7116),(#7117,#7118),(#7119,#7120)),.UNSPECIFIED.,.F.,.F.,.F.,(4,1,4),(2,
2),(0.,0.0248176082724178,0.0473476629736709),(-0.075,0.),.UNSPECIFIED.);
#155=B_SPLINE_SURFACE_WITH_KNOTS('',3,1,((#7128,#7129),(#7130,#7131),(#7132,
#7133),(#7134,#7135),(#7136,#7137)),.UNSPECIFIED.,.F.,.F.,.F.,(4,1,4),(2,
2),(0.,0.0205940283144918,0.042618958285337),(-0.075,0.),.UNSPECIFIED.);
#156=B_SPLINE_SURFACE_WITH_KNOTS('',3,1,((#7145,#7146),(#7147,#7148),(#7149,
#7150),(#7151,#7152),(#7153,#7154)),.UNSPECIFIED.,.F.,.F.,.F.,(4,1,4),(2,
2),(0.,0.0228781187280086,0.0437943128185733),(-0.075,0.),.UNSPECIFIED.);
#157=B_SPLINE_SURFACE_WITH_KNOTS('',3,1,((#7162,#7163),(#7164,#7165),(#7166,
#7167),(#7168,#7169),(#7170,#7171)),.UNSPECIFIED.,.F.,.F.,.F.,(4,1,4),(2,
2),(0.,0.0472965115727771,0.091148134908244),(-0.075,0.),.UNSPECIFIED.);
#158=B_SPLINE_SURFACE_WITH_KNOTS('',3,1,((#7224,#7225),(#7226,#7227),(#7228,
#7229),(#7230,#7231),(#7232,#7233)),.UNSPECIFIED.,.F.,.F.,.F.,(4,1,4),(2,
2),(0.,0.0367391188386757,0.0708718169281056),(-0.075,0.),.UNSPECIFIED.);
#159=B_SPLINE_SURFACE_WITH_KNOTS('',3,1,((#7241,#7242),(#7243,#7244),(#7245,
#7246),(#7247,#7248),(#7249,#7250)),.UNSPECIFIED.,.F.,.F.,.F.,(4,1,4),(2,
2),(0.,0.0300899739971183,0.0659471937810535),(-0.075,0.),.UNSPECIFIED.);
#160=B_SPLINE_SURFACE_WITH_KNOTS('',3,1,((#7262,#7263),(#7264,#7265),(#7266,
#7267),(#7268,#7269),(#7270,#7271)),.UNSPECIFIED.,.F.,.F.,.F.,(4,1,4),(2,
2),(0.,0.0499813340347497,0.101087597436369),(-0.075,0.),.UNSPECIFIED.);
#161=B_SPLINE_SURFACE_WITH_KNOTS('',3,1,((#7436,#7437),(#7438,#7439),(#7440,
#7441),(#7442,#7443),(#7444,#7445)),.UNSPECIFIED.,.F.,.F.,.F.,(4,1,4),(2,
2),(0.,0.0213337806121455,0.0526978020109055),(-0.075,0.),.UNSPECIFIED.);
#162=B_SPLINE_SURFACE_WITH_KNOTS('',3,1,((#7453,#7454),(#7455,#7456),(#7457,
#7458),(#7459,#7460),(#7461,#7462)),.UNSPECIFIED.,.F.,.F.,.F.,(4,1,4),(2,
2),(0.,0.0147538447921161,0.0303831360993424),(-0.075,0.),.UNSPECIFIED.);
#163=B_SPLINE_SURFACE_WITH_KNOTS('',3,1,((#7470,#7471),(#7472,#7473),(#7474,
#7475),(#7476,#7477),(#7478,#7479)),.UNSPECIFIED.,.F.,.F.,.F.,(4,1,4),(2,
2),(0.,0.0148896481860489,0.0294934820725654),(-0.075,0.),.UNSPECIFIED.);
#164=B_SPLINE_SURFACE_WITH_KNOTS('',3,1,((#7487,#7488),(#7489,#7490),(#7491,
#7492),(#7493,#7494),(#7495,#7496)),.UNSPECIFIED.,.F.,.F.,.F.,(4,1,4),(2,
2),(0.,0.00969942371945401,0.0213230643367982),(-0.075,0.),
 .UNSPECIFIED.);
#165=B_SPLINE_SURFACE_WITH_KNOTS('',3,1,((#7504,#7505),(#7506,#7507),(#7508,
#7509),(#7510,#7511),(#7512,#7513)),.UNSPECIFIED.,.F.,.F.,.F.,(4,1,4),(2,
2),(0.,0.010424030120872,0.0197302701591695),(-0.075,0.),.UNSPECIFIED.);
#166=B_SPLINE_SURFACE_WITH_KNOTS('',3,1,((#7521,#7522),(#7523,#7524),(#7525,
#7526),(#7527,#7528),(#7529,#7530)),.UNSPECIFIED.,.F.,.F.,.F.,(4,1,4),(2,
2),(0.,0.0304531351819498,0.0479692783311039),(-0.075,0.),.UNSPECIFIED.);
#167=B_SPLINE_SURFACE_WITH_KNOTS('',3,1,((#7550,#7551),(#7552,#7553),(#7554,
#7555),(#7556,#7557),(#7558,#7559)),.UNSPECIFIED.,.F.,.F.,.F.,(4,1,4),(2,
2),(0.,0.0217902415731334,0.0528275790075276),(-0.075,0.),.UNSPECIFIED.);
#168=B_SPLINE_SURFACE_WITH_KNOTS('',3,1,((#7567,#7568),(#7569,#7570),(#7571,
#7572),(#7573,#7574),(#7575,#7576)),.UNSPECIFIED.,.F.,.F.,.F.,(4,1,4),(2,
2),(0.,0.0150460100064595,0.0313286485752583),(-0.075,0.),.UNSPECIFIED.);
#169=B_SPLINE_SURFACE_WITH_KNOTS('',3,1,((#7584,#7585),(#7586,#7587),(#7588,
#7589),(#7590,#7591),(#7592,#7593)),.UNSPECIFIED.,.F.,.F.,.F.,(4,1,4),(2,
2),(0.,0.0138359217933188,0.0281966040122527),(-0.075,0.),.UNSPECIFIED.);
#170=B_SPLINE_SURFACE_WITH_KNOTS('',3,1,((#7601,#7602),(#7603,#7604),(#7605,
#7606),(#7607,#7608),(#7609,#7610)),.UNSPECIFIED.,.F.,.F.,.F.,(4,1,4),(2,
2),(0.,0.0159712645556629,0.0331796560175965),(-0.075,0.),.UNSPECIFIED.);
#171=B_SPLINE_SURFACE_WITH_KNOTS('',3,1,((#7618,#7619),(#7620,#7621),(#7622,
#7623),(#7624,#7625),(#7626,#7627)),.UNSPECIFIED.,.F.,.F.,.F.,(4,1,4),(2,
2),(0.,0.0310850530551841,0.0494994947980881),(-0.075,0.),.UNSPECIFIED.);
#172=B_SPLINE_SURFACE_WITH_KNOTS('',3,1,((#7647,#7648),(#7649,#7650),(#7651,
#7652),(#7653,#7654),(#7655,#7656)),.UNSPECIFIED.,.F.,.F.,.F.,(4,1,4),(2,
2),(0.,0.0218735952051185,0.053197027066378),(-0.075,0.),.UNSPECIFIED.);
#173=B_SPLINE_SURFACE_WITH_KNOTS('',3,1,((#7664,#7665),(#7666,#7667),(#7668,
#7669),(#7670,#7671),(#7672,#7673)),.UNSPECIFIED.,.F.,.F.,.F.,(4,1,4),(2,
2),(0.,0.0219365872903972,0.0446685114448055),(-0.075,0.),.UNSPECIFIED.);
#174=B_SPLINE_SURFACE_WITH_KNOTS('',3,1,((#7681,#7682),(#7683,#7684),(#7685,
#7686),(#7687,#7688),(#7689,#7690)),.UNSPECIFIED.,.F.,.F.,.F.,(4,1,4),(2,
2),(0.,0.0259396515283561,0.0490489825701822),(-0.075,0.),.UNSPECIFIED.);
#175=B_SPLINE_SURFACE_WITH_KNOTS('',3,1,((#7698,#7699),(#7700,#7701),(#7702,
#7703),(#7704,#7705),(#7706,#7707)),.UNSPECIFIED.,.F.,.F.,.F.,(4,1,4),(2,
2),(0.,0.0213625002108156,0.0428173991647155),(-0.075,0.),.UNSPECIFIED.);
#176=B_SPLINE_SURFACE_WITH_KNOTS('',3,1,((#7715,#7716),(#7717,#7718),(#7719,
#7720),(#7721,#7722),(#7723,#7724)),.UNSPECIFIED.,.F.,.F.,.F.,(4,1,4),(2,
2),(0.,0.0248176082724178,0.0473476629736709),(-0.075,0.),.UNSPECIFIED.);
#177=B_SPLINE_SURFACE_WITH_KNOTS('',3,1,((#7732,#7733),(#7734,#7735),(#7736,
#7737),(#7738,#7739),(#7740,#7741)),.UNSPECIFIED.,.F.,.F.,.F.,(4,1,4),(2,
2),(0.,0.0205940283144918,0.042618958285337),(-0.075,0.),.UNSPECIFIED.);
#178=B_SPLINE_SURFACE_WITH_KNOTS('',3,1,((#7749,#7750),(#7751,#7752),(#7753,
#7754),(#7755,#7756),(#7757,#7758)),.UNSPECIFIED.,.F.,.F.,.F.,(4,1,4),(2,
2),(0.,0.0228781187280086,0.0437943128185733),(-0.075,0.),.UNSPECIFIED.);
#179=B_SPLINE_SURFACE_WITH_KNOTS('',3,1,((#7766,#7767),(#7768,#7769),(#7770,
#7771),(#7772,#7773),(#7774,#7775)),.UNSPECIFIED.,.F.,.F.,.F.,(4,1,4),(2,
2),(0.,0.0472965115727771,0.091148134908244),(-0.075,0.),.UNSPECIFIED.);
#180=B_SPLINE_SURFACE_WITH_KNOTS('',3,1,((#7941,#7942),(#7943,#7944),(#7945,
#7946),(#7947,#7948),(#7949,#7950)),.UNSPECIFIED.,.F.,.F.,.F.,(4,1,4),(2,
2),(0.,0.0444671947494381,0.0845725614606729),(-0.075,0.),.UNSPECIFIED.);
#181=B_SPLINE_SURFACE_WITH_KNOTS('',3,1,((#7960,#7961),(#7962,#7963),(#7964,
#7965),(#7966,#7967),(#7968,#7969)),.UNSPECIFIED.,.F.,.F.,.F.,(4,1,4),(2,
2),(0.,0.0535587052123934,0.108801715708789),(-0.075,0.),.UNSPECIFIED.);
#182=B_SPLINE_SURFACE_WITH_KNOTS('',3,1,((#7977,#7978),(#7979,#7980),(#7981,
#7982),(#7983,#7984),(#7985,#7986)),.UNSPECIFIED.,.F.,.F.,.F.,(4,1,4),(2,
2),(0.,0.0413625965228022,0.0821800675163945),(-0.075,0.),.UNSPECIFIED.);
#183=B_SPLINE_SURFACE_WITH_KNOTS('',3,1,((#7994,#7995),(#7996,#7997),(#7998,
#7999),(#8000,#8001),(#8002,#8003)),.UNSPECIFIED.,.F.,.F.,.F.,(4,1,4),(2,
2),(0.,0.0439707502843976,0.0915803668096468),(-0.075,0.),.UNSPECIFIED.);
#184=B_SPLINE_SURFACE_WITH_KNOTS('',3,1,((#8011,#8012),(#8013,#8014),(#8015,
#8016),(#8017,#8018),(#8019,#8020)),.UNSPECIFIED.,.F.,.F.,.F.,(4,1,4),(2,
2),(0.,0.0420344148506739,0.0842133561079182),(-0.075,0.),.UNSPECIFIED.);
#185=B_SPLINE_SURFACE_WITH_KNOTS('',3,1,((#8028,#8029),(#8030,#8031),(#8032,
#8033),(#8034,#8035),(#8036,#8037)),.UNSPECIFIED.,.F.,.F.,.F.,(4,1,4),(2,
2),(0.,0.0241917825493611,0.0475192603018809),(-0.075,0.),.UNSPECIFIED.);
#186=B_SPLINE_SURFACE_WITH_KNOTS('',3,1,((#8069,#8070),(#8071,#8072),(#8073,
#8074),(#8075,#8076),(#8077,#8078)),.UNSPECIFIED.,.F.,.F.,.F.,(4,1,4),(2,
2),(0.,0.0281305048235513,0.0591628802510893),(-0.075,0.),.UNSPECIFIED.);
#187=B_SPLINE_SURFACE_WITH_KNOTS('',3,1,((#8086,#8087),(#8088,#8089),(#8090,
#8091),(#8092,#8093),(#8094,#8095)),.UNSPECIFIED.,.F.,.F.,.F.,(4,1,4),(2,
2),(0.,0.0205521591565021,0.0419152549862371),(-0.075,0.),.UNSPECIFIED.);
#188=B_SPLINE_SURFACE_WITH_KNOTS('',3,1,((#8103,#8104),(#8105,#8106),(#8107,
#8108),(#8109,#8110),(#8111,#8112)),.UNSPECIFIED.,.F.,.F.,.F.,(4,1,4),(2,
2),(0.,0.0284319942501567,0.0513042914137222),(-0.075,0.),.UNSPECIFIED.);
#189=B_SPLINE_SURFACE_WITH_KNOTS('',3,1,((#8120,#8121),(#8122,#8123),(#8124,
#8125),(#8126,#8127),(#8128,#8129)),.UNSPECIFIED.,.F.,.F.,.F.,(4,1,4),(2,
2),(0.,0.0240240807945909,0.0542958359502734),(-0.075,0.),.UNSPECIFIED.);
#190=B_SPLINE_SURFACE_WITH_KNOTS('',3,1,((#8137,#8138),(#8139,#8140),(#8141,
#8142),(#8143,#8144),(#8145,#8146)),.UNSPECIFIED.,.F.,.F.,.F.,(4,1,4),(2,
2),(0.,0.0198618624054486,0.0404904775856909),(-0.075,0.),.UNSPECIFIED.);
#191=B_SPLINE_SURFACE_WITH_KNOTS('',3,1,((#8154,#8155),(#8156,#8157),(#8158,
#8159),(#8160,#8161),(#8162,#8163)),.UNSPECIFIED.,.F.,.F.,.F.,(4,1,4),(2,
2),(0.,0.0181271759130888,0.0357502574344747),(-0.075,0.),.UNSPECIFIED.);
#192=B_SPLINE_SURFACE_WITH_KNOTS('',3,1,((#8171,#8172),(#8173,#8174),(#8175,
#8176),(#8177,#8178),(#8179,#8180)),.UNSPECIFIED.,.F.,.F.,.F.,(4,1,4),(2,
2),(0.,0.0210992704345097,0.040357102224961),(-0.075,0.),.UNSPECIFIED.);
#193=B_SPLINE_SURFACE_WITH_KNOTS('',3,1,((#8192,#8193),(#8194,#8195),(#8196,
#8197),(#8198,#8199),(#8200,#8201)),.UNSPECIFIED.,.F.,.F.,.F.,(4,1,4),(2,
2),(0.,0.0390661175295678,0.0803372813406325),(-0.075,0.),.UNSPECIFIED.);
#194=FACE_OUTER_BOUND('',#458,.T.);
#195=FACE_OUTER_BOUND('',#459,.T.);
#196=FACE_OUTER_BOUND('',#460,.T.);
#197=FACE_OUTER_BOUND('',#461,.T.);
#198=FACE_OUTER_BOUND('',#462,.T.);
#199=FACE_OUTER_BOUND('',#463,.T.);
#200=FACE_OUTER_BOUND('',#464,.T.);
#201=FACE_OUTER_BOUND('',#465,.T.);
#202=FACE_OUTER_BOUND('',#466,.T.);
#203=FACE_OUTER_BOUND('',#467,.T.);
#204=FACE_OUTER_BOUND('',#468,.T.);
#205=FACE_OUTER_BOUND('',#469,.T.);
#206=FACE_OUTER_BOUND('',#470,.T.);
#207=FACE_OUTER_BOUND('',#471,.T.);
#208=FACE_OUTER_BOUND('',#472,.T.);
#209=FACE_OUTER_BOUND('',#473,.T.);
#210=FACE_OUTER_BOUND('',#474,.T.);
#211=FACE_OUTER_BOUND('',#475,.T.);
#212=FACE_OUTER_BOUND('',#476,.T.);
#213=FACE_OUTER_BOUND('',#477,.T.);
#214=FACE_OUTER_BOUND('',#478,.T.);
#215=FACE_OUTER_BOUND('',#479,.T.);
#216=FACE_OUTER_BOUND('',#480,.T.);
#217=FACE_OUTER_BOUND('',#481,.T.);
#218=FACE_OUTER_BOUND('',#482,.T.);
#219=FACE_OUTER_BOUND('',#483,.T.);
#220=FACE_OUTER_BOUND('',#484,.T.);
#221=FACE_OUTER_BOUND('',#485,.T.);
#222=FACE_OUTER_BOUND('',#486,.T.);
#223=FACE_OUTER_BOUND('',#487,.T.);
#224=FACE_OUTER_BOUND('',#488,.T.);
#225=FACE_OUTER_BOUND('',#489,.T.);
#226=FACE_OUTER_BOUND('',#490,.T.);
#227=FACE_OUTER_BOUND('',#491,.T.);
#228=FACE_OUTER_BOUND('',#492,.T.);
#229=FACE_OUTER_BOUND('',#493,.T.);
#230=FACE_OUTER_BOUND('',#494,.T.);
#231=FACE_OUTER_BOUND('',#495,.T.);
#232=FACE_OUTER_BOUND('',#496,.T.);
#233=FACE_OUTER_BOUND('',#497,.T.);
#234=FACE_OUTER_BOUND('',#498,.T.);
#235=FACE_OUTER_BOUND('',#499,.T.);
#236=FACE_OUTER_BOUND('',#500,.T.);
#237=FACE_OUTER_BOUND('',#501,.T.);
#238=FACE_OUTER_BOUND('',#502,.T.);
#239=FACE_OUTER_BOUND('',#503,.T.);
#240=FACE_OUTER_BOUND('',#504,.T.);
#241=FACE_OUTER_BOUND('',#505,.T.);
#242=FACE_OUTER_BOUND('',#506,.T.);
#243=FACE_OUTER_BOUND('',#507,.T.);
#244=FACE_OUTER_BOUND('',#508,.T.);
#245=FACE_OUTER_BOUND('',#509,.T.);
#246=FACE_OUTER_BOUND('',#510,.T.);
#247=FACE_OUTER_BOUND('',#511,.T.);
#248=FACE_OUTER_BOUND('',#512,.T.);
#249=FACE_OUTER_BOUND('',#513,.T.);
#250=FACE_OUTER_BOUND('',#514,.T.);
#251=FACE_OUTER_BOUND('',#515,.T.);
#252=FACE_OUTER_BOUND('',#516,.T.);
#253=FACE_OUTER_BOUND('',#517,.T.);
#254=FACE_OUTER_BOUND('',#518,.T.);
#255=FACE_OUTER_BOUND('',#519,.T.);
#256=FACE_OUTER_BOUND('',#520,.T.);
#257=FACE_OUTER_BOUND('',#521,.T.);
#258=FACE_OUTER_BOUND('',#522,.T.);
#259=FACE_OUTER_BOUND('',#523,.T.);
#260=FACE_OUTER_BOUND('',#524,.T.);
#261=FACE_OUTER_BOUND('',#525,.T.);
#262=FACE_OUTER_BOUND('',#526,.T.);
#263=FACE_OUTER_BOUND('',#527,.T.);
#264=FACE_OUTER_BOUND('',#528,.T.);
#265=FACE_OUTER_BOUND('',#529,.T.);
#266=FACE_OUTER_BOUND('',#530,.T.);
#267=FACE_OUTER_BOUND('',#531,.T.);
#268=FACE_OUTER_BOUND('',#532,.T.);
#269=FACE_OUTER_BOUND('',#533,.T.);
#270=FACE_OUTER_BOUND('',#534,.T.);
#271=FACE_OUTER_BOUND('',#535,.T.);
#272=FACE_OUTER_BOUND('',#536,.T.);
#273=FACE_OUTER_BOUND('',#537,.T.);
#274=FACE_OUTER_BOUND('',#538,.T.);
#275=FACE_OUTER_BOUND('',#539,.T.);
#276=FACE_OUTER_BOUND('',#540,.T.);
#277=FACE_OUTER_BOUND('',#541,.T.);
#278=FACE_OUTER_BOUND('',#542,.T.);
#279=FACE_OUTER_BOUND('',#543,.T.);
#280=FACE_OUTER_BOUND('',#544,.T.);
#281=FACE_OUTER_BOUND('',#545,.T.);
#282=FACE_OUTER_BOUND('',#546,.T.);
#283=FACE_OUTER_BOUND('',#547,.T.);
#284=FACE_OUTER_BOUND('',#548,.T.);
#285=FACE_OUTER_BOUND('',#549,.T.);
#286=FACE_OUTER_BOUND('',#550,.T.);
#287=FACE_OUTER_BOUND('',#551,.T.);
#288=FACE_OUTER_BOUND('',#552,.T.);
#289=FACE_OUTER_BOUND('',#553,.T.);
#290=FACE_OUTER_BOUND('',#554,.T.);
#291=FACE_OUTER_BOUND('',#555,.T.);
#292=FACE_OUTER_BOUND('',#556,.T.);
#293=FACE_OUTER_BOUND('',#557,.T.);
#294=FACE_OUTER_BOUND('',#558,.T.);
#295=FACE_OUTER_BOUND('',#559,.T.);
#296=FACE_OUTER_BOUND('',#560,.T.);
#297=FACE_OUTER_BOUND('',#561,.T.);
#298=FACE_OUTER_BOUND('',#562,.T.);
#299=FACE_OUTER_BOUND('',#563,.T.);
#300=FACE_OUTER_BOUND('',#564,.T.);
#301=FACE_OUTER_BOUND('',#565,.T.);
#302=FACE_OUTER_BOUND('',#566,.T.);
#303=FACE_OUTER_BOUND('',#567,.T.);
#304=FACE_OUTER_BOUND('',#568,.T.);
#305=FACE_OUTER_BOUND('',#569,.T.);
#306=FACE_OUTER_BOUND('',#570,.T.);
#307=FACE_OUTER_BOUND('',#571,.T.);
#308=FACE_OUTER_BOUND('',#572,.T.);
#309=FACE_OUTER_BOUND('',#573,.T.);
#310=FACE_OUTER_BOUND('',#574,.T.);
#311=FACE_OUTER_BOUND('',#575,.T.);
#312=FACE_OUTER_BOUND('',#576,.T.);
#313=FACE_OUTER_BOUND('',#577,.T.);
#314=FACE_OUTER_BOUND('',#578,.T.);
#315=FACE_OUTER_BOUND('',#579,.T.);
#316=FACE_OUTER_BOUND('',#580,.T.);
#317=FACE_OUTER_BOUND('',#581,.T.);
#318=FACE_OUTER_BOUND('',#582,.T.);
#319=FACE_OUTER_BOUND('',#583,.T.);
#320=FACE_OUTER_BOUND('',#584,.T.);
#321=FACE_OUTER_BOUND('',#585,.T.);
#322=FACE_OUTER_BOUND('',#586,.T.);
#323=FACE_OUTER_BOUND('',#587,.T.);
#324=FACE_OUTER_BOUND('',#588,.T.);
#325=FACE_OUTER_BOUND('',#589,.T.);
#326=FACE_OUTER_BOUND('',#590,.T.);
#327=FACE_OUTER_BOUND('',#591,.T.);
#328=FACE_OUTER_BOUND('',#592,.T.);
#329=FACE_OUTER_BOUND('',#593,.T.);
#330=FACE_OUTER_BOUND('',#594,.T.);
#331=FACE_OUTER_BOUND('',#595,.T.);
#332=FACE_OUTER_BOUND('',#596,.T.);
#333=FACE_OUTER_BOUND('',#597,.T.);
#334=FACE_OUTER_BOUND('',#598,.T.);
#335=FACE_OUTER_BOUND('',#599,.T.);
#336=FACE_OUTER_BOUND('',#600,.T.);
#337=FACE_OUTER_BOUND('',#601,.T.);
#338=FACE_OUTER_BOUND('',#602,.T.);
#339=FACE_OUTER_BOUND('',#603,.T.);
#340=FACE_OUTER_BOUND('',#604,.T.);
#341=FACE_OUTER_BOUND('',#605,.T.);
#342=FACE_OUTER_BOUND('',#606,.T.);
#343=FACE_OUTER_BOUND('',#607,.T.);
#344=FACE_OUTER_BOUND('',#608,.T.);
#345=FACE_OUTER_BOUND('',#609,.T.);
#346=FACE_OUTER_BOUND('',#610,.T.);
#347=FACE_OUTER_BOUND('',#611,.T.);
#348=FACE_OUTER_BOUND('',#612,.T.);
#349=FACE_OUTER_BOUND('',#613,.T.);
#350=FACE_OUTER_BOUND('',#614,.T.);
#351=FACE_OUTER_BOUND('',#615,.T.);
#352=FACE_OUTER_BOUND('',#616,.T.);
#353=FACE_OUTER_BOUND('',#617,.T.);
#354=FACE_OUTER_BOUND('',#618,.T.);
#355=FACE_OUTER_BOUND('',#619,.T.);
#356=FACE_OUTER_BOUND('',#620,.T.);
#357=FACE_OUTER_BOUND('',#621,.T.);
#358=FACE_OUTER_BOUND('',#622,.T.);
#359=FACE_OUTER_BOUND('',#623,.T.);
#360=FACE_OUTER_BOUND('',#624,.T.);
#361=FACE_OUTER_BOUND('',#625,.T.);
#362=FACE_OUTER_BOUND('',#626,.T.);
#363=FACE_OUTER_BOUND('',#627,.T.);
#364=FACE_OUTER_BOUND('',#628,.T.);
#365=FACE_OUTER_BOUND('',#629,.T.);
#366=FACE_OUTER_BOUND('',#630,.T.);
#367=FACE_OUTER_BOUND('',#631,.T.);
#368=FACE_OUTER_BOUND('',#632,.T.);
#369=FACE_OUTER_BOUND('',#633,.T.);
#370=FACE_OUTER_BOUND('',#634,.T.);
#371=FACE_OUTER_BOUND('',#635,.T.);
#372=FACE_OUTER_BOUND('',#636,.T.);
#373=FACE_OUTER_BOUND('',#637,.T.);
#374=FACE_OUTER_BOUND('',#638,.T.);
#375=FACE_OUTER_BOUND('',#639,.T.);
#376=FACE_OUTER_BOUND('',#640,.T.);
#377=FACE_OUTER_BOUND('',#641,.T.);
#378=FACE_OUTER_BOUND('',#642,.T.);
#379=FACE_OUTER_BOUND('',#643,.T.);
#380=FACE_OUTER_BOUND('',#644,.T.);
#381=FACE_OUTER_BOUND('',#645,.T.);
#382=FACE_OUTER_BOUND('',#646,.T.);
#383=FACE_OUTER_BOUND('',#648,.T.);
#384=FACE_OUTER_BOUND('',#649,.T.);
#385=FACE_OUTER_BOUND('',#650,.T.);
#386=FACE_OUTER_BOUND('',#651,.T.);
#387=FACE_OUTER_BOUND('',#652,.T.);
#388=FACE_OUTER_BOUND('',#653,.T.);
#389=FACE_OUTER_BOUND('',#654,.T.);
#390=FACE_OUTER_BOUND('',#655,.T.);
#391=FACE_OUTER_BOUND('',#656,.T.);
#392=FACE_OUTER_BOUND('',#657,.T.);
#393=FACE_OUTER_BOUND('',#658,.T.);
#394=FACE_OUTER_BOUND('',#659,.T.);
#395=FACE_OUTER_BOUND('',#660,.T.);
#396=FACE_OUTER_BOUND('',#661,.T.);
#397=FACE_OUTER_BOUND('',#662,.T.);
#398=FACE_OUTER_BOUND('',#663,.T.);
#399=FACE_OUTER_BOUND('',#664,.T.);
#400=FACE_OUTER_BOUND('',#665,.T.);
#401=FACE_OUTER_BOUND('',#666,.T.);
#402=FACE_OUTER_BOUND('',#667,.T.);
#403=FACE_OUTER_BOUND('',#668,.T.);
#404=FACE_OUTER_BOUND('',#669,.T.);
#405=FACE_OUTER_BOUND('',#670,.T.);
#406=FACE_OUTER_BOUND('',#671,.T.);
#407=FACE_OUTER_BOUND('',#672,.T.);
#408=FACE_OUTER_BOUND('',#673,.T.);
#409=FACE_OUTER_BOUND('',#674,.T.);
#410=FACE_OUTER_BOUND('',#675,.T.);
#411=FACE_OUTER_BOUND('',#676,.T.);
#412=FACE_OUTER_BOUND('',#677,.T.);
#413=FACE_OUTER_BOUND('',#678,.T.);
#414=FACE_OUTER_BOUND('',#679,.T.);
#415=FACE_OUTER_BOUND('',#680,.T.);
#416=FACE_OUTER_BOUND('',#681,.T.);
#417=FACE_OUTER_BOUND('',#682,.T.);
#418=FACE_OUTER_BOUND('',#683,.T.);
#419=FACE_OUTER_BOUND('',#684,.T.);
#420=FACE_OUTER_BOUND('',#685,.T.);
#421=FACE_OUTER_BOUND('',#686,.T.);
#422=FACE_OUTER_BOUND('',#687,.T.);
#423=FACE_OUTER_BOUND('',#688,.T.);
#424=FACE_OUTER_BOUND('',#689,.T.);
#425=FACE_OUTER_BOUND('',#690,.T.);
#426=FACE_OUTER_BOUND('',#691,.T.);
#427=FACE_OUTER_BOUND('',#692,.T.);
#428=FACE_OUTER_BOUND('',#693,.T.);
#429=FACE_OUTER_BOUND('',#694,.T.);
#430=FACE_OUTER_BOUND('',#695,.T.);
#431=FACE_OUTER_BOUND('',#696,.T.);
#432=FACE_OUTER_BOUND('',#697,.T.);
#433=FACE_OUTER_BOUND('',#698,.T.);
#434=FACE_OUTER_BOUND('',#699,.T.);
#435=FACE_OUTER_BOUND('',#700,.T.);
#436=FACE_OUTER_BOUND('',#701,.T.);
#437=FACE_OUTER_BOUND('',#717,.T.);
#438=FACE_OUTER_BOUND('',#718,.T.);
#439=FACE_OUTER_BOUND('',#719,.T.);
#440=FACE_OUTER_BOUND('',#720,.T.);
#441=FACE_OUTER_BOUND('',#721,.T.);
#442=FACE_OUTER_BOUND('',#722,.T.);
#443=FACE_OUTER_BOUND('',#723,.T.);
#444=FACE_OUTER_BOUND('',#724,.T.);
#445=FACE_OUTER_BOUND('',#725,.T.);
#446=FACE_OUTER_BOUND('',#726,.T.);
#447=FACE_OUTER_BOUND('',#727,.T.);
#448=FACE_OUTER_BOUND('',#728,.T.);
#449=FACE_OUTER_BOUND('',#729,.T.);
#450=FACE_OUTER_BOUND('',#730,.T.);
#451=FACE_OUTER_BOUND('',#731,.T.);
#452=FACE_OUTER_BOUND('',#732,.T.);
#453=FACE_OUTER_BOUND('',#733,.T.);
#454=FACE_OUTER_BOUND('',#734,.T.);
#455=FACE_OUTER_BOUND('',#735,.T.);
#456=FACE_OUTER_BOUND('',#736,.T.);
#457=FACE_OUTER_BOUND('',#737,.T.);
#458=EDGE_LOOP('',(#3210,#3211,#3212,#3213,#3214,#3215,#3216,#3217));
#459=EDGE_LOOP('',(#3218,#3219,#3220,#3221));
#460=EDGE_LOOP('',(#3222,#3223,#3224,#3225));
#461=EDGE_LOOP('',(#3226,#3227,#3228,#3229));
#462=EDGE_LOOP('',(#3230,#3231,#3232,#3233));
#463=EDGE_LOOP('',(#3234,#3235,#3236,#3237));
#464=EDGE_LOOP('',(#3238,#3239,#3240,#3241));
#465=EDGE_LOOP('',(#3242,#3243,#3244,#3245));
#466=EDGE_LOOP('',(#3246,#3247,#3248,#3249));
#467=EDGE_LOOP('',(#3250,#3251,#3252,#3253,#3254,#3255,#3256,#3257));
#468=EDGE_LOOP('',(#3258,#3259,#3260,#3261));
#469=EDGE_LOOP('',(#3262,#3263,#3264,#3265));
#470=EDGE_LOOP('',(#3266,#3267,#3268,#3269));
#471=EDGE_LOOP('',(#3270,#3271,#3272,#3273));
#472=EDGE_LOOP('',(#3274,#3275,#3276,#3277));
#473=EDGE_LOOP('',(#3278,#3279,#3280,#3281));
#474=EDGE_LOOP('',(#3282,#3283,#3284,#3285));
#475=EDGE_LOOP('',(#3286,#3287,#3288,#3289));
#476=EDGE_LOOP('',(#3290,#3291,#3292,#3293,#3294,#3295,#3296,#3297,#3298,
#3299,#3300,#3301,#3302,#3303,#3304,#3305,#3306,#3307,#3308,#3309,#3310,
#3311,#3312,#3313,#3314,#3315,#3316,#3317,#3318,#3319));
#477=EDGE_LOOP('',(#3320,#3321,#3322,#3323));
#478=EDGE_LOOP('',(#3324,#3325,#3326,#3327));
#479=EDGE_LOOP('',(#3328,#3329,#3330,#3331));
#480=EDGE_LOOP('',(#3332,#3333,#3334,#3335));
#481=EDGE_LOOP('',(#3336,#3337,#3338,#3339));
#482=EDGE_LOOP('',(#3340,#3341,#3342,#3343));
#483=EDGE_LOOP('',(#3344,#3345,#3346,#3347));
#484=EDGE_LOOP('',(#3348,#3349,#3350,#3351));
#485=EDGE_LOOP('',(#3352,#3353,#3354,#3355));
#486=EDGE_LOOP('',(#3356,#3357,#3358,#3359));
#487=EDGE_LOOP('',(#3360,#3361,#3362,#3363));
#488=EDGE_LOOP('',(#3364,#3365,#3366,#3367));
#489=EDGE_LOOP('',(#3368,#3369,#3370,#3371));
#490=EDGE_LOOP('',(#3372,#3373,#3374,#3375));
#491=EDGE_LOOP('',(#3376,#3377,#3378,#3379));
#492=EDGE_LOOP('',(#3380,#3381,#3382,#3383));
#493=EDGE_LOOP('',(#3384,#3385,#3386,#3387));
#494=EDGE_LOOP('',(#3388,#3389,#3390,#3391));
#495=EDGE_LOOP('',(#3392,#3393,#3394,#3395));
#496=EDGE_LOOP('',(#3396,#3397,#3398,#3399));
#497=EDGE_LOOP('',(#3400,#3401,#3402,#3403));
#498=EDGE_LOOP('',(#3404,#3405,#3406,#3407));
#499=EDGE_LOOP('',(#3408,#3409,#3410,#3411));
#500=EDGE_LOOP('',(#3412,#3413,#3414,#3415));
#501=EDGE_LOOP('',(#3416,#3417,#3418,#3419));
#502=EDGE_LOOP('',(#3420,#3421,#3422,#3423));
#503=EDGE_LOOP('',(#3424,#3425,#3426,#3427));
#504=EDGE_LOOP('',(#3428,#3429,#3430,#3431));
#505=EDGE_LOOP('',(#3432,#3433,#3434,#3435));
#506=EDGE_LOOP('',(#3436,#3437,#3438,#3439));
#507=EDGE_LOOP('',(#3440,#3441,#3442,#3443,#3444,#3445,#3446,#3447));
#508=EDGE_LOOP('',(#3448,#3449,#3450,#3451));
#509=EDGE_LOOP('',(#3452,#3453,#3454,#3455));
#510=EDGE_LOOP('',(#3456,#3457,#3458,#3459));
#511=EDGE_LOOP('',(#3460,#3461,#3462,#3463));
#512=EDGE_LOOP('',(#3464,#3465,#3466,#3467));
#513=EDGE_LOOP('',(#3468,#3469,#3470,#3471));
#514=EDGE_LOOP('',(#3472,#3473,#3474,#3475));
#515=EDGE_LOOP('',(#3476,#3477,#3478,#3479));
#516=EDGE_LOOP('',(#3480,#3481,#3482,#3483,#3484,#3485,#3486,#3487,#3488,
#3489,#3490,#3491,#3492,#3493,#3494,#3495,#3496,#3497,#3498,#3499,#3500,
#3501,#3502,#3503,#3504,#3505,#3506,#3507,#3508,#3509));
#517=EDGE_LOOP('',(#3510,#3511,#3512,#3513));
#518=EDGE_LOOP('',(#3514,#3515,#3516,#3517));
#519=EDGE_LOOP('',(#3518,#3519,#3520,#3521));
#520=EDGE_LOOP('',(#3522,#3523,#3524,#3525));
#521=EDGE_LOOP('',(#3526,#3527,#3528,#3529));
#522=EDGE_LOOP('',(#3530,#3531,#3532,#3533));
#523=EDGE_LOOP('',(#3534,#3535,#3536,#3537));
#524=EDGE_LOOP('',(#3538,#3539,#3540,#3541));
#525=EDGE_LOOP('',(#3542,#3543,#3544,#3545));
#526=EDGE_LOOP('',(#3546,#3547,#3548,#3549));
#527=EDGE_LOOP('',(#3550,#3551,#3552,#3553));
#528=EDGE_LOOP('',(#3554,#3555,#3556,#3557));
#529=EDGE_LOOP('',(#3558,#3559,#3560,#3561));
#530=EDGE_LOOP('',(#3562,#3563,#3564,#3565));
#531=EDGE_LOOP('',(#3566,#3567,#3568,#3569));
#532=EDGE_LOOP('',(#3570,#3571,#3572,#3573));
#533=EDGE_LOOP('',(#3574,#3575,#3576,#3577));
#534=EDGE_LOOP('',(#3578,#3579,#3580,#3581));
#535=EDGE_LOOP('',(#3582,#3583,#3584,#3585));
#536=EDGE_LOOP('',(#3586,#3587,#3588,#3589));
#537=EDGE_LOOP('',(#3590,#3591,#3592,#3593));
#538=EDGE_LOOP('',(#3594,#3595,#3596,#3597));
#539=EDGE_LOOP('',(#3598,#3599,#3600,#3601));
#540=EDGE_LOOP('',(#3602,#3603,#3604,#3605));
#541=EDGE_LOOP('',(#3606,#3607,#3608,#3609));
#542=EDGE_LOOP('',(#3610,#3611,#3612,#3613));
#543=EDGE_LOOP('',(#3614,#3615,#3616,#3617));
#544=EDGE_LOOP('',(#3618,#3619,#3620,#3621));
#545=EDGE_LOOP('',(#3622,#3623,#3624,#3625));
#546=EDGE_LOOP('',(#3626,#3627,#3628,#3629));
#547=EDGE_LOOP('',(#3630,#3631,#3632,#3633,#3634,#3635,#3636,#3637));
#548=EDGE_LOOP('',(#3638,#3639,#3640,#3641));
#549=EDGE_LOOP('',(#3642,#3643,#3644,#3645));
#550=EDGE_LOOP('',(#3646,#3647,#3648,#3649));
#551=EDGE_LOOP('',(#3650,#3651,#3652,#3653));
#552=EDGE_LOOP('',(#3654,#3655,#3656,#3657));
#553=EDGE_LOOP('',(#3658,#3659,#3660,#3661));
#554=EDGE_LOOP('',(#3662,#3663,#3664,#3665));
#555=EDGE_LOOP('',(#3666,#3667,#3668,#3669));
#556=EDGE_LOOP('',(#3670,#3671,#3672,#3673,#3674,#3675,#3676,#3677,#3678,
#3679,#3680,#3681,#3682,#3683,#3684,#3685,#3686,#3687,#3688,#3689,#3690));
#557=EDGE_LOOP('',(#3691,#3692,#3693,#3694));
#558=EDGE_LOOP('',(#3695,#3696,#3697,#3698));
#559=EDGE_LOOP('',(#3699,#3700,#3701,#3702));
#560=EDGE_LOOP('',(#3703,#3704,#3705,#3706));
#561=EDGE_LOOP('',(#3707,#3708,#3709,#3710));
#562=EDGE_LOOP('',(#3711,#3712,#3713,#3714));
#563=EDGE_LOOP('',(#3715,#3716,#3717,#3718));
#564=EDGE_LOOP('',(#3719,#3720,#3721,#3722));
#565=EDGE_LOOP('',(#3723,#3724,#3725,#3726));
#566=EDGE_LOOP('',(#3727,#3728,#3729,#3730));
#567=EDGE_LOOP('',(#3731,#3732,#3733,#3734));
#568=EDGE_LOOP('',(#3735,#3736,#3737,#3738));
#569=EDGE_LOOP('',(#3739,#3740,#3741,#3742));
#570=EDGE_LOOP('',(#3743,#3744,#3745,#3746));
#571=EDGE_LOOP('',(#3747,#3748,#3749,#3750));
#572=EDGE_LOOP('',(#3751,#3752,#3753,#3754));
#573=EDGE_LOOP('',(#3755,#3756,#3757,#3758));
#574=EDGE_LOOP('',(#3759,#3760,#3761,#3762));
#575=EDGE_LOOP('',(#3763,#3764,#3765,#3766));
#576=EDGE_LOOP('',(#3767,#3768,#3769,#3770));
#577=EDGE_LOOP('',(#3771,#3772,#3773,#3774));
#578=EDGE_LOOP('',(#3775,#3776,#3777,#3778));
#579=EDGE_LOOP('',(#3779,#3780,#3781,#3782));
#580=EDGE_LOOP('',(#3783,#3784,#3785,#3786));
#581=EDGE_LOOP('',(#3787,#3788,#3789,#3790));
#582=EDGE_LOOP('',(#3791,#3792,#3793,#3794));
#583=EDGE_LOOP('',(#3795,#3796,#3797,#3798));
#584=EDGE_LOOP('',(#3799,#3800,#3801,#3802));
#585=EDGE_LOOP('',(#3803,#3804,#3805,#3806));
#586=EDGE_LOOP('',(#3807,#3808,#3809,#3810));
#587=EDGE_LOOP('',(#3811,#3812,#3813,#3814));
#588=EDGE_LOOP('',(#3815,#3816,#3817,#3818));
#589=EDGE_LOOP('',(#3819,#3820,#3821,#3822));
#590=EDGE_LOOP('',(#3823,#3824,#3825,#3826));
#591=EDGE_LOOP('',(#3827,#3828,#3829,#3830));
#592=EDGE_LOOP('',(#3831,#3832,#3833,#3834));
#593=EDGE_LOOP('',(#3835,#3836,#3837,#3838));
#594=EDGE_LOOP('',(#3839,#3840,#3841,#3842));
#595=EDGE_LOOP('',(#3843,#3844,#3845,#3846,#3847,#3848,#3849,#3850,#3851,
#3852,#3853,#3854));
#596=EDGE_LOOP('',(#3855,#3856,#3857,#3858));
#597=EDGE_LOOP('',(#3859,#3860,#3861,#3862));
#598=EDGE_LOOP('',(#3863,#3864,#3865,#3866));
#599=EDGE_LOOP('',(#3867,#3868,#3869,#3870));
#600=EDGE_LOOP('',(#3871,#3872,#3873,#3874));
#601=EDGE_LOOP('',(#3875,#3876,#3877,#3878));
#602=EDGE_LOOP('',(#3879,#3880,#3881,#3882));
#603=EDGE_LOOP('',(#3883,#3884,#3885,#3886));
#604=EDGE_LOOP('',(#3887,#3888,#3889,#3890,#3891,#3892,#3893,#3894));
#605=EDGE_LOOP('',(#3895,#3896,#3897,#3898));
#606=EDGE_LOOP('',(#3899,#3900,#3901,#3902));
#607=EDGE_LOOP('',(#3903,#3904,#3905,#3906));
#608=EDGE_LOOP('',(#3907,#3908,#3909,#3910));
#609=EDGE_LOOP('',(#3911,#3912,#3913,#3914));
#610=EDGE_LOOP('',(#3915,#3916,#3917,#3918));
#611=EDGE_LOOP('',(#3919,#3920,#3921,#3922));
#612=EDGE_LOOP('',(#3923,#3924,#3925,#3926));
#613=EDGE_LOOP('',(#3927,#3928,#3929,#3930,#3931,#3932,#3933,#3934));
#614=EDGE_LOOP('',(#3935,#3936,#3937,#3938));
#615=EDGE_LOOP('',(#3939,#3940,#3941,#3942));
#616=EDGE_LOOP('',(#3943,#3944,#3945,#3946));
#617=EDGE_LOOP('',(#3947,#3948,#3949,#3950));
#618=EDGE_LOOP('',(#3951,#3952,#3953,#3954));
#619=EDGE_LOOP('',(#3955,#3956,#3957,#3958));
#620=EDGE_LOOP('',(#3959,#3960,#3961,#3962));
#621=EDGE_LOOP('',(#3963,#3964,#3965,#3966));
#622=EDGE_LOOP('',(#3967,#3968,#3969,#3970,#3971,#3972,#3973,#3974));
#623=EDGE_LOOP('',(#3975,#3976,#3977,#3978));
#624=EDGE_LOOP('',(#3979,#3980,#3981,#3982));
#625=EDGE_LOOP('',(#3983,#3984,#3985,#3986));
#626=EDGE_LOOP('',(#3987,#3988,#3989,#3990));
#627=EDGE_LOOP('',(#3991,#3992,#3993,#3994));
#628=EDGE_LOOP('',(#3995,#3996,#3997,#3998));
#629=EDGE_LOOP('',(#3999,#4000,#4001,#4002));
#630=EDGE_LOOP('',(#4003,#4004,#4005,#4006));
#631=EDGE_LOOP('',(#4007,#4008,#4009,#4010,#4011,#4012,#4013,#4014));
#632=EDGE_LOOP('',(#4015,#4016,#4017,#4018));
#633=EDGE_LOOP('',(#4019,#4020,#4021,#4022));
#634=EDGE_LOOP('',(#4023,#4024,#4025,#4026));
#635=EDGE_LOOP('',(#4027,#4028,#4029,#4030));
#636=EDGE_LOOP('',(#4031,#4032,#4033,#4034));
#637=EDGE_LOOP('',(#4035,#4036,#4037,#4038));
#638=EDGE_LOOP('',(#4039,#4040,#4041,#4042));
#639=EDGE_LOOP('',(#4043,#4044,#4045,#4046));
#640=EDGE_LOOP('',(#4047,#4048,#4049,#4050));
#641=EDGE_LOOP('',(#4051,#4052,#4053,#4054,#4055,#4056,#4057,#4058,#4059));
#642=EDGE_LOOP('',(#4060,#4061,#4062,#4063));
#643=EDGE_LOOP('',(#4064,#4065,#4066,#4067));
#644=EDGE_LOOP('',(#4068,#4069,#4070,#4071));
#645=EDGE_LOOP('',(#4072,#4073,#4074,#4075,#4076,#4077,#4078,#4079,#4080,
#4081));
#646=EDGE_LOOP('',(#4082,#4083,#4084,#4085,#4086,#4087,#4088,#4089,#4090,
#4091,#4092,#4093,#4094,#4095,#4096,#4097,#4098,#4099,#4100,#4101));
#647=EDGE_LOOP('',(#4102,#4103,#4104,#4105));
#648=EDGE_LOOP('',(#4106,#4107,#4108,#4109));
#649=EDGE_LOOP('',(#4110,#4111,#4112,#4113,#4114,#4115,#4116,#4117,#4118,
#4119));
#650=EDGE_LOOP('',(#4120,#4121,#4122,#4123));
#651=EDGE_LOOP('',(#4124,#4125,#4126,#4127));
#652=EDGE_LOOP('',(#4128,#4129,#4130,#4131));
#653=EDGE_LOOP('',(#4132,#4133,#4134,#4135));
#654=EDGE_LOOP('',(#4136,#4137,#4138,#4139,#4140,#4141,#4142,#4143,#4144,
#4145,#4146,#4147,#4148,#4149,#4150,#4151));
#655=EDGE_LOOP('',(#4152,#4153,#4154,#4155));
#656=EDGE_LOOP('',(#4156,#4157,#4158,#4159,#4160,#4161,#4162));
#657=EDGE_LOOP('',(#4163,#4164,#4165,#4166));
#658=EDGE_LOOP('',(#4167,#4168,#4169,#4170));
#659=EDGE_LOOP('',(#4171,#4172,#4173,#4174,#4175,#4176,#4177));
#660=EDGE_LOOP('',(#4178,#4179,#4180,#4181,#4182,#4183,#4184,#4185,#4186,
#4187));
#661=EDGE_LOOP('',(#4188,#4189,#4190,#4191));
#662=EDGE_LOOP('',(#4192,#4193,#4194,#4195));
#663=EDGE_LOOP('',(#4196,#4197,#4198,#4199));
#664=EDGE_LOOP('',(#4200,#4201,#4202,#4203));
#665=EDGE_LOOP('',(#4204,#4205,#4206,#4207,#4208,#4209,#4210,#4211));
#666=EDGE_LOOP('',(#4212,#4213,#4214,#4215));
#667=EDGE_LOOP('',(#4216,#4217,#4218,#4219,#4220,#4221,#4222,#4223));
#668=EDGE_LOOP('',(#4224,#4225,#4226,#4227,#4228,#4229,#4230,#4231));
#669=EDGE_LOOP('',(#4232,#4233,#4234,#4235));
#670=EDGE_LOOP('',(#4236,#4237,#4238,#4239));
#671=EDGE_LOOP('',(#4240,#4241,#4242,#4243));
#672=EDGE_LOOP('',(#4244,#4245,#4246,#4247));
#673=EDGE_LOOP('',(#4248,#4249,#4250,#4251,#4252,#4253,#4254,#4255));
#674=EDGE_LOOP('',(#4256,#4257,#4258,#4259));
#675=EDGE_LOOP('',(#4260,#4261,#4262,#4263,#4264,#4265,#4266,#4267));
#676=EDGE_LOOP('',(#4268,#4269,#4270,#4271,#4272,#4273,#4274,#4275,#4276,
#4277,#4278,#4279,#4280,#4281));
#677=EDGE_LOOP('',(#4282,#4283,#4284,#4285));
#678=EDGE_LOOP('',(#4286,#4287,#4288,#4289));
#679=EDGE_LOOP('',(#4290,#4291,#4292,#4293,#4294,#4295,#4296,#4297));
#680=EDGE_LOOP('',(#4298,#4299,#4300,#4301));
#681=EDGE_LOOP('',(#4302,#4303,#4304,#4305,#4306,#4307,#4308,#4309));
#682=EDGE_LOOP('',(#4310,#4311,#4312,#4313,#4314,#4315,#4316,#4317,#4318,
#4319,#4320,#4321,#4322,#4323));
#683=EDGE_LOOP('',(#4324,#4325,#4326,#4327));
#684=EDGE_LOOP('',(#4328,#4329,#4330,#4331,#4332,#4333,#4334,#4335));
#685=EDGE_LOOP('',(#4336,#4337,#4338,#4339));
#686=EDGE_LOOP('',(#4340,#4341,#4342,#4343,#4344,#4345,#4346,#4347));
#687=EDGE_LOOP('',(#4348,#4349,#4350,#4351));
#688=EDGE_LOOP('',(#4352,#4353,#4354,#4355));
#689=EDGE_LOOP('',(#4356,#4357,#4358,#4359));
#690=EDGE_LOOP('',(#4360,#4361,#4362,#4363,#4364,#4365,#4366,#4367));
#691=EDGE_LOOP('',(#4368,#4369,#4370,#4371));
#692=EDGE_LOOP('',(#4372,#4373,#4374,#4375));
#693=EDGE_LOOP('',(#4376,#4377,#4378,#4379,#4380,#4381,#4382,#4383));
#694=EDGE_LOOP('',(#4384,#4385,#4386,#4387));
#695=EDGE_LOOP('',(#4388,#4389,#4390,#4391));
#696=EDGE_LOOP('',(#4392,#4393,#4394,#4395));
#697=EDGE_LOOP('',(#4396,#4397,#4398,#4399,#4400,#4401,#4402,#4403,#4404,
#4405));
#698=EDGE_LOOP('',(#4406,#4407,#4408,#4409));
#699=EDGE_LOOP('',(#4410,#4411,#4412,#4413));
#700=EDGE_LOOP('',(#4414,#4415,#4416,#4417));
#701=EDGE_LOOP('',(#4418,#4419,#4420,#4421,#4422,#4423,#4424,#4425,#4426,
#4427,#4428,#4429));
#702=EDGE_LOOP('',(#4430,#4431,#4432,#4433,#4434,#4435,#4436,#4437,#4438,
#4439,#4440,#4441));
#703=EDGE_LOOP('',(#4442,#4443,#4444,#4445,#4446,#4447,#4448,#4449));
#704=EDGE_LOOP('',(#4450,#4451,#4452,#4453,#4454,#4455,#4456,#4457));
#705=EDGE_LOOP('',(#4458,#4459,#4460,#4461,#4462,#4463,#4464,#4465));
#706=EDGE_LOOP('',(#4466,#4467,#4468,#4469,#4470,#4471,#4472,#4473));
#707=EDGE_LOOP('',(#4474,#4475,#4476,#4477,#4478,#4479,#4480,#4481,#4482));
#708=EDGE_LOOP('',(#4483,#4484,#4485,#4486));
#709=EDGE_LOOP('',(#4487,#4488,#4489,#4490));
#710=EDGE_LOOP('',(#4491,#4492,#4493,#4494,#4495,#4496,#4497,#4498,#4499,
#4500,#4501,#4502,#4503,#4504,#4505,#4506,#4507,#4508,#4509,#4510,#4511));
#711=EDGE_LOOP('',(#4512,#4513,#4514,#4515,#4516,#4517,#4518,#4519));
#712=EDGE_LOOP('',(#4520,#4521,#4522,#4523,#4524,#4525,#4526,#4527,#4528,
#4529,#4530,#4531,#4532,#4533,#4534,#4535,#4536,#4537,#4538,#4539,#4540,
#4541,#4542,#4543,#4544,#4545,#4546,#4547,#4548,#4549));
#713=EDGE_LOOP('',(#4550,#4551,#4552,#4553,#4554,#4555,#4556,#4557));
#714=EDGE_LOOP('',(#4558,#4559,#4560,#4561,#4562,#4563,#4564,#4565,#4566,
#4567,#4568,#4569,#4570,#4571,#4572,#4573,#4574,#4575,#4576,#4577,#4578,
#4579,#4580,#4581,#4582,#4583,#4584,#4585,#4586,#4587));
#715=EDGE_LOOP('',(#4588,#4589,#4590,#4591,#4592,#4593,#4594,#4595));
#716=EDGE_LOOP('',(#4596,#4597,#4598,#4599,#4600,#4601,#4602,#4603));
#717=EDGE_LOOP('',(#4604,#4605,#4606,#4607));
#718=EDGE_LOOP('',(#4608,#4609,#4610,#4611));
#719=EDGE_LOOP('',(#4612,#4613,#4614,#4615));
#720=EDGE_LOOP('',(#4616,#4617,#4618,#4619));
#721=EDGE_LOOP('',(#4620,#4621,#4622,#4623,#4624,#4625,#4626,#4627));
#722=EDGE_LOOP('',(#4628,#4629,#4630,#4631));
#723=EDGE_LOOP('',(#4632,#4633,#4634,#4635));
#724=EDGE_LOOP('',(#4636,#4637,#4638,#4639));
#725=EDGE_LOOP('',(#4640,#4641,#4642,#4643));
#726=EDGE_LOOP('',(#4644,#4645,#4646,#4647));
#727=EDGE_LOOP('',(#4648,#4649,#4650,#4651,#4652,#4653,#4654));
#728=EDGE_LOOP('',(#4655,#4656,#4657,#4658));
#729=EDGE_LOOP('',(#4659,#4660,#4661,#4662));
#730=EDGE_LOOP('',(#4663,#4664,#4665,#4666));
#731=EDGE_LOOP('',(#4667,#4668,#4669,#4670,#4671,#4672,#4673));
#732=EDGE_LOOP('',(#4674,#4675,#4676,#4677));
#733=EDGE_LOOP('',(#4678,#4679,#4680,#4681));
#734=EDGE_LOOP('',(#4682,#4683,#4684,#4685));
#735=EDGE_LOOP('',(#4686,#4687,#4688,#4689));
#736=EDGE_LOOP('',(#4690,#4691,#4692,#4693));
#737=EDGE_LOOP('',(#4694,#4695,#4696,#4697));
#738=B_SPLINE_CURVE_WITH_KNOTS('',3,(#6541,#6542,#6543,#6544,#6545),
 .UNSPECIFIED.,.F.,.F.,(4,1,4),(0.,0.0367390767159852,0.0708717748054151),
 .UNSPECIFIED.);
#739=B_SPLINE_CURVE_WITH_KNOTS('',3,(#6547,#6548,#6549,#6550,#6551),
 .UNSPECIFIED.,.F.,.F.,(4,1,4),(0.,0.0300899739971183,0.0659471937810535),
 .UNSPECIFIED.);
#740=B_SPLINE_CURVE_WITH_KNOTS('',3,(#6555,#6556,#6557,#6558,#6559),
 .UNSPECIFIED.,.F.,.F.,(4,1,4),(0.,0.0499814295557512,0.101087638590904),
 .UNSPECIFIED.);
#741=B_SPLINE_CURVE_WITH_KNOTS('',3,(#6582,#6583,#6584,#6585,#6586),
 .UNSPECIFIED.,.F.,.F.,(4,1,4),(0.,0.0367390767159852,0.0708717748054151),
 .UNSPECIFIED.);
#742=B_SPLINE_CURVE_WITH_KNOTS('',3,(#6599,#6600,#6601,#6602,#6603),
 .UNSPECIFIED.,.F.,.F.,(4,1,4),(0.,0.0300899739971183,0.0659471937810535),
 .UNSPECIFIED.);
#743=B_SPLINE_CURVE_WITH_KNOTS('',3,(#6620,#6621,#6622,#6623,#6624),
 .UNSPECIFIED.,.F.,.F.,(4,1,4),(0.,0.0499814295557512,0.101087638590904),
 .UNSPECIFIED.);
#744=B_SPLINE_CURVE_WITH_KNOTS('',3,(#6692,#6693,#6694,#6695,#6696),
 .UNSPECIFIED.,.F.,.F.,(4,1,4),(0.,0.0213337806121455,0.0526978020109055),
 .UNSPECIFIED.);
#745=B_SPLINE_CURVE_WITH_KNOTS('',3,(#6698,#6699,#6700,#6701,#6702),
 .UNSPECIFIED.,.F.,.F.,(4,1,4),(0.,0.0147538447921161,0.0303831360993424),
 .UNSPECIFIED.);
#746=B_SPLINE_CURVE_WITH_KNOTS('',3,(#6704,#6705,#6706,#6707,#6708),
 .UNSPECIFIED.,.F.,.F.,(4,1,4),(0.,0.0148896481860489,0.0294934820725654),
 .UNSPECIFIED.);
#747=B_SPLINE_CURVE_WITH_KNOTS('',3,(#6710,#6711,#6712,#6713,#6714),
 .UNSPECIFIED.,.F.,.F.,(4,1,4),(0.,0.00969942371945401,0.0213230643367982),
 .UNSPECIFIED.);
#748=B_SPLINE_CURVE_WITH_KNOTS('',3,(#6716,#6717,#6718,#6719,#6720),
 .UNSPECIFIED.,.F.,.F.,(4,1,4),(0.,0.010424030120872,0.0197302701591695),
 .UNSPECIFIED.);
#749=B_SPLINE_CURVE_WITH_KNOTS('',3,(#6722,#6723,#6724,#6725,#6726),
 .UNSPECIFIED.,.F.,.F.,(4,1,4),(0.,0.0304531351819498,0.0479692783311039),
 .UNSPECIFIED.);
#750=B_SPLINE_CURVE_WITH_KNOTS('',3,(#6734,#6735,#6736,#6737,#6738),
 .UNSPECIFIED.,.F.,.F.,(4,1,4),(0.,0.0217902415731334,0.0528275790075276),
 .UNSPECIFIED.);
#751=B_SPLINE_CURVE_WITH_KNOTS('',3,(#6740,#6741,#6742,#6743,#6744),
 .UNSPECIFIED.,.F.,.F.,(4,1,4),(0.,0.0150460100064595,0.0313286485752583),
 .UNSPECIFIED.);
#752=B_SPLINE_CURVE_WITH_KNOTS('',3,(#6746,#6747,#6748,#6749,#6750),
 .UNSPECIFIED.,.F.,.F.,(4,1,4),(0.,0.0138359217933188,0.0281966040122527),
 .UNSPECIFIED.);
#753=B_SPLINE_CURVE_WITH_KNOTS('',3,(#6752,#6753,#6754,#6755,#6756),
 .UNSPECIFIED.,.F.,.F.,(4,1,4),(0.,0.0159712645556629,0.0331796560175965),
 .UNSPECIFIED.);
#754=B_SPLINE_CURVE_WITH_KNOTS('',3,(#6758,#6759,#6760,#6761,#6762),
 .UNSPECIFIED.,.F.,.F.,(4,1,4),(0.,0.0310850530551841,0.0494994275669703),
 .UNSPECIFIED.);
#755=B_SPLINE_CURVE_WITH_KNOTS('',3,(#6770,#6771,#6772,#6773,#6774),
 .UNSPECIFIED.,.F.,.F.,(4,1,4),(0.,0.0218735386061538,0.0531969704674133),
 .UNSPECIFIED.);
#756=B_SPLINE_CURVE_WITH_KNOTS('',3,(#6776,#6777,#6778,#6779,#6780),
 .UNSPECIFIED.,.F.,.F.,(4,1,4),(0.,0.0219365872903972,0.0446686372708304),
 .UNSPECIFIED.);
#757=B_SPLINE_CURVE_WITH_KNOTS('',3,(#6782,#6783,#6784,#6785,#6786),
 .UNSPECIFIED.,.F.,.F.,(4,1,4),(0.,0.0259396515283561,0.0490489825701822),
 .UNSPECIFIED.);
#758=B_SPLINE_CURVE_WITH_KNOTS('',3,(#6788,#6789,#6790,#6791,#6792),
 .UNSPECIFIED.,.F.,.F.,(4,1,4),(0.,0.0213625002108156,0.0428173991647155),
 .UNSPECIFIED.);
#759=B_SPLINE_CURVE_WITH_KNOTS('',3,(#6794,#6795,#6796,#6797,#6798),
 .UNSPECIFIED.,.F.,.F.,(4,1,4),(0.,0.0248176082724178,0.0473476629736709),
 .UNSPECIFIED.);
#760=B_SPLINE_CURVE_WITH_KNOTS('',3,(#6800,#6801,#6802,#6803,#6804),
 .UNSPECIFIED.,.F.,.F.,(4,1,4),(0.,0.0205940283144918,0.042618958285337),
 .UNSPECIFIED.);
#761=B_SPLINE_CURVE_WITH_KNOTS('',3,(#6806,#6807,#6808,#6809,#6810),
 .UNSPECIFIED.,.F.,.F.,(4,1,4),(0.,0.0228781187280086,0.0437943128185733),
 .UNSPECIFIED.);
#762=B_SPLINE_CURVE_WITH_KNOTS('',3,(#6812,#6813,#6814,#6815,#6816),
 .UNSPECIFIED.,.F.,.F.,(4,1,4),(0.,0.0472965115727771,0.091148134908244),
 .UNSPECIFIED.);
#763=B_SPLINE_CURVE_WITH_KNOTS('',3,(#6843,#6844,#6845,#6846,#6847),
 .UNSPECIFIED.,.F.,.F.,(4,1,4),(0.,0.0213337806121455,0.0526978020109055),
 .UNSPECIFIED.);
#764=B_SPLINE_CURVE_WITH_KNOTS('',3,(#6860,#6861,#6862,#6863,#6864),
 .UNSPECIFIED.,.F.,.F.,(4,1,4),(0.,0.0147538447921161,0.0303831360993424),
 .UNSPECIFIED.);
#765=B_SPLINE_CURVE_WITH_KNOTS('',3,(#6877,#6878,#6879,#6880,#6881),
 .UNSPECIFIED.,.F.,.F.,(4,1,4),(0.,0.0148896481860489,0.0294934820725654),
 .UNSPECIFIED.);
#766=B_SPLINE_CURVE_WITH_KNOTS('',3,(#6894,#6895,#6896,#6897,#6898),
 .UNSPECIFIED.,.F.,.F.,(4,1,4),(0.,0.00969942371945401,0.0213230643367982),
 .UNSPECIFIED.);
#767=B_SPLINE_CURVE_WITH_KNOTS('',3,(#6911,#6912,#6913,#6914,#6915),
 .UNSPECIFIED.,.F.,.F.,(4,1,4),(0.,0.010424030120872,0.0197302701591695),
 .UNSPECIFIED.);
#768=B_SPLINE_CURVE_WITH_KNOTS('',3,(#6928,#6929,#6930,#6931,#6932),
 .UNSPECIFIED.,.F.,.F.,(4,1,4),(0.,0.0304531351819498,0.0479692783311039),
 .UNSPECIFIED.);
#769=B_SPLINE_CURVE_WITH_KNOTS('',3,(#6957,#6958,#6959,#6960,#6961),
 .UNSPECIFIED.,.F.,.F.,(4,1,4),(0.,0.0217902415731334,0.0528275790075276),
 .UNSPECIFIED.);
#770=B_SPLINE_CURVE_WITH_KNOTS('',3,(#6974,#6975,#6976,#6977,#6978),
 .UNSPECIFIED.,.F.,.F.,(4,1,4),(0.,0.0150460100064595,0.0313286485752583),
 .UNSPECIFIED.);
#771=B_SPLINE_CURVE_WITH_KNOTS('',3,(#6991,#6992,#6993,#6994,#6995),
 .UNSPECIFIED.,.F.,.F.,(4,1,4),(0.,0.0138359217933188,0.0281966040122527),
 .UNSPECIFIED.);
#772=B_SPLINE_CURVE_WITH_KNOTS('',3,(#7008,#7009,#7010,#7011,#7012),
 .UNSPECIFIED.,.F.,.F.,(4,1,4),(0.,0.0159712645556629,0.0331796560175965),
 .UNSPECIFIED.);
#773=B_SPLINE_CURVE_WITH_KNOTS('',3,(#7025,#7026,#7027,#7028,#7029),
 .UNSPECIFIED.,.F.,.F.,(4,1,4),(0.,0.0310850530551841,0.0494994275669703),
 .UNSPECIFIED.);
#774=B_SPLINE_CURVE_WITH_KNOTS('',3,(#7054,#7055,#7056,#7057,#7058),
 .UNSPECIFIED.,.F.,.F.,(4,1,4),(0.,0.0218735386061538,0.0531969704674133),
 .UNSPECIFIED.);
#775=B_SPLINE_CURVE_WITH_KNOTS('',3,(#7071,#7072,#7073,#7074,#7075),
 .UNSPECIFIED.,.F.,.F.,(4,1,4),(0.,0.0219365872903972,0.0446686372708304),
 .UNSPECIFIED.);
#776=B_SPLINE_CURVE_WITH_KNOTS('',3,(#7088,#7089,#7090,#7091,#7092),
 .UNSPECIFIED.,.F.,.F.,(4,1,4),(0.,0.0259396515283561,0.0490489825701822),
 .UNSPECIFIED.);
#777=B_SPLINE_CURVE_WITH_KNOTS('',3,(#7105,#7106,#7107,#7108,#7109),
 .UNSPECIFIED.,.F.,.F.,(4,1,4),(0.,0.0213625002108156,0.0428173991647155),
 .UNSPECIFIED.);
#778=B_SPLINE_CURVE_WITH_KNOTS('',3,(#7122,#7123,#7124,#7125,#7126),
 .UNSPECIFIED.,.F.,.F.,(4,1,4),(0.,0.0248176082724178,0.0473476629736709),
 .UNSPECIFIED.);
#779=B_SPLINE_CURVE_WITH_KNOTS('',3,(#7139,#7140,#7141,#7142,#7143),
 .UNSPECIFIED.,.F.,.F.,(4,1,4),(0.,0.0205940283144918,0.042618958285337),
 .UNSPECIFIED.);
#780=B_SPLINE_CURVE_WITH_KNOTS('',3,(#7156,#7157,#7158,#7159,#7160),
 .UNSPECIFIED.,.F.,.F.,(4,1,4),(0.,0.0228781187280086,0.0437943128185733),
 .UNSPECIFIED.);
#781=B_SPLINE_CURVE_WITH_KNOTS('',3,(#7173,#7174,#7175,#7176,#7177),
 .UNSPECIFIED.,.F.,.F.,(4,1,4),(0.,0.0472965115727771,0.091148134908244),
 .UNSPECIFIED.);
#782=B_SPLINE_CURVE_WITH_KNOTS('',3,(#7194,#7195,#7196,#7197,#7198),
 .UNSPECIFIED.,.F.,.F.,(4,1,4),(0.,0.0367391188386757,0.0708718169281056),
 .UNSPECIFIED.);
#783=B_SPLINE_CURVE_WITH_KNOTS('',3,(#7200,#7201,#7202,#7203,#7204),
 .UNSPECIFIED.,.F.,.F.,(4,1,4),(0.,0.0300899739971183,0.0659471937810535),
 .UNSPECIFIED.);
#784=B_SPLINE_CURVE_WITH_KNOTS('',3,(#7208,#7209,#7210,#7211,#7212),
 .UNSPECIFIED.,.F.,.F.,(4,1,4),(0.,0.0499813340347497,0.101087597436369),
 .UNSPECIFIED.);
#785=B_SPLINE_CURVE_WITH_KNOTS('',3,(#7235,#7236,#7237,#7238,#7239),
 .UNSPECIFIED.,.F.,.F.,(4,1,4),(0.,0.0367391188386757,0.0708718169281056),
 .UNSPECIFIED.);
#786=B_SPLINE_CURVE_WITH_KNOTS('',3,(#7252,#7253,#7254,#7255,#7256),
 .UNSPECIFIED.,.F.,.F.,(4,1,4),(0.,0.0300899739971183,0.0659471937810535),
 .UNSPECIFIED.);
#787=B_SPLINE_CURVE_WITH_KNOTS('',3,(#7273,#7274,#7275,#7276,#7277),
 .UNSPECIFIED.,.F.,.F.,(4,1,4),(0.,0.0499813340347497,0.101087597436369),
 .UNSPECIFIED.);
#788=B_SPLINE_CURVE_WITH_KNOTS('',3,(#7296,#7297,#7298,#7299,#7300),
 .UNSPECIFIED.,.F.,.F.,(4,1,4),(0.,0.0213337806121455,0.0526978020109055),
 .UNSPECIFIED.);
#789=B_SPLINE_CURVE_WITH_KNOTS('',3,(#7302,#7303,#7304,#7305,#7306),
 .UNSPECIFIED.,.F.,.F.,(4,1,4),(0.,0.0147538447921161,0.0303831360993424),
 .UNSPECIFIED.);
#790=B_SPLINE_CURVE_WITH_KNOTS('',3,(#7308,#7309,#7310,#7311,#7312),
 .UNSPECIFIED.,.F.,.F.,(4,1,4),(0.,0.0148896481860489,0.0294934820725654),
 .UNSPECIFIED.);
#791=B_SPLINE_CURVE_WITH_KNOTS('',3,(#7314,#7315,#7316,#7317,#7318),
 .UNSPECIFIED.,.F.,.F.,(4,1,4),(0.,0.00969942371945401,0.0213230643367982),
 .UNSPECIFIED.);
#792=B_SPLINE_CURVE_WITH_KNOTS('',3,(#7320,#7321,#7322,#7323,#7324),
 .UNSPECIFIED.,.F.,.F.,(4,1,4),(0.,0.010424030120872,0.0197302701591695),
 .UNSPECIFIED.);
#793=B_SPLINE_CURVE_WITH_KNOTS('',3,(#7326,#7327,#7328,#7329,#7330),
 .UNSPECIFIED.,.F.,.F.,(4,1,4),(0.,0.0304531351819498,0.0479692783311039),
 .UNSPECIFIED.);
#794=B_SPLINE_CURVE_WITH_KNOTS('',3,(#7338,#7339,#7340,#7341,#7342),
 .UNSPECIFIED.,.F.,.F.,(4,1,4),(0.,0.0217902415731334,0.0528275790075276),
 .UNSPECIFIED.);
#795=B_SPLINE_CURVE_WITH_KNOTS('',3,(#7344,#7345,#7346,#7347,#7348),
 .UNSPECIFIED.,.F.,.F.,(4,1,4),(0.,0.0150460100064595,0.0313286485752583),
 .UNSPECIFIED.);
#796=B_SPLINE_CURVE_WITH_KNOTS('',3,(#7350,#7351,#7352,#7353,#7354),
 .UNSPECIFIED.,.F.,.F.,(4,1,4),(0.,0.0138359217933188,0.0281966040122527),
 .UNSPECIFIED.);
#797=B_SPLINE_CURVE_WITH_KNOTS('',3,(#7356,#7357,#7358,#7359,#7360),
 .UNSPECIFIED.,.F.,.F.,(4,1,4),(0.,0.0159712645556629,0.0331796560175965),
 .UNSPECIFIED.);
#798=B_SPLINE_CURVE_WITH_KNOTS('',3,(#7362,#7363,#7364,#7365,#7366),
 .UNSPECIFIED.,.F.,.F.,(4,1,4),(0.,0.0310850530551841,0.0494994947980881),
 .UNSPECIFIED.);
#799=B_SPLINE_CURVE_WITH_KNOTS('',3,(#7374,#7375,#7376,#7377,#7378),
 .UNSPECIFIED.,.F.,.F.,(4,1,4),(0.,0.0218735952051185,0.053197027066378),
 .UNSPECIFIED.);
#800=B_SPLINE_CURVE_WITH_KNOTS('',3,(#7380,#7381,#7382,#7383,#7384),
 .UNSPECIFIED.,.F.,.F.,(4,1,4),(0.,0.0219365872903972,0.0446685114448055),
 .UNSPECIFIED.);
#801=B_SPLINE_CURVE_WITH_KNOTS('',3,(#7386,#7387,#7388,#7389,#7390),
 .UNSPECIFIED.,.F.,.F.,(4,1,4),(0.,0.0259396515283561,0.0490489825701822),
 .UNSPECIFIED.);
#802=B_SPLINE_CURVE_WITH_KNOTS('',3,(#7392,#7393,#7394,#7395,#7396),
 .UNSPECIFIED.,.F.,.F.,(4,1,4),(0.,0.0213625002108156,0.0428173991647155),
 .UNSPECIFIED.);
#803=B_SPLINE_CURVE_WITH_KNOTS('',3,(#7398,#7399,#7400,#7401,#7402),
 .UNSPECIFIED.,.F.,.F.,(4,1,4),(0.,0.0248176082724178,0.0473476629736709),
 .UNSPECIFIED.);
#804=B_SPLINE_CURVE_WITH_KNOTS('',3,(#7404,#7405,#7406,#7407,#7408),
 .UNSPECIFIED.,.F.,.F.,(4,1,4),(0.,0.0205940283144918,0.042618958285337),
 .UNSPECIFIED.);
#805=B_SPLINE_CURVE_WITH_KNOTS('',3,(#7410,#7411,#7412,#7413,#7414),
 .UNSPECIFIED.,.F.,.F.,(4,1,4),(0.,0.0228781187280086,0.0437943128185733),
 .UNSPECIFIED.);
#806=B_SPLINE_CURVE_WITH_KNOTS('',3,(#7416,#7417,#7418,#7419,#7420),
 .UNSPECIFIED.,.F.,.F.,(4,1,4),(0.,0.0472965115727771,0.091148134908244),
 .UNSPECIFIED.);
#807=B_SPLINE_CURVE_WITH_KNOTS('',3,(#7447,#7448,#7449,#7450,#7451),
 .UNSPECIFIED.,.F.,.F.,(4,1,4),(0.,0.0213337806121455,0.0526978020109055),
 .UNSPECIFIED.);
#808=B_SPLINE_CURVE_WITH_KNOTS('',3,(#7464,#7465,#7466,#7467,#7468),
 .UNSPECIFIED.,.F.,.F.,(4,1,4),(0.,0.0147538447921161,0.0303831360993424),
 .UNSPECIFIED.);
#809=B_SPLINE_CURVE_WITH_KNOTS('',3,(#7481,#7482,#7483,#7484,#7485),
 .UNSPECIFIED.,.F.,.F.,(4,1,4),(0.,0.0148896481860489,0.0294934820725654),
 .UNSPECIFIED.);
#810=B_SPLINE_CURVE_WITH_KNOTS('',3,(#7498,#7499,#7500,#7501,#7502),
 .UNSPECIFIED.,.F.,.F.,(4,1,4),(0.,0.00969942371945401,0.0213230643367982),
 .UNSPECIFIED.);
#811=B_SPLINE_CURVE_WITH_KNOTS('',3,(#7515,#7516,#7517,#7518,#7519),
 .UNSPECIFIED.,.F.,.F.,(4,1,4),(0.,0.010424030120872,0.0197302701591695),
 .UNSPECIFIED.);
#812=B_SPLINE_CURVE_WITH_KNOTS('',3,(#7532,#7533,#7534,#7535,#7536),
 .UNSPECIFIED.,.F.,.F.,(4,1,4),(0.,0.0304531351819498,0.0479692783311039),
 .UNSPECIFIED.);
#813=B_SPLINE_CURVE_WITH_KNOTS('',3,(#7561,#7562,#7563,#7564,#7565),
 .UNSPECIFIED.,.F.,.F.,(4,1,4),(0.,0.0217902415731334,0.0528275790075276),
 .UNSPECIFIED.);
#814=B_SPLINE_CURVE_WITH_KNOTS('',3,(#7578,#7579,#7580,#7581,#7582),
 .UNSPECIFIED.,.F.,.F.,(4,1,4),(0.,0.0150460100064595,0.0313286485752583),
 .UNSPECIFIED.);
#815=B_SPLINE_CURVE_WITH_KNOTS('',3,(#7595,#7596,#7597,#7598,#7599),
 .UNSPECIFIED.,.F.,.F.,(4,1,4),(0.,0.0138359217933188,0.0281966040122527),
 .UNSPECIFIED.);
#816=B_SPLINE_CURVE_WITH_KNOTS('',3,(#7612,#7613,#7614,#7615,#7616),
 .UNSPECIFIED.,.F.,.F.,(4,1,4),(0.,0.0159712645556629,0.0331796560175965),
 .UNSPECIFIED.);
#817=B_SPLINE_CURVE_WITH_KNOTS('',3,(#7629,#7630,#7631,#7632,#7633),
 .UNSPECIFIED.,.F.,.F.,(4,1,4),(0.,0.0310850530551841,0.0494994947980881),
 .UNSPECIFIED.);
#818=B_SPLINE_CURVE_WITH_KNOTS('',3,(#7658,#7659,#7660,#7661,#7662),
 .UNSPECIFIED.,.F.,.F.,(4,1,4),(0.,0.0218735952051185,0.053197027066378),
 .UNSPECIFIED.);
#819=B_SPLINE_CURVE_WITH_KNOTS('',3,(#7675,#7676,#7677,#7678,#7679),
 .UNSPECIFIED.,.F.,.F.,(4,1,4),(0.,0.0219365872903972,0.0446685114448055),
 .UNSPECIFIED.);
#820=B_SPLINE_CURVE_WITH_KNOTS('',3,(#7692,#7693,#7694,#7695,#7696),
 .UNSPECIFIED.,.F.,.F.,(4,1,4),(0.,0.0259396515283561,0.0490489825701822),
 .UNSPECIFIED.);
#821=B_SPLINE_CURVE_WITH_KNOTS('',3,(#7709,#7710,#7711,#7712,#7713),
 .UNSPECIFIED.,.F.,.F.,(4,1,4),(0.,0.0213625002108156,0.0428173991647155),
 .UNSPECIFIED.);
#822=B_SPLINE_CURVE_WITH_KNOTS('',3,(#7726,#7727,#7728,#7729,#7730),
 .UNSPECIFIED.,.F.,.F.,(4,1,4),(0.,0.0248176082724178,0.0473476629736709),
 .UNSPECIFIED.);
#823=B_SPLINE_CURVE_WITH_KNOTS('',3,(#7743,#7744,#7745,#7746,#7747),
 .UNSPECIFIED.,.F.,.F.,(4,1,4),(0.,0.0205940283144918,0.042618958285337),
 .UNSPECIFIED.);
#824=B_SPLINE_CURVE_WITH_KNOTS('',3,(#7760,#7761,#7762,#7763,#7764),
 .UNSPECIFIED.,.F.,.F.,(4,1,4),(0.,0.0228781187280086,0.0437943128185733),
 .UNSPECIFIED.);
#825=B_SPLINE_CURVE_WITH_KNOTS('',3,(#7777,#7778,#7779,#7780,#7781),
 .UNSPECIFIED.,.F.,.F.,(4,1,4),(0.,0.0472965115727771,0.091148134908244),
 .UNSPECIFIED.);
#826=B_SPLINE_CURVE_WITH_KNOTS('',3,(#7845,#7846,#7847,#7848,#7849),
 .UNSPECIFIED.,.F.,.F.,(4,1,4),(0.,0.0444671947494381,0.0845725614606729),
 .UNSPECIFIED.);
#827=B_SPLINE_CURVE_WITH_KNOTS('',3,(#7851,#7852,#7853,#7854,#7855),
 .UNSPECIFIED.,.F.,.F.,(4,1,4),(0.,0.0535587052123934,0.108801715708789),
 .UNSPECIFIED.);
#828=B_SPLINE_CURVE_WITH_KNOTS('',3,(#7857,#7858,#7859,#7860,#7861),
 .UNSPECIFIED.,.F.,.F.,(4,1,4),(0.,0.0413625965228022,0.0821800675163945),
 .UNSPECIFIED.);
#829=B_SPLINE_CURVE_WITH_KNOTS('',3,(#7863,#7864,#7865,#7866,#7867),
 .UNSPECIFIED.,.F.,.F.,(4,1,4),(0.,0.0439707502843976,0.0915803668096468),
 .UNSPECIFIED.);
#830=B_SPLINE_CURVE_WITH_KNOTS('',3,(#7869,#7870,#7871,#7872,#7873),
 .UNSPECIFIED.,.F.,.F.,(4,1,4),(0.,0.0420344148506739,0.0842133561079182),
 .UNSPECIFIED.);
#831=B_SPLINE_CURVE_WITH_KNOTS('',3,(#7875,#7876,#7877,#7878,#7879),
 .UNSPECIFIED.,.F.,.F.,(4,1,4),(0.,0.0241917825493611,0.0475192603018809),
 .UNSPECIFIED.);
#832=B_SPLINE_CURVE_WITH_KNOTS('',3,(#7893,#7894,#7895,#7896,#7897),
 .UNSPECIFIED.,.F.,.F.,(4,1,4),(0.,0.0281305048235513,0.0591628802510893),
 .UNSPECIFIED.);
#833=B_SPLINE_CURVE_WITH_KNOTS('',3,(#7899,#7900,#7901,#7902,#7903),
 .UNSPECIFIED.,.F.,.F.,(4,1,4),(0.,0.0205521591565021,0.0419152549862371),
 .UNSPECIFIED.);
#834=B_SPLINE_CURVE_WITH_KNOTS('',3,(#7905,#7906,#7907,#7908,#7909),
 .UNSPECIFIED.,.F.,.F.,(4,1,4),(0.,0.0284319942501567,0.0513042914137222),
 .UNSPECIFIED.);
#835=B_SPLINE_CURVE_WITH_KNOTS('',3,(#7911,#7912,#7913,#7914,#7915),
 .UNSPECIFIED.,.F.,.F.,(4,1,4),(0.,0.0240240807945909,0.0542958359502734),
 .UNSPECIFIED.);
#836=B_SPLINE_CURVE_WITH_KNOTS('',3,(#7917,#7918,#7919,#7920,#7921),
 .UNSPECIFIED.,.F.,.F.,(4,1,4),(0.,0.0198618624054486,0.0404904775856909),
 .UNSPECIFIED.);
#837=B_SPLINE_CURVE_WITH_KNOTS('',3,(#7923,#7924,#7925,#7926,#7927),
 .UNSPECIFIED.,.F.,.F.,(4,1,4),(0.,0.0181271759130888,0.0357502574344747),
 .UNSPECIFIED.);
#838=B_SPLINE_CURVE_WITH_KNOTS('',3,(#7929,#7930,#7931,#7932,#7933),
 .UNSPECIFIED.,.F.,.F.,(4,1,4),(0.,0.0210992704345097,0.040357102224961),
 .UNSPECIFIED.);
#839=B_SPLINE_CURVE_WITH_KNOTS('',3,(#7936,#7937,#7938,#7939,#7940),
 .UNSPECIFIED.,.F.,.F.,(4,1,4),(0.,0.0390661175295678,0.0803372813406325),
 .UNSPECIFIED.);
#840=B_SPLINE_CURVE_WITH_KNOTS('',3,(#7954,#7955,#7956,#7957,#7958),
 .UNSPECIFIED.,.F.,.F.,(4,1,4),(0.,0.0444671947494381,0.0845725614606729),
 .UNSPECIFIED.);
#841=B_SPLINE_CURVE_WITH_KNOTS('',3,(#7971,#7972,#7973,#7974,#7975),
 .UNSPECIFIED.,.F.,.F.,(4,1,4),(0.,0.0535587052123934,0.108801715708789),
 .UNSPECIFIED.);
#842=B_SPLINE_CURVE_WITH_KNOTS('',3,(#7988,#7989,#7990,#7991,#7992),
 .UNSPECIFIED.,.F.,.F.,(4,1,4),(0.,0.0413625965228022,0.0821800675163945),
 .UNSPECIFIED.);
#843=B_SPLINE_CURVE_WITH_KNOTS('',3,(#8005,#8006,#8007,#8008,#8009),
 .UNSPECIFIED.,.F.,.F.,(4,1,4),(0.,0.0439707502843976,0.0915803668096468),
 .UNSPECIFIED.);
#844=B_SPLINE_CURVE_WITH_KNOTS('',3,(#8022,#8023,#8024,#8025,#8026),
 .UNSPECIFIED.,.F.,.F.,(4,1,4),(0.,0.0420344148506739,0.0842133561079182),
 .UNSPECIFIED.);
#845=B_SPLINE_CURVE_WITH_KNOTS('',3,(#8039,#8040,#8041,#8042,#8043),
 .UNSPECIFIED.,.F.,.F.,(4,1,4),(0.,0.0241917825493611,0.0475192603018809),
 .UNSPECIFIED.);
#846=B_SPLINE_CURVE_WITH_KNOTS('',3,(#8080,#8081,#8082,#8083,#8084),
 .UNSPECIFIED.,.F.,.F.,(4,1,4),(0.,0.0281305048235513,0.0591628802510893),
 .UNSPECIFIED.);
#847=B_SPLINE_CURVE_WITH_KNOTS('',3,(#8097,#8098,#8099,#8100,#8101),
 .UNSPECIFIED.,.F.,.F.,(4,1,4),(0.,0.0205521591565021,0.0419152549862371),
 .UNSPECIFIED.);
#848=B_SPLINE_CURVE_WITH_KNOTS('',3,(#8114,#8115,#8116,#8117,#8118),
 .UNSPECIFIED.,.F.,.F.,(4,1,4),(0.,0.0284319942501567,0.0513042914137222),
 .UNSPECIFIED.);
#849=B_SPLINE_CURVE_WITH_KNOTS('',3,(#8131,#8132,#8133,#8134,#8135),
 .UNSPECIFIED.,.F.,.F.,(4,1,4),(0.,0.0240240807945909,0.0542958359502734),
 .UNSPECIFIED.);
#850=B_SPLINE_CURVE_WITH_KNOTS('',3,(#8148,#8149,#8150,#8151,#8152),
 .UNSPECIFIED.,.F.,.F.,(4,1,4),(0.,0.0198618624054486,0.0404904775856909),
 .UNSPECIFIED.);
#851=B_SPLINE_CURVE_WITH_KNOTS('',3,(#8165,#8166,#8167,#8168,#8169),
 .UNSPECIFIED.,.F.,.F.,(4,1,4),(0.,0.0181271759130888,0.0357502574344747),
 .UNSPECIFIED.);
#852=B_SPLINE_CURVE_WITH_KNOTS('',3,(#8182,#8183,#8184,#8185,#8186),
 .UNSPECIFIED.,.F.,.F.,(4,1,4),(0.,0.0210992704345097,0.040357102224961),
 .UNSPECIFIED.);
#853=B_SPLINE_CURVE_WITH_KNOTS('',3,(#8202,#8203,#8204,#8205,#8206),
 .UNSPECIFIED.,.F.,.F.,(4,1,4),(0.,0.0390661175295678,0.0803372813406325),
 .UNSPECIFIED.);
#854=LINE('',#6539,#1412);
#855=LINE('',#6553,#1413);
#856=LINE('',#6561,#1414);
#857=LINE('',#6563,#1415);
#858=LINE('',#6564,#1416);
#859=LINE('',#6567,#1417);
#860=LINE('',#6569,#1418);
#861=LINE('',#6570,#1419);
#862=LINE('',#6587,#1420);
#863=LINE('',#6604,#1421);
#864=LINE('',#6607,#1422);
#865=LINE('',#6608,#1423);
#866=LINE('',#6625,#1424);
#867=LINE('',#6628,#1425);
#868=LINE('',#6629,#1426);
#869=LINE('',#6632,#1427);
#870=LINE('',#6633,#1428);
#871=LINE('',#6635,#1429);
#872=LINE('',#6639,#1430);
#873=LINE('',#6641,#1431);
#874=LINE('',#6643,#1432);
#875=LINE('',#6645,#1433);
#876=LINE('',#6647,#1434);
#877=LINE('',#6649,#1435);
#878=LINE('',#6651,#1436);
#879=LINE('',#6652,#1437);
#880=LINE('',#6655,#1438);
#881=LINE('',#6657,#1439);
#882=LINE('',#6658,#1440);
#883=LINE('',#6661,#1441);
#884=LINE('',#6662,#1442);
#885=LINE('',#6665,#1443);
#886=LINE('',#6666,#1444);
#887=LINE('',#6669,#1445);
#888=LINE('',#6670,#1446);
#889=LINE('',#6673,#1447);
#890=LINE('',#6674,#1448);
#891=LINE('',#6677,#1449);
#892=LINE('',#6678,#1450);
#893=LINE('',#6681,#1451);
#894=LINE('',#6682,#1452);
#895=LINE('',#6684,#1453);
#896=LINE('',#6688,#1454);
#897=LINE('',#6690,#1455);
#898=LINE('',#6728,#1456);
#899=LINE('',#6730,#1457);
#900=LINE('',#6732,#1458);
#901=LINE('',#6764,#1459);
#902=LINE('',#6766,#1460);
#903=LINE('',#6768,#1461);
#904=LINE('',#6818,#1462);
#905=LINE('',#6820,#1463);
#906=LINE('',#6821,#1464);
#907=LINE('',#6824,#1465);
#908=LINE('',#6826,#1466);
#909=LINE('',#6827,#1467);
#910=LINE('',#6830,#1468);
#911=LINE('',#6831,#1469);
#912=LINE('',#6848,#1470);
#913=LINE('',#6865,#1471);
#914=LINE('',#6882,#1472);
#915=LINE('',#6899,#1473);
#916=LINE('',#6916,#1474);
#917=LINE('',#6933,#1475);
#918=LINE('',#6936,#1476);
#919=LINE('',#6937,#1477);
#920=LINE('',#6940,#1478);
#921=LINE('',#6941,#1479);
#922=LINE('',#6944,#1480);
#923=LINE('',#6945,#1481);
#924=LINE('',#6962,#1482);
#925=LINE('',#6979,#1483);
#926=LINE('',#6996,#1484);
#927=LINE('',#7013,#1485);
#928=LINE('',#7030,#1486);
#929=LINE('',#7033,#1487);
#930=LINE('',#7034,#1488);
#931=LINE('',#7037,#1489);
#932=LINE('',#7038,#1490);
#933=LINE('',#7041,#1491);
#934=LINE('',#7042,#1492);
#935=LINE('',#7059,#1493);
#936=LINE('',#7076,#1494);
#937=LINE('',#7093,#1495);
#938=LINE('',#7110,#1496);
#939=LINE('',#7127,#1497);
#940=LINE('',#7144,#1498);
#941=LINE('',#7161,#1499);
#942=LINE('',#7178,#1500);
#943=LINE('',#7181,#1501);
#944=LINE('',#7182,#1502);
#945=LINE('',#7185,#1503);
#946=LINE('',#7186,#1504);
#947=LINE('',#7188,#1505);
#948=LINE('',#7192,#1506);
#949=LINE('',#7206,#1507);
#950=LINE('',#7214,#1508);
#951=LINE('',#7216,#1509);
#952=LINE('',#7217,#1510);
#953=LINE('',#7220,#1511);
#954=LINE('',#7222,#1512);
#955=LINE('',#7223,#1513);
#956=LINE('',#7240,#1514);
#957=LINE('',#7257,#1515);
#958=LINE('',#7260,#1516);
#959=LINE('',#7261,#1517);
#960=LINE('',#7278,#1518);
#961=LINE('',#7281,#1519);
#962=LINE('',#7282,#1520);
#963=LINE('',#7285,#1521);
#964=LINE('',#7286,#1522);
#965=LINE('',#7288,#1523);
#966=LINE('',#7292,#1524);
#967=LINE('',#7294,#1525);
#968=LINE('',#7332,#1526);
#969=LINE('',#7334,#1527);
#970=LINE('',#7336,#1528);
#971=LINE('',#7368,#1529);
#972=LINE('',#7370,#1530);
#973=LINE('',#7372,#1531);
#974=LINE('',#7422,#1532);
#975=LINE('',#7424,#1533);
#976=LINE('',#7425,#1534);
#977=LINE('',#7428,#1535);
#978=LINE('',#7430,#1536);
#979=LINE('',#7431,#1537);
#980=LINE('',#7434,#1538);
#981=LINE('',#7435,#1539);
#982=LINE('',#7452,#1540);
#983=LINE('',#7469,#1541);
#984=LINE('',#7486,#1542);
#985=LINE('',#7503,#1543);
#986=LINE('',#7520,#1544);
#987=LINE('',#7537,#1545);
#988=LINE('',#7540,#1546);
#989=LINE('',#7541,#1547);
#990=LINE('',#7544,#1548);
#991=LINE('',#7545,#1549);
#992=LINE('',#7548,#1550);
#993=LINE('',#7549,#1551);
#994=LINE('',#7566,#1552);
#995=LINE('',#7583,#1553);
#996=LINE('',#7600,#1554);
#997=LINE('',#7617,#1555);
#998=LINE('',#7634,#1556);
#999=LINE('',#7637,#1557);
#1000=LINE('',#7638,#1558);
#1001=LINE('',#7641,#1559);
#1002=LINE('',#7642,#1560);
#1003=LINE('',#7645,#1561);
#1004=LINE('',#7646,#1562);
#1005=LINE('',#7663,#1563);
#1006=LINE('',#7680,#1564);
#1007=LINE('',#7697,#1565);
#1008=LINE('',#7714,#1566);
#1009=LINE('',#7731,#1567);
#1010=LINE('',#7748,#1568);
#1011=LINE('',#7765,#1569);
#1012=LINE('',#7782,#1570);
#1013=LINE('',#7785,#1571);
#1014=LINE('',#7786,#1572);
#1015=LINE('',#7789,#1573);
#1016=LINE('',#7790,#1574);
#1017=LINE('',#7792,#1575);
#1018=LINE('',#7796,#1576);
#1019=LINE('',#7798,#1577);
#1020=LINE('',#7800,#1578);
#1021=LINE('',#7802,#1579);
#1022=LINE('',#7804,#1580);
#1023=LINE('',#7806,#1581);
#1024=LINE('',#7808,#1582);
#1025=LINE('',#7809,#1583);
#1026=LINE('',#7812,#1584);
#1027=LINE('',#7814,#1585);
#1028=LINE('',#7815,#1586);
#1029=LINE('',#7818,#1587);
#1030=LINE('',#7819,#1588);
#1031=LINE('',#7822,#1589);
#1032=LINE('',#7823,#1590);
#1033=LINE('',#7826,#1591);
#1034=LINE('',#7827,#1592);
#1035=LINE('',#7830,#1593);
#1036=LINE('',#7831,#1594);
#1037=LINE('',#7834,#1595);
#1038=LINE('',#7835,#1596);
#1039=LINE('',#7838,#1597);
#1040=LINE('',#7839,#1598);
#1041=LINE('',#7841,#1599);
#1042=LINE('',#7881,#1600);
#1043=LINE('',#7883,#1601);
#1044=LINE('',#7885,#1602);
#1045=LINE('',#7887,#1603);
#1046=LINE('',#7889,#1604);
#1047=LINE('',#7891,#1605);
#1048=LINE('',#7935,#1606);
#1049=LINE('',#7952,#1607);
#1050=LINE('',#7959,#1608);
#1051=LINE('',#7976,#1609);
#1052=LINE('',#7993,#1610);
#1053=LINE('',#8010,#1611);
#1054=LINE('',#8027,#1612);
#1055=LINE('',#8044,#1613);
#1056=LINE('',#8047,#1614);
#1057=LINE('',#8048,#1615);
#1058=LINE('',#8051,#1616);
#1059=LINE('',#8052,#1617);
#1060=LINE('',#8055,#1618);
#1061=LINE('',#8056,#1619);
#1062=LINE('',#8059,#1620);
#1063=LINE('',#8060,#1621);
#1064=LINE('',#8063,#1622);
#1065=LINE('',#8064,#1623);
#1066=LINE('',#8067,#1624);
#1067=LINE('',#8068,#1625);
#1068=LINE('',#8085,#1626);
#1069=LINE('',#8102,#1627);
#1070=LINE('',#8119,#1628);
#1071=LINE('',#8136,#1629);
#1072=LINE('',#8153,#1630);
#1073=LINE('',#8170,#1631);
#1074=LINE('',#8187,#1632);
#1075=LINE('',#8190,#1633);
#1076=LINE('',#8191,#1634);
#1077=LINE('',#8210,#1635);
#1078=LINE('',#8212,#1636);
#1079=LINE('',#8214,#1637);
#1080=LINE('',#8215,#1638);
#1081=LINE('',#8218,#1639);
#1082=LINE('',#8220,#1640);
#1083=LINE('',#8221,#1641);
#1084=LINE('',#8224,#1642);
#1085=LINE('',#8225,#1643);
#1086=LINE('',#8228,#1644);
#1087=LINE('',#8229,#1645);
#1088=LINE('',#8231,#1646);
#1089=LINE('',#8235,#1647);
#1090=LINE('',#8237,#1648);
#1091=LINE('',#8239,#1649);
#1092=LINE('',#8240,#1650);
#1093=LINE('',#8243,#1651);
#1094=LINE('',#8245,#1652);
#1095=LINE('',#8246,#1653);
#1096=LINE('',#8249,#1654);
#1097=LINE('',#8251,#1655);
#1098=LINE('',#8252,#1656);
#1099=LINE('',#8255,#1657);
#1100=LINE('',#8257,#1658);
#1101=LINE('',#8258,#1659);
#1102=LINE('',#8261,#1660);
#1103=LINE('',#8263,#1661);
#1104=LINE('',#8264,#1662);
#1105=LINE('',#8267,#1663);
#1106=LINE('',#8269,#1664);
#1107=LINE('',#8270,#1665);
#1108=LINE('',#8273,#1666);
#1109=LINE('',#8275,#1667);
#1110=LINE('',#8276,#1668);
#1111=LINE('',#8279,#1669);
#1112=LINE('',#8281,#1670);
#1113=LINE('',#8282,#1671);
#1114=LINE('',#8285,#1672);
#1115=LINE('',#8287,#1673);
#1116=LINE('',#8288,#1674);
#1117=LINE('',#8291,#1675);
#1118=LINE('',#8293,#1676);
#1119=LINE('',#8294,#1677);
#1120=LINE('',#8297,#1678);
#1121=LINE('',#8299,#1679);
#1122=LINE('',#8300,#1680);
#1123=LINE('',#8302,#1681);
#1124=LINE('',#8303,#1682);
#1125=LINE('',#8308,#1683);
#1126=LINE('',#8310,#1684);
#1127=LINE('',#8312,#1685);
#1128=LINE('',#8313,#1686);
#1129=LINE('',#8316,#1687);
#1130=LINE('',#8318,#1688);
#1131=LINE('',#8319,#1689);
#1132=LINE('',#8322,#1690);
#1133=LINE('',#8324,#1691);
#1134=LINE('',#8325,#1692);
#1135=LINE('',#8328,#1693);
#1136=LINE('',#8330,#1694);
#1137=LINE('',#8331,#1695);
#1138=LINE('',#8334,#1696);
#1139=LINE('',#8336,#1697);
#1140=LINE('',#8337,#1698);
#1141=LINE('',#8340,#1699);
#1142=LINE('',#8342,#1700);
#1143=LINE('',#8343,#1701);
#1144=LINE('',#8346,#1702);
#1145=LINE('',#8348,#1703);
#1146=LINE('',#8349,#1704);
#1147=LINE('',#8351,#1705);
#1148=LINE('',#8352,#1706);
#1149=LINE('',#8357,#1707);
#1150=LINE('',#8359,#1708);
#1151=LINE('',#8361,#1709);
#1152=LINE('',#8362,#1710);
#1153=LINE('',#8365,#1711);
#1154=LINE('',#8367,#1712);
#1155=LINE('',#8368,#1713);
#1156=LINE('',#8371,#1714);
#1157=LINE('',#8373,#1715);
#1158=LINE('',#8374,#1716);
#1159=LINE('',#8377,#1717);
#1160=LINE('',#8379,#1718);
#1161=LINE('',#8380,#1719);
#1162=LINE('',#8383,#1720);
#1163=LINE('',#8385,#1721);
#1164=LINE('',#8386,#1722);
#1165=LINE('',#8389,#1723);
#1166=LINE('',#8391,#1724);
#1167=LINE('',#8392,#1725);
#1168=LINE('',#8395,#1726);
#1169=LINE('',#8397,#1727);
#1170=LINE('',#8398,#1728);
#1171=LINE('',#8400,#1729);
#1172=LINE('',#8401,#1730);
#1173=LINE('',#8406,#1731);
#1174=LINE('',#8408,#1732);
#1175=LINE('',#8410,#1733);
#1176=LINE('',#8411,#1734);
#1177=LINE('',#8414,#1735);
#1178=LINE('',#8416,#1736);
#1179=LINE('',#8417,#1737);
#1180=LINE('',#8420,#1738);
#1181=LINE('',#8422,#1739);
#1182=LINE('',#8423,#1740);
#1183=LINE('',#8426,#1741);
#1184=LINE('',#8428,#1742);
#1185=LINE('',#8429,#1743);
#1186=LINE('',#8432,#1744);
#1187=LINE('',#8434,#1745);
#1188=LINE('',#8435,#1746);
#1189=LINE('',#8438,#1747);
#1190=LINE('',#8440,#1748);
#1191=LINE('',#8441,#1749);
#1192=LINE('',#8444,#1750);
#1193=LINE('',#8446,#1751);
#1194=LINE('',#8447,#1752);
#1195=LINE('',#8449,#1753);
#1196=LINE('',#8450,#1754);
#1197=LINE('',#8455,#1755);
#1198=LINE('',#8457,#1756);
#1199=LINE('',#8459,#1757);
#1200=LINE('',#8460,#1758);
#1201=LINE('',#8463,#1759);
#1202=LINE('',#8465,#1760);
#1203=LINE('',#8466,#1761);
#1204=LINE('',#8469,#1762);
#1205=LINE('',#8471,#1763);
#1206=LINE('',#8472,#1764);
#1207=LINE('',#8475,#1765);
#1208=LINE('',#8477,#1766);
#1209=LINE('',#8478,#1767);
#1210=LINE('',#8481,#1768);
#1211=LINE('',#8483,#1769);
#1212=LINE('',#8484,#1770);
#1213=LINE('',#8487,#1771);
#1214=LINE('',#8489,#1772);
#1215=LINE('',#8490,#1773);
#1216=LINE('',#8493,#1774);
#1217=LINE('',#8495,#1775);
#1218=LINE('',#8496,#1776);
#1219=LINE('',#8498,#1777);
#1220=LINE('',#8499,#1778);
#1221=LINE('',#8504,#1779);
#1222=LINE('',#8506,#1780);
#1223=LINE('',#8508,#1781);
#1224=LINE('',#8509,#1782);
#1225=LINE('',#8512,#1783);
#1226=LINE('',#8514,#1784);
#1227=LINE('',#8515,#1785);
#1228=LINE('',#8518,#1786);
#1229=LINE('',#8520,#1787);
#1230=LINE('',#8521,#1788);
#1231=LINE('',#8524,#1789);
#1232=LINE('',#8526,#1790);
#1233=LINE('',#8527,#1791);
#1234=LINE('',#8530,#1792);
#1235=LINE('',#8532,#1793);
#1236=LINE('',#8533,#1794);
#1237=LINE('',#8536,#1795);
#1238=LINE('',#8538,#1796);
#1239=LINE('',#8539,#1797);
#1240=LINE('',#8542,#1798);
#1241=LINE('',#8544,#1799);
#1242=LINE('',#8545,#1800);
#1243=LINE('',#8548,#1801);
#1244=LINE('',#8550,#1802);
#1245=LINE('',#8551,#1803);
#1246=LINE('',#8553,#1804);
#1247=LINE('',#8554,#1805);
#1248=LINE('',#8559,#1806);
#1249=LINE('',#8561,#1807);
#1250=LINE('',#8563,#1808);
#1251=LINE('',#8564,#1809);
#1252=LINE('',#8568,#1810);
#1253=LINE('',#8569,#1811);
#1254=LINE('',#8570,#1812);
#1255=LINE('',#8576,#1813);
#1256=LINE('',#8579,#1814);
#1257=LINE('',#8582,#1815);
#1258=LINE('',#8584,#1816);
#1259=LINE('',#8586,#1817);
#1260=LINE('',#8588,#1818);
#1261=LINE('',#8590,#1819);
#1262=LINE('',#8592,#1820);
#1263=LINE('',#8594,#1821);
#1264=LINE('',#8596,#1822);
#1265=LINE('',#8597,#1823);
#1266=LINE('',#8600,#1824);
#1267=LINE('',#8602,#1825);
#1268=LINE('',#8606,#1826);
#1269=LINE('',#8610,#1827);
#1270=LINE('',#8612,#1828);
#1271=LINE('',#8616,#1829);
#1272=LINE('',#8620,#1830);
#1273=LINE('',#8622,#1831);
#1274=LINE('',#8626,#1832);
#1275=LINE('',#8630,#1833);
#1276=LINE('',#8632,#1834);
#1277=LINE('',#8635,#1835);
#1278=LINE('',#8636,#1836);
#1279=LINE('',#8641,#1837);
#1280=LINE('',#8642,#1838);
#1281=LINE('',#8645,#1839);
#1282=LINE('',#8647,#1840);
#1283=LINE('',#8649,#1841);
#1284=LINE('',#8651,#1842);
#1285=LINE('',#8653,#1843);
#1286=LINE('',#8655,#1844);
#1287=LINE('',#8657,#1845);
#1288=LINE('',#8658,#1846);
#1289=LINE('',#8662,#1847);
#1290=LINE('',#8667,#1848);
#1291=LINE('',#8668,#1849);
#1292=LINE('',#8671,#1850);
#1293=LINE('',#8672,#1851);
#1294=LINE('',#8677,#1852);
#1295=LINE('',#8678,#1853);
#1296=LINE('',#8681,#1854);
#1297=LINE('',#8683,#1855);
#1298=LINE('',#8685,#1856);
#1299=LINE('',#8686,#1857);
#1300=LINE('',#8688,#1858);
#1301=LINE('',#8690,#1859);
#1302=LINE('',#8692,#1860);
#1303=LINE('',#8694,#1861);
#1304=LINE('',#8696,#1862);
#1305=LINE('',#8698,#1863);
#1306=LINE('',#8700,#1864);
#1307=LINE('',#8702,#1865);
#1308=LINE('',#8703,#1866);
#1309=LINE('',#8708,#1867);
#1310=LINE('',#8709,#1868);
#1311=LINE('',#8711,#1869);
#1312=LINE('',#8715,#1870);
#1313=LINE('',#8718,#1871);
#1314=LINE('',#8724,#1872);
#1315=LINE('',#8725,#1873);
#1316=LINE('',#8728,#1874);
#1317=LINE('',#8732,#1875);
#1318=LINE('',#8734,#1876);
#1319=LINE('',#8737,#1877);
#1320=LINE('',#8739,#1878);
#1321=LINE('',#8741,#1879);
#1322=LINE('',#8743,#1880);
#1323=LINE('',#8744,#1881);
#1324=LINE('',#8749,#1882);
#1325=LINE('',#8756,#1883);
#1326=LINE('',#8759,#1884);
#1327=LINE('',#8761,#1885);
#1328=LINE('',#8762,#1886);
#1329=LINE('',#8767,#1887);
#1330=LINE('',#8771,#1888);
#1331=LINE('',#8774,#1889);
#1332=LINE('',#8779,#1890);
#1333=LINE('',#8780,#1891);
#1334=LINE('',#8782,#1892);
#1335=LINE('',#8784,#1893);
#1336=LINE('',#8787,#1894);
#1337=LINE('',#8790,#1895);
#1338=LINE('',#8792,#1896);
#1339=LINE('',#8794,#1897);
#1340=LINE('',#8795,#1898);
#1341=LINE('',#8800,#1899);
#1342=LINE('',#8807,#1900);
#1343=LINE('',#8810,#1901);
#1344=LINE('',#8812,#1902);
#1345=LINE('',#8813,#1903);
#1346=LINE('',#8818,#1904);
#1347=LINE('',#8822,#1905);
#1348=LINE('',#8825,#1906);
#1349=LINE('',#8830,#1907);
#1350=LINE('',#8831,#1908);
#1351=LINE('',#8834,#1909);
#1352=LINE('',#8838,#1910);
#1353=LINE('',#8840,#1911);
#1354=LINE('',#8843,#1912);
#1355=LINE('',#8845,#1913);
#1356=LINE('',#8847,#1914);
#1357=LINE('',#8849,#1915);
#1358=LINE('',#8850,#1916);
#1359=LINE('',#8852,#1917);
#1360=LINE('',#8853,#1918);
#1361=LINE('',#8859,#1919);
#1362=LINE('',#8862,#1920);
#1363=LINE('',#8865,#1921);
#1364=LINE('',#8867,#1922);
#1365=LINE('',#8868,#1923);
#1366=LINE('',#8871,#1924);
#1367=LINE('',#8875,#1925);
#1368=LINE('',#8879,#1926);
#1369=LINE('',#8884,#1927);
#1370=LINE('',#8887,#1928);
#1371=LINE('',#8891,#1929);
#1372=LINE('',#8894,#1930);
#1373=LINE('',#8897,#1931);
#1374=LINE('',#8899,#1932);
#1375=LINE('',#8901,#1933);
#1376=LINE('',#8903,#1934);
#1377=LINE('',#8905,#1935);
#1378=LINE('',#8906,#1936);
#1379=LINE('',#8908,#1937);
#1380=LINE('',#8909,#1938);
#1381=LINE('',#8914,#1939);
#1382=LINE('',#8920,#1940);
#1383=LINE('',#8924,#1941);
#1384=LINE('',#8928,#1942);
#1385=LINE('',#8933,#1943);
#1386=LINE('',#8935,#1944);
#1387=LINE('',#8937,#1945);
#1388=LINE('',#8939,#1946);
#1389=LINE('',#8943,#1947);
#1390=LINE('',#8946,#1948);
#1391=LINE('',#8949,#1949);
#1392=LINE('',#8953,#1950);
#1393=LINE('',#8959,#1951);
#1394=LINE('',#8964,#1952);
#1395=LINE('',#8966,#1953);
#1396=LINE('',#8968,#1954);
#1397=LINE('',#8970,#1955);
#1398=LINE('',#8971,#1956);
#1399=LINE('',#8974,#1957);
#1400=LINE('',#8975,#1958);
#1401=LINE('',#8979,#1959);
#1402=LINE('',#8982,#1960);
#1403=LINE('',#8987,#1961);
#1404=LINE('',#8993,#1962);
#1405=LINE('',#8995,#1963);
#1406=LINE('',#8996,#1964);
#1407=LINE('',#9004,#1965);
#1408=LINE('',#9006,#1966);
#1409=LINE('',#9009,#1967);
#1410=LINE('',#9013,#1968);
#1411=LINE('',#9018,#1969);
#1412=VECTOR('',#5427,10.);
#1413=VECTOR('',#5428,10.);
#1414=VECTOR('',#5429,10.);
#1415=VECTOR('',#5430,10.);
#1416=VECTOR('',#5431,10.);
#1417=VECTOR('',#5434,10.);
#1418=VECTOR('',#5435,10.);
#1419=VECTOR('',#5436,10.);
#1420=VECTOR('',#5437,10.);
#1421=VECTOR('',#5438,10.);
#1422=VECTOR('',#5441,10.);
#1423=VECTOR('',#5442,10.);
#1424=VECTOR('',#5443,10.);
#1425=VECTOR('',#5446,10.);
#1426=VECTOR('',#5447,10.);
#1427=VECTOR('',#5450,10.);
#1428=VECTOR('',#5451,10.);
#1429=VECTOR('',#5454,10.);
#1430=VECTOR('',#5457,10.);
#1431=VECTOR('',#5458,10.);
#1432=VECTOR('',#5459,10.);
#1433=VECTOR('',#5460,10.);
#1434=VECTOR('',#5461,10.);
#1435=VECTOR('',#5462,10.);
#1436=VECTOR('',#5463,10.);
#1437=VECTOR('',#5464,10.);
#1438=VECTOR('',#5467,10.);
#1439=VECTOR('',#5468,10.);
#1440=VECTOR('',#5469,10.);
#1441=VECTOR('',#5472,10.);
#1442=VECTOR('',#5473,10.);
#1443=VECTOR('',#5476,10.);
#1444=VECTOR('',#5477,10.);
#1445=VECTOR('',#5480,10.);
#1446=VECTOR('',#5481,10.);
#1447=VECTOR('',#5484,10.);
#1448=VECTOR('',#5485,10.);
#1449=VECTOR('',#5488,10.);
#1450=VECTOR('',#5489,10.);
#1451=VECTOR('',#5492,10.);
#1452=VECTOR('',#5493,10.);
#1453=VECTOR('',#5496,10.);
#1454=VECTOR('',#5499,10.);
#1455=VECTOR('',#5500,10.);
#1456=VECTOR('',#5501,10.);
#1457=VECTOR('',#5502,10.);
#1458=VECTOR('',#5503,10.);
#1459=VECTOR('',#5504,10.);
#1460=VECTOR('',#5505,10.);
#1461=VECTOR('',#5506,10.);
#1462=VECTOR('',#5507,10.);
#1463=VECTOR('',#5508,10.);
#1464=VECTOR('',#5509,10.);
#1465=VECTOR('',#5512,10.);
#1466=VECTOR('',#5513,10.);
#1467=VECTOR('',#5514,10.);
#1468=VECTOR('',#5517,10.);
#1469=VECTOR('',#5518,10.);
#1470=VECTOR('',#5519,10.);
#1471=VECTOR('',#5520,10.);
#1472=VECTOR('',#5521,10.);
#1473=VECTOR('',#5522,10.);
#1474=VECTOR('',#5523,10.);
#1475=VECTOR('',#5524,10.);
#1476=VECTOR('',#5527,10.);
#1477=VECTOR('',#5528,10.);
#1478=VECTOR('',#5531,10.);
#1479=VECTOR('',#5532,10.);
#1480=VECTOR('',#5535,10.);
#1481=VECTOR('',#5536,10.);
#1482=VECTOR('',#5537,10.);
#1483=VECTOR('',#5538,10.);
#1484=VECTOR('',#5539,10.);
#1485=VECTOR('',#5540,10.);
#1486=VECTOR('',#5541,10.);
#1487=VECTOR('',#5544,10.);
#1488=VECTOR('',#5545,10.);
#1489=VECTOR('',#5548,10.);
#1490=VECTOR('',#5549,10.);
#1491=VECTOR('',#5552,10.);
#1492=VECTOR('',#5553,10.);
#1493=VECTOR('',#5554,10.);
#1494=VECTOR('',#5555,10.);
#1495=VECTOR('',#5556,10.);
#1496=VECTOR('',#5557,10.);
#1497=VECTOR('',#5558,10.);
#1498=VECTOR('',#5559,10.);
#1499=VECTOR('',#5560,10.);
#1500=VECTOR('',#5561,10.);
#1501=VECTOR('',#5564,10.);
#1502=VECTOR('',#5565,10.);
#1503=VECTOR('',#5568,10.);
#1504=VECTOR('',#5569,10.);
#1505=VECTOR('',#5572,10.);
#1506=VECTOR('',#5575,10.);
#1507=VECTOR('',#5576,10.);
#1508=VECTOR('',#5577,10.);
#1509=VECTOR('',#5578,10.);
#1510=VECTOR('',#5579,10.);
#1511=VECTOR('',#5582,10.);
#1512=VECTOR('',#5583,10.);
#1513=VECTOR('',#5584,10.);
#1514=VECTOR('',#5585,10.);
#1515=VECTOR('',#5586,10.);
#1516=VECTOR('',#5589,10.);
#1517=VECTOR('',#5590,10.);
#1518=VECTOR('',#5591,10.);
#1519=VECTOR('',#5594,10.);
#1520=VECTOR('',#5595,10.);
#1521=VECTOR('',#5598,10.);
#1522=VECTOR('',#5599,10.);
#1523=VECTOR('',#5602,10.);
#1524=VECTOR('',#5605,10.);
#1525=VECTOR('',#5606,10.);
#1526=VECTOR('',#5607,10.);
#1527=VECTOR('',#5608,10.);
#1528=VECTOR('',#5609,10.);
#1529=VECTOR('',#5610,10.);
#1530=VECTOR('',#5611,10.);
#1531=VECTOR('',#5612,10.);
#1532=VECTOR('',#5613,10.);
#1533=VECTOR('',#5614,10.);
#1534=VECTOR('',#5615,10.);
#1535=VECTOR('',#5618,10.);
#1536=VECTOR('',#5619,10.);
#1537=VECTOR('',#5620,10.);
#1538=VECTOR('',#5623,10.);
#1539=VECTOR('',#5624,10.);
#1540=VECTOR('',#5625,10.);
#1541=VECTOR('',#5626,10.);
#1542=VECTOR('',#5627,10.);
#1543=VECTOR('',#5628,10.);
#1544=VECTOR('',#5629,10.);
#1545=VECTOR('',#5630,10.);
#1546=VECTOR('',#5633,10.);
#1547=VECTOR('',#5634,10.);
#1548=VECTOR('',#5637,10.);
#1549=VECTOR('',#5638,10.);
#1550=VECTOR('',#5641,10.);
#1551=VECTOR('',#5642,10.);
#1552=VECTOR('',#5643,10.);
#1553=VECTOR('',#5644,10.);
#1554=VECTOR('',#5645,10.);
#1555=VECTOR('',#5646,10.);
#1556=VECTOR('',#5647,10.);
#1557=VECTOR('',#5650,10.);
#1558=VECTOR('',#5651,10.);
#1559=VECTOR('',#5654,10.);
#1560=VECTOR('',#5655,10.);
#1561=VECTOR('',#5658,10.);
#1562=VECTOR('',#5659,10.);
#1563=VECTOR('',#5660,10.);
#1564=VECTOR('',#5661,10.);
#1565=VECTOR('',#5662,10.);
#1566=VECTOR('',#5663,10.);
#1567=VECTOR('',#5664,10.);
#1568=VECTOR('',#5665,10.);
#1569=VECTOR('',#5666,10.);
#1570=VECTOR('',#5667,10.);
#1571=VECTOR('',#5670,10.);
#1572=VECTOR('',#5671,10.);
#1573=VECTOR('',#5674,10.);
#1574=VECTOR('',#5675,10.);
#1575=VECTOR('',#5678,10.);
#1576=VECTOR('',#5681,10.);
#1577=VECTOR('',#5682,10.);
#1578=VECTOR('',#5683,10.);
#1579=VECTOR('',#5684,10.);
#1580=VECTOR('',#5685,10.);
#1581=VECTOR('',#5686,10.);
#1582=VECTOR('',#5687,10.);
#1583=VECTOR('',#5688,10.);
#1584=VECTOR('',#5691,10.);
#1585=VECTOR('',#5692,10.);
#1586=VECTOR('',#5693,10.);
#1587=VECTOR('',#5696,10.);
#1588=VECTOR('',#5697,10.);
#1589=VECTOR('',#5700,10.);
#1590=VECTOR('',#5701,10.);
#1591=VECTOR('',#5704,10.);
#1592=VECTOR('',#5705,10.);
#1593=VECTOR('',#5708,10.);
#1594=VECTOR('',#5709,10.);
#1595=VECTOR('',#5712,10.);
#1596=VECTOR('',#5713,10.);
#1597=VECTOR('',#5716,10.);
#1598=VECTOR('',#5717,10.);
#1599=VECTOR('',#5720,10.);
#1600=VECTOR('',#5723,10.);
#1601=VECTOR('',#5724,10.);
#1602=VECTOR('',#5725,10.);
#1603=VECTOR('',#5726,10.);
#1604=VECTOR('',#5727,10.);
#1605=VECTOR('',#5728,10.);
#1606=VECTOR('',#5729,10.);
#1607=VECTOR('',#5730,10.);
#1608=VECTOR('',#5731,10.);
#1609=VECTOR('',#5732,10.);
#1610=VECTOR('',#5733,10.);
#1611=VECTOR('',#5734,10.);
#1612=VECTOR('',#5735,10.);
#1613=VECTOR('',#5736,10.);
#1614=VECTOR('',#5739,10.);
#1615=VECTOR('',#5740,10.);
#1616=VECTOR('',#5743,10.);
#1617=VECTOR('',#5744,10.);
#1618=VECTOR('',#5747,10.);
#1619=VECTOR('',#5748,10.);
#1620=VECTOR('',#5751,10.);
#1621=VECTOR('',#5752,10.);
#1622=VECTOR('',#5755,10.);
#1623=VECTOR('',#5756,10.);
#1624=VECTOR('',#5759,10.);
#1625=VECTOR('',#5760,10.);
#1626=VECTOR('',#5761,10.);
#1627=VECTOR('',#5762,10.);
#1628=VECTOR('',#5763,10.);
#1629=VECTOR('',#5764,10.);
#1630=VECTOR('',#5765,10.);
#1631=VECTOR('',#5766,10.);
#1632=VECTOR('',#5767,10.);
#1633=VECTOR('',#5770,10.);
#1634=VECTOR('',#5771,10.);
#1635=VECTOR('',#5774,10.);
#1636=VECTOR('',#5775,10.);
#1637=VECTOR('',#5776,10.);
#1638=VECTOR('',#5777,10.);
#1639=VECTOR('',#5780,10.);
#1640=VECTOR('',#5781,10.);
#1641=VECTOR('',#5782,10.);
#1642=VECTOR('',#5785,10.);
#1643=VECTOR('',#5786,10.);
#1644=VECTOR('',#5789,10.);
#1645=VECTOR('',#5790,10.);
#1646=VECTOR('',#5793,10.);
#1647=VECTOR('',#5796,10.);
#1648=VECTOR('',#5797,10.);
#1649=VECTOR('',#5798,10.);
#1650=VECTOR('',#5799,10.);
#1651=VECTOR('',#5802,10.);
#1652=VECTOR('',#5803,10.);
#1653=VECTOR('',#5804,10.);
#1654=VECTOR('',#5807,10.);
#1655=VECTOR('',#5808,10.);
#1656=VECTOR('',#5809,10.);
#1657=VECTOR('',#5812,10.);
#1658=VECTOR('',#5813,10.);
#1659=VECTOR('',#5814,10.);
#1660=VECTOR('',#5817,10.);
#1661=VECTOR('',#5818,10.);
#1662=VECTOR('',#5819,10.);
#1663=VECTOR('',#5822,10.);
#1664=VECTOR('',#5823,10.);
#1665=VECTOR('',#5824,10.);
#1666=VECTOR('',#5827,10.);
#1667=VECTOR('',#5828,10.);
#1668=VECTOR('',#5829,10.);
#1669=VECTOR('',#5832,10.);
#1670=VECTOR('',#5833,10.);
#1671=VECTOR('',#5834,10.);
#1672=VECTOR('',#5837,10.);
#1673=VECTOR('',#5838,10.);
#1674=VECTOR('',#5839,10.);
#1675=VECTOR('',#5842,10.);
#1676=VECTOR('',#5843,10.);
#1677=VECTOR('',#5844,10.);
#1678=VECTOR('',#5847,10.);
#1679=VECTOR('',#5848,10.);
#1680=VECTOR('',#5849,10.);
#1681=VECTOR('',#5852,10.);
#1682=VECTOR('',#5853,10.);
#1683=VECTOR('',#5858,10.);
#1684=VECTOR('',#5859,10.);
#1685=VECTOR('',#5860,10.);
#1686=VECTOR('',#5861,10.);
#1687=VECTOR('',#5864,10.);
#1688=VECTOR('',#5865,10.);
#1689=VECTOR('',#5866,10.);
#1690=VECTOR('',#5869,10.);
#1691=VECTOR('',#5870,10.);
#1692=VECTOR('',#5871,10.);
#1693=VECTOR('',#5874,10.);
#1694=VECTOR('',#5875,10.);
#1695=VECTOR('',#5876,10.);
#1696=VECTOR('',#5879,10.);
#1697=VECTOR('',#5880,10.);
#1698=VECTOR('',#5881,10.);
#1699=VECTOR('',#5884,10.);
#1700=VECTOR('',#5885,10.);
#1701=VECTOR('',#5886,10.);
#1702=VECTOR('',#5889,10.);
#1703=VECTOR('',#5890,10.);
#1704=VECTOR('',#5891,10.);
#1705=VECTOR('',#5894,10.);
#1706=VECTOR('',#5895,10.);
#1707=VECTOR('',#5900,10.);
#1708=VECTOR('',#5901,10.);
#1709=VECTOR('',#5902,10.);
#1710=VECTOR('',#5903,10.);
#1711=VECTOR('',#5906,10.);
#1712=VECTOR('',#5907,10.);
#1713=VECTOR('',#5908,10.);
#1714=VECTOR('',#5911,10.);
#1715=VECTOR('',#5912,10.);
#1716=VECTOR('',#5913,10.);
#1717=VECTOR('',#5916,10.);
#1718=VECTOR('',#5917,10.);
#1719=VECTOR('',#5918,10.);
#1720=VECTOR('',#5921,10.);
#1721=VECTOR('',#5922,10.);
#1722=VECTOR('',#5923,10.);
#1723=VECTOR('',#5926,10.);
#1724=VECTOR('',#5927,10.);
#1725=VECTOR('',#5928,10.);
#1726=VECTOR('',#5931,10.);
#1727=VECTOR('',#5932,10.);
#1728=VECTOR('',#5933,10.);
#1729=VECTOR('',#5936,10.);
#1730=VECTOR('',#5937,10.);
#1731=VECTOR('',#5942,10.);
#1732=VECTOR('',#5943,10.);
#1733=VECTOR('',#5944,10.);
#1734=VECTOR('',#5945,10.);
#1735=VECTOR('',#5948,10.);
#1736=VECTOR('',#5949,10.);
#1737=VECTOR('',#5950,10.);
#1738=VECTOR('',#5953,10.);
#1739=VECTOR('',#5954,10.);
#1740=VECTOR('',#5955,10.);
#1741=VECTOR('',#5958,10.);
#1742=VECTOR('',#5959,10.);
#1743=VECTOR('',#5960,10.);
#1744=VECTOR('',#5963,10.);
#1745=VECTOR('',#5964,10.);
#1746=VECTOR('',#5965,10.);
#1747=VECTOR('',#5968,10.);
#1748=VECTOR('',#5969,10.);
#1749=VECTOR('',#5970,10.);
#1750=VECTOR('',#5973,10.);
#1751=VECTOR('',#5974,10.);
#1752=VECTOR('',#5975,10.);
#1753=VECTOR('',#5978,10.);
#1754=VECTOR('',#5979,10.);
#1755=VECTOR('',#5984,10.);
#1756=VECTOR('',#5985,10.);
#1757=VECTOR('',#5986,10.);
#1758=VECTOR('',#5987,10.);
#1759=VECTOR('',#5990,10.);
#1760=VECTOR('',#5991,10.);
#1761=VECTOR('',#5992,10.);
#1762=VECTOR('',#5995,10.);
#1763=VECTOR('',#5996,10.);
#1764=VECTOR('',#5997,10.);
#1765=VECTOR('',#6000,10.);
#1766=VECTOR('',#6001,10.);
#1767=VECTOR('',#6002,10.);
#1768=VECTOR('',#6005,10.);
#1769=VECTOR('',#6006,10.);
#1770=VECTOR('',#6007,10.);
#1771=VECTOR('',#6010,10.);
#1772=VECTOR('',#6011,10.);
#1773=VECTOR('',#6012,10.);
#1774=VECTOR('',#6015,10.);
#1775=VECTOR('',#6016,10.);
#1776=VECTOR('',#6017,10.);
#1777=VECTOR('',#6020,10.);
#1778=VECTOR('',#6021,10.);
#1779=VECTOR('',#6026,10.);
#1780=VECTOR('',#6027,10.);
#1781=VECTOR('',#6028,10.);
#1782=VECTOR('',#6029,10.);
#1783=VECTOR('',#6032,10.);
#1784=VECTOR('',#6033,10.);
#1785=VECTOR('',#6034,10.);
#1786=VECTOR('',#6037,10.);
#1787=VECTOR('',#6038,10.);
#1788=VECTOR('',#6039,10.);
#1789=VECTOR('',#6042,10.);
#1790=VECTOR('',#6043,10.);
#1791=VECTOR('',#6044,10.);
#1792=VECTOR('',#6047,10.);
#1793=VECTOR('',#6048,10.);
#1794=VECTOR('',#6049,10.);
#1795=VECTOR('',#6052,10.);
#1796=VECTOR('',#6053,10.);
#1797=VECTOR('',#6054,10.);
#1798=VECTOR('',#6057,10.);
#1799=VECTOR('',#6058,10.);
#1800=VECTOR('',#6059,10.);
#1801=VECTOR('',#6062,10.);
#1802=VECTOR('',#6063,10.);
#1803=VECTOR('',#6064,10.);
#1804=VECTOR('',#6067,10.);
#1805=VECTOR('',#6068,10.);
#1806=VECTOR('',#6073,10.);
#1807=VECTOR('',#6074,10.);
#1808=VECTOR('',#6075,10.);
#1809=VECTOR('',#6076,10.);
#1810=VECTOR('',#6079,10.);
#1811=VECTOR('',#6080,10.);
#1812=VECTOR('',#6081,10.);
#1813=VECTOR('',#6086,10.);
#1814=VECTOR('',#6089,10.);
#1815=VECTOR('',#6092,10.);
#1816=VECTOR('',#6093,10.);
#1817=VECTOR('',#6094,10.);
#1818=VECTOR('',#6095,10.);
#1819=VECTOR('',#6096,10.);
#1820=VECTOR('',#6097,10.);
#1821=VECTOR('',#6098,10.);
#1822=VECTOR('',#6099,10.);
#1823=VECTOR('',#6100,10.);
#1824=VECTOR('',#6103,10.);
#1825=VECTOR('',#6104,10.);
#1826=VECTOR('',#6107,10.);
#1827=VECTOR('',#6110,10.);
#1828=VECTOR('',#6111,10.);
#1829=VECTOR('',#6114,10.);
#1830=VECTOR('',#6117,10.);
#1831=VECTOR('',#6118,10.);
#1832=VECTOR('',#6121,10.);
#1833=VECTOR('',#6124,10.);
#1834=VECTOR('',#6125,10.);
#1835=VECTOR('',#6128,10.);
#1836=VECTOR('',#6129,10.);
#1837=VECTOR('',#6134,10.);
#1838=VECTOR('',#6135,10.);
#1839=VECTOR('',#6138,10.);
#1840=VECTOR('',#6139,10.);
#1841=VECTOR('',#6140,10.);
#1842=VECTOR('',#6141,10.);
#1843=VECTOR('',#6142,10.);
#1844=VECTOR('',#6143,10.);
#1845=VECTOR('',#6144,10.);
#1846=VECTOR('',#6145,10.);
#1847=VECTOR('',#6150,10.);
#1848=VECTOR('',#6155,10.);
#1849=VECTOR('',#6156,10.);
#1850=VECTOR('',#6159,10.);
#1851=VECTOR('',#6160,10.);
#1852=VECTOR('',#6165,10.);
#1853=VECTOR('',#6166,10.);
#1854=VECTOR('',#6169,10.);
#1855=VECTOR('',#6170,10.);
#1856=VECTOR('',#6171,10.);
#1857=VECTOR('',#6172,10.);
#1858=VECTOR('',#6173,10.);
#1859=VECTOR('',#6174,10.);
#1860=VECTOR('',#6175,10.);
#1861=VECTOR('',#6176,10.);
#1862=VECTOR('',#6177,10.);
#1863=VECTOR('',#6178,10.);
#1864=VECTOR('',#6179,10.);
#1865=VECTOR('',#6180,10.);
#1866=VECTOR('',#6181,10.);
#1867=VECTOR('',#6186,10.);
#1868=VECTOR('',#6187,10.);
#1869=VECTOR('',#6190,10.);
#1870=VECTOR('',#6193,10.);
#1871=VECTOR('',#6196,10.);
#1872=VECTOR('',#6203,10.);
#1873=VECTOR('',#6204,10.);
#1874=VECTOR('',#6207,10.);
#1875=VECTOR('',#6210,10.);
#1876=VECTOR('',#6213,10.);
#1877=VECTOR('',#6216,10.);
#1878=VECTOR('',#6217,10.);
#1879=VECTOR('',#6218,10.);
#1880=VECTOR('',#6219,10.);
#1881=VECTOR('',#6220,10.);
#1882=VECTOR('',#6225,10.);
#1883=VECTOR('',#6232,10.);
#1884=VECTOR('',#6235,10.);
#1885=VECTOR('',#6238,10.);
#1886=VECTOR('',#6239,10.);
#1887=VECTOR('',#6244,10.);
#1888=VECTOR('',#6249,10.);
#1889=VECTOR('',#6252,10.);
#1890=VECTOR('',#6257,10.);
#1891=VECTOR('',#6258,10.);
#1892=VECTOR('',#6261,10.);
#1893=VECTOR('',#6262,10.);
#1894=VECTOR('',#6265,10.);
#1895=VECTOR('',#6268,10.);
#1896=VECTOR('',#6269,10.);
#1897=VECTOR('',#6270,10.);
#1898=VECTOR('',#6271,10.);
#1899=VECTOR('',#6276,10.);
#1900=VECTOR('',#6283,10.);
#1901=VECTOR('',#6286,10.);
#1902=VECTOR('',#6289,10.);
#1903=VECTOR('',#6290,10.);
#1904=VECTOR('',#6295,10.);
#1905=VECTOR('',#6300,10.);
#1906=VECTOR('',#6303,10.);
#1907=VECTOR('',#6308,10.);
#1908=VECTOR('',#6309,10.);
#1909=VECTOR('',#6312,10.);
#1910=VECTOR('',#6315,10.);
#1911=VECTOR('',#6318,10.);
#1912=VECTOR('',#6321,10.);
#1913=VECTOR('',#6322,10.);
#1914=VECTOR('',#6323,10.);
#1915=VECTOR('',#6324,10.);
#1916=VECTOR('',#6325,10.);
#1917=VECTOR('',#6326,10.);
#1918=VECTOR('',#6327,10.);
#1919=VECTOR('',#6332,10.);
#1920=VECTOR('',#6335,10.);
#1921=VECTOR('',#6338,10.);
#1922=VECTOR('',#6339,10.);
#1923=VECTOR('',#6340,10.);
#1924=VECTOR('',#6343,10.);
#1925=VECTOR('',#6346,10.);
#1926=VECTOR('',#6349,10.);
#1927=VECTOR('',#6356,10.);
#1928=VECTOR('',#6359,10.);
#1929=VECTOR('',#6362,10.);
#1930=VECTOR('',#6365,10.);
#1931=VECTOR('',#6368,10.);
#1932=VECTOR('',#6369,10.);
#1933=VECTOR('',#6370,10.);
#1934=VECTOR('',#6371,10.);
#1935=VECTOR('',#6372,10.);
#1936=VECTOR('',#6373,10.);
#1937=VECTOR('',#6374,10.);
#1938=VECTOR('',#6375,10.);
#1939=VECTOR('',#6380,10.);
#1940=VECTOR('',#6387,10.);
#1941=VECTOR('',#6392,10.);
#1942=VECTOR('',#6397,10.);
#1943=VECTOR('',#6402,10.);
#1944=VECTOR('',#6405,10.);
#1945=VECTOR('',#6408,10.);
#1946=VECTOR('',#6411,10.);
#1947=VECTOR('',#6416,10.);
#1948=VECTOR('',#6419,10.);
#1949=VECTOR('',#6422,10.);
#1950=VECTOR('',#6427,10.);
#1951=VECTOR('',#6434,10.);
#1952=VECTOR('',#6441,10.);
#1953=VECTOR('',#6444,10.);
#1954=VECTOR('',#6447,10.);
#1955=VECTOR('',#6450,10.);
#1956=VECTOR('',#6451,10.);
#1957=VECTOR('',#6454,10.);
#1958=VECTOR('',#6455,10.);
#1959=VECTOR('',#6460,10.);
#1960=VECTOR('',#6463,10.);
#1961=VECTOR('',#6470,10.);
#1962=VECTOR('',#6481,10.);
#1963=VECTOR('',#6482,10.);
#1964=VECTOR('',#6483,10.);
#1965=VECTOR('',#6496,10.);
#1966=VECTOR('',#6499,10.);
#1967=VECTOR('',#6504,10.);
#1968=VECTOR('',#6511,10.);
#1969=VECTOR('',#6520,10.);
#1970=VERTEX_POINT('',#6537);
#1971=VERTEX_POINT('',#6538);
#1972=VERTEX_POINT('',#6540);
#1973=VERTEX_POINT('',#6546);
#1974=VERTEX_POINT('',#6552);
#1975=VERTEX_POINT('',#6554);
#1976=VERTEX_POINT('',#6560);
#1977=VERTEX_POINT('',#6562);
#1978=VERTEX_POINT('',#6566);
#1979=VERTEX_POINT('',#6568);
#1980=VERTEX_POINT('',#6581);
#1981=VERTEX_POINT('',#6598);
#1982=VERTEX_POINT('',#6606);
#1983=VERTEX_POINT('',#6619);
#1984=VERTEX_POINT('',#6627);
#1985=VERTEX_POINT('',#6631);
#1986=VERTEX_POINT('',#6637);
#1987=VERTEX_POINT('',#6638);
#1988=VERTEX_POINT('',#6640);
#1989=VERTEX_POINT('',#6642);
#1990=VERTEX_POINT('',#6644);
#1991=VERTEX_POINT('',#6646);
#1992=VERTEX_POINT('',#6648);
#1993=VERTEX_POINT('',#6650);
#1994=VERTEX_POINT('',#6654);
#1995=VERTEX_POINT('',#6656);
#1996=VERTEX_POINT('',#6660);
#1997=VERTEX_POINT('',#6664);
#1998=VERTEX_POINT('',#6668);
#1999=VERTEX_POINT('',#6672);
#2000=VERTEX_POINT('',#6676);
#2001=VERTEX_POINT('',#6680);
#2002=VERTEX_POINT('',#6686);
#2003=VERTEX_POINT('',#6687);
#2004=VERTEX_POINT('',#6689);
#2005=VERTEX_POINT('',#6691);
#2006=VERTEX_POINT('',#6697);
#2007=VERTEX_POINT('',#6703);
#2008=VERTEX_POINT('',#6709);
#2009=VERTEX_POINT('',#6715);
#2010=VERTEX_POINT('',#6721);
#2011=VERTEX_POINT('',#6727);
#2012=VERTEX_POINT('',#6729);
#2013=VERTEX_POINT('',#6731);
#2014=VERTEX_POINT('',#6733);
#2015=VERTEX_POINT('',#6739);
#2016=VERTEX_POINT('',#6745);
#2017=VERTEX_POINT('',#6751);
#2018=VERTEX_POINT('',#6757);
#2019=VERTEX_POINT('',#6763);
#2020=VERTEX_POINT('',#6765);
#2021=VERTEX_POINT('',#6767);
#2022=VERTEX_POINT('',#6769);
#2023=VERTEX_POINT('',#6775);
#2024=VERTEX_POINT('',#6781);
#2025=VERTEX_POINT('',#6787);
#2026=VERTEX_POINT('',#6793);
#2027=VERTEX_POINT('',#6799);
#2028=VERTEX_POINT('',#6805);
#2029=VERTEX_POINT('',#6811);
#2030=VERTEX_POINT('',#6817);
#2031=VERTEX_POINT('',#6819);
#2032=VERTEX_POINT('',#6823);
#2033=VERTEX_POINT('',#6825);
#2034=VERTEX_POINT('',#6829);
#2035=VERTEX_POINT('',#6842);
#2036=VERTEX_POINT('',#6859);
#2037=VERTEX_POINT('',#6876);
#2038=VERTEX_POINT('',#6893);
#2039=VERTEX_POINT('',#6910);
#2040=VERTEX_POINT('',#6927);
#2041=VERTEX_POINT('',#6935);
#2042=VERTEX_POINT('',#6939);
#2043=VERTEX_POINT('',#6943);
#2044=VERTEX_POINT('',#6956);
#2045=VERTEX_POINT('',#6973);
#2046=VERTEX_POINT('',#6990);
#2047=VERTEX_POINT('',#7007);
#2048=VERTEX_POINT('',#7024);
#2049=VERTEX_POINT('',#7032);
#2050=VERTEX_POINT('',#7036);
#2051=VERTEX_POINT('',#7040);
#2052=VERTEX_POINT('',#7053);
#2053=VERTEX_POINT('',#7070);
#2054=VERTEX_POINT('',#7087);
#2055=VERTEX_POINT('',#7104);
#2056=VERTEX_POINT('',#7121);
#2057=VERTEX_POINT('',#7138);
#2058=VERTEX_POINT('',#7155);
#2059=VERTEX_POINT('',#7172);
#2060=VERTEX_POINT('',#7180);
#2061=VERTEX_POINT('',#7184);
#2062=VERTEX_POINT('',#7190);
#2063=VERTEX_POINT('',#7191);
#2064=VERTEX_POINT('',#7193);
#2065=VERTEX_POINT('',#7199);
#2066=VERTEX_POINT('',#7205);
#2067=VERTEX_POINT('',#7207);
#2068=VERTEX_POINT('',#7213);
#2069=VERTEX_POINT('',#7215);
#2070=VERTEX_POINT('',#7219);
#2071=VERTEX_POINT('',#7221);
#2072=VERTEX_POINT('',#7234);
#2073=VERTEX_POINT('',#7251);
#2074=VERTEX_POINT('',#7259);
#2075=VERTEX_POINT('',#7272);
#2076=VERTEX_POINT('',#7280);
#2077=VERTEX_POINT('',#7284);
#2078=VERTEX_POINT('',#7290);
#2079=VERTEX_POINT('',#7291);
#2080=VERTEX_POINT('',#7293);
#2081=VERTEX_POINT('',#7295);
#2082=VERTEX_POINT('',#7301);
#2083=VERTEX_POINT('',#7307);
#2084=VERTEX_POINT('',#7313);
#2085=VERTEX_POINT('',#7319);
#2086=VERTEX_POINT('',#7325);
#2087=VERTEX_POINT('',#7331);
#2088=VERTEX_POINT('',#7333);
#2089=VERTEX_POINT('',#7335);
#2090=VERTEX_POINT('',#7337);
#2091=VERTEX_POINT('',#7343);
#2092=VERTEX_POINT('',#7349);
#2093=VERTEX_POINT('',#7355);
#2094=VERTEX_POINT('',#7361);
#2095=VERTEX_POINT('',#7367);
#2096=VERTEX_POINT('',#7369);
#2097=VERTEX_POINT('',#7371);
#2098=VERTEX_POINT('',#7373);
#2099=VERTEX_POINT('',#7379);
#2100=VERTEX_POINT('',#7385);
#2101=VERTEX_POINT('',#7391);
#2102=VERTEX_POINT('',#7397);
#2103=VERTEX_POINT('',#7403);
#2104=VERTEX_POINT('',#7409);
#2105=VERTEX_POINT('',#7415);
#2106=VERTEX_POINT('',#7421);
#2107=VERTEX_POINT('',#7423);
#2108=VERTEX_POINT('',#7427);
#2109=VERTEX_POINT('',#7429);
#2110=VERTEX_POINT('',#7433);
#2111=VERTEX_POINT('',#7446);
#2112=VERTEX_POINT('',#7463);
#2113=VERTEX_POINT('',#7480);
#2114=VERTEX_POINT('',#7497);
#2115=VERTEX_POINT('',#7514);
#2116=VERTEX_POINT('',#7531);
#2117=VERTEX_POINT('',#7539);
#2118=VERTEX_POINT('',#7543);
#2119=VERTEX_POINT('',#7547);
#2120=VERTEX_POINT('',#7560);
#2121=VERTEX_POINT('',#7577);
#2122=VERTEX_POINT('',#7594);
#2123=VERTEX_POINT('',#7611);
#2124=VERTEX_POINT('',#7628);
#2125=VERTEX_POINT('',#7636);
#2126=VERTEX_POINT('',#7640);
#2127=VERTEX_POINT('',#7644);
#2128=VERTEX_POINT('',#7657);
#2129=VERTEX_POINT('',#7674);
#2130=VERTEX_POINT('',#7691);
#2131=VERTEX_POINT('',#7708);
#2132=VERTEX_POINT('',#7725);
#2133=VERTEX_POINT('',#7742);
#2134=VERTEX_POINT('',#7759);
#2135=VERTEX_POINT('',#7776);
#2136=VERTEX_POINT('',#7784);
#2137=VERTEX_POINT('',#7788);
#2138=VERTEX_POINT('',#7794);
#2139=VERTEX_POINT('',#7795);
#2140=VERTEX_POINT('',#7797);
#2141=VERTEX_POINT('',#7799);
#2142=VERTEX_POINT('',#7801);
#2143=VERTEX_POINT('',#7803);
#2144=VERTEX_POINT('',#7805);
#2145=VERTEX_POINT('',#7807);
#2146=VERTEX_POINT('',#7811);
#2147=VERTEX_POINT('',#7813);
#2148=VERTEX_POINT('',#7817);
#2149=VERTEX_POINT('',#7821);
#2150=VERTEX_POINT('',#7825);
#2151=VERTEX_POINT('',#7829);
#2152=VERTEX_POINT('',#7833);
#2153=VERTEX_POINT('',#7837);
#2154=VERTEX_POINT('',#7843);
#2155=VERTEX_POINT('',#7844);
#2156=VERTEX_POINT('',#7850);
#2157=VERTEX_POINT('',#7856);
#2158=VERTEX_POINT('',#7862);
#2159=VERTEX_POINT('',#7868);
#2160=VERTEX_POINT('',#7874);
#2161=VERTEX_POINT('',#7880);
#2162=VERTEX_POINT('',#7882);
#2163=VERTEX_POINT('',#7884);
#2164=VERTEX_POINT('',#7886);
#2165=VERTEX_POINT('',#7888);
#2166=VERTEX_POINT('',#7890);
#2167=VERTEX_POINT('',#7892);
#2168=VERTEX_POINT('',#7898);
#2169=VERTEX_POINT('',#7904);
#2170=VERTEX_POINT('',#7910);
#2171=VERTEX_POINT('',#7916);
#2172=VERTEX_POINT('',#7922);
#2173=VERTEX_POINT('',#7928);
#2174=VERTEX_POINT('',#7934);
#2175=VERTEX_POINT('',#7951);
#2176=VERTEX_POINT('',#7953);
#2177=VERTEX_POINT('',#7970);
#2178=VERTEX_POINT('',#7987);
#2179=VERTEX_POINT('',#8004);
#2180=VERTEX_POINT('',#8021);
#2181=VERTEX_POINT('',#8038);
#2182=VERTEX_POINT('',#8046);
#2183=VERTEX_POINT('',#8050);
#2184=VERTEX_POINT('',#8054);
#2185=VERTEX_POINT('',#8058);
#2186=VERTEX_POINT('',#8062);
#2187=VERTEX_POINT('',#8066);
#2188=VERTEX_POINT('',#8079);
#2189=VERTEX_POINT('',#8096);
#2190=VERTEX_POINT('',#8113);
#2191=VERTEX_POINT('',#8130);
#2192=VERTEX_POINT('',#8147);
#2193=VERTEX_POINT('',#8164);
#2194=VERTEX_POINT('',#8181);
#2195=VERTEX_POINT('',#8189);
#2196=VERTEX_POINT('',#8208);
#2197=VERTEX_POINT('',#8209);
#2198=VERTEX_POINT('',#8211);
#2199=VERTEX_POINT('',#8213);
#2200=VERTEX_POINT('',#8217);
#2201=VERTEX_POINT('',#8219);
#2202=VERTEX_POINT('',#8223);
#2203=VERTEX_POINT('',#8227);
#2204=VERTEX_POINT('',#8233);
#2205=VERTEX_POINT('',#8234);
#2206=VERTEX_POINT('',#8236);
#2207=VERTEX_POINT('',#8238);
#2208=VERTEX_POINT('',#8242);
#2209=VERTEX_POINT('',#8244);
#2210=VERTEX_POINT('',#8248);
#2211=VERTEX_POINT('',#8250);
#2212=VERTEX_POINT('',#8254);
#2213=VERTEX_POINT('',#8256);
#2214=VERTEX_POINT('',#8260);
#2215=VERTEX_POINT('',#8262);
#2216=VERTEX_POINT('',#8266);
#2217=VERTEX_POINT('',#8268);
#2218=VERTEX_POINT('',#8272);
#2219=VERTEX_POINT('',#8274);
#2220=VERTEX_POINT('',#8278);
#2221=VERTEX_POINT('',#8280);
#2222=VERTEX_POINT('',#8284);
#2223=VERTEX_POINT('',#8286);
#2224=VERTEX_POINT('',#8290);
#2225=VERTEX_POINT('',#8292);
#2226=VERTEX_POINT('',#8296);
#2227=VERTEX_POINT('',#8298);
#2228=VERTEX_POINT('',#8306);
#2229=VERTEX_POINT('',#8307);
#2230=VERTEX_POINT('',#8309);
#2231=VERTEX_POINT('',#8311);
#2232=VERTEX_POINT('',#8315);
#2233=VERTEX_POINT('',#8317);
#2234=VERTEX_POINT('',#8321);
#2235=VERTEX_POINT('',#8323);
#2236=VERTEX_POINT('',#8327);
#2237=VERTEX_POINT('',#8329);
#2238=VERTEX_POINT('',#8333);
#2239=VERTEX_POINT('',#8335);
#2240=VERTEX_POINT('',#8339);
#2241=VERTEX_POINT('',#8341);
#2242=VERTEX_POINT('',#8345);
#2243=VERTEX_POINT('',#8347);
#2244=VERTEX_POINT('',#8355);
#2245=VERTEX_POINT('',#8356);
#2246=VERTEX_POINT('',#8358);
#2247=VERTEX_POINT('',#8360);
#2248=VERTEX_POINT('',#8364);
#2249=VERTEX_POINT('',#8366);
#2250=VERTEX_POINT('',#8370);
#2251=VERTEX_POINT('',#8372);
#2252=VERTEX_POINT('',#8376);
#2253=VERTEX_POINT('',#8378);
#2254=VERTEX_POINT('',#8382);
#2255=VERTEX_POINT('',#8384);
#2256=VERTEX_POINT('',#8388);
#2257=VERTEX_POINT('',#8390);
#2258=VERTEX_POINT('',#8394);
#2259=VERTEX_POINT('',#8396);
#2260=VERTEX_POINT('',#8404);
#2261=VERTEX_POINT('',#8405);
#2262=VERTEX_POINT('',#8407);
#2263=VERTEX_POINT('',#8409);
#2264=VERTEX_POINT('',#8413);
#2265=VERTEX_POINT('',#8415);
#2266=VERTEX_POINT('',#8419);
#2267=VERTEX_POINT('',#8421);
#2268=VERTEX_POINT('',#8425);
#2269=VERTEX_POINT('',#8427);
#2270=VERTEX_POINT('',#8431);
#2271=VERTEX_POINT('',#8433);
#2272=VERTEX_POINT('',#8437);
#2273=VERTEX_POINT('',#8439);
#2274=VERTEX_POINT('',#8443);
#2275=VERTEX_POINT('',#8445);
#2276=VERTEX_POINT('',#8453);
#2277=VERTEX_POINT('',#8454);
#2278=VERTEX_POINT('',#8456);
#2279=VERTEX_POINT('',#8458);
#2280=VERTEX_POINT('',#8462);
#2281=VERTEX_POINT('',#8464);
#2282=VERTEX_POINT('',#8468);
#2283=VERTEX_POINT('',#8470);
#2284=VERTEX_POINT('',#8474);
#2285=VERTEX_POINT('',#8476);
#2286=VERTEX_POINT('',#8480);
#2287=VERTEX_POINT('',#8482);
#2288=VERTEX_POINT('',#8486);
#2289=VERTEX_POINT('',#8488);
#2290=VERTEX_POINT('',#8492);
#2291=VERTEX_POINT('',#8494);
#2292=VERTEX_POINT('',#8502);
#2293=VERTEX_POINT('',#8503);
#2294=VERTEX_POINT('',#8505);
#2295=VERTEX_POINT('',#8507);
#2296=VERTEX_POINT('',#8511);
#2297=VERTEX_POINT('',#8513);
#2298=VERTEX_POINT('',#8517);
#2299=VERTEX_POINT('',#8519);
#2300=VERTEX_POINT('',#8523);
#2301=VERTEX_POINT('',#8525);
#2302=VERTEX_POINT('',#8529);
#2303=VERTEX_POINT('',#8531);
#2304=VERTEX_POINT('',#8535);
#2305=VERTEX_POINT('',#8537);
#2306=VERTEX_POINT('',#8541);
#2307=VERTEX_POINT('',#8543);
#2308=VERTEX_POINT('',#8547);
#2309=VERTEX_POINT('',#8549);
#2310=VERTEX_POINT('',#8557);
#2311=VERTEX_POINT('',#8558);
#2312=VERTEX_POINT('',#8560);
#2313=VERTEX_POINT('',#8562);
#2314=VERTEX_POINT('',#8566);
#2315=VERTEX_POINT('',#8567);
#2316=VERTEX_POINT('',#8572);
#2317=VERTEX_POINT('',#8573);
#2318=VERTEX_POINT('',#8575);
#2319=VERTEX_POINT('',#8577);
#2320=VERTEX_POINT('',#8581);
#2321=VERTEX_POINT('',#8583);
#2322=VERTEX_POINT('',#8585);
#2323=VERTEX_POINT('',#8587);
#2324=VERTEX_POINT('',#8589);
#2325=VERTEX_POINT('',#8591);
#2326=VERTEX_POINT('',#8593);
#2327=VERTEX_POINT('',#8595);
#2328=VERTEX_POINT('',#8599);
#2329=VERTEX_POINT('',#8601);
#2330=VERTEX_POINT('',#8603);
#2331=VERTEX_POINT('',#8605);
#2332=VERTEX_POINT('',#8607);
#2333=VERTEX_POINT('',#8609);
#2334=VERTEX_POINT('',#8611);
#2335=VERTEX_POINT('',#8613);
#2336=VERTEX_POINT('',#8615);
#2337=VERTEX_POINT('',#8617);
#2338=VERTEX_POINT('',#8619);
#2339=VERTEX_POINT('',#8621);
#2340=VERTEX_POINT('',#8623);
#2341=VERTEX_POINT('',#8625);
#2342=VERTEX_POINT('',#8627);
#2343=VERTEX_POINT('',#8629);
#2344=VERTEX_POINT('',#8631);
#2345=VERTEX_POINT('',#8634);
#2346=VERTEX_POINT('',#8638);
#2347=VERTEX_POINT('',#8639);
#2348=VERTEX_POINT('',#8644);
#2349=VERTEX_POINT('',#8646);
#2350=VERTEX_POINT('',#8648);
#2351=VERTEX_POINT('',#8650);
#2352=VERTEX_POINT('',#8652);
#2353=VERTEX_POINT('',#8654);
#2354=VERTEX_POINT('',#8656);
#2355=VERTEX_POINT('',#8660);
#2356=VERTEX_POINT('',#8664);
#2357=VERTEX_POINT('',#8665);
#2358=VERTEX_POINT('',#8670);
#2359=VERTEX_POINT('',#8674);
#2360=VERTEX_POINT('',#8675);
#2361=VERTEX_POINT('',#8680);
#2362=VERTEX_POINT('',#8682);
#2363=VERTEX_POINT('',#8684);
#2364=VERTEX_POINT('',#8687);
#2365=VERTEX_POINT('',#8689);
#2366=VERTEX_POINT('',#8691);
#2367=VERTEX_POINT('',#8693);
#2368=VERTEX_POINT('',#8695);
#2369=VERTEX_POINT('',#8697);
#2370=VERTEX_POINT('',#8699);
#2371=VERTEX_POINT('',#8701);
#2372=VERTEX_POINT('',#8705);
#2373=VERTEX_POINT('',#8706);
#2374=VERTEX_POINT('',#8712);
#2375=VERTEX_POINT('',#8714);
#2376=VERTEX_POINT('',#8716);
#2377=VERTEX_POINT('',#8721);
#2378=VERTEX_POINT('',#8722);
#2379=VERTEX_POINT('',#8727);
#2380=VERTEX_POINT('',#8729);
#2381=VERTEX_POINT('',#8731);
#2382=VERTEX_POINT('',#8736);
#2383=VERTEX_POINT('',#8738);
#2384=VERTEX_POINT('',#8740);
#2385=VERTEX_POINT('',#8742);
#2386=VERTEX_POINT('',#8746);
#2387=VERTEX_POINT('',#8748);
#2388=VERTEX_POINT('',#8752);
#2389=VERTEX_POINT('',#8753);
#2390=VERTEX_POINT('',#8755);
#2391=VERTEX_POINT('',#8757);
#2392=VERTEX_POINT('',#8764);
#2393=VERTEX_POINT('',#8766);
#2394=VERTEX_POINT('',#8770);
#2395=VERTEX_POINT('',#8772);
#2396=VERTEX_POINT('',#8776);
#2397=VERTEX_POINT('',#8777);
#2398=VERTEX_POINT('',#8783);
#2399=VERTEX_POINT('',#8785);
#2400=VERTEX_POINT('',#8789);
#2401=VERTEX_POINT('',#8791);
#2402=VERTEX_POINT('',#8793);
#2403=VERTEX_POINT('',#8797);
#2404=VERTEX_POINT('',#8799);
#2405=VERTEX_POINT('',#8803);
#2406=VERTEX_POINT('',#8804);
#2407=VERTEX_POINT('',#8806);
#2408=VERTEX_POINT('',#8808);
#2409=VERTEX_POINT('',#8815);
#2410=VERTEX_POINT('',#8817);
#2411=VERTEX_POINT('',#8821);
#2412=VERTEX_POINT('',#8823);
#2413=VERTEX_POINT('',#8827);
#2414=VERTEX_POINT('',#8828);
#2415=VERTEX_POINT('',#8833);
#2416=VERTEX_POINT('',#8835);
#2417=VERTEX_POINT('',#8837);
#2418=VERTEX_POINT('',#8842);
#2419=VERTEX_POINT('',#8844);
#2420=VERTEX_POINT('',#8846);
#2421=VERTEX_POINT('',#8848);
#2422=VERTEX_POINT('',#8851);
#2423=VERTEX_POINT('',#8855);
#2424=VERTEX_POINT('',#8856);
#2425=VERTEX_POINT('',#8858);
#2426=VERTEX_POINT('',#8860);
#2427=VERTEX_POINT('',#8864);
#2428=VERTEX_POINT('',#8866);
#2429=VERTEX_POINT('',#8870);
#2430=VERTEX_POINT('',#8872);
#2431=VERTEX_POINT('',#8874);
#2432=VERTEX_POINT('',#8876);
#2433=VERTEX_POINT('',#8878);
#2434=VERTEX_POINT('',#8882);
#2435=VERTEX_POINT('',#8886);
#2436=VERTEX_POINT('',#8888);
#2437=VERTEX_POINT('',#8890);
#2438=VERTEX_POINT('',#8892);
#2439=VERTEX_POINT('',#8896);
#2440=VERTEX_POINT('',#8898);
#2441=VERTEX_POINT('',#8900);
#2442=VERTEX_POINT('',#8902);
#2443=VERTEX_POINT('',#8904);
#2444=VERTEX_POINT('',#8907);
#2445=VERTEX_POINT('',#8911);
#2446=VERTEX_POINT('',#8913);
#2447=VERTEX_POINT('',#8917);
#2448=VERTEX_POINT('',#8919);
#2449=VERTEX_POINT('',#8922);
#2450=VERTEX_POINT('',#8926);
#2451=VERTEX_POINT('',#8930);
#2452=VERTEX_POINT('',#8932);
#2453=VERTEX_POINT('',#8941);
#2454=VERTEX_POINT('',#8945);
#2455=VERTEX_POINT('',#8947);
#2456=VERTEX_POINT('',#8952);
#2457=VERTEX_POINT('',#8956);
#2458=VERTEX_POINT('',#8958);
#2459=VERTEX_POINT('',#8962);
#2460=VERTEX_POINT('',#8973);
#2461=VERTEX_POINT('',#8977);
#2462=VERTEX_POINT('',#8981);
#2463=VERTEX_POINT('',#8985);
#2464=VERTEX_POINT('',#8994);
#2465=VERTEX_POINT('',#9002);
#2466=EDGE_CURVE('',#1970,#1971,#854,.T.);
#2467=EDGE_CURVE('',#1972,#1970,#738,.T.);
#2468=EDGE_CURVE('',#1973,#1972,#739,.T.);
#2469=EDGE_CURVE('',#1974,#1973,#855,.T.);
#2470=EDGE_CURVE('',#1975,#1974,#740,.T.);
#2471=EDGE_CURVE('',#1976,#1975,#856,.T.);
#2472=EDGE_CURVE('',#1977,#1976,#857,.T.);
#2473=EDGE_CURVE('',#1971,#1977,#858,.T.);
#2474=EDGE_CURVE('',#1971,#1978,#859,.T.);
#2475=EDGE_CURVE('',#1979,#1978,#860,.T.);
#2476=EDGE_CURVE('',#1970,#1979,#861,.T.);
#2477=EDGE_CURVE('',#1980,#1979,#741,.T.);
#2478=EDGE_CURVE('',#1972,#1980,#862,.T.);
#2479=EDGE_CURVE('',#1981,#1980,#742,.T.);
#2480=EDGE_CURVE('',#1973,#1981,#863,.T.);
#2481=EDGE_CURVE('',#1982,#1981,#864,.T.);
#2482=EDGE_CURVE('',#1974,#1982,#865,.T.);
#2483=EDGE_CURVE('',#1983,#1982,#743,.T.);
#2484=EDGE_CURVE('',#1975,#1983,#866,.T.);
#2485=EDGE_CURVE('',#1984,#1983,#867,.T.);
#2486=EDGE_CURVE('',#1976,#1984,#868,.T.);
#2487=EDGE_CURVE('',#1985,#1984,#869,.T.);
#2488=EDGE_CURVE('',#1977,#1985,#870,.T.);
#2489=EDGE_CURVE('',#1978,#1985,#871,.T.);
#2490=EDGE_CURVE('',#1986,#1987,#872,.T.);
#2491=EDGE_CURVE('',#1988,#1986,#873,.T.);
#2492=EDGE_CURVE('',#1989,#1988,#874,.T.);
#2493=EDGE_CURVE('',#1990,#1989,#875,.T.);
#2494=EDGE_CURVE('',#1991,#1990,#876,.T.);
#2495=EDGE_CURVE('',#1992,#1991,#877,.T.);
#2496=EDGE_CURVE('',#1993,#1992,#878,.T.);
#2497=EDGE_CURVE('',#1987,#1993,#879,.T.);
#2498=EDGE_CURVE('',#1987,#1994,#880,.T.);
#2499=EDGE_CURVE('',#1995,#1994,#881,.T.);
#2500=EDGE_CURVE('',#1986,#1995,#882,.T.);
#2501=EDGE_CURVE('',#1996,#1995,#883,.T.);
#2502=EDGE_CURVE('',#1988,#1996,#884,.T.);
#2503=EDGE_CURVE('',#1997,#1996,#885,.T.);
#2504=EDGE_CURVE('',#1989,#1997,#886,.T.);
#2505=EDGE_CURVE('',#1998,#1997,#887,.T.);
#2506=EDGE_CURVE('',#1990,#1998,#888,.T.);
#2507=EDGE_CURVE('',#1999,#1998,#889,.T.);
#2508=EDGE_CURVE('',#1991,#1999,#890,.T.);
#2509=EDGE_CURVE('',#2000,#1999,#891,.T.);
#2510=EDGE_CURVE('',#1992,#2000,#892,.T.);
#2511=EDGE_CURVE('',#2001,#2000,#893,.T.);
#2512=EDGE_CURVE('',#1993,#2001,#894,.T.);
#2513=EDGE_CURVE('',#1994,#2001,#895,.T.);
#2514=EDGE_CURVE('',#2002,#2003,#896,.T.);
#2515=EDGE_CURVE('',#2004,#2002,#897,.T.);
#2516=EDGE_CURVE('',#2005,#2004,#744,.T.);
#2517=EDGE_CURVE('',#2006,#2005,#745,.T.);
#2518=EDGE_CURVE('',#2007,#2006,#746,.T.);
#2519=EDGE_CURVE('',#2008,#2007,#747,.T.);
#2520=EDGE_CURVE('',#2009,#2008,#748,.T.);
#2521=EDGE_CURVE('',#2010,#2009,#749,.T.);
#2522=EDGE_CURVE('',#2011,#2010,#898,.T.);
#2523=EDGE_CURVE('',#2012,#2011,#899,.T.);
#2524=EDGE_CURVE('',#2013,#2012,#900,.T.);
#2525=EDGE_CURVE('',#2014,#2013,#750,.T.);
#2526=EDGE_CURVE('',#2015,#2014,#751,.T.);
#2527=EDGE_CURVE('',#2016,#2015,#752,.T.);
#2528=EDGE_CURVE('',#2017,#2016,#753,.T.);
#2529=EDGE_CURVE('',#2018,#2017,#754,.T.);
#2530=EDGE_CURVE('',#2019,#2018,#901,.T.);
#2531=EDGE_CURVE('',#2020,#2019,#902,.T.);
#2532=EDGE_CURVE('',#2021,#2020,#903,.T.);
#2533=EDGE_CURVE('',#2022,#2021,#755,.T.);
#2534=EDGE_CURVE('',#2023,#2022,#756,.T.);
#2535=EDGE_CURVE('',#2024,#2023,#757,.T.);
#2536=EDGE_CURVE('',#2025,#2024,#758,.T.);
#2537=EDGE_CURVE('',#2026,#2025,#759,.T.);
#2538=EDGE_CURVE('',#2027,#2026,#760,.T.);
#2539=EDGE_CURVE('',#2028,#2027,#761,.T.);
#2540=EDGE_CURVE('',#2029,#2028,#762,.T.);
#2541=EDGE_CURVE('',#2030,#2029,#904,.T.);
#2542=EDGE_CURVE('',#2031,#2030,#905,.T.);
#2543=EDGE_CURVE('',#2003,#2031,#906,.T.);
#2544=EDGE_CURVE('',#2003,#2032,#907,.T.);
#2545=EDGE_CURVE('',#2033,#2032,#908,.T.);
#2546=EDGE_CURVE('',#2002,#2033,#909,.T.);
#2547=EDGE_CURVE('',#2034,#2033,#910,.T.);
#2548=EDGE_CURVE('',#2004,#2034,#911,.T.);
#2549=EDGE_CURVE('',#2035,#2034,#763,.T.);
#2550=EDGE_CURVE('',#2005,#2035,#912,.T.);
#2551=EDGE_CURVE('',#2036,#2035,#764,.T.);
#2552=EDGE_CURVE('',#2006,#2036,#913,.T.);
#2553=EDGE_CURVE('',#2037,#2036,#765,.T.);
#2554=EDGE_CURVE('',#2007,#2037,#914,.T.);
#2555=EDGE_CURVE('',#2038,#2037,#766,.T.);
#2556=EDGE_CURVE('',#2008,#2038,#915,.T.);
#2557=EDGE_CURVE('',#2039,#2038,#767,.T.);
#2558=EDGE_CURVE('',#2009,#2039,#916,.T.);
#2559=EDGE_CURVE('',#2040,#2039,#768,.T.);
#2560=EDGE_CURVE('',#2010,#2040,#917,.T.);
#2561=EDGE_CURVE('',#2041,#2040,#918,.T.);
#2562=EDGE_CURVE('',#2011,#2041,#919,.T.);
#2563=EDGE_CURVE('',#2042,#2041,#920,.T.);
#2564=EDGE_CURVE('',#2012,#2042,#921,.T.);
#2565=EDGE_CURVE('',#2043,#2042,#922,.T.);
#2566=EDGE_CURVE('',#2013,#2043,#923,.T.);
#2567=EDGE_CURVE('',#2044,#2043,#769,.T.);
#2568=EDGE_CURVE('',#2014,#2044,#924,.T.);
#2569=EDGE_CURVE('',#2045,#2044,#770,.T.);
#2570=EDGE_CURVE('',#2015,#2045,#925,.T.);
#2571=EDGE_CURVE('',#2046,#2045,#771,.T.);
#2572=EDGE_CURVE('',#2016,#2046,#926,.T.);
#2573=EDGE_CURVE('',#2047,#2046,#772,.T.);
#2574=EDGE_CURVE('',#2017,#2047,#927,.T.);
#2575=EDGE_CURVE('',#2048,#2047,#773,.T.);
#2576=EDGE_CURVE('',#2018,#2048,#928,.T.);
#2577=EDGE_CURVE('',#2049,#2048,#929,.T.);
#2578=EDGE_CURVE('',#2019,#2049,#930,.T.);
#2579=EDGE_CURVE('',#2050,#2049,#931,.T.);
#2580=EDGE_CURVE('',#2020,#2050,#932,.T.);
#2581=EDGE_CURVE('',#2051,#2050,#933,.T.);
#2582=EDGE_CURVE('',#2021,#2051,#934,.T.);
#2583=EDGE_CURVE('',#2052,#2051,#774,.T.);
#2584=EDGE_CURVE('',#2022,#2052,#935,.T.);
#2585=EDGE_CURVE('',#2053,#2052,#775,.T.);
#2586=EDGE_CURVE('',#2023,#2053,#936,.T.);
#2587=EDGE_CURVE('',#2054,#2053,#776,.T.);
#2588=EDGE_CURVE('',#2024,#2054,#937,.T.);
#2589=EDGE_CURVE('',#2055,#2054,#777,.T.);
#2590=EDGE_CURVE('',#2025,#2055,#938,.T.);
#2591=EDGE_CURVE('',#2056,#2055,#778,.T.);
#2592=EDGE_CURVE('',#2026,#2056,#939,.T.);
#2593=EDGE_CURVE('',#2057,#2056,#779,.T.);
#2594=EDGE_CURVE('',#2027,#2057,#940,.T.);
#2595=EDGE_CURVE('',#2058,#2057,#780,.T.);
#2596=EDGE_CURVE('',#2028,#2058,#941,.T.);
#2597=EDGE_CURVE('',#2059,#2058,#781,.T.);
#2598=EDGE_CURVE('',#2029,#2059,#942,.T.);
#2599=EDGE_CURVE('',#2060,#2059,#943,.T.);
#2600=EDGE_CURVE('',#2030,#2060,#944,.T.);
#2601=EDGE_CURVE('',#2061,#2060,#945,.T.);
#2602=EDGE_CURVE('',#2031,#2061,#946,.T.);
#2603=EDGE_CURVE('',#2032,#2061,#947,.T.);
#2604=EDGE_CURVE('',#2062,#2063,#948,.T.);
#2605=EDGE_CURVE('',#2064,#2062,#782,.T.);
#2606=EDGE_CURVE('',#2065,#2064,#783,.T.);
#2607=EDGE_CURVE('',#2066,#2065,#949,.T.);
#2608=EDGE_CURVE('',#2067,#2066,#784,.T.);
#2609=EDGE_CURVE('',#2068,#2067,#950,.T.);
#2610=EDGE_CURVE('',#2069,#2068,#951,.T.);
#2611=EDGE_CURVE('',#2063,#2069,#952,.T.);
#2612=EDGE_CURVE('',#2063,#2070,#953,.T.);
#2613=EDGE_CURVE('',#2071,#2070,#954,.T.);
#2614=EDGE_CURVE('',#2062,#2071,#955,.T.);
#2615=EDGE_CURVE('',#2072,#2071,#785,.T.);
#2616=EDGE_CURVE('',#2064,#2072,#956,.T.);
#2617=EDGE_CURVE('',#2073,#2072,#786,.T.);
#2618=EDGE_CURVE('',#2065,#2073,#957,.T.);
#2619=EDGE_CURVE('',#2074,#2073,#958,.T.);
#2620=EDGE_CURVE('',#2066,#2074,#959,.T.);
#2621=EDGE_CURVE('',#2075,#2074,#787,.T.);
#2622=EDGE_CURVE('',#2067,#2075,#960,.T.);
#2623=EDGE_CURVE('',#2076,#2075,#961,.T.);
#2624=EDGE_CURVE('',#2068,#2076,#962,.T.);
#2625=EDGE_CURVE('',#2077,#2076,#963,.T.);
#2626=EDGE_CURVE('',#2069,#2077,#964,.T.);
#2627=EDGE_CURVE('',#2070,#2077,#965,.T.);
#2628=EDGE_CURVE('',#2078,#2079,#966,.T.);
#2629=EDGE_CURVE('',#2080,#2078,#967,.T.);
#2630=EDGE_CURVE('',#2081,#2080,#788,.T.);
#2631=EDGE_CURVE('',#2082,#2081,#789,.T.);
#2632=EDGE_CURVE('',#2083,#2082,#790,.T.);
#2633=EDGE_CURVE('',#2084,#2083,#791,.T.);
#2634=EDGE_CURVE('',#2085,#2084,#792,.T.);
#2635=EDGE_CURVE('',#2086,#2085,#793,.T.);
#2636=EDGE_CURVE('',#2087,#2086,#968,.T.);
#2637=EDGE_CURVE('',#2088,#2087,#969,.T.);
#2638=EDGE_CURVE('',#2089,#2088,#970,.T.);
#2639=EDGE_CURVE('',#2090,#2089,#794,.T.);
#2640=EDGE_CURVE('',#2091,#2090,#795,.T.);
#2641=EDGE_CURVE('',#2092,#2091,#796,.T.);
#2642=EDGE_CURVE('',#2093,#2092,#797,.T.);
#2643=EDGE_CURVE('',#2094,#2093,#798,.T.);
#2644=EDGE_CURVE('',#2095,#2094,#971,.T.);
#2645=EDGE_CURVE('',#2096,#2095,#972,.T.);
#2646=EDGE_CURVE('',#2097,#2096,#973,.T.);
#2647=EDGE_CURVE('',#2098,#2097,#799,.T.);
#2648=EDGE_CURVE('',#2099,#2098,#800,.T.);
#2649=EDGE_CURVE('',#2100,#2099,#801,.T.);
#2650=EDGE_CURVE('',#2101,#2100,#802,.T.);
#2651=EDGE_CURVE('',#2102,#2101,#803,.T.);
#2652=EDGE_CURVE('',#2103,#2102,#804,.T.);
#2653=EDGE_CURVE('',#2104,#2103,#805,.T.);
#2654=EDGE_CURVE('',#2105,#2104,#806,.T.);
#2655=EDGE_CURVE('',#2106,#2105,#974,.T.);
#2656=EDGE_CURVE('',#2107,#2106,#975,.T.);
#2657=EDGE_CURVE('',#2079,#2107,#976,.T.);
#2658=EDGE_CURVE('',#2079,#2108,#977,.T.);
#2659=EDGE_CURVE('',#2109,#2108,#978,.T.);
#2660=EDGE_CURVE('',#2078,#2109,#979,.T.);
#2661=EDGE_CURVE('',#2110,#2109,#980,.T.);
#2662=EDGE_CURVE('',#2080,#2110,#981,.T.);
#2663=EDGE_CURVE('',#2111,#2110,#807,.T.);
#2664=EDGE_CURVE('',#2081,#2111,#982,.T.);
#2665=EDGE_CURVE('',#2112,#2111,#808,.T.);
#2666=EDGE_CURVE('',#2082,#2112,#983,.T.);
#2667=EDGE_CURVE('',#2113,#2112,#809,.T.);
#2668=EDGE_CURVE('',#2083,#2113,#984,.T.);
#2669=EDGE_CURVE('',#2114,#2113,#810,.T.);
#2670=EDGE_CURVE('',#2084,#2114,#985,.T.);
#2671=EDGE_CURVE('',#2115,#2114,#811,.T.);
#2672=EDGE_CURVE('',#2085,#2115,#986,.T.);
#2673=EDGE_CURVE('',#2116,#2115,#812,.T.);
#2674=EDGE_CURVE('',#2086,#2116,#987,.T.);
#2675=EDGE_CURVE('',#2117,#2116,#988,.T.);
#2676=EDGE_CURVE('',#2087,#2117,#989,.T.);
#2677=EDGE_CURVE('',#2118,#2117,#990,.T.);
#2678=EDGE_CURVE('',#2088,#2118,#991,.T.);
#2679=EDGE_CURVE('',#2119,#2118,#992,.T.);
#2680=EDGE_CURVE('',#2089,#2119,#993,.T.);
#2681=EDGE_CURVE('',#2120,#2119,#813,.T.);
#2682=EDGE_CURVE('',#2090,#2120,#994,.T.);
#2683=EDGE_CURVE('',#2121,#2120,#814,.T.);
#2684=EDGE_CURVE('',#2091,#2121,#995,.T.);
#2685=EDGE_CURVE('',#2122,#2121,#815,.T.);
#2686=EDGE_CURVE('',#2092,#2122,#996,.T.);
#2687=EDGE_CURVE('',#2123,#2122,#816,.T.);
#2688=EDGE_CURVE('',#2093,#2123,#997,.T.);
#2689=EDGE_CURVE('',#2124,#2123,#817,.T.);
#2690=EDGE_CURVE('',#2094,#2124,#998,.T.);
#2691=EDGE_CURVE('',#2125,#2124,#999,.T.);
#2692=EDGE_CURVE('',#2095,#2125,#1000,.T.);
#2693=EDGE_CURVE('',#2126,#2125,#1001,.T.);
#2694=EDGE_CURVE('',#2096,#2126,#1002,.T.);
#2695=EDGE_CURVE('',#2127,#2126,#1003,.T.);
#2696=EDGE_CURVE('',#2097,#2127,#1004,.T.);
#2697=EDGE_CURVE('',#2128,#2127,#818,.T.);
#2698=EDGE_CURVE('',#2098,#2128,#1005,.T.);
#2699=EDGE_CURVE('',#2129,#2128,#819,.T.);
#2700=EDGE_CURVE('',#2099,#2129,#1006,.T.);
#2701=EDGE_CURVE('',#2130,#2129,#820,.T.);
#2702=EDGE_CURVE('',#2100,#2130,#1007,.T.);
#2703=EDGE_CURVE('',#2131,#2130,#821,.T.);
#2704=EDGE_CURVE('',#2101,#2131,#1008,.T.);
#2705=EDGE_CURVE('',#2132,#2131,#822,.T.);
#2706=EDGE_CURVE('',#2102,#2132,#1009,.T.);
#2707=EDGE_CURVE('',#2133,#2132,#823,.T.);
#2708=EDGE_CURVE('',#2103,#2133,#1010,.T.);
#2709=EDGE_CURVE('',#2134,#2133,#824,.T.);
#2710=EDGE_CURVE('',#2104,#2134,#1011,.T.);
#2711=EDGE_CURVE('',#2135,#2134,#825,.T.);
#2712=EDGE_CURVE('',#2105,#2135,#1012,.T.);
#2713=EDGE_CURVE('',#2136,#2135,#1013,.T.);
#2714=EDGE_CURVE('',#2106,#2136,#1014,.T.);
#2715=EDGE_CURVE('',#2137,#2136,#1015,.T.);
#2716=EDGE_CURVE('',#2107,#2137,#1016,.T.);
#2717=EDGE_CURVE('',#2108,#2137,#1017,.T.);
#2718=EDGE_CURVE('',#2138,#2139,#1018,.T.);
#2719=EDGE_CURVE('',#2140,#2138,#1019,.T.);
#2720=EDGE_CURVE('',#2141,#2140,#1020,.T.);
#2721=EDGE_CURVE('',#2142,#2141,#1021,.T.);
#2722=EDGE_CURVE('',#2143,#2142,#1022,.T.);
#2723=EDGE_CURVE('',#2144,#2143,#1023,.T.);
#2724=EDGE_CURVE('',#2145,#2144,#1024,.T.);
#2725=EDGE_CURVE('',#2139,#2145,#1025,.T.);
#2726=EDGE_CURVE('',#2139,#2146,#1026,.T.);
#2727=EDGE_CURVE('',#2147,#2146,#1027,.T.);
#2728=EDGE_CURVE('',#2138,#2147,#1028,.T.);
#2729=EDGE_CURVE('',#2148,#2147,#1029,.T.);
#2730=EDGE_CURVE('',#2140,#2148,#1030,.T.);
#2731=EDGE_CURVE('',#2149,#2148,#1031,.T.);
#2732=EDGE_CURVE('',#2141,#2149,#1032,.T.);
#2733=EDGE_CURVE('',#2150,#2149,#1033,.T.);
#2734=EDGE_CURVE('',#2142,#2150,#1034,.T.);
#2735=EDGE_CURVE('',#2151,#2150,#1035,.T.);
#2736=EDGE_CURVE('',#2143,#2151,#1036,.T.);
#2737=EDGE_CURVE('',#2152,#2151,#1037,.T.);
#2738=EDGE_CURVE('',#2144,#2152,#1038,.T.);
#2739=EDGE_CURVE('',#2153,#2152,#1039,.T.);
#2740=EDGE_CURVE('',#2145,#2153,#1040,.T.);
#2741=EDGE_CURVE('',#2146,#2153,#1041,.T.);
#2742=EDGE_CURVE('',#2154,#2155,#826,.T.);
#2743=EDGE_CURVE('',#2156,#2154,#827,.T.);
#2744=EDGE_CURVE('',#2157,#2156,#828,.T.);
#2745=EDGE_CURVE('',#2158,#2157,#829,.T.);
#2746=EDGE_CURVE('',#2159,#2158,#830,.T.);
#2747=EDGE_CURVE('',#2160,#2159,#831,.T.);
#2748=EDGE_CURVE('',#2161,#2160,#1042,.T.);
#2749=EDGE_CURVE('',#2162,#2161,#1043,.T.);
#2750=EDGE_CURVE('',#2163,#2162,#1044,.T.);
#2751=EDGE_CURVE('',#2164,#2163,#1045,.T.);
#2752=EDGE_CURVE('',#2165,#2164,#1046,.T.);
#2753=EDGE_CURVE('',#2166,#2165,#1047,.T.);
#2754=EDGE_CURVE('',#2167,#2166,#832,.T.);
#2755=EDGE_CURVE('',#2168,#2167,#833,.T.);
#2756=EDGE_CURVE('',#2169,#2168,#834,.T.);
#2757=EDGE_CURVE('',#2170,#2169,#835,.T.);
#2758=EDGE_CURVE('',#2171,#2170,#836,.T.);
#2759=EDGE_CURVE('',#2172,#2171,#837,.T.);
#2760=EDGE_CURVE('',#2173,#2172,#838,.T.);
#2761=EDGE_CURVE('',#2174,#2173,#1048,.T.);
#2762=EDGE_CURVE('',#2155,#2174,#839,.T.);
#2763=EDGE_CURVE('',#2155,#2175,#1049,.T.);
#2764=EDGE_CURVE('',#2176,#2175,#840,.T.);
#2765=EDGE_CURVE('',#2154,#2176,#1050,.T.);
#2766=EDGE_CURVE('',#2177,#2176,#841,.T.);
#2767=EDGE_CURVE('',#2156,#2177,#1051,.T.);
#2768=EDGE_CURVE('',#2178,#2177,#842,.T.);
#2769=EDGE_CURVE('',#2157,#2178,#1052,.T.);
#2770=EDGE_CURVE('',#2179,#2178,#843,.T.);
#2771=EDGE_CURVE('',#2158,#2179,#1053,.T.);
#2772=EDGE_CURVE('',#2180,#2179,#844,.T.);
#2773=EDGE_CURVE('',#2159,#2180,#1054,.T.);
#2774=EDGE_CURVE('',#2181,#2180,#845,.T.);
#2775=EDGE_CURVE('',#2160,#2181,#1055,.T.);
#2776=EDGE_CURVE('',#2182,#2181,#1056,.T.);
#2777=EDGE_CURVE('',#2161,#2182,#1057,.T.);
#2778=EDGE_CURVE('',#2183,#2182,#1058,.T.);
#2779=EDGE_CURVE('',#2162,#2183,#1059,.T.);
#2780=EDGE_CURVE('',#2184,#2183,#1060,.T.);
#2781=EDGE_CURVE('',#2163,#2184,#1061,.T.);
#2782=EDGE_CURVE('',#2185,#2184,#1062,.T.);
#2783=EDGE_CURVE('',#2164,#2185,#1063,.T.);
#2784=EDGE_CURVE('',#2186,#2185,#1064,.T.);
#2785=EDGE_CURVE('',#2165,#2186,#1065,.T.);
#2786=EDGE_CURVE('',#2187,#2186,#1066,.T.);
#2787=EDGE_CURVE('',#2166,#2187,#1067,.T.);
#2788=EDGE_CURVE('',#2188,#2187,#846,.T.);
#2789=EDGE_CURVE('',#2167,#2188,#1068,.T.);
#2790=EDGE_CURVE('',#2189,#2188,#847,.T.);
#2791=EDGE_CURVE('',#2168,#2189,#1069,.T.);
#2792=EDGE_CURVE('',#2190,#2189,#848,.T.);
#2793=EDGE_CURVE('',#2169,#2190,#1070,.T.);
#2794=EDGE_CURVE('',#2191,#2190,#849,.T.);
#2795=EDGE_CURVE('',#2170,#2191,#1071,.T.);
#2796=EDGE_CURVE('',#2192,#2191,#850,.T.);
#2797=EDGE_CURVE('',#2171,#2192,#1072,.T.);
#2798=EDGE_CURVE('',#2193,#2192,#851,.T.);
#2799=EDGE_CURVE('',#2172,#2193,#1073,.T.);
#2800=EDGE_CURVE('',#2194,#2193,#852,.T.);
#2801=EDGE_CURVE('',#2173,#2194,#1074,.T.);
#2802=EDGE_CURVE('',#2195,#2194,#1075,.T.);
#2803=EDGE_CURVE('',#2174,#2195,#1076,.T.);
#2804=EDGE_CURVE('',#2175,#2195,#853,.T.);
#2805=EDGE_CURVE('',#2196,#2197,#1077,.T.);
#2806=EDGE_CURVE('',#2198,#2196,#1078,.T.);
#2807=EDGE_CURVE('',#2199,#2198,#1079,.T.);
#2808=EDGE_CURVE('',#2197,#2199,#1080,.T.);
#2809=EDGE_CURVE('',#2197,#2200,#1081,.T.);
#2810=EDGE_CURVE('',#2201,#2200,#1082,.T.);
#2811=EDGE_CURVE('',#2196,#2201,#1083,.T.);
#2812=EDGE_CURVE('',#2202,#2201,#1084,.T.);
#2813=EDGE_CURVE('',#2198,#2202,#1085,.T.);
#2814=EDGE_CURVE('',#2203,#2202,#1086,.T.);
#2815=EDGE_CURVE('',#2199,#2203,#1087,.T.);
#2816=EDGE_CURVE('',#2200,#2203,#1088,.T.);
#2817=EDGE_CURVE('',#2204,#2205,#1089,.T.);
#2818=EDGE_CURVE('',#2204,#2206,#1090,.T.);
#2819=EDGE_CURVE('',#2206,#2207,#1091,.T.);
#2820=EDGE_CURVE('',#2205,#2207,#1092,.T.);
#2821=EDGE_CURVE('',#2208,#2204,#1093,.T.);
#2822=EDGE_CURVE('',#2208,#2209,#1094,.T.);
#2823=EDGE_CURVE('',#2209,#2206,#1095,.T.);
#2824=EDGE_CURVE('',#2210,#2208,#1096,.T.);
#2825=EDGE_CURVE('',#2210,#2211,#1097,.T.);
#2826=EDGE_CURVE('',#2211,#2209,#1098,.T.);
#2827=EDGE_CURVE('',#2212,#2210,#1099,.T.);
#2828=EDGE_CURVE('',#2212,#2213,#1100,.T.);
#2829=EDGE_CURVE('',#2213,#2211,#1101,.T.);
#2830=EDGE_CURVE('',#2214,#2212,#1102,.T.);
#2831=EDGE_CURVE('',#2214,#2215,#1103,.T.);
#2832=EDGE_CURVE('',#2215,#2213,#1104,.T.);
#2833=EDGE_CURVE('',#2216,#2214,#1105,.T.);
#2834=EDGE_CURVE('',#2216,#2217,#1106,.T.);
#2835=EDGE_CURVE('',#2217,#2215,#1107,.T.);
#2836=EDGE_CURVE('',#2218,#2216,#1108,.T.);
#2837=EDGE_CURVE('',#2218,#2219,#1109,.T.);
#2838=EDGE_CURVE('',#2219,#2217,#1110,.T.);
#2839=EDGE_CURVE('',#2220,#2218,#1111,.T.);
#2840=EDGE_CURVE('',#2220,#2221,#1112,.T.);
#2841=EDGE_CURVE('',#2221,#2219,#1113,.T.);
#2842=EDGE_CURVE('',#2222,#2220,#1114,.T.);
#2843=EDGE_CURVE('',#2222,#2223,#1115,.T.);
#2844=EDGE_CURVE('',#2223,#2221,#1116,.T.);
#2845=EDGE_CURVE('',#2224,#2222,#1117,.T.);
#2846=EDGE_CURVE('',#2224,#2225,#1118,.T.);
#2847=EDGE_CURVE('',#2225,#2223,#1119,.T.);
#2848=EDGE_CURVE('',#2226,#2224,#1120,.T.);
#2849=EDGE_CURVE('',#2226,#2227,#1121,.T.);
#2850=EDGE_CURVE('',#2227,#2225,#1122,.T.);
#2851=EDGE_CURVE('',#2205,#2226,#1123,.T.);
#2852=EDGE_CURVE('',#2207,#2227,#1124,.T.);
#2853=EDGE_CURVE('',#2228,#2229,#1125,.T.);
#2854=EDGE_CURVE('',#2228,#2230,#1126,.T.);
#2855=EDGE_CURVE('',#2230,#2231,#1127,.T.);
#2856=EDGE_CURVE('',#2229,#2231,#1128,.T.);
#2857=EDGE_CURVE('',#2232,#2228,#1129,.T.);
#2858=EDGE_CURVE('',#2232,#2233,#1130,.T.);
#2859=EDGE_CURVE('',#2233,#2230,#1131,.T.);
#2860=EDGE_CURVE('',#2234,#2232,#1132,.T.);
#2861=EDGE_CURVE('',#2234,#2235,#1133,.T.);
#2862=EDGE_CURVE('',#2235,#2233,#1134,.T.);
#2863=EDGE_CURVE('',#2236,#2234,#1135,.T.);
#2864=EDGE_CURVE('',#2236,#2237,#1136,.T.);
#2865=EDGE_CURVE('',#2237,#2235,#1137,.T.);
#2866=EDGE_CURVE('',#2238,#2236,#1138,.T.);
#2867=EDGE_CURVE('',#2238,#2239,#1139,.T.);
#2868=EDGE_CURVE('',#2239,#2237,#1140,.T.);
#2869=EDGE_CURVE('',#2240,#2238,#1141,.T.);
#2870=EDGE_CURVE('',#2240,#2241,#1142,.T.);
#2871=EDGE_CURVE('',#2241,#2239,#1143,.T.);
#2872=EDGE_CURVE('',#2242,#2240,#1144,.T.);
#2873=EDGE_CURVE('',#2242,#2243,#1145,.T.);
#2874=EDGE_CURVE('',#2243,#2241,#1146,.T.);
#2875=EDGE_CURVE('',#2229,#2242,#1147,.T.);
#2876=EDGE_CURVE('',#2231,#2243,#1148,.T.);
#2877=EDGE_CURVE('',#2244,#2245,#1149,.T.);
#2878=EDGE_CURVE('',#2244,#2246,#1150,.T.);
#2879=EDGE_CURVE('',#2246,#2247,#1151,.T.);
#2880=EDGE_CURVE('',#2245,#2247,#1152,.T.);
#2881=EDGE_CURVE('',#2248,#2244,#1153,.T.);
#2882=EDGE_CURVE('',#2248,#2249,#1154,.T.);
#2883=EDGE_CURVE('',#2249,#2246,#1155,.T.);
#2884=EDGE_CURVE('',#2250,#2248,#1156,.T.);
#2885=EDGE_CURVE('',#2250,#2251,#1157,.T.);
#2886=EDGE_CURVE('',#2251,#2249,#1158,.T.);
#2887=EDGE_CURVE('',#2252,#2250,#1159,.T.);
#2888=EDGE_CURVE('',#2252,#2253,#1160,.T.);
#2889=EDGE_CURVE('',#2253,#2251,#1161,.T.);
#2890=EDGE_CURVE('',#2254,#2252,#1162,.T.);
#2891=EDGE_CURVE('',#2254,#2255,#1163,.T.);
#2892=EDGE_CURVE('',#2255,#2253,#1164,.T.);
#2893=EDGE_CURVE('',#2256,#2254,#1165,.T.);
#2894=EDGE_CURVE('',#2256,#2257,#1166,.T.);
#2895=EDGE_CURVE('',#2257,#2255,#1167,.T.);
#2896=EDGE_CURVE('',#2258,#2256,#1168,.T.);
#2897=EDGE_CURVE('',#2258,#2259,#1169,.T.);
#2898=EDGE_CURVE('',#2259,#2257,#1170,.T.);
#2899=EDGE_CURVE('',#2245,#2258,#1171,.T.);
#2900=EDGE_CURVE('',#2247,#2259,#1172,.T.);
#2901=EDGE_CURVE('',#2260,#2261,#1173,.T.);
#2902=EDGE_CURVE('',#2260,#2262,#1174,.T.);
#2903=EDGE_CURVE('',#2262,#2263,#1175,.T.);
#2904=EDGE_CURVE('',#2261,#2263,#1176,.T.);
#2905=EDGE_CURVE('',#2264,#2260,#1177,.T.);
#2906=EDGE_CURVE('',#2264,#2265,#1178,.T.);
#2907=EDGE_CURVE('',#2265,#2262,#1179,.T.);
#2908=EDGE_CURVE('',#2266,#2264,#1180,.T.);
#2909=EDGE_CURVE('',#2266,#2267,#1181,.T.);
#2910=EDGE_CURVE('',#2267,#2265,#1182,.T.);
#2911=EDGE_CURVE('',#2268,#2266,#1183,.T.);
#2912=EDGE_CURVE('',#2268,#2269,#1184,.T.);
#2913=EDGE_CURVE('',#2269,#2267,#1185,.T.);
#2914=EDGE_CURVE('',#2270,#2268,#1186,.T.);
#2915=EDGE_CURVE('',#2270,#2271,#1187,.T.);
#2916=EDGE_CURVE('',#2271,#2269,#1188,.T.);
#2917=EDGE_CURVE('',#2272,#2270,#1189,.T.);
#2918=EDGE_CURVE('',#2272,#2273,#1190,.T.);
#2919=EDGE_CURVE('',#2273,#2271,#1191,.T.);
#2920=EDGE_CURVE('',#2274,#2272,#1192,.T.);
#2921=EDGE_CURVE('',#2274,#2275,#1193,.T.);
#2922=EDGE_CURVE('',#2275,#2273,#1194,.T.);
#2923=EDGE_CURVE('',#2261,#2274,#1195,.T.);
#2924=EDGE_CURVE('',#2263,#2275,#1196,.T.);
#2925=EDGE_CURVE('',#2276,#2277,#1197,.T.);
#2926=EDGE_CURVE('',#2276,#2278,#1198,.T.);
#2927=EDGE_CURVE('',#2278,#2279,#1199,.T.);
#2928=EDGE_CURVE('',#2277,#2279,#1200,.T.);
#2929=EDGE_CURVE('',#2280,#2276,#1201,.T.);
#2930=EDGE_CURVE('',#2280,#2281,#1202,.T.);
#2931=EDGE_CURVE('',#2281,#2278,#1203,.T.);
#2932=EDGE_CURVE('',#2282,#2280,#1204,.T.);
#2933=EDGE_CURVE('',#2282,#2283,#1205,.T.);
#2934=EDGE_CURVE('',#2283,#2281,#1206,.T.);
#2935=EDGE_CURVE('',#2284,#2282,#1207,.T.);
#2936=EDGE_CURVE('',#2284,#2285,#1208,.T.);
#2937=EDGE_CURVE('',#2285,#2283,#1209,.T.);
#2938=EDGE_CURVE('',#2286,#2284,#1210,.T.);
#2939=EDGE_CURVE('',#2286,#2287,#1211,.T.);
#2940=EDGE_CURVE('',#2287,#2285,#1212,.T.);
#2941=EDGE_CURVE('',#2288,#2286,#1213,.T.);
#2942=EDGE_CURVE('',#2288,#2289,#1214,.T.);
#2943=EDGE_CURVE('',#2289,#2287,#1215,.T.);
#2944=EDGE_CURVE('',#2290,#2288,#1216,.T.);
#2945=EDGE_CURVE('',#2290,#2291,#1217,.T.);
#2946=EDGE_CURVE('',#2291,#2289,#1218,.T.);
#2947=EDGE_CURVE('',#2277,#2290,#1219,.T.);
#2948=EDGE_CURVE('',#2279,#2291,#1220,.T.);
#2949=EDGE_CURVE('',#2292,#2293,#1221,.T.);
#2950=EDGE_CURVE('',#2292,#2294,#1222,.T.);
#2951=EDGE_CURVE('',#2294,#2295,#1223,.T.);
#2952=EDGE_CURVE('',#2293,#2295,#1224,.T.);
#2953=EDGE_CURVE('',#2296,#2292,#1225,.T.);
#2954=EDGE_CURVE('',#2296,#2297,#1226,.T.);
#2955=EDGE_CURVE('',#2297,#2294,#1227,.T.);
#2956=EDGE_CURVE('',#2298,#2296,#1228,.T.);
#2957=EDGE_CURVE('',#2298,#2299,#1229,.T.);
#2958=EDGE_CURVE('',#2299,#2297,#1230,.T.);
#2959=EDGE_CURVE('',#2300,#2298,#1231,.T.);
#2960=EDGE_CURVE('',#2300,#2301,#1232,.T.);
#2961=EDGE_CURVE('',#2301,#2299,#1233,.T.);
#2962=EDGE_CURVE('',#2302,#2300,#1234,.T.);
#2963=EDGE_CURVE('',#2302,#2303,#1235,.T.);
#2964=EDGE_CURVE('',#2303,#2301,#1236,.T.);
#2965=EDGE_CURVE('',#2304,#2302,#1237,.T.);
#2966=EDGE_CURVE('',#2304,#2305,#1238,.T.);
#2967=EDGE_CURVE('',#2305,#2303,#1239,.T.);
#2968=EDGE_CURVE('',#2306,#2304,#1240,.T.);
#2969=EDGE_CURVE('',#2306,#2307,#1241,.T.);
#2970=EDGE_CURVE('',#2307,#2305,#1242,.T.);
#2971=EDGE_CURVE('',#2308,#2306,#1243,.T.);
#2972=EDGE_CURVE('',#2308,#2309,#1244,.T.);
#2973=EDGE_CURVE('',#2309,#2307,#1245,.T.);
#2974=EDGE_CURVE('',#2293,#2308,#1246,.T.);
#2975=EDGE_CURVE('',#2295,#2309,#1247,.T.);
#2976=EDGE_CURVE('',#2310,#2311,#1248,.T.);
#2977=EDGE_CURVE('',#2312,#2311,#1249,.T.);
#2978=EDGE_CURVE('',#2313,#2312,#1250,.T.);
#2979=EDGE_CURVE('',#2310,#2313,#1251,.T.);
#2980=EDGE_CURVE('',#2314,#2315,#1252,.T.);
#2981=EDGE_CURVE('',#2311,#2315,#1253,.T.);
#2982=EDGE_CURVE('',#2314,#2310,#1254,.T.);
#2983=EDGE_CURVE('',#2316,#2317,#31,.T.);
#2984=EDGE_CURVE('',#2317,#2318,#1255,.T.);
#2985=EDGE_CURVE('',#2318,#2319,#32,.T.);
#2986=EDGE_CURVE('',#2319,#2316,#1256,.T.);
#2987=EDGE_CURVE('',#2319,#2320,#1257,.T.);
#2988=EDGE_CURVE('',#2321,#2320,#1258,.T.);
#2989=EDGE_CURVE('',#2322,#2321,#1259,.T.);
#2990=EDGE_CURVE('',#2323,#2322,#1260,.T.);
#2991=EDGE_CURVE('',#2324,#2323,#1261,.T.);
#2992=EDGE_CURVE('',#2325,#2324,#1262,.T.);
#2993=EDGE_CURVE('',#2326,#2325,#1263,.T.);
#2994=EDGE_CURVE('',#2327,#2326,#1264,.T.);
#2995=EDGE_CURVE('',#2316,#2327,#1265,.T.);
#2996=EDGE_CURVE('',#2318,#2328,#1266,.T.);
#2997=EDGE_CURVE('',#2328,#2329,#1267,.T.);
#2998=EDGE_CURVE('',#2330,#2329,#33,.T.);
#2999=EDGE_CURVE('',#2330,#2331,#1268,.T.);
#3000=EDGE_CURVE('',#2332,#2331,#34,.T.);
#3001=EDGE_CURVE('',#2333,#2332,#1269,.T.);
#3002=EDGE_CURVE('',#2334,#2333,#1270,.T.);
#3003=EDGE_CURVE('',#2335,#2334,#35,.T.);
#3004=EDGE_CURVE('',#2335,#2336,#1271,.T.);
#3005=EDGE_CURVE('',#2337,#2336,#36,.T.);
#3006=EDGE_CURVE('',#2337,#2338,#1272,.T.);
#3007=EDGE_CURVE('',#2339,#2338,#1273,.T.);
#3008=EDGE_CURVE('',#2340,#2339,#37,.T.);
#3009=EDGE_CURVE('',#2340,#2341,#1274,.T.);
#3010=EDGE_CURVE('',#2342,#2341,#38,.T.);
#3011=EDGE_CURVE('',#2342,#2343,#1275,.T.);
#3012=EDGE_CURVE('',#2344,#2343,#1276,.T.);
#3013=EDGE_CURVE('',#2320,#2344,#39,.T.);
#3014=EDGE_CURVE('',#2315,#2345,#1277,.T.);
#3015=EDGE_CURVE('',#2345,#2312,#1278,.T.);
#3016=EDGE_CURVE('',#2346,#2347,#40,.T.);
#3017=EDGE_CURVE('',#2347,#2330,#1279,.T.);
#3018=EDGE_CURVE('',#2329,#2346,#1280,.T.);
#3019=EDGE_CURVE('',#2348,#2347,#1281,.T.);
#3020=EDGE_CURVE('',#2349,#2348,#1282,.T.);
#3021=EDGE_CURVE('',#2350,#2349,#1283,.T.);
#3022=EDGE_CURVE('',#2351,#2350,#1284,.T.);
#3023=EDGE_CURVE('',#2352,#2351,#1285,.T.);
#3024=EDGE_CURVE('',#2353,#2352,#1286,.T.);
#3025=EDGE_CURVE('',#2354,#2353,#1287,.T.);
#3026=EDGE_CURVE('',#2331,#2354,#1288,.T.);
#3027=EDGE_CURVE('',#2354,#2355,#41,.T.);
#3028=EDGE_CURVE('',#2355,#2332,#1289,.T.);
#3029=EDGE_CURVE('',#2356,#2357,#42,.T.);
#3030=EDGE_CURVE('',#2357,#2335,#1290,.T.);
#3031=EDGE_CURVE('',#2334,#2356,#1291,.T.);
#3032=EDGE_CURVE('',#2333,#2358,#1292,.T.);
#3033=EDGE_CURVE('',#2356,#2358,#1293,.T.);
#3034=EDGE_CURVE('',#2359,#2360,#43,.T.);
#3035=EDGE_CURVE('',#2360,#2337,#1294,.T.);
#3036=EDGE_CURVE('',#2336,#2359,#1295,.T.);
#3037=EDGE_CURVE('',#2361,#2360,#1296,.T.);
#3038=EDGE_CURVE('',#2362,#2361,#1297,.T.);
#3039=EDGE_CURVE('',#2363,#2362,#1298,.T.);
#3040=EDGE_CURVE('',#2344,#2363,#1299,.T.);
#3041=EDGE_CURVE('',#2343,#2364,#1300,.T.);
#3042=EDGE_CURVE('',#2365,#2364,#1301,.T.);
#3043=EDGE_CURVE('',#2366,#2365,#1302,.T.);
#3044=EDGE_CURVE('',#2367,#2366,#1303,.T.);
#3045=EDGE_CURVE('',#2368,#2367,#1304,.T.);
#3046=EDGE_CURVE('',#2369,#2368,#1305,.T.);
#3047=EDGE_CURVE('',#2370,#2369,#1306,.T.);
#3048=EDGE_CURVE('',#2371,#2370,#1307,.T.);
#3049=EDGE_CURVE('',#2338,#2371,#1308,.T.);
#3050=EDGE_CURVE('',#2372,#2373,#44,.T.);
#3051=EDGE_CURVE('',#2373,#2340,#1309,.T.);
#3052=EDGE_CURVE('',#2339,#2372,#1310,.T.);
#3053=EDGE_CURVE('',#2372,#2371,#1311,.T.);
#3054=EDGE_CURVE('',#2374,#2370,#45,.T.);
#3055=EDGE_CURVE('',#2374,#2375,#1312,.T.);
#3056=EDGE_CURVE('',#2376,#2375,#46,.T.);
#3057=EDGE_CURVE('',#2376,#2373,#1313,.T.);
#3058=EDGE_CURVE('',#2377,#2378,#47,.T.);
#3059=EDGE_CURVE('',#2378,#2342,#1314,.T.);
#3060=EDGE_CURVE('',#2341,#2377,#1315,.T.);
#3061=EDGE_CURVE('',#2377,#2379,#1316,.T.);
#3062=EDGE_CURVE('',#2380,#2379,#48,.F.);
#3063=EDGE_CURVE('',#2380,#2381,#1317,.T.);
#3064=EDGE_CURVE('',#2381,#2365,#49,.T.);
#3065=EDGE_CURVE('',#2364,#2378,#1318,.T.);
#3066=EDGE_CURVE('',#2382,#2376,#1319,.T.);
#3067=EDGE_CURVE('',#2383,#2382,#1320,.T.);
#3068=EDGE_CURVE('',#2384,#2383,#1321,.T.);
#3069=EDGE_CURVE('',#2385,#2384,#1322,.T.);
#3070=EDGE_CURVE('',#2379,#2385,#1323,.T.);
#3071=EDGE_CURVE('',#2324,#2386,#50,.T.);
#3072=EDGE_CURVE('',#2386,#2387,#1324,.T.);
#3073=EDGE_CURVE('',#2387,#2325,#51,.F.);
#3074=EDGE_CURVE('',#2388,#2389,#52,.T.);
#3075=EDGE_CURVE('',#2388,#2390,#1325,.T.);
#3076=EDGE_CURVE('',#2390,#2391,#53,.T.);
#3077=EDGE_CURVE('',#2391,#2389,#1326,.T.);
#3078=EDGE_CURVE('',#2390,#2386,#1327,.T.);
#3079=EDGE_CURVE('',#2387,#2388,#1328,.T.);
#3080=EDGE_CURVE('',#2326,#2392,#54,.T.);
#3081=EDGE_CURVE('',#2392,#2393,#1329,.T.);
#3082=EDGE_CURVE('',#2393,#2327,#55,.F.);
#3083=EDGE_CURVE('',#2389,#2394,#1330,.T.);
#3084=EDGE_CURVE('',#2395,#2394,#56,.T.);
#3085=EDGE_CURVE('',#2395,#2392,#1331,.T.);
#3086=EDGE_CURVE('',#2396,#2397,#57,.T.);
#3087=EDGE_CURVE('',#2396,#2395,#1332,.T.);
#3088=EDGE_CURVE('',#2394,#2397,#1333,.T.);
#3089=EDGE_CURVE('',#2393,#2396,#1334,.T.);
#3090=EDGE_CURVE('',#2397,#2398,#1335,.T.);
#3091=EDGE_CURVE('',#2399,#2398,#58,.F.);
#3092=EDGE_CURVE('',#2399,#2317,#1336,.T.);
#3093=EDGE_CURVE('',#2400,#2391,#1337,.T.);
#3094=EDGE_CURVE('',#2401,#2400,#1338,.T.);
#3095=EDGE_CURVE('',#2402,#2401,#1339,.T.);
#3096=EDGE_CURVE('',#2398,#2402,#1340,.T.);
#3097=EDGE_CURVE('',#2348,#2403,#59,.T.);
#3098=EDGE_CURVE('',#2403,#2404,#1341,.T.);
#3099=EDGE_CURVE('',#2404,#2349,#60,.F.);
#3100=EDGE_CURVE('',#2405,#2406,#61,.T.);
#3101=EDGE_CURVE('',#2405,#2407,#1342,.T.);
#3102=EDGE_CURVE('',#2407,#2408,#62,.T.);
#3103=EDGE_CURVE('',#2408,#2406,#1343,.T.);
#3104=EDGE_CURVE('',#2407,#2403,#1344,.T.);
#3105=EDGE_CURVE('',#2404,#2405,#1345,.T.);
#3106=EDGE_CURVE('',#2350,#2409,#63,.T.);
#3107=EDGE_CURVE('',#2409,#2410,#1346,.T.);
#3108=EDGE_CURVE('',#2410,#2351,#64,.F.);
#3109=EDGE_CURVE('',#2406,#2411,#1347,.T.);
#3110=EDGE_CURVE('',#2412,#2411,#65,.T.);
#3111=EDGE_CURVE('',#2412,#2409,#1348,.T.);
#3112=EDGE_CURVE('',#2413,#2414,#66,.T.);
#3113=EDGE_CURVE('',#2413,#2412,#1349,.T.);
#3114=EDGE_CURVE('',#2411,#2414,#1350,.T.);
#3115=EDGE_CURVE('',#2414,#2415,#1351,.T.);
#3116=EDGE_CURVE('',#2416,#2415,#67,.T.);
#3117=EDGE_CURVE('',#2416,#2417,#1352,.T.);
#3118=EDGE_CURVE('',#2352,#2417,#68,.T.);
#3119=EDGE_CURVE('',#2410,#2413,#1353,.T.);
#3120=EDGE_CURVE('',#2418,#2399,#1354,.T.);
#3121=EDGE_CURVE('',#2419,#2418,#1355,.T.);
#3122=EDGE_CURVE('',#2420,#2419,#1356,.T.);
#3123=EDGE_CURVE('',#2421,#2420,#1357,.T.);
#3124=EDGE_CURVE('',#2415,#2421,#1358,.T.);
#3125=EDGE_CURVE('',#2422,#2408,#1359,.T.);
#3126=EDGE_CURVE('',#2328,#2422,#1360,.T.);
#3127=EDGE_CURVE('',#2423,#2424,#69,.T.);
#3128=EDGE_CURVE('',#2424,#2425,#1361,.T.);
#3129=EDGE_CURVE('',#2425,#2426,#70,.F.);
#3130=EDGE_CURVE('',#2426,#2423,#1362,.T.);
#3131=EDGE_CURVE('',#2427,#2424,#1363,.T.);
#3132=EDGE_CURVE('',#2428,#2427,#1364,.T.);
#3133=EDGE_CURVE('',#2425,#2428,#1365,.T.);
#3134=EDGE_CURVE('',#2423,#2429,#1366,.T.);
#3135=EDGE_CURVE('',#2430,#2429,#71,.F.);
#3136=EDGE_CURVE('',#2431,#2430,#1367,.T.);
#3137=EDGE_CURVE('',#2431,#2432,#72,.T.);
#3138=EDGE_CURVE('',#2432,#2433,#1368,.T.);
#3139=EDGE_CURVE('',#2427,#2433,#73,.T.);
#3140=EDGE_CURVE('',#2428,#2434,#74,.T.);
#3141=EDGE_CURVE('',#2433,#2434,#1369,.T.);
#3142=EDGE_CURVE('',#2434,#2435,#1370,.T.);
#3143=EDGE_CURVE('',#2436,#2435,#75,.T.);
#3144=EDGE_CURVE('',#2436,#2437,#1371,.T.);
#3145=EDGE_CURVE('',#2438,#2437,#76,.T.);
#3146=EDGE_CURVE('',#2438,#2426,#1372,.T.);
#3147=EDGE_CURVE('',#2439,#2355,#1373,.T.);
#3148=EDGE_CURVE('',#2440,#2439,#1374,.T.);
#3149=EDGE_CURVE('',#2441,#2440,#1375,.T.);
#3150=EDGE_CURVE('',#2442,#2441,#1376,.T.);
#3151=EDGE_CURVE('',#2443,#2442,#1377,.T.);
#3152=EDGE_CURVE('',#2435,#2443,#1378,.T.);
#3153=EDGE_CURVE('',#2444,#2432,#1379,.T.);
#3154=EDGE_CURVE('',#2358,#2444,#1380,.T.);
#3155=EDGE_CURVE('',#2383,#2445,#77,.T.);
#3156=EDGE_CURVE('',#2445,#2446,#1381,.T.);
#3157=EDGE_CURVE('',#2446,#2384,#78,.F.);
#3158=EDGE_CURVE('',#2447,#2382,#79,.F.);
#3159=EDGE_CURVE('',#2447,#2448,#1382,.T.);
#3160=EDGE_CURVE('',#2448,#2369,#80,.T.);
#3161=EDGE_CURVE('',#2449,#2368,#81,.T.);
#3162=EDGE_CURVE('',#2449,#2445,#1383,.T.);
#3163=EDGE_CURVE('',#2450,#2367,#82,.T.);
#3164=EDGE_CURVE('',#2450,#2449,#1384,.T.);
#3165=EDGE_CURVE('',#2451,#2366,#83,.T.);
#3166=EDGE_CURVE('',#2451,#2452,#1385,.T.);
#3167=EDGE_CURVE('',#2385,#2452,#84,.T.);
#3168=EDGE_CURVE('',#2446,#2450,#1386,.T.);
#3169=EDGE_CURVE('',#2381,#2451,#1387,.T.);
#3170=EDGE_CURVE('',#2448,#2374,#1388,.T.);
#3171=EDGE_CURVE('',#2453,#2443,#85,.T.);
#3172=EDGE_CURVE('',#2453,#2436,#1389,.T.);
#3173=EDGE_CURVE('',#2359,#2454,#1390,.T.);
#3174=EDGE_CURVE('',#2455,#2454,#86,.F.);
#3175=EDGE_CURVE('',#2455,#2453,#1391,.T.);
#3176=EDGE_CURVE('',#2361,#2442,#87,.F.);
#3177=EDGE_CURVE('',#2431,#2456,#1392,.T.);
#3178=EDGE_CURVE('',#2456,#2444,#88,.T.);
#3179=EDGE_CURVE('',#2457,#2400,#89,.T.);
#3180=EDGE_CURVE('',#2457,#2458,#1393,.T.);
#3181=EDGE_CURVE('',#2458,#2401,#90,.T.);
#3182=EDGE_CURVE('',#2459,#2323,#91,.F.);
#3183=EDGE_CURVE('',#2457,#2459,#1394,.T.);
#3184=EDGE_CURVE('',#2452,#2380,#1395,.T.);
#3185=EDGE_CURVE('',#2375,#2447,#1396,.T.);
#3186=EDGE_CURVE('',#2437,#2455,#1397,.T.);
#3187=EDGE_CURVE('',#2454,#2438,#1398,.T.);
#3188=EDGE_CURVE('',#2460,#2357,#1399,.T.);
#3189=EDGE_CURVE('',#2429,#2460,#1400,.T.);
#3190=EDGE_CURVE('',#2460,#2461,#92,.T.);
#3191=EDGE_CURVE('',#2461,#2430,#1401,.T.);
#3192=EDGE_CURVE('',#2417,#2462,#1402,.T.);
#3193=EDGE_CURVE('',#2462,#2353,#93,.F.);
#3194=EDGE_CURVE('',#2322,#2463,#94,.T.);
#3195=EDGE_CURVE('',#2463,#2459,#1403,.T.);
#3196=EDGE_CURVE('',#2363,#2321,#95,.T.);
#3197=EDGE_CURVE('',#2441,#2362,#96,.T.);
#3198=EDGE_CURVE('',#2419,#2440,#97,.T.);
#3199=EDGE_CURVE('',#2402,#2418,#98,.T.);
#3200=EDGE_CURVE('',#2458,#2463,#1404,.T.);
#3201=EDGE_CURVE('',#2464,#2314,#1405,.T.);
#3202=EDGE_CURVE('',#2313,#2464,#1406,.T.);
#3203=EDGE_CURVE('',#2439,#2420,#99,.F.);
#3204=EDGE_CURVE('',#2465,#2421,#100,.T.);
#3205=EDGE_CURVE('',#2465,#2416,#1407,.T.);
#3206=EDGE_CURVE('',#2462,#2465,#1408,.T.);
#3207=EDGE_CURVE('',#2464,#2345,#1409,.T.);
#3208=EDGE_CURVE('',#2346,#2422,#1410,.T.);
#3209=EDGE_CURVE('',#2456,#2461,#1411,.T.);
#3210=ORIENTED_EDGE('',*,*,#2466,.F.);
#3211=ORIENTED_EDGE('',*,*,#2467,.F.);
#3212=ORIENTED_EDGE('',*,*,#2468,.F.);
#3213=ORIENTED_EDGE('',*,*,#2469,.F.);
#3214=ORIENTED_EDGE('',*,*,#2470,.F.);
#3215=ORIENTED_EDGE('',*,*,#2471,.F.);
#3216=ORIENTED_EDGE('',*,*,#2472,.F.);
#3217=ORIENTED_EDGE('',*,*,#2473,.F.);
#3218=ORIENTED_EDGE('',*,*,#2466,.T.);
#3219=ORIENTED_EDGE('',*,*,#2474,.T.);
#3220=ORIENTED_EDGE('',*,*,#2475,.F.);
#3221=ORIENTED_EDGE('',*,*,#2476,.F.);
#3222=ORIENTED_EDGE('',*,*,#2467,.T.);
#3223=ORIENTED_EDGE('',*,*,#2476,.T.);
#3224=ORIENTED_EDGE('',*,*,#2477,.F.);
#3225=ORIENTED_EDGE('',*,*,#2478,.F.);
#3226=ORIENTED_EDGE('',*,*,#2468,.T.);
#3227=ORIENTED_EDGE('',*,*,#2478,.T.);
#3228=ORIENTED_EDGE('',*,*,#2479,.F.);
#3229=ORIENTED_EDGE('',*,*,#2480,.F.);
#3230=ORIENTED_EDGE('',*,*,#2469,.T.);
#3231=ORIENTED_EDGE('',*,*,#2480,.T.);
#3232=ORIENTED_EDGE('',*,*,#2481,.F.);
#3233=ORIENTED_EDGE('',*,*,#2482,.F.);
#3234=ORIENTED_EDGE('',*,*,#2470,.T.);
#3235=ORIENTED_EDGE('',*,*,#2482,.T.);
#3236=ORIENTED_EDGE('',*,*,#2483,.F.);
#3237=ORIENTED_EDGE('',*,*,#2484,.F.);
#3238=ORIENTED_EDGE('',*,*,#2471,.T.);
#3239=ORIENTED_EDGE('',*,*,#2484,.T.);
#3240=ORIENTED_EDGE('',*,*,#2485,.F.);
#3241=ORIENTED_EDGE('',*,*,#2486,.F.);
#3242=ORIENTED_EDGE('',*,*,#2472,.T.);
#3243=ORIENTED_EDGE('',*,*,#2486,.T.);
#3244=ORIENTED_EDGE('',*,*,#2487,.F.);
#3245=ORIENTED_EDGE('',*,*,#2488,.F.);
#3246=ORIENTED_EDGE('',*,*,#2473,.T.);
#3247=ORIENTED_EDGE('',*,*,#2488,.T.);
#3248=ORIENTED_EDGE('',*,*,#2489,.F.);
#3249=ORIENTED_EDGE('',*,*,#2474,.F.);
#3250=ORIENTED_EDGE('',*,*,#2490,.F.);
#3251=ORIENTED_EDGE('',*,*,#2491,.F.);
#3252=ORIENTED_EDGE('',*,*,#2492,.F.);
#3253=ORIENTED_EDGE('',*,*,#2493,.F.);
#3254=ORIENTED_EDGE('',*,*,#2494,.F.);
#3255=ORIENTED_EDGE('',*,*,#2495,.F.);
#3256=ORIENTED_EDGE('',*,*,#2496,.F.);
#3257=ORIENTED_EDGE('',*,*,#2497,.F.);
#3258=ORIENTED_EDGE('',*,*,#2490,.T.);
#3259=ORIENTED_EDGE('',*,*,#2498,.T.);
#3260=ORIENTED_EDGE('',*,*,#2499,.F.);
#3261=ORIENTED_EDGE('',*,*,#2500,.F.);
#3262=ORIENTED_EDGE('',*,*,#2491,.T.);
#3263=ORIENTED_EDGE('',*,*,#2500,.T.);
#3264=ORIENTED_EDGE('',*,*,#2501,.F.);
#3265=ORIENTED_EDGE('',*,*,#2502,.F.);
#3266=ORIENTED_EDGE('',*,*,#2492,.T.);
#3267=ORIENTED_EDGE('',*,*,#2502,.T.);
#3268=ORIENTED_EDGE('',*,*,#2503,.F.);
#3269=ORIENTED_EDGE('',*,*,#2504,.F.);
#3270=ORIENTED_EDGE('',*,*,#2493,.T.);
#3271=ORIENTED_EDGE('',*,*,#2504,.T.);
#3272=ORIENTED_EDGE('',*,*,#2505,.F.);
#3273=ORIENTED_EDGE('',*,*,#2506,.F.);
#3274=ORIENTED_EDGE('',*,*,#2494,.T.);
#3275=ORIENTED_EDGE('',*,*,#2506,.T.);
#3276=ORIENTED_EDGE('',*,*,#2507,.F.);
#3277=ORIENTED_EDGE('',*,*,#2508,.F.);
#3278=ORIENTED_EDGE('',*,*,#2495,.T.);
#3279=ORIENTED_EDGE('',*,*,#2508,.T.);
#3280=ORIENTED_EDGE('',*,*,#2509,.F.);
#3281=ORIENTED_EDGE('',*,*,#2510,.F.);
#3282=ORIENTED_EDGE('',*,*,#2496,.T.);
#3283=ORIENTED_EDGE('',*,*,#2510,.T.);
#3284=ORIENTED_EDGE('',*,*,#2511,.F.);
#3285=ORIENTED_EDGE('',*,*,#2512,.F.);
#3286=ORIENTED_EDGE('',*,*,#2497,.T.);
#3287=ORIENTED_EDGE('',*,*,#2512,.T.);
#3288=ORIENTED_EDGE('',*,*,#2513,.F.);
#3289=ORIENTED_EDGE('',*,*,#2498,.F.);
#3290=ORIENTED_EDGE('',*,*,#2514,.F.);
#3291=ORIENTED_EDGE('',*,*,#2515,.F.);
#3292=ORIENTED_EDGE('',*,*,#2516,.F.);
#3293=ORIENTED_EDGE('',*,*,#2517,.F.);
#3294=ORIENTED_EDGE('',*,*,#2518,.F.);
#3295=ORIENTED_EDGE('',*,*,#2519,.F.);
#3296=ORIENTED_EDGE('',*,*,#2520,.F.);
#3297=ORIENTED_EDGE('',*,*,#2521,.F.);
#3298=ORIENTED_EDGE('',*,*,#2522,.F.);
#3299=ORIENTED_EDGE('',*,*,#2523,.F.);
#3300=ORIENTED_EDGE('',*,*,#2524,.F.);
#3301=ORIENTED_EDGE('',*,*,#2525,.F.);
#3302=ORIENTED_EDGE('',*,*,#2526,.F.);
#3303=ORIENTED_EDGE('',*,*,#2527,.F.);
#3304=ORIENTED_EDGE('',*,*,#2528,.F.);
#3305=ORIENTED_EDGE('',*,*,#2529,.F.);
#3306=ORIENTED_EDGE('',*,*,#2530,.F.);
#3307=ORIENTED_EDGE('',*,*,#2531,.F.);
#3308=ORIENTED_EDGE('',*,*,#2532,.F.);
#3309=ORIENTED_EDGE('',*,*,#2533,.F.);
#3310=ORIENTED_EDGE('',*,*,#2534,.F.);
#3311=ORIENTED_EDGE('',*,*,#2535,.F.);
#3312=ORIENTED_EDGE('',*,*,#2536,.F.);
#3313=ORIENTED_EDGE('',*,*,#2537,.F.);
#3314=ORIENTED_EDGE('',*,*,#2538,.F.);
#3315=ORIENTED_EDGE('',*,*,#2539,.F.);
#3316=ORIENTED_EDGE('',*,*,#2540,.F.);
#3317=ORIENTED_EDGE('',*,*,#2541,.F.);
#3318=ORIENTED_EDGE('',*,*,#2542,.F.);
#3319=ORIENTED_EDGE('',*,*,#2543,.F.);
#3320=ORIENTED_EDGE('',*,*,#2514,.T.);
#3321=ORIENTED_EDGE('',*,*,#2544,.T.);
#3322=ORIENTED_EDGE('',*,*,#2545,.F.);
#3323=ORIENTED_EDGE('',*,*,#2546,.F.);
#3324=ORIENTED_EDGE('',*,*,#2515,.T.);
#3325=ORIENTED_EDGE('',*,*,#2546,.T.);
#3326=ORIENTED_EDGE('',*,*,#2547,.F.);
#3327=ORIENTED_EDGE('',*,*,#2548,.F.);
#3328=ORIENTED_EDGE('',*,*,#2516,.T.);
#3329=ORIENTED_EDGE('',*,*,#2548,.T.);
#3330=ORIENTED_EDGE('',*,*,#2549,.F.);
#3331=ORIENTED_EDGE('',*,*,#2550,.F.);
#3332=ORIENTED_EDGE('',*,*,#2517,.T.);
#3333=ORIENTED_EDGE('',*,*,#2550,.T.);
#3334=ORIENTED_EDGE('',*,*,#2551,.F.);
#3335=ORIENTED_EDGE('',*,*,#2552,.F.);
#3336=ORIENTED_EDGE('',*,*,#2518,.T.);
#3337=ORIENTED_EDGE('',*,*,#2552,.T.);
#3338=ORIENTED_EDGE('',*,*,#2553,.F.);
#3339=ORIENTED_EDGE('',*,*,#2554,.F.);
#3340=ORIENTED_EDGE('',*,*,#2519,.T.);
#3341=ORIENTED_EDGE('',*,*,#2554,.T.);
#3342=ORIENTED_EDGE('',*,*,#2555,.F.);
#3343=ORIENTED_EDGE('',*,*,#2556,.F.);
#3344=ORIENTED_EDGE('',*,*,#2520,.T.);
#3345=ORIENTED_EDGE('',*,*,#2556,.T.);
#3346=ORIENTED_EDGE('',*,*,#2557,.F.);
#3347=ORIENTED_EDGE('',*,*,#2558,.F.);
#3348=ORIENTED_EDGE('',*,*,#2521,.T.);
#3349=ORIENTED_EDGE('',*,*,#2558,.T.);
#3350=ORIENTED_EDGE('',*,*,#2559,.F.);
#3351=ORIENTED_EDGE('',*,*,#2560,.F.);
#3352=ORIENTED_EDGE('',*,*,#2522,.T.);
#3353=ORIENTED_EDGE('',*,*,#2560,.T.);
#3354=ORIENTED_EDGE('',*,*,#2561,.F.);
#3355=ORIENTED_EDGE('',*,*,#2562,.F.);
#3356=ORIENTED_EDGE('',*,*,#2523,.T.);
#3357=ORIENTED_EDGE('',*,*,#2562,.T.);
#3358=ORIENTED_EDGE('',*,*,#2563,.F.);
#3359=ORIENTED_EDGE('',*,*,#2564,.F.);
#3360=ORIENTED_EDGE('',*,*,#2524,.T.);
#3361=ORIENTED_EDGE('',*,*,#2564,.T.);
#3362=ORIENTED_EDGE('',*,*,#2565,.F.);
#3363=ORIENTED_EDGE('',*,*,#2566,.F.);
#3364=ORIENTED_EDGE('',*,*,#2525,.T.);
#3365=ORIENTED_EDGE('',*,*,#2566,.T.);
#3366=ORIENTED_EDGE('',*,*,#2567,.F.);
#3367=ORIENTED_EDGE('',*,*,#2568,.F.);
#3368=ORIENTED_EDGE('',*,*,#2526,.T.);
#3369=ORIENTED_EDGE('',*,*,#2568,.T.);
#3370=ORIENTED_EDGE('',*,*,#2569,.F.);
#3371=ORIENTED_EDGE('',*,*,#2570,.F.);
#3372=ORIENTED_EDGE('',*,*,#2527,.T.);
#3373=ORIENTED_EDGE('',*,*,#2570,.T.);
#3374=ORIENTED_EDGE('',*,*,#2571,.F.);
#3375=ORIENTED_EDGE('',*,*,#2572,.F.);
#3376=ORIENTED_EDGE('',*,*,#2528,.T.);
#3377=ORIENTED_EDGE('',*,*,#2572,.T.);
#3378=ORIENTED_EDGE('',*,*,#2573,.F.);
#3379=ORIENTED_EDGE('',*,*,#2574,.F.);
#3380=ORIENTED_EDGE('',*,*,#2529,.T.);
#3381=ORIENTED_EDGE('',*,*,#2574,.T.);
#3382=ORIENTED_EDGE('',*,*,#2575,.F.);
#3383=ORIENTED_EDGE('',*,*,#2576,.F.);
#3384=ORIENTED_EDGE('',*,*,#2530,.T.);
#3385=ORIENTED_EDGE('',*,*,#2576,.T.);
#3386=ORIENTED_EDGE('',*,*,#2577,.F.);
#3387=ORIENTED_EDGE('',*,*,#2578,.F.);
#3388=ORIENTED_EDGE('',*,*,#2531,.T.);
#3389=ORIENTED_EDGE('',*,*,#2578,.T.);
#3390=ORIENTED_EDGE('',*,*,#2579,.F.);
#3391=ORIENTED_EDGE('',*,*,#2580,.F.);
#3392=ORIENTED_EDGE('',*,*,#2532,.T.);
#3393=ORIENTED_EDGE('',*,*,#2580,.T.);
#3394=ORIENTED_EDGE('',*,*,#2581,.F.);
#3395=ORIENTED_EDGE('',*,*,#2582,.F.);
#3396=ORIENTED_EDGE('',*,*,#2533,.T.);
#3397=ORIENTED_EDGE('',*,*,#2582,.T.);
#3398=ORIENTED_EDGE('',*,*,#2583,.F.);
#3399=ORIENTED_EDGE('',*,*,#2584,.F.);
#3400=ORIENTED_EDGE('',*,*,#2534,.T.);
#3401=ORIENTED_EDGE('',*,*,#2584,.T.);
#3402=ORIENTED_EDGE('',*,*,#2585,.F.);
#3403=ORIENTED_EDGE('',*,*,#2586,.F.);
#3404=ORIENTED_EDGE('',*,*,#2535,.T.);
#3405=ORIENTED_EDGE('',*,*,#2586,.T.);
#3406=ORIENTED_EDGE('',*,*,#2587,.F.);
#3407=ORIENTED_EDGE('',*,*,#2588,.F.);
#3408=ORIENTED_EDGE('',*,*,#2536,.T.);
#3409=ORIENTED_EDGE('',*,*,#2588,.T.);
#3410=ORIENTED_EDGE('',*,*,#2589,.F.);
#3411=ORIENTED_EDGE('',*,*,#2590,.F.);
#3412=ORIENTED_EDGE('',*,*,#2537,.T.);
#3413=ORIENTED_EDGE('',*,*,#2590,.T.);
#3414=ORIENTED_EDGE('',*,*,#2591,.F.);
#3415=ORIENTED_EDGE('',*,*,#2592,.F.);
#3416=ORIENTED_EDGE('',*,*,#2538,.T.);
#3417=ORIENTED_EDGE('',*,*,#2592,.T.);
#3418=ORIENTED_EDGE('',*,*,#2593,.F.);
#3419=ORIENTED_EDGE('',*,*,#2594,.F.);
#3420=ORIENTED_EDGE('',*,*,#2539,.T.);
#3421=ORIENTED_EDGE('',*,*,#2594,.T.);
#3422=ORIENTED_EDGE('',*,*,#2595,.F.);
#3423=ORIENTED_EDGE('',*,*,#2596,.F.);
#3424=ORIENTED_EDGE('',*,*,#2540,.T.);
#3425=ORIENTED_EDGE('',*,*,#2596,.T.);
#3426=ORIENTED_EDGE('',*,*,#2597,.F.);
#3427=ORIENTED_EDGE('',*,*,#2598,.F.);
#3428=ORIENTED_EDGE('',*,*,#2541,.T.);
#3429=ORIENTED_EDGE('',*,*,#2598,.T.);
#3430=ORIENTED_EDGE('',*,*,#2599,.F.);
#3431=ORIENTED_EDGE('',*,*,#2600,.F.);
#3432=ORIENTED_EDGE('',*,*,#2542,.T.);
#3433=ORIENTED_EDGE('',*,*,#2600,.T.);
#3434=ORIENTED_EDGE('',*,*,#2601,.F.);
#3435=ORIENTED_EDGE('',*,*,#2602,.F.);
#3436=ORIENTED_EDGE('',*,*,#2543,.T.);
#3437=ORIENTED_EDGE('',*,*,#2602,.T.);
#3438=ORIENTED_EDGE('',*,*,#2603,.F.);
#3439=ORIENTED_EDGE('',*,*,#2544,.F.);
#3440=ORIENTED_EDGE('',*,*,#2604,.F.);
#3441=ORIENTED_EDGE('',*,*,#2605,.F.);
#3442=ORIENTED_EDGE('',*,*,#2606,.F.);
#3443=ORIENTED_EDGE('',*,*,#2607,.F.);
#3444=ORIENTED_EDGE('',*,*,#2608,.F.);
#3445=ORIENTED_EDGE('',*,*,#2609,.F.);
#3446=ORIENTED_EDGE('',*,*,#2610,.F.);
#3447=ORIENTED_EDGE('',*,*,#2611,.F.);
#3448=ORIENTED_EDGE('',*,*,#2604,.T.);
#3449=ORIENTED_EDGE('',*,*,#2612,.T.);
#3450=ORIENTED_EDGE('',*,*,#2613,.F.);
#3451=ORIENTED_EDGE('',*,*,#2614,.F.);
#3452=ORIENTED_EDGE('',*,*,#2605,.T.);
#3453=ORIENTED_EDGE('',*,*,#2614,.T.);
#3454=ORIENTED_EDGE('',*,*,#2615,.F.);
#3455=ORIENTED_EDGE('',*,*,#2616,.F.);
#3456=ORIENTED_EDGE('',*,*,#2606,.T.);
#3457=ORIENTED_EDGE('',*,*,#2616,.T.);
#3458=ORIENTED_EDGE('',*,*,#2617,.F.);
#3459=ORIENTED_EDGE('',*,*,#2618,.F.);
#3460=ORIENTED_EDGE('',*,*,#2607,.T.);
#3461=ORIENTED_EDGE('',*,*,#2618,.T.);
#3462=ORIENTED_EDGE('',*,*,#2619,.F.);
#3463=ORIENTED_EDGE('',*,*,#2620,.F.);
#3464=ORIENTED_EDGE('',*,*,#2608,.T.);
#3465=ORIENTED_EDGE('',*,*,#2620,.T.);
#3466=ORIENTED_EDGE('',*,*,#2621,.F.);
#3467=ORIENTED_EDGE('',*,*,#2622,.F.);
#3468=ORIENTED_EDGE('',*,*,#2609,.T.);
#3469=ORIENTED_EDGE('',*,*,#2622,.T.);
#3470=ORIENTED_EDGE('',*,*,#2623,.F.);
#3471=ORIENTED_EDGE('',*,*,#2624,.F.);
#3472=ORIENTED_EDGE('',*,*,#2610,.T.);
#3473=ORIENTED_EDGE('',*,*,#2624,.T.);
#3474=ORIENTED_EDGE('',*,*,#2625,.F.);
#3475=ORIENTED_EDGE('',*,*,#2626,.F.);
#3476=ORIENTED_EDGE('',*,*,#2611,.T.);
#3477=ORIENTED_EDGE('',*,*,#2626,.T.);
#3478=ORIENTED_EDGE('',*,*,#2627,.F.);
#3479=ORIENTED_EDGE('',*,*,#2612,.F.);
#3480=ORIENTED_EDGE('',*,*,#2628,.F.);
#3481=ORIENTED_EDGE('',*,*,#2629,.F.);
#3482=ORIENTED_EDGE('',*,*,#2630,.F.);
#3483=ORIENTED_EDGE('',*,*,#2631,.F.);
#3484=ORIENTED_EDGE('',*,*,#2632,.F.);
#3485=ORIENTED_EDGE('',*,*,#2633,.F.);
#3486=ORIENTED_EDGE('',*,*,#2634,.F.);
#3487=ORIENTED_EDGE('',*,*,#2635,.F.);
#3488=ORIENTED_EDGE('',*,*,#2636,.F.);
#3489=ORIENTED_EDGE('',*,*,#2637,.F.);
#3490=ORIENTED_EDGE('',*,*,#2638,.F.);
#3491=ORIENTED_EDGE('',*,*,#2639,.F.);
#3492=ORIENTED_EDGE('',*,*,#2640,.F.);
#3493=ORIENTED_EDGE('',*,*,#2641,.F.);
#3494=ORIENTED_EDGE('',*,*,#2642,.F.);
#3495=ORIENTED_EDGE('',*,*,#2643,.F.);
#3496=ORIENTED_EDGE('',*,*,#2644,.F.);
#3497=ORIENTED_EDGE('',*,*,#2645,.F.);
#3498=ORIENTED_EDGE('',*,*,#2646,.F.);
#3499=ORIENTED_EDGE('',*,*,#2647,.F.);
#3500=ORIENTED_EDGE('',*,*,#2648,.F.);
#3501=ORIENTED_EDGE('',*,*,#2649,.F.);
#3502=ORIENTED_EDGE('',*,*,#2650,.F.);
#3503=ORIENTED_EDGE('',*,*,#2651,.F.);
#3504=ORIENTED_EDGE('',*,*,#2652,.F.);
#3505=ORIENTED_EDGE('',*,*,#2653,.F.);
#3506=ORIENTED_EDGE('',*,*,#2654,.F.);
#3507=ORIENTED_EDGE('',*,*,#2655,.F.);
#3508=ORIENTED_EDGE('',*,*,#2656,.F.);
#3509=ORIENTED_EDGE('',*,*,#2657,.F.);
#3510=ORIENTED_EDGE('',*,*,#2628,.T.);
#3511=ORIENTED_EDGE('',*,*,#2658,.T.);
#3512=ORIENTED_EDGE('',*,*,#2659,.F.);
#3513=ORIENTED_EDGE('',*,*,#2660,.F.);
#3514=ORIENTED_EDGE('',*,*,#2629,.T.);
#3515=ORIENTED_EDGE('',*,*,#2660,.T.);
#3516=ORIENTED_EDGE('',*,*,#2661,.F.);
#3517=ORIENTED_EDGE('',*,*,#2662,.F.);
#3518=ORIENTED_EDGE('',*,*,#2630,.T.);
#3519=ORIENTED_EDGE('',*,*,#2662,.T.);
#3520=ORIENTED_EDGE('',*,*,#2663,.F.);
#3521=ORIENTED_EDGE('',*,*,#2664,.F.);
#3522=ORIENTED_EDGE('',*,*,#2631,.T.);
#3523=ORIENTED_EDGE('',*,*,#2664,.T.);
#3524=ORIENTED_EDGE('',*,*,#2665,.F.);
#3525=ORIENTED_EDGE('',*,*,#2666,.F.);
#3526=ORIENTED_EDGE('',*,*,#2632,.T.);
#3527=ORIENTED_EDGE('',*,*,#2666,.T.);
#3528=ORIENTED_EDGE('',*,*,#2667,.F.);
#3529=ORIENTED_EDGE('',*,*,#2668,.F.);
#3530=ORIENTED_EDGE('',*,*,#2633,.T.);
#3531=ORIENTED_EDGE('',*,*,#2668,.T.);
#3532=ORIENTED_EDGE('',*,*,#2669,.F.);
#3533=ORIENTED_EDGE('',*,*,#2670,.F.);
#3534=ORIENTED_EDGE('',*,*,#2634,.T.);
#3535=ORIENTED_EDGE('',*,*,#2670,.T.);
#3536=ORIENTED_EDGE('',*,*,#2671,.F.);
#3537=ORIENTED_EDGE('',*,*,#2672,.F.);
#3538=ORIENTED_EDGE('',*,*,#2635,.T.);
#3539=ORIENTED_EDGE('',*,*,#2672,.T.);
#3540=ORIENTED_EDGE('',*,*,#2673,.F.);
#3541=ORIENTED_EDGE('',*,*,#2674,.F.);
#3542=ORIENTED_EDGE('',*,*,#2636,.T.);
#3543=ORIENTED_EDGE('',*,*,#2674,.T.);
#3544=ORIENTED_EDGE('',*,*,#2675,.F.);
#3545=ORIENTED_EDGE('',*,*,#2676,.F.);
#3546=ORIENTED_EDGE('',*,*,#2637,.T.);
#3547=ORIENTED_EDGE('',*,*,#2676,.T.);
#3548=ORIENTED_EDGE('',*,*,#2677,.F.);
#3549=ORIENTED_EDGE('',*,*,#2678,.F.);
#3550=ORIENTED_EDGE('',*,*,#2638,.T.);
#3551=ORIENTED_EDGE('',*,*,#2678,.T.);
#3552=ORIENTED_EDGE('',*,*,#2679,.F.);
#3553=ORIENTED_EDGE('',*,*,#2680,.F.);
#3554=ORIENTED_EDGE('',*,*,#2639,.T.);
#3555=ORIENTED_EDGE('',*,*,#2680,.T.);
#3556=ORIENTED_EDGE('',*,*,#2681,.F.);
#3557=ORIENTED_EDGE('',*,*,#2682,.F.);
#3558=ORIENTED_EDGE('',*,*,#2640,.T.);
#3559=ORIENTED_EDGE('',*,*,#2682,.T.);
#3560=ORIENTED_EDGE('',*,*,#2683,.F.);
#3561=ORIENTED_EDGE('',*,*,#2684,.F.);
#3562=ORIENTED_EDGE('',*,*,#2641,.T.);
#3563=ORIENTED_EDGE('',*,*,#2684,.T.);
#3564=ORIENTED_EDGE('',*,*,#2685,.F.);
#3565=ORIENTED_EDGE('',*,*,#2686,.F.);
#3566=ORIENTED_EDGE('',*,*,#2642,.T.);
#3567=ORIENTED_EDGE('',*,*,#2686,.T.);
#3568=ORIENTED_EDGE('',*,*,#2687,.F.);
#3569=ORIENTED_EDGE('',*,*,#2688,.F.);
#3570=ORIENTED_EDGE('',*,*,#2643,.T.);
#3571=ORIENTED_EDGE('',*,*,#2688,.T.);
#3572=ORIENTED_EDGE('',*,*,#2689,.F.);
#3573=ORIENTED_EDGE('',*,*,#2690,.F.);
#3574=ORIENTED_EDGE('',*,*,#2644,.T.);
#3575=ORIENTED_EDGE('',*,*,#2690,.T.);
#3576=ORIENTED_EDGE('',*,*,#2691,.F.);
#3577=ORIENTED_EDGE('',*,*,#2692,.F.);
#3578=ORIENTED_EDGE('',*,*,#2645,.T.);
#3579=ORIENTED_EDGE('',*,*,#2692,.T.);
#3580=ORIENTED_EDGE('',*,*,#2693,.F.);
#3581=ORIENTED_EDGE('',*,*,#2694,.F.);
#3582=ORIENTED_EDGE('',*,*,#2646,.T.);
#3583=ORIENTED_EDGE('',*,*,#2694,.T.);
#3584=ORIENTED_EDGE('',*,*,#2695,.F.);
#3585=ORIENTED_EDGE('',*,*,#2696,.F.);
#3586=ORIENTED_EDGE('',*,*,#2647,.T.);
#3587=ORIENTED_EDGE('',*,*,#2696,.T.);
#3588=ORIENTED_EDGE('',*,*,#2697,.F.);
#3589=ORIENTED_EDGE('',*,*,#2698,.F.);
#3590=ORIENTED_EDGE('',*,*,#2648,.T.);
#3591=ORIENTED_EDGE('',*,*,#2698,.T.);
#3592=ORIENTED_EDGE('',*,*,#2699,.F.);
#3593=ORIENTED_EDGE('',*,*,#2700,.F.);
#3594=ORIENTED_EDGE('',*,*,#2649,.T.);
#3595=ORIENTED_EDGE('',*,*,#2700,.T.);
#3596=ORIENTED_EDGE('',*,*,#2701,.F.);
#3597=ORIENTED_EDGE('',*,*,#2702,.F.);
#3598=ORIENTED_EDGE('',*,*,#2650,.T.);
#3599=ORIENTED_EDGE('',*,*,#2702,.T.);
#3600=ORIENTED_EDGE('',*,*,#2703,.F.);
#3601=ORIENTED_EDGE('',*,*,#2704,.F.);
#3602=ORIENTED_EDGE('',*,*,#2651,.T.);
#3603=ORIENTED_EDGE('',*,*,#2704,.T.);
#3604=ORIENTED_EDGE('',*,*,#2705,.F.);
#3605=ORIENTED_EDGE('',*,*,#2706,.F.);
#3606=ORIENTED_EDGE('',*,*,#2652,.T.);
#3607=ORIENTED_EDGE('',*,*,#2706,.T.);
#3608=ORIENTED_EDGE('',*,*,#2707,.F.);
#3609=ORIENTED_EDGE('',*,*,#2708,.F.);
#3610=ORIENTED_EDGE('',*,*,#2653,.T.);
#3611=ORIENTED_EDGE('',*,*,#2708,.T.);
#3612=ORIENTED_EDGE('',*,*,#2709,.F.);
#3613=ORIENTED_EDGE('',*,*,#2710,.F.);
#3614=ORIENTED_EDGE('',*,*,#2654,.T.);
#3615=ORIENTED_EDGE('',*,*,#2710,.T.);
#3616=ORIENTED_EDGE('',*,*,#2711,.F.);
#3617=ORIENTED_EDGE('',*,*,#2712,.F.);
#3618=ORIENTED_EDGE('',*,*,#2655,.T.);
#3619=ORIENTED_EDGE('',*,*,#2712,.T.);
#3620=ORIENTED_EDGE('',*,*,#2713,.F.);
#3621=ORIENTED_EDGE('',*,*,#2714,.F.);
#3622=ORIENTED_EDGE('',*,*,#2656,.T.);
#3623=ORIENTED_EDGE('',*,*,#2714,.T.);
#3624=ORIENTED_EDGE('',*,*,#2715,.F.);
#3625=ORIENTED_EDGE('',*,*,#2716,.F.);
#3626=ORIENTED_EDGE('',*,*,#2657,.T.);
#3627=ORIENTED_EDGE('',*,*,#2716,.T.);
#3628=ORIENTED_EDGE('',*,*,#2717,.F.);
#3629=ORIENTED_EDGE('',*,*,#2658,.F.);
#3630=ORIENTED_EDGE('',*,*,#2718,.F.);
#3631=ORIENTED_EDGE('',*,*,#2719,.F.);
#3632=ORIENTED_EDGE('',*,*,#2720,.F.);
#3633=ORIENTED_EDGE('',*,*,#2721,.F.);
#3634=ORIENTED_EDGE('',*,*,#2722,.F.);
#3635=ORIENTED_EDGE('',*,*,#2723,.F.);
#3636=ORIENTED_EDGE('',*,*,#2724,.F.);
#3637=ORIENTED_EDGE('',*,*,#2725,.F.);
#3638=ORIENTED_EDGE('',*,*,#2718,.T.);
#3639=ORIENTED_EDGE('',*,*,#2726,.T.);
#3640=ORIENTED_EDGE('',*,*,#2727,.F.);
#3641=ORIENTED_EDGE('',*,*,#2728,.F.);
#3642=ORIENTED_EDGE('',*,*,#2719,.T.);
#3643=ORIENTED_EDGE('',*,*,#2728,.T.);
#3644=ORIENTED_EDGE('',*,*,#2729,.F.);
#3645=ORIENTED_EDGE('',*,*,#2730,.F.);
#3646=ORIENTED_EDGE('',*,*,#2720,.T.);
#3647=ORIENTED_EDGE('',*,*,#2730,.T.);
#3648=ORIENTED_EDGE('',*,*,#2731,.F.);
#3649=ORIENTED_EDGE('',*,*,#2732,.F.);
#3650=ORIENTED_EDGE('',*,*,#2721,.T.);
#3651=ORIENTED_EDGE('',*,*,#2732,.T.);
#3652=ORIENTED_EDGE('',*,*,#2733,.F.);
#3653=ORIENTED_EDGE('',*,*,#2734,.F.);
#3654=ORIENTED_EDGE('',*,*,#2722,.T.);
#3655=ORIENTED_EDGE('',*,*,#2734,.T.);
#3656=ORIENTED_EDGE('',*,*,#2735,.F.);
#3657=ORIENTED_EDGE('',*,*,#2736,.F.);
#3658=ORIENTED_EDGE('',*,*,#2723,.T.);
#3659=ORIENTED_EDGE('',*,*,#2736,.T.);
#3660=ORIENTED_EDGE('',*,*,#2737,.F.);
#3661=ORIENTED_EDGE('',*,*,#2738,.F.);
#3662=ORIENTED_EDGE('',*,*,#2724,.T.);
#3663=ORIENTED_EDGE('',*,*,#2738,.T.);
#3664=ORIENTED_EDGE('',*,*,#2739,.F.);
#3665=ORIENTED_EDGE('',*,*,#2740,.F.);
#3666=ORIENTED_EDGE('',*,*,#2725,.T.);
#3667=ORIENTED_EDGE('',*,*,#2740,.T.);
#3668=ORIENTED_EDGE('',*,*,#2741,.F.);
#3669=ORIENTED_EDGE('',*,*,#2726,.F.);
#3670=ORIENTED_EDGE('',*,*,#2742,.F.);
#3671=ORIENTED_EDGE('',*,*,#2743,.F.);
#3672=ORIENTED_EDGE('',*,*,#2744,.F.);
#3673=ORIENTED_EDGE('',*,*,#2745,.F.);
#3674=ORIENTED_EDGE('',*,*,#2746,.F.);
#3675=ORIENTED_EDGE('',*,*,#2747,.F.);
#3676=ORIENTED_EDGE('',*,*,#2748,.F.);
#3677=ORIENTED_EDGE('',*,*,#2749,.F.);
#3678=ORIENTED_EDGE('',*,*,#2750,.F.);
#3679=ORIENTED_EDGE('',*,*,#2751,.F.);
#3680=ORIENTED_EDGE('',*,*,#2752,.F.);
#3681=ORIENTED_EDGE('',*,*,#2753,.F.);
#3682=ORIENTED_EDGE('',*,*,#2754,.F.);
#3683=ORIENTED_EDGE('',*,*,#2755,.F.);
#3684=ORIENTED_EDGE('',*,*,#2756,.F.);
#3685=ORIENTED_EDGE('',*,*,#2757,.F.);
#3686=ORIENTED_EDGE('',*,*,#2758,.F.);
#3687=ORIENTED_EDGE('',*,*,#2759,.F.);
#3688=ORIENTED_EDGE('',*,*,#2760,.F.);
#3689=ORIENTED_EDGE('',*,*,#2761,.F.);
#3690=ORIENTED_EDGE('',*,*,#2762,.F.);
#3691=ORIENTED_EDGE('',*,*,#2742,.T.);
#3692=ORIENTED_EDGE('',*,*,#2763,.T.);
#3693=ORIENTED_EDGE('',*,*,#2764,.F.);
#3694=ORIENTED_EDGE('',*,*,#2765,.F.);
#3695=ORIENTED_EDGE('',*,*,#2743,.T.);
#3696=ORIENTED_EDGE('',*,*,#2765,.T.);
#3697=ORIENTED_EDGE('',*,*,#2766,.F.);
#3698=ORIENTED_EDGE('',*,*,#2767,.F.);
#3699=ORIENTED_EDGE('',*,*,#2744,.T.);
#3700=ORIENTED_EDGE('',*,*,#2767,.T.);
#3701=ORIENTED_EDGE('',*,*,#2768,.F.);
#3702=ORIENTED_EDGE('',*,*,#2769,.F.);
#3703=ORIENTED_EDGE('',*,*,#2745,.T.);
#3704=ORIENTED_EDGE('',*,*,#2769,.T.);
#3705=ORIENTED_EDGE('',*,*,#2770,.F.);
#3706=ORIENTED_EDGE('',*,*,#2771,.F.);
#3707=ORIENTED_EDGE('',*,*,#2746,.T.);
#3708=ORIENTED_EDGE('',*,*,#2771,.T.);
#3709=ORIENTED_EDGE('',*,*,#2772,.F.);
#3710=ORIENTED_EDGE('',*,*,#2773,.F.);
#3711=ORIENTED_EDGE('',*,*,#2747,.T.);
#3712=ORIENTED_EDGE('',*,*,#2773,.T.);
#3713=ORIENTED_EDGE('',*,*,#2774,.F.);
#3714=ORIENTED_EDGE('',*,*,#2775,.F.);
#3715=ORIENTED_EDGE('',*,*,#2748,.T.);
#3716=ORIENTED_EDGE('',*,*,#2775,.T.);
#3717=ORIENTED_EDGE('',*,*,#2776,.F.);
#3718=ORIENTED_EDGE('',*,*,#2777,.F.);
#3719=ORIENTED_EDGE('',*,*,#2749,.T.);
#3720=ORIENTED_EDGE('',*,*,#2777,.T.);
#3721=ORIENTED_EDGE('',*,*,#2778,.F.);
#3722=ORIENTED_EDGE('',*,*,#2779,.F.);
#3723=ORIENTED_EDGE('',*,*,#2750,.T.);
#3724=ORIENTED_EDGE('',*,*,#2779,.T.);
#3725=ORIENTED_EDGE('',*,*,#2780,.F.);
#3726=ORIENTED_EDGE('',*,*,#2781,.F.);
#3727=ORIENTED_EDGE('',*,*,#2751,.T.);
#3728=ORIENTED_EDGE('',*,*,#2781,.T.);
#3729=ORIENTED_EDGE('',*,*,#2782,.F.);
#3730=ORIENTED_EDGE('',*,*,#2783,.F.);
#3731=ORIENTED_EDGE('',*,*,#2752,.T.);
#3732=ORIENTED_EDGE('',*,*,#2783,.T.);
#3733=ORIENTED_EDGE('',*,*,#2784,.F.);
#3734=ORIENTED_EDGE('',*,*,#2785,.F.);
#3735=ORIENTED_EDGE('',*,*,#2753,.T.);
#3736=ORIENTED_EDGE('',*,*,#2785,.T.);
#3737=ORIENTED_EDGE('',*,*,#2786,.F.);
#3738=ORIENTED_EDGE('',*,*,#2787,.F.);
#3739=ORIENTED_EDGE('',*,*,#2754,.T.);
#3740=ORIENTED_EDGE('',*,*,#2787,.T.);
#3741=ORIENTED_EDGE('',*,*,#2788,.F.);
#3742=ORIENTED_EDGE('',*,*,#2789,.F.);
#3743=ORIENTED_EDGE('',*,*,#2755,.T.);
#3744=ORIENTED_EDGE('',*,*,#2789,.T.);
#3745=ORIENTED_EDGE('',*,*,#2790,.F.);
#3746=ORIENTED_EDGE('',*,*,#2791,.F.);
#3747=ORIENTED_EDGE('',*,*,#2756,.T.);
#3748=ORIENTED_EDGE('',*,*,#2791,.T.);
#3749=ORIENTED_EDGE('',*,*,#2792,.F.);
#3750=ORIENTED_EDGE('',*,*,#2793,.F.);
#3751=ORIENTED_EDGE('',*,*,#2757,.T.);
#3752=ORIENTED_EDGE('',*,*,#2793,.T.);
#3753=ORIENTED_EDGE('',*,*,#2794,.F.);
#3754=ORIENTED_EDGE('',*,*,#2795,.F.);
#3755=ORIENTED_EDGE('',*,*,#2758,.T.);
#3756=ORIENTED_EDGE('',*,*,#2795,.T.);
#3757=ORIENTED_EDGE('',*,*,#2796,.F.);
#3758=ORIENTED_EDGE('',*,*,#2797,.F.);
#3759=ORIENTED_EDGE('',*,*,#2759,.T.);
#3760=ORIENTED_EDGE('',*,*,#2797,.T.);
#3761=ORIENTED_EDGE('',*,*,#2798,.F.);
#3762=ORIENTED_EDGE('',*,*,#2799,.F.);
#3763=ORIENTED_EDGE('',*,*,#2760,.T.);
#3764=ORIENTED_EDGE('',*,*,#2799,.T.);
#3765=ORIENTED_EDGE('',*,*,#2800,.F.);
#3766=ORIENTED_EDGE('',*,*,#2801,.F.);
#3767=ORIENTED_EDGE('',*,*,#2761,.T.);
#3768=ORIENTED_EDGE('',*,*,#2801,.T.);
#3769=ORIENTED_EDGE('',*,*,#2802,.F.);
#3770=ORIENTED_EDGE('',*,*,#2803,.F.);
#3771=ORIENTED_EDGE('',*,*,#2762,.T.);
#3772=ORIENTED_EDGE('',*,*,#2803,.T.);
#3773=ORIENTED_EDGE('',*,*,#2804,.F.);
#3774=ORIENTED_EDGE('',*,*,#2763,.F.);
#3775=ORIENTED_EDGE('',*,*,#2805,.F.);
#3776=ORIENTED_EDGE('',*,*,#2806,.F.);
#3777=ORIENTED_EDGE('',*,*,#2807,.F.);
#3778=ORIENTED_EDGE('',*,*,#2808,.F.);
#3779=ORIENTED_EDGE('',*,*,#2805,.T.);
#3780=ORIENTED_EDGE('',*,*,#2809,.T.);
#3781=ORIENTED_EDGE('',*,*,#2810,.F.);
#3782=ORIENTED_EDGE('',*,*,#2811,.F.);
#3783=ORIENTED_EDGE('',*,*,#2806,.T.);
#3784=ORIENTED_EDGE('',*,*,#2811,.T.);
#3785=ORIENTED_EDGE('',*,*,#2812,.F.);
#3786=ORIENTED_EDGE('',*,*,#2813,.F.);
#3787=ORIENTED_EDGE('',*,*,#2807,.T.);
#3788=ORIENTED_EDGE('',*,*,#2813,.T.);
#3789=ORIENTED_EDGE('',*,*,#2814,.F.);
#3790=ORIENTED_EDGE('',*,*,#2815,.F.);
#3791=ORIENTED_EDGE('',*,*,#2808,.T.);
#3792=ORIENTED_EDGE('',*,*,#2815,.T.);
#3793=ORIENTED_EDGE('',*,*,#2816,.F.);
#3794=ORIENTED_EDGE('',*,*,#2809,.F.);
#3795=ORIENTED_EDGE('',*,*,#2817,.F.);
#3796=ORIENTED_EDGE('',*,*,#2818,.T.);
#3797=ORIENTED_EDGE('',*,*,#2819,.T.);
#3798=ORIENTED_EDGE('',*,*,#2820,.F.);
#3799=ORIENTED_EDGE('',*,*,#2821,.F.);
#3800=ORIENTED_EDGE('',*,*,#2822,.T.);
#3801=ORIENTED_EDGE('',*,*,#2823,.T.);
#3802=ORIENTED_EDGE('',*,*,#2818,.F.);
#3803=ORIENTED_EDGE('',*,*,#2824,.F.);
#3804=ORIENTED_EDGE('',*,*,#2825,.T.);
#3805=ORIENTED_EDGE('',*,*,#2826,.T.);
#3806=ORIENTED_EDGE('',*,*,#2822,.F.);
#3807=ORIENTED_EDGE('',*,*,#2827,.F.);
#3808=ORIENTED_EDGE('',*,*,#2828,.T.);
#3809=ORIENTED_EDGE('',*,*,#2829,.T.);
#3810=ORIENTED_EDGE('',*,*,#2825,.F.);
#3811=ORIENTED_EDGE('',*,*,#2830,.F.);
#3812=ORIENTED_EDGE('',*,*,#2831,.T.);
#3813=ORIENTED_EDGE('',*,*,#2832,.T.);
#3814=ORIENTED_EDGE('',*,*,#2828,.F.);
#3815=ORIENTED_EDGE('',*,*,#2833,.F.);
#3816=ORIENTED_EDGE('',*,*,#2834,.T.);
#3817=ORIENTED_EDGE('',*,*,#2835,.T.);
#3818=ORIENTED_EDGE('',*,*,#2831,.F.);
#3819=ORIENTED_EDGE('',*,*,#2836,.F.);
#3820=ORIENTED_EDGE('',*,*,#2837,.T.);
#3821=ORIENTED_EDGE('',*,*,#2838,.T.);
#3822=ORIENTED_EDGE('',*,*,#2834,.F.);
#3823=ORIENTED_EDGE('',*,*,#2839,.F.);
#3824=ORIENTED_EDGE('',*,*,#2840,.T.);
#3825=ORIENTED_EDGE('',*,*,#2841,.T.);
#3826=ORIENTED_EDGE('',*,*,#2837,.F.);
#3827=ORIENTED_EDGE('',*,*,#2842,.F.);
#3828=ORIENTED_EDGE('',*,*,#2843,.T.);
#3829=ORIENTED_EDGE('',*,*,#2844,.T.);
#3830=ORIENTED_EDGE('',*,*,#2840,.F.);
#3831=ORIENTED_EDGE('',*,*,#2845,.F.);
#3832=ORIENTED_EDGE('',*,*,#2846,.T.);
#3833=ORIENTED_EDGE('',*,*,#2847,.T.);
#3834=ORIENTED_EDGE('',*,*,#2843,.F.);
#3835=ORIENTED_EDGE('',*,*,#2848,.F.);
#3836=ORIENTED_EDGE('',*,*,#2849,.T.);
#3837=ORIENTED_EDGE('',*,*,#2850,.T.);
#3838=ORIENTED_EDGE('',*,*,#2846,.F.);
#3839=ORIENTED_EDGE('',*,*,#2851,.F.);
#3840=ORIENTED_EDGE('',*,*,#2820,.T.);
#3841=ORIENTED_EDGE('',*,*,#2852,.T.);
#3842=ORIENTED_EDGE('',*,*,#2849,.F.);
#3843=ORIENTED_EDGE('',*,*,#2852,.F.);
#3844=ORIENTED_EDGE('',*,*,#2819,.F.);
#3845=ORIENTED_EDGE('',*,*,#2823,.F.);
#3846=ORIENTED_EDGE('',*,*,#2826,.F.);
#3847=ORIENTED_EDGE('',*,*,#2829,.F.);
#3848=ORIENTED_EDGE('',*,*,#2832,.F.);
#3849=ORIENTED_EDGE('',*,*,#2835,.F.);
#3850=ORIENTED_EDGE('',*,*,#2838,.F.);
#3851=ORIENTED_EDGE('',*,*,#2841,.F.);
#3852=ORIENTED_EDGE('',*,*,#2844,.F.);
#3853=ORIENTED_EDGE('',*,*,#2847,.F.);
#3854=ORIENTED_EDGE('',*,*,#2850,.F.);
#3855=ORIENTED_EDGE('',*,*,#2853,.F.);
#3856=ORIENTED_EDGE('',*,*,#2854,.T.);
#3857=ORIENTED_EDGE('',*,*,#2855,.T.);
#3858=ORIENTED_EDGE('',*,*,#2856,.F.);
#3859=ORIENTED_EDGE('',*,*,#2857,.F.);
#3860=ORIENTED_EDGE('',*,*,#2858,.T.);
#3861=ORIENTED_EDGE('',*,*,#2859,.T.);
#3862=ORIENTED_EDGE('',*,*,#2854,.F.);
#3863=ORIENTED_EDGE('',*,*,#2860,.F.);
#3864=ORIENTED_EDGE('',*,*,#2861,.T.);
#3865=ORIENTED_EDGE('',*,*,#2862,.T.);
#3866=ORIENTED_EDGE('',*,*,#2858,.F.);
#3867=ORIENTED_EDGE('',*,*,#2863,.F.);
#3868=ORIENTED_EDGE('',*,*,#2864,.T.);
#3869=ORIENTED_EDGE('',*,*,#2865,.T.);
#3870=ORIENTED_EDGE('',*,*,#2861,.F.);
#3871=ORIENTED_EDGE('',*,*,#2866,.F.);
#3872=ORIENTED_EDGE('',*,*,#2867,.T.);
#3873=ORIENTED_EDGE('',*,*,#2868,.T.);
#3874=ORIENTED_EDGE('',*,*,#2864,.F.);
#3875=ORIENTED_EDGE('',*,*,#2869,.F.);
#3876=ORIENTED_EDGE('',*,*,#2870,.T.);
#3877=ORIENTED_EDGE('',*,*,#2871,.T.);
#3878=ORIENTED_EDGE('',*,*,#2867,.F.);
#3879=ORIENTED_EDGE('',*,*,#2872,.F.);
#3880=ORIENTED_EDGE('',*,*,#2873,.T.);
#3881=ORIENTED_EDGE('',*,*,#2874,.T.);
#3882=ORIENTED_EDGE('',*,*,#2870,.F.);
#3883=ORIENTED_EDGE('',*,*,#2875,.F.);
#3884=ORIENTED_EDGE('',*,*,#2856,.T.);
#3885=ORIENTED_EDGE('',*,*,#2876,.T.);
#3886=ORIENTED_EDGE('',*,*,#2873,.F.);
#3887=ORIENTED_EDGE('',*,*,#2876,.F.);
#3888=ORIENTED_EDGE('',*,*,#2855,.F.);
#3889=ORIENTED_EDGE('',*,*,#2859,.F.);
#3890=ORIENTED_EDGE('',*,*,#2862,.F.);
#3891=ORIENTED_EDGE('',*,*,#2865,.F.);
#3892=ORIENTED_EDGE('',*,*,#2868,.F.);
#3893=ORIENTED_EDGE('',*,*,#2871,.F.);
#3894=ORIENTED_EDGE('',*,*,#2874,.F.);
#3895=ORIENTED_EDGE('',*,*,#2877,.F.);
#3896=ORIENTED_EDGE('',*,*,#2878,.T.);
#3897=ORIENTED_EDGE('',*,*,#2879,.T.);
#3898=ORIENTED_EDGE('',*,*,#2880,.F.);
#3899=ORIENTED_EDGE('',*,*,#2881,.F.);
#3900=ORIENTED_EDGE('',*,*,#2882,.T.);
#3901=ORIENTED_EDGE('',*,*,#2883,.T.);
#3902=ORIENTED_EDGE('',*,*,#2878,.F.);
#3903=ORIENTED_EDGE('',*,*,#2884,.F.);
#3904=ORIENTED_EDGE('',*,*,#2885,.T.);
#3905=ORIENTED_EDGE('',*,*,#2886,.T.);
#3906=ORIENTED_EDGE('',*,*,#2882,.F.);
#3907=ORIENTED_EDGE('',*,*,#2887,.F.);
#3908=ORIENTED_EDGE('',*,*,#2888,.T.);
#3909=ORIENTED_EDGE('',*,*,#2889,.T.);
#3910=ORIENTED_EDGE('',*,*,#2885,.F.);
#3911=ORIENTED_EDGE('',*,*,#2890,.F.);
#3912=ORIENTED_EDGE('',*,*,#2891,.T.);
#3913=ORIENTED_EDGE('',*,*,#2892,.T.);
#3914=ORIENTED_EDGE('',*,*,#2888,.F.);
#3915=ORIENTED_EDGE('',*,*,#2893,.F.);
#3916=ORIENTED_EDGE('',*,*,#2894,.T.);
#3917=ORIENTED_EDGE('',*,*,#2895,.T.);
#3918=ORIENTED_EDGE('',*,*,#2891,.F.);
#3919=ORIENTED_EDGE('',*,*,#2896,.F.);
#3920=ORIENTED_EDGE('',*,*,#2897,.T.);
#3921=ORIENTED_EDGE('',*,*,#2898,.T.);
#3922=ORIENTED_EDGE('',*,*,#2894,.F.);
#3923=ORIENTED_EDGE('',*,*,#2899,.F.);
#3924=ORIENTED_EDGE('',*,*,#2880,.T.);
#3925=ORIENTED_EDGE('',*,*,#2900,.T.);
#3926=ORIENTED_EDGE('',*,*,#2897,.F.);
#3927=ORIENTED_EDGE('',*,*,#2900,.F.);
#3928=ORIENTED_EDGE('',*,*,#2879,.F.);
#3929=ORIENTED_EDGE('',*,*,#2883,.F.);
#3930=ORIENTED_EDGE('',*,*,#2886,.F.);
#3931=ORIENTED_EDGE('',*,*,#2889,.F.);
#3932=ORIENTED_EDGE('',*,*,#2892,.F.);
#3933=ORIENTED_EDGE('',*,*,#2895,.F.);
#3934=ORIENTED_EDGE('',*,*,#2898,.F.);
#3935=ORIENTED_EDGE('',*,*,#2901,.F.);
#3936=ORIENTED_EDGE('',*,*,#2902,.T.);
#3937=ORIENTED_EDGE('',*,*,#2903,.T.);
#3938=ORIENTED_EDGE('',*,*,#2904,.F.);
#3939=ORIENTED_EDGE('',*,*,#2905,.F.);
#3940=ORIENTED_EDGE('',*,*,#2906,.T.);
#3941=ORIENTED_EDGE('',*,*,#2907,.T.);
#3942=ORIENTED_EDGE('',*,*,#2902,.F.);
#3943=ORIENTED_EDGE('',*,*,#2908,.F.);
#3944=ORIENTED_EDGE('',*,*,#2909,.T.);
#3945=ORIENTED_EDGE('',*,*,#2910,.T.);
#3946=ORIENTED_EDGE('',*,*,#2906,.F.);
#3947=ORIENTED_EDGE('',*,*,#2911,.F.);
#3948=ORIENTED_EDGE('',*,*,#2912,.T.);
#3949=ORIENTED_EDGE('',*,*,#2913,.T.);
#3950=ORIENTED_EDGE('',*,*,#2909,.F.);
#3951=ORIENTED_EDGE('',*,*,#2914,.F.);
#3952=ORIENTED_EDGE('',*,*,#2915,.T.);
#3953=ORIENTED_EDGE('',*,*,#2916,.T.);
#3954=ORIENTED_EDGE('',*,*,#2912,.F.);
#3955=ORIENTED_EDGE('',*,*,#2917,.F.);
#3956=ORIENTED_EDGE('',*,*,#2918,.T.);
#3957=ORIENTED_EDGE('',*,*,#2919,.T.);
#3958=ORIENTED_EDGE('',*,*,#2915,.F.);
#3959=ORIENTED_EDGE('',*,*,#2920,.F.);
#3960=ORIENTED_EDGE('',*,*,#2921,.T.);
#3961=ORIENTED_EDGE('',*,*,#2922,.T.);
#3962=ORIENTED_EDGE('',*,*,#2918,.F.);
#3963=ORIENTED_EDGE('',*,*,#2923,.F.);
#3964=ORIENTED_EDGE('',*,*,#2904,.T.);
#3965=ORIENTED_EDGE('',*,*,#2924,.T.);
#3966=ORIENTED_EDGE('',*,*,#2921,.F.);
#3967=ORIENTED_EDGE('',*,*,#2924,.F.);
#3968=ORIENTED_EDGE('',*,*,#2903,.F.);
#3969=ORIENTED_EDGE('',*,*,#2907,.F.);
#3970=ORIENTED_EDGE('',*,*,#2910,.F.);
#3971=ORIENTED_EDGE('',*,*,#2913,.F.);
#3972=ORIENTED_EDGE('',*,*,#2916,.F.);
#3973=ORIENTED_EDGE('',*,*,#2919,.F.);
#3974=ORIENTED_EDGE('',*,*,#2922,.F.);
#3975=ORIENTED_EDGE('',*,*,#2925,.F.);
#3976=ORIENTED_EDGE('',*,*,#2926,.T.);
#3977=ORIENTED_EDGE('',*,*,#2927,.T.);
#3978=ORIENTED_EDGE('',*,*,#2928,.F.);
#3979=ORIENTED_EDGE('',*,*,#2929,.F.);
#3980=ORIENTED_EDGE('',*,*,#2930,.T.);
#3981=ORIENTED_EDGE('',*,*,#2931,.T.);
#3982=ORIENTED_EDGE('',*,*,#2926,.F.);
#3983=ORIENTED_EDGE('',*,*,#2932,.F.);
#3984=ORIENTED_EDGE('',*,*,#2933,.T.);
#3985=ORIENTED_EDGE('',*,*,#2934,.T.);
#3986=ORIENTED_EDGE('',*,*,#2930,.F.);
#3987=ORIENTED_EDGE('',*,*,#2935,.F.);
#3988=ORIENTED_EDGE('',*,*,#2936,.T.);
#3989=ORIENTED_EDGE('',*,*,#2937,.T.);
#3990=ORIENTED_EDGE('',*,*,#2933,.F.);
#3991=ORIENTED_EDGE('',*,*,#2938,.F.);
#3992=ORIENTED_EDGE('',*,*,#2939,.T.);
#3993=ORIENTED_EDGE('',*,*,#2940,.T.);
#3994=ORIENTED_EDGE('',*,*,#2936,.F.);
#3995=ORIENTED_EDGE('',*,*,#2941,.F.);
#3996=ORIENTED_EDGE('',*,*,#2942,.T.);
#3997=ORIENTED_EDGE('',*,*,#2943,.T.);
#3998=ORIENTED_EDGE('',*,*,#2939,.F.);
#3999=ORIENTED_EDGE('',*,*,#2944,.F.);
#4000=ORIENTED_EDGE('',*,*,#2945,.T.);
#4001=ORIENTED_EDGE('',*,*,#2946,.T.);
#4002=ORIENTED_EDGE('',*,*,#2942,.F.);
#4003=ORIENTED_EDGE('',*,*,#2947,.F.);
#4004=ORIENTED_EDGE('',*,*,#2928,.T.);
#4005=ORIENTED_EDGE('',*,*,#2948,.T.);
#4006=ORIENTED_EDGE('',*,*,#2945,.F.);
#4007=ORIENTED_EDGE('',*,*,#2948,.F.);
#4008=ORIENTED_EDGE('',*,*,#2927,.F.);
#4009=ORIENTED_EDGE('',*,*,#2931,.F.);
#4010=ORIENTED_EDGE('',*,*,#2934,.F.);
#4011=ORIENTED_EDGE('',*,*,#2937,.F.);
#4012=ORIENTED_EDGE('',*,*,#2940,.F.);
#4013=ORIENTED_EDGE('',*,*,#2943,.F.);
#4014=ORIENTED_EDGE('',*,*,#2946,.F.);
#4015=ORIENTED_EDGE('',*,*,#2949,.F.);
#4016=ORIENTED_EDGE('',*,*,#2950,.T.);
#4017=ORIENTED_EDGE('',*,*,#2951,.T.);
#4018=ORIENTED_EDGE('',*,*,#2952,.F.);
#4019=ORIENTED_EDGE('',*,*,#2953,.F.);
#4020=ORIENTED_EDGE('',*,*,#2954,.T.);
#4021=ORIENTED_EDGE('',*,*,#2955,.T.);
#4022=ORIENTED_EDGE('',*,*,#2950,.F.);
#4023=ORIENTED_EDGE('',*,*,#2956,.F.);
#4024=ORIENTED_EDGE('',*,*,#2957,.T.);
#4025=ORIENTED_EDGE('',*,*,#2958,.T.);
#4026=ORIENTED_EDGE('',*,*,#2954,.F.);
#4027=ORIENTED_EDGE('',*,*,#2959,.F.);
#4028=ORIENTED_EDGE('',*,*,#2960,.T.);
#4029=ORIENTED_EDGE('',*,*,#2961,.T.);
#4030=ORIENTED_EDGE('',*,*,#2957,.F.);
#4031=ORIENTED_EDGE('',*,*,#2962,.F.);
#4032=ORIENTED_EDGE('',*,*,#2963,.T.);
#4033=ORIENTED_EDGE('',*,*,#2964,.T.);
#4034=ORIENTED_EDGE('',*,*,#2960,.F.);
#4035=ORIENTED_EDGE('',*,*,#2965,.F.);
#4036=ORIENTED_EDGE('',*,*,#2966,.T.);
#4037=ORIENTED_EDGE('',*,*,#2967,.T.);
#4038=ORIENTED_EDGE('',*,*,#2963,.F.);
#4039=ORIENTED_EDGE('',*,*,#2968,.F.);
#4040=ORIENTED_EDGE('',*,*,#2969,.T.);
#4041=ORIENTED_EDGE('',*,*,#2970,.T.);
#4042=ORIENTED_EDGE('',*,*,#2966,.F.);
#4043=ORIENTED_EDGE('',*,*,#2971,.F.);
#4044=ORIENTED_EDGE('',*,*,#2972,.T.);
#4045=ORIENTED_EDGE('',*,*,#2973,.T.);
#4046=ORIENTED_EDGE('',*,*,#2969,.F.);
#4047=ORIENTED_EDGE('',*,*,#2974,.F.);
#4048=ORIENTED_EDGE('',*,*,#2952,.T.);
#4049=ORIENTED_EDGE('',*,*,#2975,.T.);
#4050=ORIENTED_EDGE('',*,*,#2972,.F.);
#4051=ORIENTED_EDGE('',*,*,#2975,.F.);
#4052=ORIENTED_EDGE('',*,*,#2951,.F.);
#4053=ORIENTED_EDGE('',*,*,#2955,.F.);
#4054=ORIENTED_EDGE('',*,*,#2958,.F.);
#4055=ORIENTED_EDGE('',*,*,#2961,.F.);
#4056=ORIENTED_EDGE('',*,*,#2964,.F.);
#4057=ORIENTED_EDGE('',*,*,#2967,.F.);
#4058=ORIENTED_EDGE('',*,*,#2970,.F.);
#4059=ORIENTED_EDGE('',*,*,#2973,.F.);
#4060=ORIENTED_EDGE('',*,*,#2976,.T.);
#4061=ORIENTED_EDGE('',*,*,#2977,.F.);
#4062=ORIENTED_EDGE('',*,*,#2978,.F.);
#4063=ORIENTED_EDGE('',*,*,#2979,.F.);
#4064=ORIENTED_EDGE('',*,*,#2980,.T.);
#4065=ORIENTED_EDGE('',*,*,#2981,.F.);
#4066=ORIENTED_EDGE('',*,*,#2976,.F.);
#4067=ORIENTED_EDGE('',*,*,#2982,.F.);
#4068=ORIENTED_EDGE('',*,*,#2983,.T.);
#4069=ORIENTED_EDGE('',*,*,#2984,.T.);
#4070=ORIENTED_EDGE('',*,*,#2985,.T.);
#4071=ORIENTED_EDGE('',*,*,#2986,.T.);
#4072=ORIENTED_EDGE('',*,*,#2986,.F.);
#4073=ORIENTED_EDGE('',*,*,#2987,.T.);
#4074=ORIENTED_EDGE('',*,*,#2988,.F.);
#4075=ORIENTED_EDGE('',*,*,#2989,.F.);
#4076=ORIENTED_EDGE('',*,*,#2990,.F.);
#4077=ORIENTED_EDGE('',*,*,#2991,.F.);
#4078=ORIENTED_EDGE('',*,*,#2992,.F.);
#4079=ORIENTED_EDGE('',*,*,#2993,.F.);
#4080=ORIENTED_EDGE('',*,*,#2994,.F.);
#4081=ORIENTED_EDGE('',*,*,#2995,.F.);
#4082=ORIENTED_EDGE('',*,*,#2985,.F.);
#4083=ORIENTED_EDGE('',*,*,#2996,.T.);
#4084=ORIENTED_EDGE('',*,*,#2997,.T.);
#4085=ORIENTED_EDGE('',*,*,#2998,.F.);
#4086=ORIENTED_EDGE('',*,*,#2999,.T.);
#4087=ORIENTED_EDGE('',*,*,#3000,.F.);
#4088=ORIENTED_EDGE('',*,*,#3001,.F.);
#4089=ORIENTED_EDGE('',*,*,#3002,.F.);
#4090=ORIENTED_EDGE('',*,*,#3003,.F.);
#4091=ORIENTED_EDGE('',*,*,#3004,.T.);
#4092=ORIENTED_EDGE('',*,*,#3005,.F.);
#4093=ORIENTED_EDGE('',*,*,#3006,.T.);
#4094=ORIENTED_EDGE('',*,*,#3007,.F.);
#4095=ORIENTED_EDGE('',*,*,#3008,.F.);
#4096=ORIENTED_EDGE('',*,*,#3009,.T.);
#4097=ORIENTED_EDGE('',*,*,#3010,.F.);
#4098=ORIENTED_EDGE('',*,*,#3011,.T.);
#4099=ORIENTED_EDGE('',*,*,#3012,.F.);
#4100=ORIENTED_EDGE('',*,*,#3013,.F.);
#4101=ORIENTED_EDGE('',*,*,#2987,.F.);
#4102=ORIENTED_EDGE('',*,*,#3014,.T.);
#4103=ORIENTED_EDGE('',*,*,#3015,.T.);
#4104=ORIENTED_EDGE('',*,*,#2977,.T.);
#4105=ORIENTED_EDGE('',*,*,#2981,.T.);
#4106=ORIENTED_EDGE('',*,*,#3016,.T.);
#4107=ORIENTED_EDGE('',*,*,#3017,.T.);
#4108=ORIENTED_EDGE('',*,*,#2998,.T.);
#4109=ORIENTED_EDGE('',*,*,#3018,.T.);
#4110=ORIENTED_EDGE('',*,*,#3017,.F.);
#4111=ORIENTED_EDGE('',*,*,#3019,.F.);
#4112=ORIENTED_EDGE('',*,*,#3020,.F.);
#4113=ORIENTED_EDGE('',*,*,#3021,.F.);
#4114=ORIENTED_EDGE('',*,*,#3022,.F.);
#4115=ORIENTED_EDGE('',*,*,#3023,.F.);
#4116=ORIENTED_EDGE('',*,*,#3024,.F.);
#4117=ORIENTED_EDGE('',*,*,#3025,.F.);
#4118=ORIENTED_EDGE('',*,*,#3026,.F.);
#4119=ORIENTED_EDGE('',*,*,#2999,.F.);
#4120=ORIENTED_EDGE('',*,*,#3027,.T.);
#4121=ORIENTED_EDGE('',*,*,#3028,.T.);
#4122=ORIENTED_EDGE('',*,*,#3000,.T.);
#4123=ORIENTED_EDGE('',*,*,#3026,.T.);
#4124=ORIENTED_EDGE('',*,*,#3029,.T.);
#4125=ORIENTED_EDGE('',*,*,#3030,.T.);
#4126=ORIENTED_EDGE('',*,*,#3003,.T.);
#4127=ORIENTED_EDGE('',*,*,#3031,.T.);
#4128=ORIENTED_EDGE('',*,*,#3031,.F.);
#4129=ORIENTED_EDGE('',*,*,#3002,.T.);
#4130=ORIENTED_EDGE('',*,*,#3032,.T.);
#4131=ORIENTED_EDGE('',*,*,#3033,.F.);
#4132=ORIENTED_EDGE('',*,*,#3034,.T.);
#4133=ORIENTED_EDGE('',*,*,#3035,.T.);
#4134=ORIENTED_EDGE('',*,*,#3005,.T.);
#4135=ORIENTED_EDGE('',*,*,#3036,.T.);
#4136=ORIENTED_EDGE('',*,*,#3035,.F.);
#4137=ORIENTED_EDGE('',*,*,#3037,.F.);
#4138=ORIENTED_EDGE('',*,*,#3038,.F.);
#4139=ORIENTED_EDGE('',*,*,#3039,.F.);
#4140=ORIENTED_EDGE('',*,*,#3040,.F.);
#4141=ORIENTED_EDGE('',*,*,#3012,.T.);
#4142=ORIENTED_EDGE('',*,*,#3041,.T.);
#4143=ORIENTED_EDGE('',*,*,#3042,.F.);
#4144=ORIENTED_EDGE('',*,*,#3043,.F.);
#4145=ORIENTED_EDGE('',*,*,#3044,.F.);
#4146=ORIENTED_EDGE('',*,*,#3045,.F.);
#4147=ORIENTED_EDGE('',*,*,#3046,.F.);
#4148=ORIENTED_EDGE('',*,*,#3047,.F.);
#4149=ORIENTED_EDGE('',*,*,#3048,.F.);
#4150=ORIENTED_EDGE('',*,*,#3049,.F.);
#4151=ORIENTED_EDGE('',*,*,#3006,.F.);
#4152=ORIENTED_EDGE('',*,*,#3050,.T.);
#4153=ORIENTED_EDGE('',*,*,#3051,.T.);
#4154=ORIENTED_EDGE('',*,*,#3008,.T.);
#4155=ORIENTED_EDGE('',*,*,#3052,.T.);
#4156=ORIENTED_EDGE('',*,*,#3050,.F.);
#4157=ORIENTED_EDGE('',*,*,#3053,.T.);
#4158=ORIENTED_EDGE('',*,*,#3048,.T.);
#4159=ORIENTED_EDGE('',*,*,#3054,.F.);
#4160=ORIENTED_EDGE('',*,*,#3055,.T.);
#4161=ORIENTED_EDGE('',*,*,#3056,.F.);
#4162=ORIENTED_EDGE('',*,*,#3057,.T.);
#4163=ORIENTED_EDGE('',*,*,#3052,.F.);
#4164=ORIENTED_EDGE('',*,*,#3007,.T.);
#4165=ORIENTED_EDGE('',*,*,#3049,.T.);
#4166=ORIENTED_EDGE('',*,*,#3053,.F.);
#4167=ORIENTED_EDGE('',*,*,#3058,.T.);
#4168=ORIENTED_EDGE('',*,*,#3059,.T.);
#4169=ORIENTED_EDGE('',*,*,#3010,.T.);
#4170=ORIENTED_EDGE('',*,*,#3060,.T.);
#4171=ORIENTED_EDGE('',*,*,#3058,.F.);
#4172=ORIENTED_EDGE('',*,*,#3061,.T.);
#4173=ORIENTED_EDGE('',*,*,#3062,.F.);
#4174=ORIENTED_EDGE('',*,*,#3063,.T.);
#4175=ORIENTED_EDGE('',*,*,#3064,.T.);
#4176=ORIENTED_EDGE('',*,*,#3042,.T.);
#4177=ORIENTED_EDGE('',*,*,#3065,.T.);
#4178=ORIENTED_EDGE('',*,*,#3051,.F.);
#4179=ORIENTED_EDGE('',*,*,#3057,.F.);
#4180=ORIENTED_EDGE('',*,*,#3066,.F.);
#4181=ORIENTED_EDGE('',*,*,#3067,.F.);
#4182=ORIENTED_EDGE('',*,*,#3068,.F.);
#4183=ORIENTED_EDGE('',*,*,#3069,.F.);
#4184=ORIENTED_EDGE('',*,*,#3070,.F.);
#4185=ORIENTED_EDGE('',*,*,#3061,.F.);
#4186=ORIENTED_EDGE('',*,*,#3060,.F.);
#4187=ORIENTED_EDGE('',*,*,#3009,.F.);
#4188=ORIENTED_EDGE('',*,*,#3071,.T.);
#4189=ORIENTED_EDGE('',*,*,#3072,.T.);
#4190=ORIENTED_EDGE('',*,*,#3073,.T.);
#4191=ORIENTED_EDGE('',*,*,#2992,.T.);
#4192=ORIENTED_EDGE('',*,*,#3074,.F.);
#4193=ORIENTED_EDGE('',*,*,#3075,.T.);
#4194=ORIENTED_EDGE('',*,*,#3076,.T.);
#4195=ORIENTED_EDGE('',*,*,#3077,.T.);
#4196=ORIENTED_EDGE('',*,*,#3072,.F.);
#4197=ORIENTED_EDGE('',*,*,#3078,.F.);
#4198=ORIENTED_EDGE('',*,*,#3075,.F.);
#4199=ORIENTED_EDGE('',*,*,#3079,.F.);
#4200=ORIENTED_EDGE('',*,*,#3080,.T.);
#4201=ORIENTED_EDGE('',*,*,#3081,.T.);
#4202=ORIENTED_EDGE('',*,*,#3082,.T.);
#4203=ORIENTED_EDGE('',*,*,#2994,.T.);
#4204=ORIENTED_EDGE('',*,*,#3074,.T.);
#4205=ORIENTED_EDGE('',*,*,#3083,.T.);
#4206=ORIENTED_EDGE('',*,*,#3084,.F.);
#4207=ORIENTED_EDGE('',*,*,#3085,.T.);
#4208=ORIENTED_EDGE('',*,*,#3080,.F.);
#4209=ORIENTED_EDGE('',*,*,#2993,.T.);
#4210=ORIENTED_EDGE('',*,*,#3073,.F.);
#4211=ORIENTED_EDGE('',*,*,#3079,.T.);
#4212=ORIENTED_EDGE('',*,*,#3086,.F.);
#4213=ORIENTED_EDGE('',*,*,#3087,.T.);
#4214=ORIENTED_EDGE('',*,*,#3084,.T.);
#4215=ORIENTED_EDGE('',*,*,#3088,.T.);
#4216=ORIENTED_EDGE('',*,*,#2983,.F.);
#4217=ORIENTED_EDGE('',*,*,#2995,.T.);
#4218=ORIENTED_EDGE('',*,*,#3082,.F.);
#4219=ORIENTED_EDGE('',*,*,#3089,.T.);
#4220=ORIENTED_EDGE('',*,*,#3086,.T.);
#4221=ORIENTED_EDGE('',*,*,#3090,.T.);
#4222=ORIENTED_EDGE('',*,*,#3091,.F.);
#4223=ORIENTED_EDGE('',*,*,#3092,.T.);
#4224=ORIENTED_EDGE('',*,*,#3093,.F.);
#4225=ORIENTED_EDGE('',*,*,#3094,.F.);
#4226=ORIENTED_EDGE('',*,*,#3095,.F.);
#4227=ORIENTED_EDGE('',*,*,#3096,.F.);
#4228=ORIENTED_EDGE('',*,*,#3090,.F.);
#4229=ORIENTED_EDGE('',*,*,#3088,.F.);
#4230=ORIENTED_EDGE('',*,*,#3083,.F.);
#4231=ORIENTED_EDGE('',*,*,#3077,.F.);
#4232=ORIENTED_EDGE('',*,*,#3097,.T.);
#4233=ORIENTED_EDGE('',*,*,#3098,.T.);
#4234=ORIENTED_EDGE('',*,*,#3099,.T.);
#4235=ORIENTED_EDGE('',*,*,#3020,.T.);
#4236=ORIENTED_EDGE('',*,*,#3100,.F.);
#4237=ORIENTED_EDGE('',*,*,#3101,.T.);
#4238=ORIENTED_EDGE('',*,*,#3102,.T.);
#4239=ORIENTED_EDGE('',*,*,#3103,.T.);
#4240=ORIENTED_EDGE('',*,*,#3098,.F.);
#4241=ORIENTED_EDGE('',*,*,#3104,.F.);
#4242=ORIENTED_EDGE('',*,*,#3101,.F.);
#4243=ORIENTED_EDGE('',*,*,#3105,.F.);
#4244=ORIENTED_EDGE('',*,*,#3106,.T.);
#4245=ORIENTED_EDGE('',*,*,#3107,.T.);
#4246=ORIENTED_EDGE('',*,*,#3108,.T.);
#4247=ORIENTED_EDGE('',*,*,#3022,.T.);
#4248=ORIENTED_EDGE('',*,*,#3100,.T.);
#4249=ORIENTED_EDGE('',*,*,#3109,.T.);
#4250=ORIENTED_EDGE('',*,*,#3110,.F.);
#4251=ORIENTED_EDGE('',*,*,#3111,.T.);
#4252=ORIENTED_EDGE('',*,*,#3106,.F.);
#4253=ORIENTED_EDGE('',*,*,#3021,.T.);
#4254=ORIENTED_EDGE('',*,*,#3099,.F.);
#4255=ORIENTED_EDGE('',*,*,#3105,.T.);
#4256=ORIENTED_EDGE('',*,*,#3112,.F.);
#4257=ORIENTED_EDGE('',*,*,#3113,.T.);
#4258=ORIENTED_EDGE('',*,*,#3110,.T.);
#4259=ORIENTED_EDGE('',*,*,#3114,.T.);
#4260=ORIENTED_EDGE('',*,*,#3112,.T.);
#4261=ORIENTED_EDGE('',*,*,#3115,.T.);
#4262=ORIENTED_EDGE('',*,*,#3116,.F.);
#4263=ORIENTED_EDGE('',*,*,#3117,.T.);
#4264=ORIENTED_EDGE('',*,*,#3118,.F.);
#4265=ORIENTED_EDGE('',*,*,#3023,.T.);
#4266=ORIENTED_EDGE('',*,*,#3108,.F.);
#4267=ORIENTED_EDGE('',*,*,#3119,.T.);
#4268=ORIENTED_EDGE('',*,*,#2984,.F.);
#4269=ORIENTED_EDGE('',*,*,#3092,.F.);
#4270=ORIENTED_EDGE('',*,*,#3120,.F.);
#4271=ORIENTED_EDGE('',*,*,#3121,.F.);
#4272=ORIENTED_EDGE('',*,*,#3122,.F.);
#4273=ORIENTED_EDGE('',*,*,#3123,.F.);
#4274=ORIENTED_EDGE('',*,*,#3124,.F.);
#4275=ORIENTED_EDGE('',*,*,#3115,.F.);
#4276=ORIENTED_EDGE('',*,*,#3114,.F.);
#4277=ORIENTED_EDGE('',*,*,#3109,.F.);
#4278=ORIENTED_EDGE('',*,*,#3103,.F.);
#4279=ORIENTED_EDGE('',*,*,#3125,.F.);
#4280=ORIENTED_EDGE('',*,*,#3126,.F.);
#4281=ORIENTED_EDGE('',*,*,#2996,.F.);
#4282=ORIENTED_EDGE('',*,*,#3127,.T.);
#4283=ORIENTED_EDGE('',*,*,#3128,.T.);
#4284=ORIENTED_EDGE('',*,*,#3129,.T.);
#4285=ORIENTED_EDGE('',*,*,#3130,.T.);
#4286=ORIENTED_EDGE('',*,*,#3128,.F.);
#4287=ORIENTED_EDGE('',*,*,#3131,.F.);
#4288=ORIENTED_EDGE('',*,*,#3132,.F.);
#4289=ORIENTED_EDGE('',*,*,#3133,.F.);
#4290=ORIENTED_EDGE('',*,*,#3127,.F.);
#4291=ORIENTED_EDGE('',*,*,#3134,.T.);
#4292=ORIENTED_EDGE('',*,*,#3135,.F.);
#4293=ORIENTED_EDGE('',*,*,#3136,.F.);
#4294=ORIENTED_EDGE('',*,*,#3137,.T.);
#4295=ORIENTED_EDGE('',*,*,#3138,.T.);
#4296=ORIENTED_EDGE('',*,*,#3139,.F.);
#4297=ORIENTED_EDGE('',*,*,#3131,.T.);
#4298=ORIENTED_EDGE('',*,*,#3140,.F.);
#4299=ORIENTED_EDGE('',*,*,#3132,.T.);
#4300=ORIENTED_EDGE('',*,*,#3139,.T.);
#4301=ORIENTED_EDGE('',*,*,#3141,.T.);
#4302=ORIENTED_EDGE('',*,*,#3140,.T.);
#4303=ORIENTED_EDGE('',*,*,#3142,.T.);
#4304=ORIENTED_EDGE('',*,*,#3143,.F.);
#4305=ORIENTED_EDGE('',*,*,#3144,.T.);
#4306=ORIENTED_EDGE('',*,*,#3145,.F.);
#4307=ORIENTED_EDGE('',*,*,#3146,.T.);
#4308=ORIENTED_EDGE('',*,*,#3129,.F.);
#4309=ORIENTED_EDGE('',*,*,#3133,.T.);
#4310=ORIENTED_EDGE('',*,*,#3028,.F.);
#4311=ORIENTED_EDGE('',*,*,#3147,.F.);
#4312=ORIENTED_EDGE('',*,*,#3148,.F.);
#4313=ORIENTED_EDGE('',*,*,#3149,.F.);
#4314=ORIENTED_EDGE('',*,*,#3150,.F.);
#4315=ORIENTED_EDGE('',*,*,#3151,.F.);
#4316=ORIENTED_EDGE('',*,*,#3152,.F.);
#4317=ORIENTED_EDGE('',*,*,#3142,.F.);
#4318=ORIENTED_EDGE('',*,*,#3141,.F.);
#4319=ORIENTED_EDGE('',*,*,#3138,.F.);
#4320=ORIENTED_EDGE('',*,*,#3153,.F.);
#4321=ORIENTED_EDGE('',*,*,#3154,.F.);
#4322=ORIENTED_EDGE('',*,*,#3032,.F.);
#4323=ORIENTED_EDGE('',*,*,#3001,.T.);
#4324=ORIENTED_EDGE('',*,*,#3155,.T.);
#4325=ORIENTED_EDGE('',*,*,#3156,.T.);
#4326=ORIENTED_EDGE('',*,*,#3157,.T.);
#4327=ORIENTED_EDGE('',*,*,#3068,.T.);
#4328=ORIENTED_EDGE('',*,*,#3155,.F.);
#4329=ORIENTED_EDGE('',*,*,#3067,.T.);
#4330=ORIENTED_EDGE('',*,*,#3158,.F.);
#4331=ORIENTED_EDGE('',*,*,#3159,.T.);
#4332=ORIENTED_EDGE('',*,*,#3160,.T.);
#4333=ORIENTED_EDGE('',*,*,#3046,.T.);
#4334=ORIENTED_EDGE('',*,*,#3161,.F.);
#4335=ORIENTED_EDGE('',*,*,#3162,.T.);
#4336=ORIENTED_EDGE('',*,*,#3163,.F.);
#4337=ORIENTED_EDGE('',*,*,#3164,.T.);
#4338=ORIENTED_EDGE('',*,*,#3161,.T.);
#4339=ORIENTED_EDGE('',*,*,#3045,.T.);
#4340=ORIENTED_EDGE('',*,*,#3163,.T.);
#4341=ORIENTED_EDGE('',*,*,#3044,.T.);
#4342=ORIENTED_EDGE('',*,*,#3165,.F.);
#4343=ORIENTED_EDGE('',*,*,#3166,.T.);
#4344=ORIENTED_EDGE('',*,*,#3167,.F.);
#4345=ORIENTED_EDGE('',*,*,#3069,.T.);
#4346=ORIENTED_EDGE('',*,*,#3157,.F.);
#4347=ORIENTED_EDGE('',*,*,#3168,.T.);
#4348=ORIENTED_EDGE('',*,*,#3064,.F.);
#4349=ORIENTED_EDGE('',*,*,#3169,.T.);
#4350=ORIENTED_EDGE('',*,*,#3165,.T.);
#4351=ORIENTED_EDGE('',*,*,#3043,.T.);
#4352=ORIENTED_EDGE('',*,*,#3160,.F.);
#4353=ORIENTED_EDGE('',*,*,#3170,.T.);
#4354=ORIENTED_EDGE('',*,*,#3054,.T.);
#4355=ORIENTED_EDGE('',*,*,#3047,.T.);
#4356=ORIENTED_EDGE('',*,*,#3171,.F.);
#4357=ORIENTED_EDGE('',*,*,#3172,.T.);
#4358=ORIENTED_EDGE('',*,*,#3143,.T.);
#4359=ORIENTED_EDGE('',*,*,#3152,.T.);
#4360=ORIENTED_EDGE('',*,*,#3034,.F.);
#4361=ORIENTED_EDGE('',*,*,#3173,.T.);
#4362=ORIENTED_EDGE('',*,*,#3174,.F.);
#4363=ORIENTED_EDGE('',*,*,#3175,.T.);
#4364=ORIENTED_EDGE('',*,*,#3171,.T.);
#4365=ORIENTED_EDGE('',*,*,#3151,.T.);
#4366=ORIENTED_EDGE('',*,*,#3176,.F.);
#4367=ORIENTED_EDGE('',*,*,#3037,.T.);
#4368=ORIENTED_EDGE('',*,*,#3137,.F.);
#4369=ORIENTED_EDGE('',*,*,#3177,.T.);
#4370=ORIENTED_EDGE('',*,*,#3178,.T.);
#4371=ORIENTED_EDGE('',*,*,#3153,.T.);
#4372=ORIENTED_EDGE('',*,*,#3179,.F.);
#4373=ORIENTED_EDGE('',*,*,#3180,.T.);
#4374=ORIENTED_EDGE('',*,*,#3181,.T.);
#4375=ORIENTED_EDGE('',*,*,#3094,.T.);
#4376=ORIENTED_EDGE('',*,*,#3071,.F.);
#4377=ORIENTED_EDGE('',*,*,#2991,.T.);
#4378=ORIENTED_EDGE('',*,*,#3182,.F.);
#4379=ORIENTED_EDGE('',*,*,#3183,.F.);
#4380=ORIENTED_EDGE('',*,*,#3179,.T.);
#4381=ORIENTED_EDGE('',*,*,#3093,.T.);
#4382=ORIENTED_EDGE('',*,*,#3076,.F.);
#4383=ORIENTED_EDGE('',*,*,#3078,.T.);
#4384=ORIENTED_EDGE('',*,*,#3167,.T.);
#4385=ORIENTED_EDGE('',*,*,#3184,.T.);
#4386=ORIENTED_EDGE('',*,*,#3062,.T.);
#4387=ORIENTED_EDGE('',*,*,#3070,.T.);
#4388=ORIENTED_EDGE('',*,*,#3056,.T.);
#4389=ORIENTED_EDGE('',*,*,#3185,.T.);
#4390=ORIENTED_EDGE('',*,*,#3158,.T.);
#4391=ORIENTED_EDGE('',*,*,#3066,.T.);
#4392=ORIENTED_EDGE('',*,*,#3145,.T.);
#4393=ORIENTED_EDGE('',*,*,#3186,.T.);
#4394=ORIENTED_EDGE('',*,*,#3174,.T.);
#4395=ORIENTED_EDGE('',*,*,#3187,.T.);
#4396=ORIENTED_EDGE('',*,*,#3030,.F.);
#4397=ORIENTED_EDGE('',*,*,#3188,.F.);
#4398=ORIENTED_EDGE('',*,*,#3189,.F.);
#4399=ORIENTED_EDGE('',*,*,#3134,.F.);
#4400=ORIENTED_EDGE('',*,*,#3130,.F.);
#4401=ORIENTED_EDGE('',*,*,#3146,.F.);
#4402=ORIENTED_EDGE('',*,*,#3187,.F.);
#4403=ORIENTED_EDGE('',*,*,#3173,.F.);
#4404=ORIENTED_EDGE('',*,*,#3036,.F.);
#4405=ORIENTED_EDGE('',*,*,#3004,.F.);
#4406=ORIENTED_EDGE('',*,*,#3190,.T.);
#4407=ORIENTED_EDGE('',*,*,#3191,.T.);
#4408=ORIENTED_EDGE('',*,*,#3135,.T.);
#4409=ORIENTED_EDGE('',*,*,#3189,.T.);
#4410=ORIENTED_EDGE('',*,*,#3118,.T.);
#4411=ORIENTED_EDGE('',*,*,#3192,.T.);
#4412=ORIENTED_EDGE('',*,*,#3193,.T.);
#4413=ORIENTED_EDGE('',*,*,#3024,.T.);
#4414=ORIENTED_EDGE('',*,*,#3194,.T.);
#4415=ORIENTED_EDGE('',*,*,#3195,.T.);
#4416=ORIENTED_EDGE('',*,*,#3182,.T.);
#4417=ORIENTED_EDGE('',*,*,#2990,.T.);
#4418=ORIENTED_EDGE('',*,*,#3194,.F.);
#4419=ORIENTED_EDGE('',*,*,#2989,.T.);
#4420=ORIENTED_EDGE('',*,*,#3196,.F.);
#4421=ORIENTED_EDGE('',*,*,#3039,.T.);
#4422=ORIENTED_EDGE('',*,*,#3197,.F.);
#4423=ORIENTED_EDGE('',*,*,#3149,.T.);
#4424=ORIENTED_EDGE('',*,*,#3198,.F.);
#4425=ORIENTED_EDGE('',*,*,#3121,.T.);
#4426=ORIENTED_EDGE('',*,*,#3199,.F.);
#4427=ORIENTED_EDGE('',*,*,#3095,.T.);
#4428=ORIENTED_EDGE('',*,*,#3181,.F.);
#4429=ORIENTED_EDGE('',*,*,#3200,.T.);
#4430=ORIENTED_EDGE('',*,*,#2817,.T.);
#4431=ORIENTED_EDGE('',*,*,#2851,.T.);
#4432=ORIENTED_EDGE('',*,*,#2848,.T.);
#4433=ORIENTED_EDGE('',*,*,#2845,.T.);
#4434=ORIENTED_EDGE('',*,*,#2842,.T.);
#4435=ORIENTED_EDGE('',*,*,#2839,.T.);
#4436=ORIENTED_EDGE('',*,*,#2836,.T.);
#4437=ORIENTED_EDGE('',*,*,#2833,.T.);
#4438=ORIENTED_EDGE('',*,*,#2830,.T.);
#4439=ORIENTED_EDGE('',*,*,#2827,.T.);
#4440=ORIENTED_EDGE('',*,*,#2824,.T.);
#4441=ORIENTED_EDGE('',*,*,#2821,.T.);
#4442=ORIENTED_EDGE('',*,*,#2853,.T.);
#4443=ORIENTED_EDGE('',*,*,#2875,.T.);
#4444=ORIENTED_EDGE('',*,*,#2872,.T.);
#4445=ORIENTED_EDGE('',*,*,#2869,.T.);
#4446=ORIENTED_EDGE('',*,*,#2866,.T.);
#4447=ORIENTED_EDGE('',*,*,#2863,.T.);
#4448=ORIENTED_EDGE('',*,*,#2860,.T.);
#4449=ORIENTED_EDGE('',*,*,#2857,.T.);
#4450=ORIENTED_EDGE('',*,*,#2877,.T.);
#4451=ORIENTED_EDGE('',*,*,#2899,.T.);
#4452=ORIENTED_EDGE('',*,*,#2896,.T.);
#4453=ORIENTED_EDGE('',*,*,#2893,.T.);
#4454=ORIENTED_EDGE('',*,*,#2890,.T.);
#4455=ORIENTED_EDGE('',*,*,#2887,.T.);
#4456=ORIENTED_EDGE('',*,*,#2884,.T.);
#4457=ORIENTED_EDGE('',*,*,#2881,.T.);
#4458=ORIENTED_EDGE('',*,*,#2901,.T.);
#4459=ORIENTED_EDGE('',*,*,#2923,.T.);
#4460=ORIENTED_EDGE('',*,*,#2920,.T.);
#4461=ORIENTED_EDGE('',*,*,#2917,.T.);
#4462=ORIENTED_EDGE('',*,*,#2914,.T.);
#4463=ORIENTED_EDGE('',*,*,#2911,.T.);
#4464=ORIENTED_EDGE('',*,*,#2908,.T.);
#4465=ORIENTED_EDGE('',*,*,#2905,.T.);
#4466=ORIENTED_EDGE('',*,*,#2925,.T.);
#4467=ORIENTED_EDGE('',*,*,#2947,.T.);
#4468=ORIENTED_EDGE('',*,*,#2944,.T.);
#4469=ORIENTED_EDGE('',*,*,#2941,.T.);
#4470=ORIENTED_EDGE('',*,*,#2938,.T.);
#4471=ORIENTED_EDGE('',*,*,#2935,.T.);
#4472=ORIENTED_EDGE('',*,*,#2932,.T.);
#4473=ORIENTED_EDGE('',*,*,#2929,.T.);
#4474=ORIENTED_EDGE('',*,*,#2949,.T.);
#4475=ORIENTED_EDGE('',*,*,#2974,.T.);
#4476=ORIENTED_EDGE('',*,*,#2971,.T.);
#4477=ORIENTED_EDGE('',*,*,#2968,.T.);
#4478=ORIENTED_EDGE('',*,*,#2965,.T.);
#4479=ORIENTED_EDGE('',*,*,#2962,.T.);
#4480=ORIENTED_EDGE('',*,*,#2959,.T.);
#4481=ORIENTED_EDGE('',*,*,#2956,.T.);
#4482=ORIENTED_EDGE('',*,*,#2953,.T.);
#4483=ORIENTED_EDGE('',*,*,#3201,.T.);
#4484=ORIENTED_EDGE('',*,*,#2982,.T.);
#4485=ORIENTED_EDGE('',*,*,#2979,.T.);
#4486=ORIENTED_EDGE('',*,*,#3202,.T.);
#4487=ORIENTED_EDGE('',*,*,#2810,.T.);
#4488=ORIENTED_EDGE('',*,*,#2816,.T.);
#4489=ORIENTED_EDGE('',*,*,#2814,.T.);
#4490=ORIENTED_EDGE('',*,*,#2812,.T.);
#4491=ORIENTED_EDGE('',*,*,#2764,.T.);
#4492=ORIENTED_EDGE('',*,*,#2804,.T.);
#4493=ORIENTED_EDGE('',*,*,#2802,.T.);
#4494=ORIENTED_EDGE('',*,*,#2800,.T.);
#4495=ORIENTED_EDGE('',*,*,#2798,.T.);
#4496=ORIENTED_EDGE('',*,*,#2796,.T.);
#4497=ORIENTED_EDGE('',*,*,#2794,.T.);
#4498=ORIENTED_EDGE('',*,*,#2792,.T.);
#4499=ORIENTED_EDGE('',*,*,#2790,.T.);
#4500=ORIENTED_EDGE('',*,*,#2788,.T.);
#4501=ORIENTED_EDGE('',*,*,#2786,.T.);
#4502=ORIENTED_EDGE('',*,*,#2784,.T.);
#4503=ORIENTED_EDGE('',*,*,#2782,.T.);
#4504=ORIENTED_EDGE('',*,*,#2780,.T.);
#4505=ORIENTED_EDGE('',*,*,#2778,.T.);
#4506=ORIENTED_EDGE('',*,*,#2776,.T.);
#4507=ORIENTED_EDGE('',*,*,#2774,.T.);
#4508=ORIENTED_EDGE('',*,*,#2772,.T.);
#4509=ORIENTED_EDGE('',*,*,#2770,.T.);
#4510=ORIENTED_EDGE('',*,*,#2768,.T.);
#4511=ORIENTED_EDGE('',*,*,#2766,.T.);
#4512=ORIENTED_EDGE('',*,*,#2727,.T.);
#4513=ORIENTED_EDGE('',*,*,#2741,.T.);
#4514=ORIENTED_EDGE('',*,*,#2739,.T.);
#4515=ORIENTED_EDGE('',*,*,#2737,.T.);
#4516=ORIENTED_EDGE('',*,*,#2735,.T.);
#4517=ORIENTED_EDGE('',*,*,#2733,.T.);
#4518=ORIENTED_EDGE('',*,*,#2731,.T.);
#4519=ORIENTED_EDGE('',*,*,#2729,.T.);
#4520=ORIENTED_EDGE('',*,*,#2659,.T.);
#4521=ORIENTED_EDGE('',*,*,#2717,.T.);
#4522=ORIENTED_EDGE('',*,*,#2715,.T.);
#4523=ORIENTED_EDGE('',*,*,#2713,.T.);
#4524=ORIENTED_EDGE('',*,*,#2711,.T.);
#4525=ORIENTED_EDGE('',*,*,#2709,.T.);
#4526=ORIENTED_EDGE('',*,*,#2707,.T.);
#4527=ORIENTED_EDGE('',*,*,#2705,.T.);
#4528=ORIENTED_EDGE('',*,*,#2703,.T.);
#4529=ORIENTED_EDGE('',*,*,#2701,.T.);
#4530=ORIENTED_EDGE('',*,*,#2699,.T.);
#4531=ORIENTED_EDGE('',*,*,#2697,.T.);
#4532=ORIENTED_EDGE('',*,*,#2695,.T.);
#4533=ORIENTED_EDGE('',*,*,#2693,.T.);
#4534=ORIENTED_EDGE('',*,*,#2691,.T.);
#4535=ORIENTED_EDGE('',*,*,#2689,.T.);
#4536=ORIENTED_EDGE('',*,*,#2687,.T.);
#4537=ORIENTED_EDGE('',*,*,#2685,.T.);
#4538=ORIENTED_EDGE('',*,*,#2683,.T.);
#4539=ORIENTED_EDGE('',*,*,#2681,.T.);
#4540=ORIENTED_EDGE('',*,*,#2679,.T.);
#4541=ORIENTED_EDGE('',*,*,#2677,.T.);
#4542=ORIENTED_EDGE('',*,*,#2675,.T.);
#4543=ORIENTED_EDGE('',*,*,#2673,.T.);
#4544=ORIENTED_EDGE('',*,*,#2671,.T.);
#4545=ORIENTED_EDGE('',*,*,#2669,.T.);
#4546=ORIENTED_EDGE('',*,*,#2667,.T.);
#4547=ORIENTED_EDGE('',*,*,#2665,.T.);
#4548=ORIENTED_EDGE('',*,*,#2663,.T.);
#4549=ORIENTED_EDGE('',*,*,#2661,.T.);
#4550=ORIENTED_EDGE('',*,*,#2613,.T.);
#4551=ORIENTED_EDGE('',*,*,#2627,.T.);
#4552=ORIENTED_EDGE('',*,*,#2625,.T.);
#4553=ORIENTED_EDGE('',*,*,#2623,.T.);
#4554=ORIENTED_EDGE('',*,*,#2621,.T.);
#4555=ORIENTED_EDGE('',*,*,#2619,.T.);
#4556=ORIENTED_EDGE('',*,*,#2617,.T.);
#4557=ORIENTED_EDGE('',*,*,#2615,.T.);
#4558=ORIENTED_EDGE('',*,*,#2545,.T.);
#4559=ORIENTED_EDGE('',*,*,#2603,.T.);
#4560=ORIENTED_EDGE('',*,*,#2601,.T.);
#4561=ORIENTED_EDGE('',*,*,#2599,.T.);
#4562=ORIENTED_EDGE('',*,*,#2597,.T.);
#4563=ORIENTED_EDGE('',*,*,#2595,.T.);
#4564=ORIENTED_EDGE('',*,*,#2593,.T.);
#4565=ORIENTED_EDGE('',*,*,#2591,.T.);
#4566=ORIENTED_EDGE('',*,*,#2589,.T.);
#4567=ORIENTED_EDGE('',*,*,#2587,.T.);
#4568=ORIENTED_EDGE('',*,*,#2585,.T.);
#4569=ORIENTED_EDGE('',*,*,#2583,.T.);
#4570=ORIENTED_EDGE('',*,*,#2581,.T.);
#4571=ORIENTED_EDGE('',*,*,#2579,.T.);
#4572=ORIENTED_EDGE('',*,*,#2577,.T.);
#4573=ORIENTED_EDGE('',*,*,#2575,.T.);
#4574=ORIENTED_EDGE('',*,*,#2573,.T.);
#4575=ORIENTED_EDGE('',*,*,#2571,.T.);
#4576=ORIENTED_EDGE('',*,*,#2569,.T.);
#4577=ORIENTED_EDGE('',*,*,#2567,.T.);
#4578=ORIENTED_EDGE('',*,*,#2565,.T.);
#4579=ORIENTED_EDGE('',*,*,#2563,.T.);
#4580=ORIENTED_EDGE('',*,*,#2561,.T.);
#4581=ORIENTED_EDGE('',*,*,#2559,.T.);
#4582=ORIENTED_EDGE('',*,*,#2557,.T.);
#4583=ORIENTED_EDGE('',*,*,#2555,.T.);
#4584=ORIENTED_EDGE('',*,*,#2553,.T.);
#4585=ORIENTED_EDGE('',*,*,#2551,.T.);
#4586=ORIENTED_EDGE('',*,*,#2549,.T.);
#4587=ORIENTED_EDGE('',*,*,#2547,.T.);
#4588=ORIENTED_EDGE('',*,*,#2499,.T.);
#4589=ORIENTED_EDGE('',*,*,#2513,.T.);
#4590=ORIENTED_EDGE('',*,*,#2511,.T.);
#4591=ORIENTED_EDGE('',*,*,#2509,.T.);
#4592=ORIENTED_EDGE('',*,*,#2507,.T.);
#4593=ORIENTED_EDGE('',*,*,#2505,.T.);
#4594=ORIENTED_EDGE('',*,*,#2503,.T.);
#4595=ORIENTED_EDGE('',*,*,#2501,.T.);
#4596=ORIENTED_EDGE('',*,*,#2475,.T.);
#4597=ORIENTED_EDGE('',*,*,#2489,.T.);
#4598=ORIENTED_EDGE('',*,*,#2487,.T.);
#4599=ORIENTED_EDGE('',*,*,#2485,.T.);
#4600=ORIENTED_EDGE('',*,*,#2483,.T.);
#4601=ORIENTED_EDGE('',*,*,#2481,.T.);
#4602=ORIENTED_EDGE('',*,*,#2479,.T.);
#4603=ORIENTED_EDGE('',*,*,#2477,.T.);
#4604=ORIENTED_EDGE('',*,*,#3196,.T.);
#4605=ORIENTED_EDGE('',*,*,#2988,.T.);
#4606=ORIENTED_EDGE('',*,*,#3013,.T.);
#4607=ORIENTED_EDGE('',*,*,#3040,.T.);
#4608=ORIENTED_EDGE('',*,*,#3199,.T.);
#4609=ORIENTED_EDGE('',*,*,#3120,.T.);
#4610=ORIENTED_EDGE('',*,*,#3091,.T.);
#4611=ORIENTED_EDGE('',*,*,#3096,.T.);
#4612=ORIENTED_EDGE('',*,*,#3198,.T.);
#4613=ORIENTED_EDGE('',*,*,#3148,.T.);
#4614=ORIENTED_EDGE('',*,*,#3203,.T.);
#4615=ORIENTED_EDGE('',*,*,#3122,.T.);
#4616=ORIENTED_EDGE('',*,*,#3204,.F.);
#4617=ORIENTED_EDGE('',*,*,#3205,.T.);
#4618=ORIENTED_EDGE('',*,*,#3116,.T.);
#4619=ORIENTED_EDGE('',*,*,#3124,.T.);
#4620=ORIENTED_EDGE('',*,*,#3027,.F.);
#4621=ORIENTED_EDGE('',*,*,#3025,.T.);
#4622=ORIENTED_EDGE('',*,*,#3193,.F.);
#4623=ORIENTED_EDGE('',*,*,#3206,.T.);
#4624=ORIENTED_EDGE('',*,*,#3204,.T.);
#4625=ORIENTED_EDGE('',*,*,#3123,.T.);
#4626=ORIENTED_EDGE('',*,*,#3203,.F.);
#4627=ORIENTED_EDGE('',*,*,#3147,.T.);
#4628=ORIENTED_EDGE('',*,*,#3197,.T.);
#4629=ORIENTED_EDGE('',*,*,#3038,.T.);
#4630=ORIENTED_EDGE('',*,*,#3176,.T.);
#4631=ORIENTED_EDGE('',*,*,#3150,.T.);
#4632=ORIENTED_EDGE('',*,*,#3207,.T.);
#4633=ORIENTED_EDGE('',*,*,#3014,.F.);
#4634=ORIENTED_EDGE('',*,*,#2980,.F.);
#4635=ORIENTED_EDGE('',*,*,#3201,.F.);
#4636=ORIENTED_EDGE('',*,*,#2978,.T.);
#4637=ORIENTED_EDGE('',*,*,#3015,.F.);
#4638=ORIENTED_EDGE('',*,*,#3207,.F.);
#4639=ORIENTED_EDGE('',*,*,#3202,.F.);
#4640=ORIENTED_EDGE('',*,*,#3081,.F.);
#4641=ORIENTED_EDGE('',*,*,#3085,.F.);
#4642=ORIENTED_EDGE('',*,*,#3087,.F.);
#4643=ORIENTED_EDGE('',*,*,#3089,.F.);
#4644=ORIENTED_EDGE('',*,*,#3018,.F.);
#4645=ORIENTED_EDGE('',*,*,#2997,.F.);
#4646=ORIENTED_EDGE('',*,*,#3126,.T.);
#4647=ORIENTED_EDGE('',*,*,#3208,.F.);
#4648=ORIENTED_EDGE('',*,*,#3016,.F.);
#4649=ORIENTED_EDGE('',*,*,#3208,.T.);
#4650=ORIENTED_EDGE('',*,*,#3125,.T.);
#4651=ORIENTED_EDGE('',*,*,#3102,.F.);
#4652=ORIENTED_EDGE('',*,*,#3104,.T.);
#4653=ORIENTED_EDGE('',*,*,#3097,.F.);
#4654=ORIENTED_EDGE('',*,*,#3019,.T.);
#4655=ORIENTED_EDGE('',*,*,#3107,.F.);
#4656=ORIENTED_EDGE('',*,*,#3111,.F.);
#4657=ORIENTED_EDGE('',*,*,#3113,.F.);
#4658=ORIENTED_EDGE('',*,*,#3119,.F.);
#4659=ORIENTED_EDGE('',*,*,#3192,.F.);
#4660=ORIENTED_EDGE('',*,*,#3117,.F.);
#4661=ORIENTED_EDGE('',*,*,#3205,.F.);
#4662=ORIENTED_EDGE('',*,*,#3206,.F.);
#4663=ORIENTED_EDGE('',*,*,#3177,.F.);
#4664=ORIENTED_EDGE('',*,*,#3136,.T.);
#4665=ORIENTED_EDGE('',*,*,#3191,.F.);
#4666=ORIENTED_EDGE('',*,*,#3209,.F.);
#4667=ORIENTED_EDGE('',*,*,#3029,.F.);
#4668=ORIENTED_EDGE('',*,*,#3033,.T.);
#4669=ORIENTED_EDGE('',*,*,#3154,.T.);
#4670=ORIENTED_EDGE('',*,*,#3178,.F.);
#4671=ORIENTED_EDGE('',*,*,#3209,.T.);
#4672=ORIENTED_EDGE('',*,*,#3190,.F.);
#4673=ORIENTED_EDGE('',*,*,#3188,.T.);
#4674=ORIENTED_EDGE('',*,*,#3172,.F.);
#4675=ORIENTED_EDGE('',*,*,#3175,.F.);
#4676=ORIENTED_EDGE('',*,*,#3186,.F.);
#4677=ORIENTED_EDGE('',*,*,#3144,.F.);
#4678=ORIENTED_EDGE('',*,*,#3170,.F.);
#4679=ORIENTED_EDGE('',*,*,#3159,.F.);
#4680=ORIENTED_EDGE('',*,*,#3185,.F.);
#4681=ORIENTED_EDGE('',*,*,#3055,.F.);
#4682=ORIENTED_EDGE('',*,*,#3156,.F.);
#4683=ORIENTED_EDGE('',*,*,#3162,.F.);
#4684=ORIENTED_EDGE('',*,*,#3164,.F.);
#4685=ORIENTED_EDGE('',*,*,#3168,.F.);
#4686=ORIENTED_EDGE('',*,*,#3169,.F.);
#4687=ORIENTED_EDGE('',*,*,#3063,.F.);
#4688=ORIENTED_EDGE('',*,*,#3184,.F.);
#4689=ORIENTED_EDGE('',*,*,#3166,.F.);
#4690=ORIENTED_EDGE('',*,*,#3059,.F.);
#4691=ORIENTED_EDGE('',*,*,#3065,.F.);
#4692=ORIENTED_EDGE('',*,*,#3041,.F.);
#4693=ORIENTED_EDGE('',*,*,#3011,.F.);
#4694=ORIENTED_EDGE('',*,*,#3180,.F.);
#4695=ORIENTED_EDGE('',*,*,#3183,.T.);
#4696=ORIENTED_EDGE('',*,*,#3195,.F.);
#4697=ORIENTED_EDGE('',*,*,#3200,.F.);
#4698=PLANE('',#5147);
#4699=PLANE('',#5148);
#4700=PLANE('',#5149);
#4701=PLANE('',#5150);
#4702=PLANE('',#5151);
#4703=PLANE('',#5152);
#4704=PLANE('',#5153);
#4705=PLANE('',#5154);
#4706=PLANE('',#5155);
#4707=PLANE('',#5156);
#4708=PLANE('',#5157);
#4709=PLANE('',#5158);
#4710=PLANE('',#5159);
#4711=PLANE('',#5160);
#4712=PLANE('',#5161);
#4713=PLANE('',#5162);
#4714=PLANE('',#5163);
#4715=PLANE('',#5164);
#4716=PLANE('',#5165);
#4717=PLANE('',#5166);
#4718=PLANE('',#5167);
#4719=PLANE('',#5168);
#4720=PLANE('',#5169);
#4721=PLANE('',#5170);
#4722=PLANE('',#5171);
#4723=PLANE('',#5172);
#4724=PLANE('',#5173);
#4725=PLANE('',#5174);
#4726=PLANE('',#5175);
#4727=PLANE('',#5176);
#4728=PLANE('',#5177);
#4729=PLANE('',#5178);
#4730=PLANE('',#5179);
#4731=PLANE('',#5180);
#4732=PLANE('',#5181);
#4733=PLANE('',#5182);
#4734=PLANE('',#5183);
#4735=PLANE('',#5184);
#4736=PLANE('',#5185);
#4737=PLANE('',#5186);
#4738=PLANE('',#5187);
#4739=PLANE('',#5188);
#4740=PLANE('',#5189);
#4741=PLANE('',#5190);
#4742=PLANE('',#5191);
#4743=PLANE('',#5192);
#4744=PLANE('',#5193);
#4745=PLANE('',#5194);
#4746=PLANE('',#5195);
#4747=PLANE('',#5196);
#4748=PLANE('',#5197);
#4749=PLANE('',#5198);
#4750=PLANE('',#5199);
#4751=PLANE('',#5200);
#4752=PLANE('',#5201);
#4753=PLANE('',#5202);
#4754=PLANE('',#5203);
#4755=PLANE('',#5204);
#4756=PLANE('',#5205);
#4757=PLANE('',#5206);
#4758=PLANE('',#5207);
#4759=PLANE('',#5208);
#4760=PLANE('',#5209);
#4761=PLANE('',#5210);
#4762=PLANE('',#5211);
#4763=PLANE('',#5212);
#4764=PLANE('',#5213);
#4765=PLANE('',#5214);
#4766=PLANE('',#5215);
#4767=PLANE('',#5216);
#4768=PLANE('',#5217);
#4769=PLANE('',#5218);
#4770=PLANE('',#5219);
#4771=PLANE('',#5220);
#4772=PLANE('',#5221);
#4773=PLANE('',#5222);
#4774=PLANE('',#5223);
#4775=PLANE('',#5224);
#4776=PLANE('',#5225);
#4777=PLANE('',#5226);
#4778=PLANE('',#5227);
#4779=PLANE('',#5228);
#4780=PLANE('',#5229);
#4781=PLANE('',#5230);
#4782=PLANE('',#5231);
#4783=PLANE('',#5232);
#4784=PLANE('',#5233);
#4785=PLANE('',#5234);
#4786=PLANE('',#5235);
#4787=PLANE('',#5236);
#4788=PLANE('',#5237);
#4789=PLANE('',#5238);
#4790=PLANE('',#5239);
#4791=PLANE('',#5240);
#4792=PLANE('',#5241);
#4793=PLANE('',#5242);
#4794=PLANE('',#5243);
#4795=PLANE('',#5244);
#4796=PLANE('',#5245);
#4797=PLANE('',#5246);
#4798=PLANE('',#5247);
#4799=PLANE('',#5248);
#4800=PLANE('',#5249);
#4801=PLANE('',#5250);
#4802=PLANE('',#5251);
#4803=PLANE('',#5252);
#4804=PLANE('',#5253);
#4805=PLANE('',#5254);
#4806=PLANE('',#5255);
#4807=PLANE('',#5256);
#4808=PLANE('',#5257);
#4809=PLANE('',#5258);
#4810=PLANE('',#5259);
#4811=PLANE('',#5260);
#4812=PLANE('',#5261);
#4813=PLANE('',#5262);
#4814=PLANE('',#5263);
#4815=PLANE('',#5264);
#4816=PLANE('',#5265);
#4817=PLANE('',#5266);
#4818=PLANE('',#5267);
#4819=PLANE('',#5268);
#4820=PLANE('',#5269);
#4821=PLANE('',#5270);
#4822=PLANE('',#5271);
#4823=PLANE('',#5272);
#4824=PLANE('',#5273);
#4825=PLANE('',#5274);
#4826=PLANE('',#5278);
#4827=PLANE('',#5279);
#4828=PLANE('',#5289);
#4829=PLANE('',#5294);
#4830=PLANE('',#5297);
#4831=PLANE('',#5300);
#4832=PLANE('',#5303);
#4833=PLANE('',#5306);
#4834=PLANE('',#5309);
#4835=PLANE('',#5316);
#4836=PLANE('',#5320);
#4837=PLANE('',#5324);
#4838=PLANE('',#5326);
#4839=PLANE('',#5333);
#4840=PLANE('',#5337);
#4841=PLANE('',#5341);
#4842=PLANE('',#5344);
#4843=PLANE('',#5348);
#4844=PLANE('',#5349);
#4845=PLANE('',#5355);
#4846=PLANE('',#5358);
#4847=PLANE('',#5362);
#4848=PLANE('',#5368);
#4849=PLANE('',#5375);
#4850=PLANE('',#5383);
#4851=PLANE('',#5388);
#4852=PLANE('',#5395);
#4853=PLANE('',#5406);
#4854=PLANE('',#5408);
#4855=PLANE('',#5409);
#4856=PLANE('',#5410);
#4857=PLANE('',#5411);
#4858=PLANE('',#5412);
#4859=PLANE('',#5413);
#4860=PLANE('',#5414);
#4861=PLANE('',#5415);
#4862=PLANE('',#5416);
#4863=PLANE('',#5417);
#4864=PLANE('',#5418);
#4865=PLANE('',#5419);
#4866=PLANE('',#5420);
#4867=PLANE('',#5421);
#4868=PLANE('',#5422);
#4869=ADVANCED_FACE('',(#194),#4698,.T.);
#4870=ADVANCED_FACE('',(#195),#4699,.T.);
#4871=ADVANCED_FACE('',(#196),#136,.T.);
#4872=ADVANCED_FACE('',(#197),#137,.T.);
#4873=ADVANCED_FACE('',(#198),#4700,.T.);
#4874=ADVANCED_FACE('',(#199),#138,.T.);
#4875=ADVANCED_FACE('',(#200),#4701,.T.);
#4876=ADVANCED_FACE('',(#201),#4702,.T.);
#4877=ADVANCED_FACE('',(#202),#4703,.T.);
#4878=ADVANCED_FACE('',(#203),#4704,.T.);
#4879=ADVANCED_FACE('',(#204),#4705,.T.);
#4880=ADVANCED_FACE('',(#205),#4706,.T.);
#4881=ADVANCED_FACE('',(#206),#4707,.T.);
#4882=ADVANCED_FACE('',(#207),#4708,.T.);
#4883=ADVANCED_FACE('',(#208),#4709,.T.);
#4884=ADVANCED_FACE('',(#209),#4710,.T.);
#4885=ADVANCED_FACE('',(#210),#4711,.T.);
#4886=ADVANCED_FACE('',(#211),#4712,.T.);
#4887=ADVANCED_FACE('',(#212),#4713,.T.);
#4888=ADVANCED_FACE('',(#213),#4714,.T.);
#4889=ADVANCED_FACE('',(#214),#4715,.T.);
#4890=ADVANCED_FACE('',(#215),#139,.T.);
#4891=ADVANCED_FACE('',(#216),#140,.T.);
#4892=ADVANCED_FACE('',(#217),#141,.T.);
#4893=ADVANCED_FACE('',(#218),#142,.T.);
#4894=ADVANCED_FACE('',(#219),#143,.T.);
#4895=ADVANCED_FACE('',(#220),#144,.T.);
#4896=ADVANCED_FACE('',(#221),#4716,.T.);
#4897=ADVANCED_FACE('',(#222),#4717,.T.);
#4898=ADVANCED_FACE('',(#223),#4718,.T.);
#4899=ADVANCED_FACE('',(#224),#145,.T.);
#4900=ADVANCED_FACE('',(#225),#146,.T.);
#4901=ADVANCED_FACE('',(#226),#147,.T.);
#4902=ADVANCED_FACE('',(#227),#148,.T.);
#4903=ADVANCED_FACE('',(#228),#149,.T.);
#4904=ADVANCED_FACE('',(#229),#4719,.T.);
#4905=ADVANCED_FACE('',(#230),#4720,.T.);
#4906=ADVANCED_FACE('',(#231),#4721,.T.);
#4907=ADVANCED_FACE('',(#232),#150,.T.);
#4908=ADVANCED_FACE('',(#233),#151,.T.);
#4909=ADVANCED_FACE('',(#234),#152,.T.);
#4910=ADVANCED_FACE('',(#235),#153,.T.);
#4911=ADVANCED_FACE('',(#236),#154,.T.);
#4912=ADVANCED_FACE('',(#237),#155,.T.);
#4913=ADVANCED_FACE('',(#238),#156,.T.);
#4914=ADVANCED_FACE('',(#239),#157,.T.);
#4915=ADVANCED_FACE('',(#240),#4722,.T.);
#4916=ADVANCED_FACE('',(#241),#4723,.T.);
#4917=ADVANCED_FACE('',(#242),#4724,.T.);
#4918=ADVANCED_FACE('',(#243),#4725,.T.);
#4919=ADVANCED_FACE('',(#244),#4726,.T.);
#4920=ADVANCED_FACE('',(#245),#158,.T.);
#4921=ADVANCED_FACE('',(#246),#159,.T.);
#4922=ADVANCED_FACE('',(#247),#4727,.T.);
#4923=ADVANCED_FACE('',(#248),#160,.T.);
#4924=ADVANCED_FACE('',(#249),#4728,.T.);
#4925=ADVANCED_FACE('',(#250),#4729,.T.);
#4926=ADVANCED_FACE('',(#251),#4730,.T.);
#4927=ADVANCED_FACE('',(#252),#4731,.T.);
#4928=ADVANCED_FACE('',(#253),#4732,.T.);
#4929=ADVANCED_FACE('',(#254),#4733,.T.);
#4930=ADVANCED_FACE('',(#255),#161,.T.);
#4931=ADVANCED_FACE('',(#256),#162,.T.);
#4932=ADVANCED_FACE('',(#257),#163,.T.);
#4933=ADVANCED_FACE('',(#258),#164,.T.);
#4934=ADVANCED_FACE('',(#259),#165,.T.);
#4935=ADVANCED_FACE('',(#260),#166,.T.);
#4936=ADVANCED_FACE('',(#261),#4734,.T.);
#4937=ADVANCED_FACE('',(#262),#4735,.T.);
#4938=ADVANCED_FACE('',(#263),#4736,.T.);
#4939=ADVANCED_FACE('',(#264),#167,.T.);
#4940=ADVANCED_FACE('',(#265),#168,.T.);
#4941=ADVANCED_FACE('',(#266),#169,.T.);
#4942=ADVANCED_FACE('',(#267),#170,.T.);
#4943=ADVANCED_FACE('',(#268),#171,.T.);
#4944=ADVANCED_FACE('',(#269),#4737,.T.);
#4945=ADVANCED_FACE('',(#270),#4738,.T.);
#4946=ADVANCED_FACE('',(#271),#4739,.T.);
#4947=ADVANCED_FACE('',(#272),#172,.T.);
#4948=ADVANCED_FACE('',(#273),#173,.T.);
#4949=ADVANCED_FACE('',(#274),#174,.T.);
#4950=ADVANCED_FACE('',(#275),#175,.T.);
#4951=ADVANCED_FACE('',(#276),#176,.T.);
#4952=ADVANCED_FACE('',(#277),#177,.T.);
#4953=ADVANCED_FACE('',(#278),#178,.T.);
#4954=ADVANCED_FACE('',(#279),#179,.T.);
#4955=ADVANCED_FACE('',(#280),#4740,.T.);
#4956=ADVANCED_FACE('',(#281),#4741,.T.);
#4957=ADVANCED_FACE('',(#282),#4742,.T.);
#4958=ADVANCED_FACE('',(#283),#4743,.T.);
#4959=ADVANCED_FACE('',(#284),#4744,.T.);
#4960=ADVANCED_FACE('',(#285),#4745,.T.);
#4961=ADVANCED_FACE('',(#286),#4746,.T.);
#4962=ADVANCED_FACE('',(#287),#4747,.T.);
#4963=ADVANCED_FACE('',(#288),#4748,.T.);
#4964=ADVANCED_FACE('',(#289),#4749,.T.);
#4965=ADVANCED_FACE('',(#290),#4750,.T.);
#4966=ADVANCED_FACE('',(#291),#4751,.T.);
#4967=ADVANCED_FACE('',(#292),#4752,.T.);
#4968=ADVANCED_FACE('',(#293),#180,.T.);
#4969=ADVANCED_FACE('',(#294),#181,.T.);
#4970=ADVANCED_FACE('',(#295),#182,.T.);
#4971=ADVANCED_FACE('',(#296),#183,.T.);
#4972=ADVANCED_FACE('',(#297),#184,.T.);
#4973=ADVANCED_FACE('',(#298),#185,.T.);
#4974=ADVANCED_FACE('',(#299),#4753,.T.);
#4975=ADVANCED_FACE('',(#300),#4754,.T.);
#4976=ADVANCED_FACE('',(#301),#4755,.T.);
#4977=ADVANCED_FACE('',(#302),#4756,.T.);
#4978=ADVANCED_FACE('',(#303),#4757,.T.);
#4979=ADVANCED_FACE('',(#304),#4758,.T.);
#4980=ADVANCED_FACE('',(#305),#186,.T.);
#4981=ADVANCED_FACE('',(#306),#187,.T.);
#4982=ADVANCED_FACE('',(#307),#188,.T.);
#4983=ADVANCED_FACE('',(#308),#189,.T.);
#4984=ADVANCED_FACE('',(#309),#190,.T.);
#4985=ADVANCED_FACE('',(#310),#191,.T.);
#4986=ADVANCED_FACE('',(#311),#192,.T.);
#4987=ADVANCED_FACE('',(#312),#4759,.T.);
#4988=ADVANCED_FACE('',(#313),#193,.T.);
#4989=ADVANCED_FACE('',(#314),#4760,.T.);
#4990=ADVANCED_FACE('',(#315),#4761,.T.);
#4991=ADVANCED_FACE('',(#316),#4762,.T.);
#4992=ADVANCED_FACE('',(#317),#4763,.T.);
#4993=ADVANCED_FACE('',(#318),#4764,.T.);
#4994=ADVANCED_FACE('',(#319),#4765,.F.);
#4995=ADVANCED_FACE('',(#320),#4766,.F.);
#4996=ADVANCED_FACE('',(#321),#4767,.F.);
#4997=ADVANCED_FACE('',(#322),#4768,.F.);
#4998=ADVANCED_FACE('',(#323),#4769,.F.);
#4999=ADVANCED_FACE('',(#324),#4770,.F.);
#5000=ADVANCED_FACE('',(#325),#4771,.F.);
#5001=ADVANCED_FACE('',(#326),#4772,.F.);
#5002=ADVANCED_FACE('',(#327),#4773,.F.);
#5003=ADVANCED_FACE('',(#328),#4774,.F.);
#5004=ADVANCED_FACE('',(#329),#4775,.F.);
#5005=ADVANCED_FACE('',(#330),#4776,.F.);
#5006=ADVANCED_FACE('',(#331),#4777,.F.);
#5007=ADVANCED_FACE('',(#332),#4778,.F.);
#5008=ADVANCED_FACE('',(#333),#4779,.F.);
#5009=ADVANCED_FACE('',(#334),#4780,.F.);
#5010=ADVANCED_FACE('',(#335),#4781,.F.);
#5011=ADVANCED_FACE('',(#336),#4782,.F.);
#5012=ADVANCED_FACE('',(#337),#4783,.F.);
#5013=ADVANCED_FACE('',(#338),#4784,.F.);
#5014=ADVANCED_FACE('',(#339),#4785,.F.);
#5015=ADVANCED_FACE('',(#340),#4786,.F.);
#5016=ADVANCED_FACE('',(#341),#4787,.F.);
#5017=ADVANCED_FACE('',(#342),#4788,.F.);
#5018=ADVANCED_FACE('',(#343),#4789,.F.);
#5019=ADVANCED_FACE('',(#344),#4790,.F.);
#5020=ADVANCED_FACE('',(#345),#4791,.F.);
#5021=ADVANCED_FACE('',(#346),#4792,.F.);
#5022=ADVANCED_FACE('',(#347),#4793,.F.);
#5023=ADVANCED_FACE('',(#348),#4794,.F.);
#5024=ADVANCED_FACE('',(#349),#4795,.F.);
#5025=ADVANCED_FACE('',(#350),#4796,.F.);
#5026=ADVANCED_FACE('',(#351),#4797,.F.);
#5027=ADVANCED_FACE('',(#352),#4798,.F.);
#5028=ADVANCED_FACE('',(#353),#4799,.F.);
#5029=ADVANCED_FACE('',(#354),#4800,.F.);
#5030=ADVANCED_FACE('',(#355),#4801,.F.);
#5031=ADVANCED_FACE('',(#356),#4802,.F.);
#5032=ADVANCED_FACE('',(#357),#4803,.F.);
#5033=ADVANCED_FACE('',(#358),#4804,.F.);
#5034=ADVANCED_FACE('',(#359),#4805,.F.);
#5035=ADVANCED_FACE('',(#360),#4806,.F.);
#5036=ADVANCED_FACE('',(#361),#4807,.F.);
#5037=ADVANCED_FACE('',(#362),#4808,.F.);
#5038=ADVANCED_FACE('',(#363),#4809,.F.);
#5039=ADVANCED_FACE('',(#364),#4810,.F.);
#5040=ADVANCED_FACE('',(#365),#4811,.F.);
#5041=ADVANCED_FACE('',(#366),#4812,.F.);
#5042=ADVANCED_FACE('',(#367),#4813,.F.);
#5043=ADVANCED_FACE('',(#368),#4814,.F.);
#5044=ADVANCED_FACE('',(#369),#4815,.F.);
#5045=ADVANCED_FACE('',(#370),#4816,.F.);
#5046=ADVANCED_FACE('',(#371),#4817,.F.);
#5047=ADVANCED_FACE('',(#372),#4818,.F.);
#5048=ADVANCED_FACE('',(#373),#4819,.F.);
#5049=ADVANCED_FACE('',(#374),#4820,.F.);
#5050=ADVANCED_FACE('',(#375),#4821,.F.);
#5051=ADVANCED_FACE('',(#376),#4822,.F.);
#5052=ADVANCED_FACE('',(#377),#4823,.F.);
#5053=ADVANCED_FACE('',(#378),#4824,.F.);
#5054=ADVANCED_FACE('',(#379),#4825,.F.);
#5055=ADVANCED_FACE('',(#380),#101,.T.);
#5056=ADVANCED_FACE('',(#381),#4826,.T.);
#5057=ADVANCED_FACE('',(#382,#15),#4827,.F.);
#5058=ADVANCED_FACE('',(#383),#102,.T.);
#5059=ADVANCED_FACE('',(#384),#4828,.T.);
#5060=ADVANCED_FACE('',(#385),#103,.T.);
#5061=ADVANCED_FACE('',(#386),#104,.T.);
#5062=ADVANCED_FACE('',(#387),#4829,.T.);
#5063=ADVANCED_FACE('',(#388),#105,.T.);
#5064=ADVANCED_FACE('',(#389),#4830,.T.);
#5065=ADVANCED_FACE('',(#390),#106,.T.);
#5066=ADVANCED_FACE('',(#391),#4831,.T.);
#5067=ADVANCED_FACE('',(#392),#4832,.T.);
#5068=ADVANCED_FACE('',(#393),#107,.T.);
#5069=ADVANCED_FACE('',(#394),#4833,.T.);
#5070=ADVANCED_FACE('',(#395),#4834,.T.);
#5071=ADVANCED_FACE('',(#396),#108,.T.);
#5072=ADVANCED_FACE('',(#397),#109,.F.);
#5073=ADVANCED_FACE('',(#398),#4835,.T.);
#5074=ADVANCED_FACE('',(#399),#110,.T.);
#5075=ADVANCED_FACE('',(#400),#4836,.T.);
#5076=ADVANCED_FACE('',(#401),#111,.F.);
#5077=ADVANCED_FACE('',(#402),#4837,.T.);
#5078=ADVANCED_FACE('',(#403),#4838,.T.);
#5079=ADVANCED_FACE('',(#404),#112,.T.);
#5080=ADVANCED_FACE('',(#405),#113,.F.);
#5081=ADVANCED_FACE('',(#406),#4839,.T.);
#5082=ADVANCED_FACE('',(#407),#114,.T.);
#5083=ADVANCED_FACE('',(#408),#4840,.T.);
#5084=ADVANCED_FACE('',(#409),#115,.F.);
#5085=ADVANCED_FACE('',(#410),#4841,.T.);
#5086=ADVANCED_FACE('',(#411),#4842,.T.);
#5087=ADVANCED_FACE('',(#412),#116,.T.);
#5088=ADVANCED_FACE('',(#413),#4843,.T.);
#5089=ADVANCED_FACE('',(#414),#4844,.T.);
#5090=ADVANCED_FACE('',(#415),#117,.F.);
#5091=ADVANCED_FACE('',(#416),#4845,.T.);
#5092=ADVANCED_FACE('',(#417),#4846,.T.);
#5093=ADVANCED_FACE('',(#418),#118,.T.);
#5094=ADVANCED_FACE('',(#419),#4847,.T.);
#5095=ADVANCED_FACE('',(#420),#119,.F.);
#5096=ADVANCED_FACE('',(#421),#4848,.T.);
#5097=ADVANCED_FACE('',(#422),#120,.F.);
#5098=ADVANCED_FACE('',(#423),#121,.F.);
#5099=ADVANCED_FACE('',(#424),#122,.F.);
#5100=ADVANCED_FACE('',(#425),#4849,.T.);
#5101=ADVANCED_FACE('',(#426),#123,.F.);
#5102=ADVANCED_FACE('',(#427),#124,.F.);
#5103=ADVANCED_FACE('',(#428),#4850,.T.);
#5104=ADVANCED_FACE('',(#429),#125,.T.);
#5105=ADVANCED_FACE('',(#430),#126,.T.);
#5106=ADVANCED_FACE('',(#431),#127,.T.);
#5107=ADVANCED_FACE('',(#432),#4851,.T.);
#5108=ADVANCED_FACE('',(#433),#128,.T.);
#5109=ADVANCED_FACE('',(#434),#129,.T.);
#5110=ADVANCED_FACE('',(#435),#130,.T.);
#5111=ADVANCED_FACE('',(#436,#16,#17,#18,#19,#20,#21,#22,#23,#24,#25,#26,
#27,#28,#29,#30),#4852,.T.);
#5112=ADVANCED_FACE('',(#437),#131,.T.);
#5113=ADVANCED_FACE('',(#438),#132,.T.);
#5114=ADVANCED_FACE('',(#439),#133,.T.);
#5115=ADVANCED_FACE('',(#440),#134,.F.);
#5116=ADVANCED_FACE('',(#441),#4853,.T.);
#5117=ADVANCED_FACE('',(#442),#135,.T.);
#5118=ADVANCED_FACE('',(#443),#4854,.F.);
#5119=ADVANCED_FACE('',(#444),#4855,.F.);
#5120=ADVANCED_FACE('',(#445),#4856,.T.);
#5121=ADVANCED_FACE('',(#446),#4857,.T.);
#5122=ADVANCED_FACE('',(#447),#4858,.T.);
#5123=ADVANCED_FACE('',(#448),#4859,.T.);
#5124=ADVANCED_FACE('',(#449),#4860,.T.);
#5125=ADVANCED_FACE('',(#450),#4861,.T.);
#5126=ADVANCED_FACE('',(#451),#4862,.T.);
#5127=ADVANCED_FACE('',(#452),#4863,.T.);
#5128=ADVANCED_FACE('',(#453),#4864,.T.);
#5129=ADVANCED_FACE('',(#454),#4865,.T.);
#5130=ADVANCED_FACE('',(#455),#4866,.T.);
#5131=ADVANCED_FACE('',(#456),#4867,.T.);
#5132=ADVANCED_FACE('',(#457),#4868,.T.);
#5133=CLOSED_SHELL('',(#4869,#4870,#4871,#4872,#4873,#4874,#4875,#4876,
#4877,#4878,#4879,#4880,#4881,#4882,#4883,#4884,#4885,#4886,#4887,#4888,
#4889,#4890,#4891,#4892,#4893,#4894,#4895,#4896,#4897,#4898,#4899,#4900,
#4901,#4902,#4903,#4904,#4905,#4906,#4907,#4908,#4909,#4910,#4911,#4912,
#4913,#4914,#4915,#4916,#4917,#4918,#4919,#4920,#4921,#4922,#4923,#4924,
#4925,#4926,#4927,#4928,#4929,#4930,#4931,#4932,#4933,#4934,#4935,#4936,
#4937,#4938,#4939,#4940,#4941,#4942,#4943,#4944,#4945,#4946,#4947,#4948,
#4949,#4950,#4951,#4952,#4953,#4954,#4955,#4956,#4957,#4958,#4959,#4960,
#4961,#4962,#4963,#4964,#4965,#4966,#4967,#4968,#4969,#4970,#4971,#4972,
#4973,#4974,#4975,#4976,#4977,#4978,#4979,#4980,#4981,#4982,#4983,#4984,
#4985,#4986,#4987,#4988,#4989,#4990,#4991,#4992,#4993,#4994,#4995,#4996,
#4997,#4998,#4999,#5000,#5001,#5002,#5003,#5004,#5005,#5006,#5007,#5008,
#5009,#5010,#5011,#5012,#5013,#5014,#5015,#5016,#5017,#5018,#5019,#5020,
#5021,#5022,#5023,#5024,#5025,#5026,#5027,#5028,#5029,#5030,#5031,#5032,
#5033,#5034,#5035,#5036,#5037,#5038,#5039,#5040,#5041,#5042,#5043,#5044,
#5045,#5046,#5047,#5048,#5049,#5050,#5051,#5052,#5053,#5054,#5055,#5056,
#5057,#5058,#5059,#5060,#5061,#5062,#5063,#5064,#5065,#5066,#5067,#5068,
#5069,#5070,#5071,#5072,#5073,#5074,#5075,#5076,#5077,#5078,#5079,#5080,
#5081,#5082,#5083,#5084,#5085,#5086,#5087,#5088,#5089,#5090,#5091,#5092,
#5093,#5094,#5095,#5096,#5097,#5098,#5099,#5100,#5101,#5102,#5103,#5104,
#5105,#5106,#5107,#5108,#5109,#5110,#5111,#5112,#5113,#5114,#5115,#5116,
#5117,#5118,#5119,#5120,#5121,#5122,#5123,#5124,#5125,#5126,#5127,#5128,
#5129,#5130,#5131,#5132));
#5134=DERIVED_UNIT_ELEMENT(#5136,1.);
#5135=DERIVED_UNIT_ELEMENT(#9031,-3.);
#5136=(
MASS_UNIT()
NAMED_UNIT(*)
SI_UNIT(.KILO.,.GRAM.)
);
#5137=DERIVED_UNIT((#5134,#5135));
#5138=MEASURE_REPRESENTATION_ITEM('density measure',
POSITIVE_RATIO_MEASURE(7850.),#5137);
#5139=PROPERTY_DEFINITION_REPRESENTATION(#5144,#5141);
#5140=PROPERTY_DEFINITION_REPRESENTATION(#5145,#5142);
#5141=REPRESENTATION('material name',(#5143),#9028);
#5142=REPRESENTATION('density',(#5138),#9028);
#5143=DESCRIPTIVE_REPRESENTATION_ITEM('Stahl','Stahl');
#5144=PROPERTY_DEFINITION('material property','material name',#9038);
#5145=PROPERTY_DEFINITION('material property','density of part',#9038);
#5146=AXIS2_PLACEMENT_3D('',#6535,#5423,#5424);
#5147=AXIS2_PLACEMENT_3D('',#6536,#5425,#5426);
#5148=AXIS2_PLACEMENT_3D('',#6565,#5432,#5433);
#5149=AXIS2_PLACEMENT_3D('',#6605,#5439,#5440);
#5150=AXIS2_PLACEMENT_3D('',#6626,#5444,#5445);
#5151=AXIS2_PLACEMENT_3D('',#6630,#5448,#5449);
#5152=AXIS2_PLACEMENT_3D('',#6634,#5452,#5453);
#5153=AXIS2_PLACEMENT_3D('',#6636,#5455,#5456);
#5154=AXIS2_PLACEMENT_3D('',#6653,#5465,#5466);
#5155=AXIS2_PLACEMENT_3D('',#6659,#5470,#5471);
#5156=AXIS2_PLACEMENT_3D('',#6663,#5474,#5475);
#5157=AXIS2_PLACEMENT_3D('',#6667,#5478,#5479);
#5158=AXIS2_PLACEMENT_3D('',#6671,#5482,#5483);
#5159=AXIS2_PLACEMENT_3D('',#6675,#5486,#5487);
#5160=AXIS2_PLACEMENT_3D('',#6679,#5490,#5491);
#5161=AXIS2_PLACEMENT_3D('',#6683,#5494,#5495);
#5162=AXIS2_PLACEMENT_3D('',#6685,#5497,#5498);
#5163=AXIS2_PLACEMENT_3D('',#6822,#5510,#5511);
#5164=AXIS2_PLACEMENT_3D('',#6828,#5515,#5516);
#5165=AXIS2_PLACEMENT_3D('',#6934,#5525,#5526);
#5166=AXIS2_PLACEMENT_3D('',#6938,#5529,#5530);
#5167=AXIS2_PLACEMENT_3D('',#6942,#5533,#5534);
#5168=AXIS2_PLACEMENT_3D('',#7031,#5542,#5543);
#5169=AXIS2_PLACEMENT_3D('',#7035,#5546,#5547);
#5170=AXIS2_PLACEMENT_3D('',#7039,#5550,#5551);
#5171=AXIS2_PLACEMENT_3D('',#7179,#5562,#5563);
#5172=AXIS2_PLACEMENT_3D('',#7183,#5566,#5567);
#5173=AXIS2_PLACEMENT_3D('',#7187,#5570,#5571);
#5174=AXIS2_PLACEMENT_3D('',#7189,#5573,#5574);
#5175=AXIS2_PLACEMENT_3D('',#7218,#5580,#5581);
#5176=AXIS2_PLACEMENT_3D('',#7258,#5587,#5588);
#5177=AXIS2_PLACEMENT_3D('',#7279,#5592,#5593);
#5178=AXIS2_PLACEMENT_3D('',#7283,#5596,#5597);
#5179=AXIS2_PLACEMENT_3D('',#7287,#5600,#5601);
#5180=AXIS2_PLACEMENT_3D('',#7289,#5603,#5604);
#5181=AXIS2_PLACEMENT_3D('',#7426,#5616,#5617);
#5182=AXIS2_PLACEMENT_3D('',#7432,#5621,#5622);
#5183=AXIS2_PLACEMENT_3D('',#7538,#5631,#5632);
#5184=AXIS2_PLACEMENT_3D('',#7542,#5635,#5636);
#5185=AXIS2_PLACEMENT_3D('',#7546,#5639,#5640);
#5186=AXIS2_PLACEMENT_3D('',#7635,#5648,#5649);
#5187=AXIS2_PLACEMENT_3D('',#7639,#5652,#5653);
#5188=AXIS2_PLACEMENT_3D('',#7643,#5656,#5657);
#5189=AXIS2_PLACEMENT_3D('',#7783,#5668,#5669);
#5190=AXIS2_PLACEMENT_3D('',#7787,#5672,#5673);
#5191=AXIS2_PLACEMENT_3D('',#7791,#5676,#5677);
#5192=AXIS2_PLACEMENT_3D('',#7793,#5679,#5680);
#5193=AXIS2_PLACEMENT_3D('',#7810,#5689,#5690);
#5194=AXIS2_PLACEMENT_3D('',#7816,#5694,#5695);
#5195=AXIS2_PLACEMENT_3D('',#7820,#5698,#5699);
#5196=AXIS2_PLACEMENT_3D('',#7824,#5702,#5703);
#5197=AXIS2_PLACEMENT_3D('',#7828,#5706,#5707);
#5198=AXIS2_PLACEMENT_3D('',#7832,#5710,#5711);
#5199=AXIS2_PLACEMENT_3D('',#7836,#5714,#5715);
#5200=AXIS2_PLACEMENT_3D('',#7840,#5718,#5719);
#5201=AXIS2_PLACEMENT_3D('',#7842,#5721,#5722);
#5202=AXIS2_PLACEMENT_3D('',#8045,#5737,#5738);
#5203=AXIS2_PLACEMENT_3D('',#8049,#5741,#5742);
#5204=AXIS2_PLACEMENT_3D('',#8053,#5745,#5746);
#5205=AXIS2_PLACEMENT_3D('',#8057,#5749,#5750);
#5206=AXIS2_PLACEMENT_3D('',#8061,#5753,#5754);
#5207=AXIS2_PLACEMENT_3D('',#8065,#5757,#5758);
#5208=AXIS2_PLACEMENT_3D('',#8188,#5768,#5769);
#5209=AXIS2_PLACEMENT_3D('',#8207,#5772,#5773);
#5210=AXIS2_PLACEMENT_3D('',#8216,#5778,#5779);
#5211=AXIS2_PLACEMENT_3D('',#8222,#5783,#5784);
#5212=AXIS2_PLACEMENT_3D('',#8226,#5787,#5788);
#5213=AXIS2_PLACEMENT_3D('',#8230,#5791,#5792);
#5214=AXIS2_PLACEMENT_3D('',#8232,#5794,#5795);
#5215=AXIS2_PLACEMENT_3D('',#8241,#5800,#5801);
#5216=AXIS2_PLACEMENT_3D('',#8247,#5805,#5806);
#5217=AXIS2_PLACEMENT_3D('',#8253,#5810,#5811);
#5218=AXIS2_PLACEMENT_3D('',#8259,#5815,#5816);
#5219=AXIS2_PLACEMENT_3D('',#8265,#5820,#5821);
#5220=AXIS2_PLACEMENT_3D('',#8271,#5825,#5826);
#5221=AXIS2_PLACEMENT_3D('',#8277,#5830,#5831);
#5222=AXIS2_PLACEMENT_3D('',#8283,#5835,#5836);
#5223=AXIS2_PLACEMENT_3D('',#8289,#5840,#5841);
#5224=AXIS2_PLACEMENT_3D('',#8295,#5845,#5846);
#5225=AXIS2_PLACEMENT_3D('',#8301,#5850,#5851);
#5226=AXIS2_PLACEMENT_3D('',#8304,#5854,#5855);
#5227=AXIS2_PLACEMENT_3D('',#8305,#5856,#5857);
#5228=AXIS2_PLACEMENT_3D('',#8314,#5862,#5863);
#5229=AXIS2_PLACEMENT_3D('',#8320,#5867,#5868);
#5230=AXIS2_PLACEMENT_3D('',#8326,#5872,#5873);
#5231=AXIS2_PLACEMENT_3D('',#8332,#5877,#5878);
#5232=AXIS2_PLACEMENT_3D('',#8338,#5882,#5883);
#5233=AXIS2_PLACEMENT_3D('',#8344,#5887,#5888);
#5234=AXIS2_PLACEMENT_3D('',#8350,#5892,#5893);
#5235=AXIS2_PLACEMENT_3D('',#8353,#5896,#5897);
#5236=AXIS2_PLACEMENT_3D('',#8354,#5898,#5899);
#5237=AXIS2_PLACEMENT_3D('',#8363,#5904,#5905);
#5238=AXIS2_PLACEMENT_3D('',#8369,#5909,#5910);
#5239=AXIS2_PLACEMENT_3D('',#8375,#5914,#5915);
#5240=AXIS2_PLACEMENT_3D('',#8381,#5919,#5920);
#5241=AXIS2_PLACEMENT_3D('',#8387,#5924,#5925);
#5242=AXIS2_PLACEMENT_3D('',#8393,#5929,#5930);
#5243=AXIS2_PLACEMENT_3D('',#8399,#5934,#5935);
#5244=AXIS2_PLACEMENT_3D('',#8402,#5938,#5939);
#5245=AXIS2_PLACEMENT_3D('',#8403,#5940,#5941);
#5246=AXIS2_PLACEMENT_3D('',#8412,#5946,#5947);
#5247=AXIS2_PLACEMENT_3D('',#8418,#5951,#5952);
#5248=AXIS2_PLACEMENT_3D('',#8424,#5956,#5957);
#5249=AXIS2_PLACEMENT_3D('',#8430,#5961,#5962);
#5250=AXIS2_PLACEMENT_3D('',#8436,#5966,#5967);
#5251=AXIS2_PLACEMENT_3D('',#8442,#5971,#5972);
#5252=AXIS2_PLACEMENT_3D('',#8448,#5976,#5977);
#5253=AXIS2_PLACEMENT_3D('',#8451,#5980,#5981);
#5254=AXIS2_PLACEMENT_3D('',#8452,#5982,#5983);
#5255=AXIS2_PLACEMENT_3D('',#8461,#5988,#5989);
#5256=AXIS2_PLACEMENT_3D('',#8467,#5993,#5994);
#5257=AXIS2_PLACEMENT_3D('',#8473,#5998,#5999);
#5258=AXIS2_PLACEMENT_3D('',#8479,#6003,#6004);
#5259=AXIS2_PLACEMENT_3D('',#8485,#6008,#6009);
#5260=AXIS2_PLACEMENT_3D('',#8491,#6013,#6014);
#5261=AXIS2_PLACEMENT_3D('',#8497,#6018,#6019);
#5262=AXIS2_PLACEMENT_3D('',#8500,#6022,#6023);
#5263=AXIS2_PLACEMENT_3D('',#8501,#6024,#6025);
#5264=AXIS2_PLACEMENT_3D('',#8510,#6030,#6031);
#5265=AXIS2_PLACEMENT_3D('',#8516,#6035,#6036);
#5266=AXIS2_PLACEMENT_3D('',#8522,#6040,#6041);
#5267=AXIS2_PLACEMENT_3D('',#8528,#6045,#6046);
#5268=AXIS2_PLACEMENT_3D('',#8534,#6050,#6051);
#5269=AXIS2_PLACEMENT_3D('',#8540,#6055,#6056);
#5270=AXIS2_PLACEMENT_3D('',#8546,#6060,#6061);
#5271=AXIS2_PLACEMENT_3D('',#8552,#6065,#6066);
#5272=AXIS2_PLACEMENT_3D('',#8555,#6069,#6070);
#5273=AXIS2_PLACEMENT_3D('',#8556,#6071,#6072);
#5274=AXIS2_PLACEMENT_3D('',#8565,#6077,#6078);
#5275=AXIS2_PLACEMENT_3D('',#8571,#6082,#6083);
#5276=AXIS2_PLACEMENT_3D('',#8574,#6084,#6085);
#5277=AXIS2_PLACEMENT_3D('',#8578,#6087,#6088);
#5278=AXIS2_PLACEMENT_3D('',#8580,#6090,#6091);
#5279=AXIS2_PLACEMENT_3D('',#8598,#6101,#6102);
#5280=AXIS2_PLACEMENT_3D('',#8604,#6105,#6106);
#5281=AXIS2_PLACEMENT_3D('',#8608,#6108,#6109);
#5282=AXIS2_PLACEMENT_3D('',#8614,#6112,#6113);
#5283=AXIS2_PLACEMENT_3D('',#8618,#6115,#6116);
#5284=AXIS2_PLACEMENT_3D('',#8624,#6119,#6120);
#5285=AXIS2_PLACEMENT_3D('',#8628,#6122,#6123);
#5286=AXIS2_PLACEMENT_3D('',#8633,#6126,#6127);
#5287=AXIS2_PLACEMENT_3D('',#8637,#6130,#6131);
#5288=AXIS2_PLACEMENT_3D('',#8640,#6132,#6133);
#5289=AXIS2_PLACEMENT_3D('',#8643,#6136,#6137);
#5290=AXIS2_PLACEMENT_3D('',#8659,#6146,#6147);
#5291=AXIS2_PLACEMENT_3D('',#8661,#6148,#6149);
#5292=AXIS2_PLACEMENT_3D('',#8663,#6151,#6152);
#5293=AXIS2_PLACEMENT_3D('',#8666,#6153,#6154);
#5294=AXIS2_PLACEMENT_3D('',#8669,#6157,#6158);
#5295=AXIS2_PLACEMENT_3D('',#8673,#6161,#6162);
#5296=AXIS2_PLACEMENT_3D('',#8676,#6163,#6164);
#5297=AXIS2_PLACEMENT_3D('',#8679,#6167,#6168);
#5298=AXIS2_PLACEMENT_3D('',#8704,#6182,#6183);
#5299=AXIS2_PLACEMENT_3D('',#8707,#6184,#6185);
#5300=AXIS2_PLACEMENT_3D('',#8710,#6188,#6189);
#5301=AXIS2_PLACEMENT_3D('',#8713,#6191,#6192);
#5302=AXIS2_PLACEMENT_3D('',#8717,#6194,#6195);
#5303=AXIS2_PLACEMENT_3D('',#8719,#6197,#6198);
#5304=AXIS2_PLACEMENT_3D('',#8720,#6199,#6200);
#5305=AXIS2_PLACEMENT_3D('',#8723,#6201,#6202);
#5306=AXIS2_PLACEMENT_3D('',#8726,#6205,#6206);
#5307=AXIS2_PLACEMENT_3D('',#8730,#6208,#6209);
#5308=AXIS2_PLACEMENT_3D('',#8733,#6211,#6212);
#5309=AXIS2_PLACEMENT_3D('',#8735,#6214,#6215);
#5310=AXIS2_PLACEMENT_3D('',#8745,#6221,#6222);
#5311=AXIS2_PLACEMENT_3D('',#8747,#6223,#6224);
#5312=AXIS2_PLACEMENT_3D('',#8750,#6226,#6227);
#5313=AXIS2_PLACEMENT_3D('',#8751,#6228,#6229);
#5314=AXIS2_PLACEMENT_3D('',#8754,#6230,#6231);
#5315=AXIS2_PLACEMENT_3D('',#8758,#6233,#6234);
#5316=AXIS2_PLACEMENT_3D('',#8760,#6236,#6237);
#5317=AXIS2_PLACEMENT_3D('',#8763,#6240,#6241);
#5318=AXIS2_PLACEMENT_3D('',#8765,#6242,#6243);
#5319=AXIS2_PLACEMENT_3D('',#8768,#6245,#6246);
#5320=AXIS2_PLACEMENT_3D('',#8769,#6247,#6248);
#5321=AXIS2_PLACEMENT_3D('',#8773,#6250,#6251);
#5322=AXIS2_PLACEMENT_3D('',#8775,#6253,#6254);
#5323=AXIS2_PLACEMENT_3D('',#8778,#6255,#6256);
#5324=AXIS2_PLACEMENT_3D('',#8781,#6259,#6260);
#5325=AXIS2_PLACEMENT_3D('',#8786,#6263,#6264);
#5326=AXIS2_PLACEMENT_3D('',#8788,#6266,#6267);
#5327=AXIS2_PLACEMENT_3D('',#8796,#6272,#6273);
#5328=AXIS2_PLACEMENT_3D('',#8798,#6274,#6275);
#5329=AXIS2_PLACEMENT_3D('',#8801,#6277,#6278);
#5330=AXIS2_PLACEMENT_3D('',#8802,#6279,#6280);
#5331=AXIS2_PLACEMENT_3D('',#8805,#6281,#6282);
#5332=AXIS2_PLACEMENT_3D('',#8809,#6284,#6285);
#5333=AXIS2_PLACEMENT_3D('',#8811,#6287,#6288);
#5334=AXIS2_PLACEMENT_3D('',#8814,#6291,#6292);
#5335=AXIS2_PLACEMENT_3D('',#8816,#6293,#6294);
#5336=AXIS2_PLACEMENT_3D('',#8819,#6296,#6297);
#5337=AXIS2_PLACEMENT_3D('',#8820,#6298,#6299);
#5338=AXIS2_PLACEMENT_3D('',#8824,#6301,#6302);
#5339=AXIS2_PLACEMENT_3D('',#8826,#6304,#6305);
#5340=AXIS2_PLACEMENT_3D('',#8829,#6306,#6307);
#5341=AXIS2_PLACEMENT_3D('',#8832,#6310,#6311);
#5342=AXIS2_PLACEMENT_3D('',#8836,#6313,#6314);
#5343=AXIS2_PLACEMENT_3D('',#8839,#6316,#6317);
#5344=AXIS2_PLACEMENT_3D('',#8841,#6319,#6320);
#5345=AXIS2_PLACEMENT_3D('',#8854,#6328,#6329);
#5346=AXIS2_PLACEMENT_3D('',#8857,#6330,#6331);
#5347=AXIS2_PLACEMENT_3D('',#8861,#6333,#6334);
#5348=AXIS2_PLACEMENT_3D('',#8863,#6336,#6337);
#5349=AXIS2_PLACEMENT_3D('',#8869,#6341,#6342);
#5350=AXIS2_PLACEMENT_3D('',#8873,#6344,#6345);
#5351=AXIS2_PLACEMENT_3D('',#8877,#6347,#6348);
#5352=AXIS2_PLACEMENT_3D('',#8880,#6350,#6351);
#5353=AXIS2_PLACEMENT_3D('',#8881,#6352,#6353);
#5354=AXIS2_PLACEMENT_3D('',#8883,#6354,#6355);
#5355=AXIS2_PLACEMENT_3D('',#8885,#6357,#6358);
#5356=AXIS2_PLACEMENT_3D('',#8889,#6360,#6361);
#5357=AXIS2_PLACEMENT_3D('',#8893,#6363,#6364);
#5358=AXIS2_PLACEMENT_3D('',#8895,#6366,#6367);
#5359=AXIS2_PLACEMENT_3D('',#8910,#6376,#6377);
#5360=AXIS2_PLACEMENT_3D('',#8912,#6378,#6379);
#5361=AXIS2_PLACEMENT_3D('',#8915,#6381,#6382);
#5362=AXIS2_PLACEMENT_3D('',#8916,#6383,#6384);
#5363=AXIS2_PLACEMENT_3D('',#8918,#6385,#6386);
#5364=AXIS2_PLACEMENT_3D('',#8921,#6388,#6389);
#5365=AXIS2_PLACEMENT_3D('',#8923,#6390,#6391);
#5366=AXIS2_PLACEMENT_3D('',#8925,#6393,#6394);
#5367=AXIS2_PLACEMENT_3D('',#8927,#6395,#6396);
#5368=AXIS2_PLACEMENT_3D('',#8929,#6398,#6399);
#5369=AXIS2_PLACEMENT_3D('',#8931,#6400,#6401);
#5370=AXIS2_PLACEMENT_3D('',#8934,#6403,#6404);
#5371=AXIS2_PLACEMENT_3D('',#8936,#6406,#6407);
#5372=AXIS2_PLACEMENT_3D('',#8938,#6409,#6410);
#5373=AXIS2_PLACEMENT_3D('',#8940,#6412,#6413);
#5374=AXIS2_PLACEMENT_3D('',#8942,#6414,#6415);
#5375=AXIS2_PLACEMENT_3D('',#8944,#6417,#6418);
#5376=AXIS2_PLACEMENT_3D('',#8948,#6420,#6421);
#5377=AXIS2_PLACEMENT_3D('',#8950,#6423,#6424);
#5378=AXIS2_PLACEMENT_3D('',#8951,#6425,#6426);
#5379=AXIS2_PLACEMENT_3D('',#8954,#6428,#6429);
#5380=AXIS2_PLACEMENT_3D('',#8955,#6430,#6431);
#5381=AXIS2_PLACEMENT_3D('',#8957,#6432,#6433);
#5382=AXIS2_PLACEMENT_3D('',#8960,#6435,#6436);
#5383=AXIS2_PLACEMENT_3D('',#8961,#6437,#6438);
#5384=AXIS2_PLACEMENT_3D('',#8963,#6439,#6440);
#5385=AXIS2_PLACEMENT_3D('',#8965,#6442,#6443);
#5386=AXIS2_PLACEMENT_3D('',#8967,#6445,#6446);
#5387=AXIS2_PLACEMENT_3D('',#8969,#6448,#6449);
#5388=AXIS2_PLACEMENT_3D('',#8972,#6452,#6453);
#5389=AXIS2_PLACEMENT_3D('',#8976,#6456,#6457);
#5390=AXIS2_PLACEMENT_3D('',#8978,#6458,#6459);
#5391=AXIS2_PLACEMENT_3D('',#8980,#6461,#6462);
#5392=AXIS2_PLACEMENT_3D('',#8983,#6464,#6465);
#5393=AXIS2_PLACEMENT_3D('',#8984,#6466,#6467);
#5394=AXIS2_PLACEMENT_3D('',#8986,#6468,#6469);
#5395=AXIS2_PLACEMENT_3D('',#8988,#6471,#6472);
#5396=AXIS2_PLACEMENT_3D('',#8989,#6473,#6474);
#5397=AXIS2_PLACEMENT_3D('',#8990,#6475,#6476);
#5398=AXIS2_PLACEMENT_3D('',#8991,#6477,#6478);
#5399=AXIS2_PLACEMENT_3D('',#8992,#6479,#6480);
#5400=AXIS2_PLACEMENT_3D('',#8997,#6484,#6485);
#5401=AXIS2_PLACEMENT_3D('',#8998,#6486,#6487);
#5402=AXIS2_PLACEMENT_3D('',#8999,#6488,#6489);
#5403=AXIS2_PLACEMENT_3D('',#9000,#6490,#6491);
#5404=AXIS2_PLACEMENT_3D('',#9001,#6492,#6493);
#5405=AXIS2_PLACEMENT_3D('',#9003,#6494,#6495);
#5406=AXIS2_PLACEMENT_3D('',#9005,#6497,#6498);
#5407=AXIS2_PLACEMENT_3D('',#9007,#6500,#6501);
#5408=AXIS2_PLACEMENT_3D('',#9008,#6502,#6503);
#5409=AXIS2_PLACEMENT_3D('',#9010,#6505,#6506);
#5410=AXIS2_PLACEMENT_3D('',#9011,#6507,#6508);
#5411=AXIS2_PLACEMENT_3D('',#9012,#6509,#6510);
#5412=AXIS2_PLACEMENT_3D('',#9014,#6512,#6513);
#5413=AXIS2_PLACEMENT_3D('',#9015,#6514,#6515);
#5414=AXIS2_PLACEMENT_3D('',#9016,#6516,#6517);
#5415=AXIS2_PLACEMENT_3D('',#9017,#6518,#6519);
#5416=AXIS2_PLACEMENT_3D('',#9019,#6521,#6522);
#5417=AXIS2_PLACEMENT_3D('',#9020,#6523,#6524);
#5418=AXIS2_PLACEMENT_3D('',#9021,#6525,#6526);
#5419=AXIS2_PLACEMENT_3D('',#9022,#6527,#6528);
#5420=AXIS2_PLACEMENT_3D('',#9023,#6529,#6530);
#5421=AXIS2_PLACEMENT_3D('',#9024,#6531,#6532);
#5422=AXIS2_PLACEMENT_3D('',#9025,#6533,#6534);
#5423=DIRECTION('axis',(0.,0.,1.));
#5424=DIRECTION('refdir',(1.,0.,0.));
#5425=DIRECTION('center_axis',(0.,0.,1.));
#5426=DIRECTION('ref_axis',(1.,0.,0.));
#5427=DIRECTION('',(1.,4.07915718419043E-15,0.));
#5428=DIRECTION('',(0.,1.,0.));
#5429=DIRECTION('',(0.,1.,0.));
#5430=DIRECTION('',(-1.,-3.30978634080939E-15,0.));
#5431=DIRECTION('',(0.,-1.,0.));
#5432=DIRECTION('center_axis',(4.07915718419043E-15,-1.,0.));
#5433=DIRECTION('ref_axis',(0.,0.,-1.));
#5434=DIRECTION('',(0.,0.,1.));
#5435=DIRECTION('',(1.,4.07915718419043E-15,0.));
#5436=DIRECTION('',(0.,0.,1.));
#5437=DIRECTION('',(0.,0.,1.));
#5438=DIRECTION('',(0.,0.,1.));
#5439=DIRECTION('center_axis',(1.,0.,0.));
#5440=DIRECTION('ref_axis',(0.,0.,-1.));
#5441=DIRECTION('',(0.,1.,0.));
#5442=DIRECTION('',(0.,0.,1.));
#5443=DIRECTION('',(0.,0.,1.));
#5444=DIRECTION('center_axis',(1.,0.,0.));
#5445=DIRECTION('ref_axis',(0.,0.,-1.));
#5446=DIRECTION('',(0.,1.,0.));
#5447=DIRECTION('',(0.,0.,1.));
#5448=DIRECTION('center_axis',(-3.30978634080939E-15,1.,0.));
#5449=DIRECTION('ref_axis',(0.,0.,1.));
#5450=DIRECTION('',(-1.,-3.30978634080939E-15,0.));
#5451=DIRECTION('',(0.,0.,1.));
#5452=DIRECTION('center_axis',(-1.,0.,0.));
#5453=DIRECTION('ref_axis',(0.,0.,1.));
#5454=DIRECTION('',(0.,-1.,0.));
#5455=DIRECTION('center_axis',(0.,0.,1.));
#5456=DIRECTION('ref_axis',(1.,0.,0.));
#5457=DIRECTION('',(0.,1.,0.));
#5458=DIRECTION('',(-1.,-4.02619176630877E-15,0.));
#5459=DIRECTION('',(0.,1.,0.));
#5460=DIRECTION('',(1.,4.02619176630877E-15,0.));
#5461=DIRECTION('',(0.,1.,0.));
#5462=DIRECTION('',(-1.,-1.86756805863352E-15,0.));
#5463=DIRECTION('',(0.,-1.,0.));
#5464=DIRECTION('',(1.,1.86756805863352E-15,0.));
#5465=DIRECTION('center_axis',(1.,0.,0.));
#5466=DIRECTION('ref_axis',(0.,0.,-1.));
#5467=DIRECTION('',(0.,0.,1.));
#5468=DIRECTION('',(0.,1.,0.));
#5469=DIRECTION('',(0.,0.,1.));
#5470=DIRECTION('center_axis',(-4.02619176630877E-15,1.,0.));
#5471=DIRECTION('ref_axis',(0.,0.,1.));
#5472=DIRECTION('',(-1.,-4.02619176630877E-15,0.));
#5473=DIRECTION('',(0.,0.,1.));
#5474=DIRECTION('center_axis',(1.,0.,0.));
#5475=DIRECTION('ref_axis',(0.,0.,-1.));
#5476=DIRECTION('',(0.,1.,0.));
#5477=DIRECTION('',(0.,0.,1.));
#5478=DIRECTION('center_axis',(4.02619176630877E-15,-1.,0.));
#5479=DIRECTION('ref_axis',(0.,0.,-1.));
#5480=DIRECTION('',(1.,4.02619176630877E-15,0.));
#5481=DIRECTION('',(0.,0.,1.));
#5482=DIRECTION('center_axis',(1.,0.,0.));
#5483=DIRECTION('ref_axis',(0.,0.,-1.));
#5484=DIRECTION('',(0.,1.,0.));
#5485=DIRECTION('',(0.,0.,1.));
#5486=DIRECTION('center_axis',(-1.86756805863352E-15,1.,0.));
#5487=DIRECTION('ref_axis',(0.,0.,1.));
#5488=DIRECTION('',(-1.,-1.86756805863352E-15,0.));
#5489=DIRECTION('',(0.,0.,1.));
#5490=DIRECTION('center_axis',(-1.,0.,0.));
#5491=DIRECTION('ref_axis',(0.,0.,1.));
#5492=DIRECTION('',(0.,-1.,0.));
#5493=DIRECTION('',(0.,0.,1.));
#5494=DIRECTION('center_axis',(1.86756805863352E-15,-1.,0.));
#5495=DIRECTION('ref_axis',(0.,0.,-1.));
#5496=DIRECTION('',(1.,1.86756805863352E-15,0.));
#5497=DIRECTION('center_axis',(0.,0.,1.));
#5498=DIRECTION('ref_axis',(1.,0.,0.));
#5499=DIRECTION('',(-1.,-3.3097922220719E-15,0.));
#5500=DIRECTION('',(0.,-1.,0.));
#5501=DIRECTION('',(0.,1.,0.));
#5502=DIRECTION('',(-1.,-3.3097922220719E-15,0.));
#5503=DIRECTION('',(0.,-1.,0.));
#5504=DIRECTION('',(0.,1.,0.));
#5505=DIRECTION('',(-1.,-3.30978045956778E-15,0.));
#5506=DIRECTION('',(0.,-1.,0.));
#5507=DIRECTION('',(0.,-1.,0.));
#5508=DIRECTION('',(1.,3.5909319872278E-15,0.));
#5509=DIRECTION('',(0.,1.,0.));
#5510=DIRECTION('center_axis',(-3.3097922220719E-15,1.,0.));
#5511=DIRECTION('ref_axis',(0.,0.,1.));
#5512=DIRECTION('',(0.,0.,1.));
#5513=DIRECTION('',(-1.,-3.3097922220719E-15,0.));
#5514=DIRECTION('',(0.,0.,1.));
#5515=DIRECTION('center_axis',(-1.,0.,0.));
#5516=DIRECTION('ref_axis',(0.,0.,1.));
#5517=DIRECTION('',(0.,-1.,0.));
#5518=DIRECTION('',(0.,0.,1.));
#5519=DIRECTION('',(0.,0.,1.));
#5520=DIRECTION('',(0.,0.,1.));
#5521=DIRECTION('',(0.,0.,1.));
#5522=DIRECTION('',(0.,0.,1.));
#5523=DIRECTION('',(0.,0.,1.));
#5524=DIRECTION('',(0.,0.,1.));
#5525=DIRECTION('center_axis',(1.,0.,0.));
#5526=DIRECTION('ref_axis',(0.,0.,-1.));
#5527=DIRECTION('',(0.,1.,0.));
#5528=DIRECTION('',(0.,0.,1.));
#5529=DIRECTION('center_axis',(-3.3097922220719E-15,1.,0.));
#5530=DIRECTION('ref_axis',(0.,0.,1.));
#5531=DIRECTION('',(-1.,-3.3097922220719E-15,0.));
#5532=DIRECTION('',(0.,0.,1.));
#5533=DIRECTION('center_axis',(-1.,0.,0.));
#5534=DIRECTION('ref_axis',(0.,0.,1.));
#5535=DIRECTION('',(0.,-1.,0.));
#5536=DIRECTION('',(0.,0.,1.));
#5537=DIRECTION('',(0.,0.,1.));
#5538=DIRECTION('',(0.,0.,1.));
#5539=DIRECTION('',(0.,0.,1.));
#5540=DIRECTION('',(0.,0.,1.));
#5541=DIRECTION('',(0.,0.,1.));
#5542=DIRECTION('center_axis',(1.,0.,0.));
#5543=DIRECTION('ref_axis',(0.,0.,-1.));
#5544=DIRECTION('',(0.,1.,0.));
#5545=DIRECTION('',(0.,0.,1.));
#5546=DIRECTION('center_axis',(-3.30978045956778E-15,1.,0.));
#5547=DIRECTION('ref_axis',(0.,0.,1.));
#5548=DIRECTION('',(-1.,-3.30978045956778E-15,0.));
#5549=DIRECTION('',(0.,0.,1.));
#5550=DIRECTION('center_axis',(-1.,0.,0.));
#5551=DIRECTION('ref_axis',(0.,0.,1.));
#5552=DIRECTION('',(0.,-1.,0.));
#5553=DIRECTION('',(0.,0.,1.));
#5554=DIRECTION('',(0.,0.,1.));
#5555=DIRECTION('',(0.,0.,1.));
#5556=DIRECTION('',(0.,0.,1.));
#5557=DIRECTION('',(0.,0.,1.));
#5558=DIRECTION('',(0.,0.,1.));
#5559=DIRECTION('',(0.,0.,1.));
#5560=DIRECTION('',(0.,0.,1.));
#5561=DIRECTION('',(0.,0.,1.));
#5562=DIRECTION('center_axis',(-1.,0.,0.));
#5563=DIRECTION('ref_axis',(0.,0.,1.));
#5564=DIRECTION('',(0.,-1.,0.));
#5565=DIRECTION('',(0.,0.,1.));
#5566=DIRECTION('center_axis',(3.5909319872278E-15,-1.,0.));
#5567=DIRECTION('ref_axis',(0.,0.,-1.));
#5568=DIRECTION('',(1.,3.5909319872278E-15,0.));
#5569=DIRECTION('',(0.,0.,1.));
#5570=DIRECTION('center_axis',(1.,0.,0.));
#5571=DIRECTION('ref_axis',(0.,0.,-1.));
#5572=DIRECTION('',(0.,1.,0.));
#5573=DIRECTION('center_axis',(0.,0.,1.));
#5574=DIRECTION('ref_axis',(1.,0.,0.));
#5575=DIRECTION('',(1.,4.07916611748607E-15,0.));
#5576=DIRECTION('',(0.,1.,0.));
#5577=DIRECTION('',(0.,1.,0.));
#5578=DIRECTION('',(-1.,-3.30978634080939E-15,0.));
#5579=DIRECTION('',(0.,-1.,0.));
#5580=DIRECTION('center_axis',(4.07916611748607E-15,-1.,0.));
#5581=DIRECTION('ref_axis',(0.,0.,-1.));
#5582=DIRECTION('',(0.,0.,1.));
#5583=DIRECTION('',(1.,4.07916611748607E-15,0.));
#5584=DIRECTION('',(0.,0.,1.));
#5585=DIRECTION('',(0.,0.,1.));
#5586=DIRECTION('',(0.,0.,1.));
#5587=DIRECTION('center_axis',(1.,0.,0.));
#5588=DIRECTION('ref_axis',(0.,0.,-1.));
#5589=DIRECTION('',(0.,1.,0.));
#5590=DIRECTION('',(0.,0.,1.));
#5591=DIRECTION('',(0.,0.,1.));
#5592=DIRECTION('center_axis',(1.,0.,0.));
#5593=DIRECTION('ref_axis',(0.,0.,-1.));
#5594=DIRECTION('',(0.,1.,0.));
#5595=DIRECTION('',(0.,0.,1.));
#5596=DIRECTION('center_axis',(-3.30978634080939E-15,1.,0.));
#5597=DIRECTION('ref_axis',(0.,0.,1.));
#5598=DIRECTION('',(-1.,-3.30978634080939E-15,0.));
#5599=DIRECTION('',(0.,0.,1.));
#5600=DIRECTION('center_axis',(-1.,0.,0.));
#5601=DIRECTION('ref_axis',(0.,0.,1.));
#5602=DIRECTION('',(0.,-1.,0.));
#5603=DIRECTION('center_axis',(0.,0.,1.));
#5604=DIRECTION('ref_axis',(1.,0.,0.));
#5605=DIRECTION('',(-1.,-3.3097922220719E-15,0.));
#5606=DIRECTION('',(0.,-1.,0.));
#5607=DIRECTION('',(0.,1.,0.));
#5608=DIRECTION('',(-1.,-3.3097922220719E-15,0.));
#5609=DIRECTION('',(0.,-1.,0.));
#5610=DIRECTION('',(0.,1.,0.));
#5611=DIRECTION('',(-1.,-3.3097922220719E-15,0.));
#5612=DIRECTION('',(0.,-1.,0.));
#5613=DIRECTION('',(0.,-1.,0.));
#5614=DIRECTION('',(1.,3.5909319872278E-15,0.));
#5615=DIRECTION('',(0.,1.,0.));
#5616=DIRECTION('center_axis',(-3.3097922220719E-15,1.,0.));
#5617=DIRECTION('ref_axis',(0.,0.,1.));
#5618=DIRECTION('',(0.,0.,1.));
#5619=DIRECTION('',(-1.,-3.3097922220719E-15,0.));
#5620=DIRECTION('',(0.,0.,1.));
#5621=DIRECTION('center_axis',(-1.,0.,0.));
#5622=DIRECTION('ref_axis',(0.,0.,1.));
#5623=DIRECTION('',(0.,-1.,0.));
#5624=DIRECTION('',(0.,0.,1.));
#5625=DIRECTION('',(0.,0.,1.));
#5626=DIRECTION('',(0.,0.,1.));
#5627=DIRECTION('',(0.,0.,1.));
#5628=DIRECTION('',(0.,0.,1.));
#5629=DIRECTION('',(0.,0.,1.));
#5630=DIRECTION('',(0.,0.,1.));
#5631=DIRECTION('center_axis',(1.,0.,0.));
#5632=DIRECTION('ref_axis',(0.,0.,-1.));
#5633=DIRECTION('',(0.,1.,0.));
#5634=DIRECTION('',(0.,0.,1.));
#5635=DIRECTION('center_axis',(-3.3097922220719E-15,1.,0.));
#5636=DIRECTION('ref_axis',(0.,0.,1.));
#5637=DIRECTION('',(-1.,-3.3097922220719E-15,0.));
#5638=DIRECTION('',(0.,0.,1.));
#5639=DIRECTION('center_axis',(-1.,0.,0.));
#5640=DIRECTION('ref_axis',(0.,0.,1.));
#5641=DIRECTION('',(0.,-1.,0.));
#5642=DIRECTION('',(0.,0.,1.));
#5643=DIRECTION('',(0.,0.,1.));
#5644=DIRECTION('',(0.,0.,1.));
#5645=DIRECTION('',(0.,0.,1.));
#5646=DIRECTION('',(0.,0.,1.));
#5647=DIRECTION('',(0.,0.,1.));
#5648=DIRECTION('center_axis',(1.,0.,0.));
#5649=DIRECTION('ref_axis',(0.,0.,-1.));
#5650=DIRECTION('',(0.,1.,0.));
#5651=DIRECTION('',(0.,0.,1.));
#5652=DIRECTION('center_axis',(-3.3097922220719E-15,1.,0.));
#5653=DIRECTION('ref_axis',(0.,0.,1.));
#5654=DIRECTION('',(-1.,-3.3097922220719E-15,0.));
#5655=DIRECTION('',(0.,0.,1.));
#5656=DIRECTION('center_axis',(-1.,0.,0.));
#5657=DIRECTION('ref_axis',(0.,0.,1.));
#5658=DIRECTION('',(0.,-1.,0.));
#5659=DIRECTION('',(0.,0.,1.));
#5660=DIRECTION('',(0.,0.,1.));
#5661=DIRECTION('',(0.,0.,1.));
#5662=DIRECTION('',(0.,0.,1.));
#5663=DIRECTION('',(0.,0.,1.));
#5664=DIRECTION('',(0.,0.,1.));
#5665=DIRECTION('',(0.,0.,1.));
#5666=DIRECTION('',(0.,0.,1.));
#5667=DIRECTION('',(0.,0.,1.));
#5668=DIRECTION('center_axis',(-1.,0.,0.));
#5669=DIRECTION('ref_axis',(0.,0.,1.));
#5670=DIRECTION('',(0.,-1.,0.));
#5671=DIRECTION('',(0.,0.,1.));
#5672=DIRECTION('center_axis',(3.5909319872278E-15,-1.,0.));
#5673=DIRECTION('ref_axis',(0.,0.,-1.));
#5674=DIRECTION('',(1.,3.5909319872278E-15,0.));
#5675=DIRECTION('',(0.,0.,1.));
#5676=DIRECTION('center_axis',(1.,0.,0.));
#5677=DIRECTION('ref_axis',(0.,0.,-1.));
#5678=DIRECTION('',(0.,1.,0.));
#5679=DIRECTION('center_axis',(0.,0.,1.));
#5680=DIRECTION('ref_axis',(1.,0.,0.));
#5681=DIRECTION('',(0.,-1.,0.));
#5682=DIRECTION('',(1.,4.02619176630877E-15,0.));
#5683=DIRECTION('',(0.,-1.,0.));
#5684=DIRECTION('',(-1.,-4.02619176630877E-15,0.));
#5685=DIRECTION('',(0.,-1.,0.));
#5686=DIRECTION('',(1.,1.86757180364898E-15,0.));
#5687=DIRECTION('',(0.,1.,0.));
#5688=DIRECTION('',(-1.,-1.86757180364898E-15,0.));
#5689=DIRECTION('center_axis',(-1.,0.,0.));
#5690=DIRECTION('ref_axis',(0.,0.,1.));
#5691=DIRECTION('',(0.,0.,1.));
#5692=DIRECTION('',(0.,-1.,0.));
#5693=DIRECTION('',(0.,0.,1.));
#5694=DIRECTION('center_axis',(4.02619176630877E-15,-1.,0.));
#5695=DIRECTION('ref_axis',(0.,0.,-1.));
#5696=DIRECTION('',(1.,4.02619176630877E-15,0.));
#5697=DIRECTION('',(0.,0.,1.));
#5698=DIRECTION('center_axis',(-1.,0.,0.));
#5699=DIRECTION('ref_axis',(0.,0.,1.));
#5700=DIRECTION('',(0.,-1.,0.));
#5701=DIRECTION('',(0.,0.,1.));
#5702=DIRECTION('center_axis',(-4.02619176630877E-15,1.,0.));
#5703=DIRECTION('ref_axis',(0.,0.,1.));
#5704=DIRECTION('',(-1.,-4.02619176630877E-15,0.));
#5705=DIRECTION('',(0.,0.,1.));
#5706=DIRECTION('center_axis',(-1.,0.,0.));
#5707=DIRECTION('ref_axis',(0.,0.,1.));
#5708=DIRECTION('',(0.,-1.,0.));
#5709=DIRECTION('',(0.,0.,1.));
#5710=DIRECTION('center_axis',(1.86757180364898E-15,-1.,0.));
#5711=DIRECTION('ref_axis',(0.,0.,-1.));
#5712=DIRECTION('',(1.,1.86757180364898E-15,0.));
#5713=DIRECTION('',(0.,0.,1.));
#5714=DIRECTION('center_axis',(1.,0.,0.));
#5715=DIRECTION('ref_axis',(0.,0.,-1.));
#5716=DIRECTION('',(0.,1.,0.));
#5717=DIRECTION('',(0.,0.,1.));
#5718=DIRECTION('center_axis',(-1.86757180364898E-15,1.,0.));
#5719=DIRECTION('ref_axis',(0.,0.,1.));
#5720=DIRECTION('',(-1.,-1.86757180364898E-15,0.));
#5721=DIRECTION('center_axis',(0.,0.,1.));
#5722=DIRECTION('ref_axis',(1.,0.,0.));
#5723=DIRECTION('',(-0.174010123226274,-0.984743863659366,0.));
#5724=DIRECTION('',(-1.,-1.75481030139965E-15,0.));
#5725=DIRECTION('',(0.,-1.,0.));
#5726=DIRECTION('',(1.,2.5034981045204E-15,0.));
#5727=DIRECTION('',(0.185454688311732,0.982652816911038,0.));
#5728=DIRECTION('',(-0.98968739109554,0.143244085066379,0.));
#5729=DIRECTION('',(0.994679282874046,0.103020018545785,0.));
#5730=DIRECTION('',(0.,0.,1.));
#5731=DIRECTION('',(0.,0.,1.));
#5732=DIRECTION('',(0.,0.,1.));
#5733=DIRECTION('',(0.,0.,1.));
#5734=DIRECTION('',(0.,0.,1.));
#5735=DIRECTION('',(0.,0.,1.));
#5736=DIRECTION('',(0.,0.,1.));
#5737=DIRECTION('center_axis',(-0.984743863659366,0.174010123226274,0.));
#5738=DIRECTION('ref_axis',(0.,0.,1.));
#5739=DIRECTION('',(-0.174010123226274,-0.984743863659366,0.));
#5740=DIRECTION('',(0.,0.,1.));
#5741=DIRECTION('center_axis',(-1.75481030139965E-15,1.,0.));
#5742=DIRECTION('ref_axis',(0.,0.,1.));
#5743=DIRECTION('',(-1.,-1.75481030139965E-15,0.));
#5744=DIRECTION('',(0.,0.,1.));
#5745=DIRECTION('center_axis',(-1.,0.,0.));
#5746=DIRECTION('ref_axis',(0.,0.,1.));
#5747=DIRECTION('',(0.,-1.,0.));
#5748=DIRECTION('',(0.,0.,1.));
#5749=DIRECTION('center_axis',(2.5034981045204E-15,-1.,0.));
#5750=DIRECTION('ref_axis',(0.,0.,-1.));
#5751=DIRECTION('',(1.,2.5034981045204E-15,0.));
#5752=DIRECTION('',(0.,0.,1.));
#5753=DIRECTION('center_axis',(0.982652816911038,-0.185454688311732,0.));
#5754=DIRECTION('ref_axis',(0.,0.,-1.));
#5755=DIRECTION('',(0.185454688311732,0.982652816911038,0.));
#5756=DIRECTION('',(0.,0.,1.));
#5757=DIRECTION('center_axis',(0.143244085066379,0.98968739109554,0.));
#5758=DIRECTION('ref_axis',(0.,0.,1.));
#5759=DIRECTION('',(-0.98968739109554,0.143244085066379,0.));
#5760=DIRECTION('',(0.,0.,1.));
#5761=DIRECTION('',(0.,0.,1.));
#5762=DIRECTION('',(0.,0.,1.));
#5763=DIRECTION('',(0.,0.,1.));
#5764=DIRECTION('',(0.,0.,1.));
#5765=DIRECTION('',(0.,0.,1.));
#5766=DIRECTION('',(0.,0.,1.));
#5767=DIRECTION('',(0.,0.,1.));
#5768=DIRECTION('center_axis',(0.103020018545785,-0.994679282874046,0.));
#5769=DIRECTION('ref_axis',(0.,0.,-1.));
#5770=DIRECTION('',(0.994679282874046,0.103020018545785,0.));
#5771=DIRECTION('',(0.,0.,1.));
#5772=DIRECTION('center_axis',(0.,0.,1.));
#5773=DIRECTION('ref_axis',(1.,0.,0.));
#5774=DIRECTION('',(0.,-1.,0.));
#5775=DIRECTION('',(1.,1.68487103643466E-15,0.));
#5776=DIRECTION('',(0.,1.,0.));
#5777=DIRECTION('',(-1.,-1.68487103643466E-15,0.));
#5778=DIRECTION('center_axis',(-1.,0.,0.));
#5779=DIRECTION('ref_axis',(0.,0.,1.));
#5780=DIRECTION('',(0.,0.,1.));
#5781=DIRECTION('',(0.,-1.,0.));
#5782=DIRECTION('',(0.,0.,1.));
#5783=DIRECTION('center_axis',(1.68487103643466E-15,-1.,0.));
#5784=DIRECTION('ref_axis',(0.,0.,-1.));
#5785=DIRECTION('',(1.,1.68487103643466E-15,0.));
#5786=DIRECTION('',(0.,0.,1.));
#5787=DIRECTION('center_axis',(1.,0.,0.));
#5788=DIRECTION('ref_axis',(0.,0.,-1.));
#5789=DIRECTION('',(0.,1.,0.));
#5790=DIRECTION('',(0.,0.,1.));
#5791=DIRECTION('center_axis',(-1.68487103643466E-15,1.,0.));
#5792=DIRECTION('ref_axis',(0.,0.,1.));
#5793=DIRECTION('',(-1.,-1.68487103643466E-15,0.));
#5794=DIRECTION('center_axis',(0.841124570948609,-0.540841433459492,0.));
#5795=DIRECTION('ref_axis',(-0.540841433459492,-0.841124570948609,0.));
#5796=DIRECTION('',(-0.540841433459492,-0.841124570948609,0.));
#5797=DIRECTION('',(0.,0.,-1.));
#5798=DIRECTION('',(-0.540841433459492,-0.841124570948609,0.));
#5799=DIRECTION('',(0.,0.,-1.));
#5800=DIRECTION('center_axis',(-0.841879123268145,-0.539666139205768,0.));
#5801=DIRECTION('ref_axis',(-0.539666139205768,0.841879123268145,0.));
#5802=DIRECTION('',(-0.539666139205768,0.841879123268145,0.));
#5803=DIRECTION('',(0.,0.,-1.));
#5804=DIRECTION('',(-0.539666139205768,0.841879123268145,0.));
#5805=DIRECTION('center_axis',(0.,-1.,0.));
#5806=DIRECTION('ref_axis',(-1.,0.,0.));
#5807=DIRECTION('',(-1.,0.,0.));
#5808=DIRECTION('',(0.,0.,-1.));
#5809=DIRECTION('',(-1.,0.,0.));
#5810=DIRECTION('center_axis',(0.832899068257813,0.553424920016498,0.));
#5811=DIRECTION('ref_axis',(0.553424920016498,-0.832899068257813,0.));
#5812=DIRECTION('',(0.553424920016497,-0.832899068257813,0.));
#5813=DIRECTION('',(0.,0.,-1.));
#5814=DIRECTION('',(0.553424920016498,-0.832899068257813,0.));
#5815=DIRECTION('center_axis',(0.842099562360999,-0.539322099557782,0.));
#5816=DIRECTION('ref_axis',(-0.539322099557782,-0.842099562360999,0.));
#5817=DIRECTION('',(-0.539322099557782,-0.842099562360999,0.));
#5818=DIRECTION('',(0.,0.,-1.));
#5819=DIRECTION('',(-0.539322099557782,-0.842099562360999,0.));
#5820=DIRECTION('center_axis',(0.,1.,0.));
#5821=DIRECTION('ref_axis',(1.,0.,0.));
#5822=DIRECTION('',(1.,0.,0.));
#5823=DIRECTION('',(0.,0.,-1.));
#5824=DIRECTION('',(1.,0.,0.));
#5825=DIRECTION('center_axis',(-0.853147512942664,0.521669743381525,0.));
#5826=DIRECTION('ref_axis',(0.521669743381525,0.853147512942664,0.));
#5827=DIRECTION('',(0.521669743381525,0.853147512942664,0.));
#5828=DIRECTION('',(0.,0.,-1.));
#5829=DIRECTION('',(0.521669743381525,0.853147512942664,0.));
#5830=DIRECTION('center_axis',(0.848301691920658,0.529513209924502,0.));
#5831=DIRECTION('ref_axis',(0.529513209924502,-0.848301691920658,0.));
#5832=DIRECTION('',(0.529513209924502,-0.848301691920658,0.));
#5833=DIRECTION('',(0.,0.,-1.));
#5834=DIRECTION('',(0.529513209924502,-0.848301691920658,0.));
#5835=DIRECTION('center_axis',(0.,1.,0.));
#5836=DIRECTION('ref_axis',(1.,0.,0.));
#5837=DIRECTION('',(1.,0.,0.));
#5838=DIRECTION('',(0.,0.,-1.));
#5839=DIRECTION('',(1.,0.,0.));
#5840=DIRECTION('center_axis',(-0.839345218230388,-0.543598753340902,0.));
#5841=DIRECTION('ref_axis',(-0.543598753340902,0.839345218230388,0.));
#5842=DIRECTION('',(-0.543598753340902,0.839345218230388,0.));
#5843=DIRECTION('',(0.,0.,-1.));
#5844=DIRECTION('',(-0.543598753340902,0.839345218230388,0.));
#5845=DIRECTION('center_axis',(-0.836564841943974,0.547867926806502,0.));
#5846=DIRECTION('ref_axis',(0.547867926806502,0.836564841943974,0.));
#5847=DIRECTION('',(0.547867926806502,0.836564841943974,0.));
#5848=DIRECTION('',(0.,0.,-1.));
#5849=DIRECTION('',(0.547867926806502,0.836564841943974,0.));
#5850=DIRECTION('center_axis',(0.,-1.,0.));
#5851=DIRECTION('ref_axis',(-1.,0.,0.));
#5852=DIRECTION('',(-1.,0.,0.));
#5853=DIRECTION('',(-1.,0.,0.));
#5854=DIRECTION('center_axis',(0.,0.,-1.));
#5855=DIRECTION('ref_axis',(-1.,0.,0.));
#5856=DIRECTION('center_axis',(-1.,0.,0.));
#5857=DIRECTION('ref_axis',(0.,1.,0.));
#5858=DIRECTION('',(0.,1.,0.));
#5859=DIRECTION('',(0.,0.,-1.));
#5860=DIRECTION('',(0.,1.,0.));
#5861=DIRECTION('',(0.,0.,-1.));
#5862=DIRECTION('center_axis',(0.,-1.,0.));
#5863=DIRECTION('ref_axis',(-1.,0.,0.));
#5864=DIRECTION('',(-1.,0.,0.));
#5865=DIRECTION('',(0.,0.,-1.));
#5866=DIRECTION('',(-1.,0.,0.));
#5867=DIRECTION('center_axis',(1.,0.,0.));
#5868=DIRECTION('ref_axis',(0.,-1.,0.));
#5869=DIRECTION('',(0.,-1.,0.));
#5870=DIRECTION('',(0.,0.,-1.));
#5871=DIRECTION('',(0.,-1.,0.));
#5872=DIRECTION('center_axis',(0.,1.,0.));
#5873=DIRECTION('ref_axis',(1.,0.,0.));
#5874=DIRECTION('',(1.,0.,0.));
#5875=DIRECTION('',(0.,0.,-1.));
#5876=DIRECTION('',(1.,0.,0.));
#5877=DIRECTION('center_axis',(1.,3.41607079409706E-16,0.));
#5878=DIRECTION('ref_axis',(3.41607079409706E-16,-1.,0.));
#5879=DIRECTION('',(3.41607079409706E-16,-1.,0.));
#5880=DIRECTION('',(0.,0.,-1.));
#5881=DIRECTION('',(3.41607079409706E-16,-1.,0.));
#5882=DIRECTION('center_axis',(0.,1.,0.));
#5883=DIRECTION('ref_axis',(1.,0.,0.));
#5884=DIRECTION('',(1.,0.,0.));
#5885=DIRECTION('',(0.,0.,-1.));
#5886=DIRECTION('',(1.,0.,0.));
#5887=DIRECTION('center_axis',(-1.,-3.41607079409706E-16,0.));
#5888=DIRECTION('ref_axis',(-3.41607079409706E-16,1.,0.));
#5889=DIRECTION('',(-3.41607079409706E-16,1.,0.));
#5890=DIRECTION('',(0.,0.,-1.));
#5891=DIRECTION('',(-3.41607079409706E-16,1.,0.));
#5892=DIRECTION('center_axis',(0.,1.,0.));
#5893=DIRECTION('ref_axis',(1.,0.,0.));
#5894=DIRECTION('',(1.,0.,0.));
#5895=DIRECTION('',(1.,0.,0.));
#5896=DIRECTION('center_axis',(0.,0.,-1.));
#5897=DIRECTION('ref_axis',(-1.,0.,0.));
#5898=DIRECTION('center_axis',(1.,3.41607079409706E-16,0.));
#5899=DIRECTION('ref_axis',(3.41607079409706E-16,-1.,0.));
#5900=DIRECTION('',(3.41607079409706E-16,-1.,0.));
#5901=DIRECTION('',(0.,0.,-1.));
#5902=DIRECTION('',(3.41607079409706E-16,-1.,0.));
#5903=DIRECTION('',(0.,0.,-1.));
#5904=DIRECTION('center_axis',(0.,-1.,0.));
#5905=DIRECTION('ref_axis',(-1.,0.,0.));
#5906=DIRECTION('',(-1.,0.,0.));
#5907=DIRECTION('',(0.,0.,-1.));
#5908=DIRECTION('',(-1.,0.,0.));
#5909=DIRECTION('center_axis',(1.,0.,0.));
#5910=DIRECTION('ref_axis',(0.,-1.,0.));
#5911=DIRECTION('',(0.,-1.,0.));
#5912=DIRECTION('',(0.,0.,-1.));
#5913=DIRECTION('',(0.,-1.,0.));
#5914=DIRECTION('center_axis',(0.,1.,0.));
#5915=DIRECTION('ref_axis',(1.,0.,0.));
#5916=DIRECTION('',(1.,0.,0.));
#5917=DIRECTION('',(0.,0.,-1.));
#5918=DIRECTION('',(1.,0.,0.));
#5919=DIRECTION('center_axis',(-1.,0.,0.));
#5920=DIRECTION('ref_axis',(0.,1.,0.));
#5921=DIRECTION('',(0.,1.,0.));
#5922=DIRECTION('',(0.,0.,-1.));
#5923=DIRECTION('',(0.,1.,0.));
#5924=DIRECTION('center_axis',(0.,-1.,0.));
#5925=DIRECTION('ref_axis',(-1.,0.,0.));
#5926=DIRECTION('',(-1.,0.,0.));
#5927=DIRECTION('',(0.,0.,-1.));
#5928=DIRECTION('',(-1.,0.,0.));
#5929=DIRECTION('center_axis',(-1.,-3.41607079409706E-16,0.));
#5930=DIRECTION('ref_axis',(-3.41607079409706E-16,1.,0.));
#5931=DIRECTION('',(-3.41607079409706E-16,1.,0.));
#5932=DIRECTION('',(0.,0.,-1.));
#5933=DIRECTION('',(-3.41607079409706E-16,1.,0.));
#5934=DIRECTION('center_axis',(0.,-1.,0.));
#5935=DIRECTION('ref_axis',(-1.,0.,0.));
#5936=DIRECTION('',(-1.,0.,0.));
#5937=DIRECTION('',(-1.,0.,0.));
#5938=DIRECTION('center_axis',(0.,0.,-1.));
#5939=DIRECTION('ref_axis',(-1.,0.,0.));
#5940=DIRECTION('center_axis',(-1.,0.,0.));
#5941=DIRECTION('ref_axis',(0.,1.,0.));
#5942=DIRECTION('',(0.,1.,0.));
#5943=DIRECTION('',(0.,0.,-1.));
#5944=DIRECTION('',(0.,1.,0.));
#5945=DIRECTION('',(0.,0.,-1.));
#5946=DIRECTION('center_axis',(0.,-1.,0.));
#5947=DIRECTION('ref_axis',(-1.,0.,0.));
#5948=DIRECTION('',(-1.,0.,0.));
#5949=DIRECTION('',(0.,0.,-1.));
#5950=DIRECTION('',(-1.,0.,0.));
#5951=DIRECTION('center_axis',(-1.,0.,0.));
#5952=DIRECTION('ref_axis',(0.,1.,0.));
#5953=DIRECTION('',(0.,1.,0.));
#5954=DIRECTION('',(0.,0.,-1.));
#5955=DIRECTION('',(0.,1.,0.));
#5956=DIRECTION('center_axis',(0.,-1.,0.));
#5957=DIRECTION('ref_axis',(-1.,0.,0.));
#5958=DIRECTION('',(-1.,0.,0.));
#5959=DIRECTION('',(0.,0.,-1.));
#5960=DIRECTION('',(-1.,0.,0.));
#5961=DIRECTION('center_axis',(1.,0.,0.));
#5962=DIRECTION('ref_axis',(0.,-1.,0.));
#5963=DIRECTION('',(0.,-1.,0.));
#5964=DIRECTION('',(0.,0.,-1.));
#5965=DIRECTION('',(0.,-1.,0.));
#5966=DIRECTION('center_axis',(0.,1.,0.));
#5967=DIRECTION('ref_axis',(1.,0.,0.));
#5968=DIRECTION('',(1.,0.,0.));
#5969=DIRECTION('',(0.,0.,-1.));
#5970=DIRECTION('',(1.,0.,0.));
#5971=DIRECTION('center_axis',(-1.,0.,0.));
#5972=DIRECTION('ref_axis',(0.,1.,0.));
#5973=DIRECTION('',(0.,1.,0.));
#5974=DIRECTION('',(0.,0.,-1.));
#5975=DIRECTION('',(0.,1.,0.));
#5976=DIRECTION('center_axis',(0.,1.,0.));
#5977=DIRECTION('ref_axis',(1.,0.,0.));
#5978=DIRECTION('',(1.,0.,0.));
#5979=DIRECTION('',(1.,0.,0.));
#5980=DIRECTION('center_axis',(0.,0.,-1.));
#5981=DIRECTION('ref_axis',(-1.,0.,0.));
#5982=DIRECTION('center_axis',(0.,1.,0.));
#5983=DIRECTION('ref_axis',(1.,0.,0.));
#5984=DIRECTION('',(1.,0.,0.));
#5985=DIRECTION('',(0.,0.,-1.));
#5986=DIRECTION('',(1.,0.,0.));
#5987=DIRECTION('',(0.,0.,-1.));
#5988=DIRECTION('center_axis',(-1.,0.,0.));
#5989=DIRECTION('ref_axis',(0.,1.,0.));
#5990=DIRECTION('',(0.,1.,0.));
#5991=DIRECTION('',(0.,0.,-1.));
#5992=DIRECTION('',(0.,1.,0.));
#5993=DIRECTION('center_axis',(0.,-1.,0.));
#5994=DIRECTION('ref_axis',(-1.,0.,0.));
#5995=DIRECTION('',(-1.,0.,0.));
#5996=DIRECTION('',(0.,0.,-1.));
#5997=DIRECTION('',(-1.,0.,0.));
#5998=DIRECTION('center_axis',(1.,0.,0.));
#5999=DIRECTION('ref_axis',(0.,-1.,0.));
#6000=DIRECTION('',(0.,-1.,0.));
#6001=DIRECTION('',(0.,0.,-1.));
#6002=DIRECTION('',(0.,-1.,0.));
#6003=DIRECTION('center_axis',(0.,-1.,0.));
#6004=DIRECTION('ref_axis',(-1.,0.,0.));
#6005=DIRECTION('',(-1.,0.,0.));
#6006=DIRECTION('',(0.,0.,-1.));
#6007=DIRECTION('',(-1.,0.,0.));
#6008=DIRECTION('center_axis',(1.,0.,0.));
#6009=DIRECTION('ref_axis',(0.,-1.,0.));
#6010=DIRECTION('',(0.,-1.,0.));
#6011=DIRECTION('',(0.,0.,-1.));
#6012=DIRECTION('',(0.,-1.,0.));
#6013=DIRECTION('center_axis',(0.,1.,0.));
#6014=DIRECTION('ref_axis',(1.,0.,0.));
#6015=DIRECTION('',(1.,0.,0.));
#6016=DIRECTION('',(0.,0.,-1.));
#6017=DIRECTION('',(1.,0.,0.));
#6018=DIRECTION('center_axis',(1.,0.,0.));
#6019=DIRECTION('ref_axis',(0.,-1.,0.));
#6020=DIRECTION('',(0.,-1.,0.));
#6021=DIRECTION('',(0.,-1.,0.));
#6022=DIRECTION('center_axis',(0.,0.,-1.));
#6023=DIRECTION('ref_axis',(-1.,0.,0.));
#6024=DIRECTION('center_axis',(1.,0.,0.));
#6025=DIRECTION('ref_axis',(0.,-1.,0.));
#6026=DIRECTION('',(0.,-1.,0.));
#6027=DIRECTION('',(0.,0.,-1.));
#6028=DIRECTION('',(0.,-1.,0.));
#6029=DIRECTION('',(0.,0.,-1.));
#6030=DIRECTION('center_axis',(0.844804096882856,-0.535075730985757,0.));
#6031=DIRECTION('ref_axis',(-0.535075730985757,-0.844804096882856,0.));
#6032=DIRECTION('',(-0.535075730985757,-0.844804096882856,0.));
#6033=DIRECTION('',(0.,0.,-1.));
#6034=DIRECTION('',(-0.535075730985757,-0.844804096882856,0.));
#6035=DIRECTION('center_axis',(0.,1.,0.));
#6036=DIRECTION('ref_axis',(1.,0.,0.));
#6037=DIRECTION('',(1.,0.,0.));
#6038=DIRECTION('',(0.,0.,-1.));
#6039=DIRECTION('',(1.,0.,0.));
#6040=DIRECTION('center_axis',(-0.863994960921845,0.503500454321205,0.));
#6041=DIRECTION('ref_axis',(0.503500454321205,0.863994960921845,0.));
#6042=DIRECTION('',(0.503500454321205,0.863994960921845,0.));
#6043=DIRECTION('',(0.,0.,-1.));
#6044=DIRECTION('',(0.503500454321205,0.863994960921845,0.));
#6045=DIRECTION('center_axis',(0.859447947289093,0.511223264240355,0.));
#6046=DIRECTION('ref_axis',(0.511223264240355,-0.859447947289093,0.));
#6047=DIRECTION('',(0.511223264240355,-0.859447947289093,0.));
#6048=DIRECTION('',(0.,0.,-1.));
#6049=DIRECTION('',(0.511223264240355,-0.859447947289093,0.));
#6050=DIRECTION('center_axis',(0.,1.,0.));
#6051=DIRECTION('ref_axis',(1.,0.,0.));
#6052=DIRECTION('',(1.,0.,0.));
#6053=DIRECTION('',(0.,0.,-1.));
#6054=DIRECTION('',(1.,0.,0.));
#6055=DIRECTION('center_axis',(-0.845133894074736,-0.534554675487993,0.));
#6056=DIRECTION('ref_axis',(-0.534554675487993,0.845133894074736,0.));
#6057=DIRECTION('',(-0.534554675487993,0.845133894074736,0.));
#6058=DIRECTION('',(0.,0.,-1.));
#6059=DIRECTION('',(-0.534554675487993,0.845133894074736,0.));
#6060=DIRECTION('center_axis',(-1.,0.,0.));
#6061=DIRECTION('ref_axis',(0.,1.,0.));
#6062=DIRECTION('',(0.,1.,0.));
#6063=DIRECTION('',(0.,0.,-1.));
#6064=DIRECTION('',(0.,1.,0.));
#6065=DIRECTION('center_axis',(0.,-1.,0.));
#6066=DIRECTION('ref_axis',(-1.,0.,0.));
#6067=DIRECTION('',(-1.,0.,0.));
#6068=DIRECTION('',(-1.,0.,0.));
#6069=DIRECTION('center_axis',(0.,0.,-1.));
#6070=DIRECTION('ref_axis',(-1.,0.,0.));
#6071=DIRECTION('center_axis',(1.,0.,0.));
#6072=DIRECTION('ref_axis',(0.,-1.,0.));
#6073=DIRECTION('',(0.,0.,-1.));
#6074=DIRECTION('',(0.,1.,0.));
#6075=DIRECTION('',(0.,0.,-1.));
#6076=DIRECTION('',(0.,-1.,0.));
#6077=DIRECTION('center_axis',(0.,1.,0.));
#6078=DIRECTION('ref_axis',(1.,0.,0.));
#6079=DIRECTION('',(0.,0.,-1.));
#6080=DIRECTION('',(-1.,0.,0.));
#6081=DIRECTION('',(1.,0.,0.));
#6082=DIRECTION('center_axis',(0.,0.,1.));
#6083=DIRECTION('ref_axis',(0.707106781186549,-0.707106781186546,0.));
#6084=DIRECTION('center_axis',(0.,0.,-1.));
#6085=DIRECTION('ref_axis',(0.707106781186549,-0.707106781186546,0.));
#6086=DIRECTION('',(0.,0.,-1.));
#6087=DIRECTION('center_axis',(0.,0.,1.));
#6088=DIRECTION('ref_axis',(0.707106781186549,-0.707106781186546,0.));
#6089=DIRECTION('',(0.,0.,1.));
#6090=DIRECTION('center_axis',(1.,3.55271367880048E-15,0.));
#6091=DIRECTION('ref_axis',(-3.55271367880048E-15,1.,0.));
#6092=DIRECTION('',(-1.3899992268307E-13,1.,0.));
#6093=DIRECTION('',(0.,0.,-1.));
#6094=DIRECTION('',(-3.55271367880048E-15,1.,0.));
#6095=DIRECTION('',(0.,0.,1.));
#6096=DIRECTION('',(7.17204073907851E-14,1.,0.));
#6097=DIRECTION('',(0.,0.,1.));
#6098=DIRECTION('',(7.17204073907851E-14,1.,0.));
#6099=DIRECTION('',(0.,0.,1.));
#6100=DIRECTION('',(-1.3899992268307E-13,1.,0.));
#6101=DIRECTION('center_axis',(0.,0.,1.));
#6102=DIRECTION('ref_axis',(1.,0.,0.));
#6103=DIRECTION('',(-1.,0.,0.));
#6104=DIRECTION('',(-3.89466237038201E-13,-1.,0.));
#6105=DIRECTION('center_axis',(0.,0.,1.));
#6106=DIRECTION('ref_axis',(0.70710678118641,-0.707106781186685,0.));
#6107=DIRECTION('',(-1.,2.96059473233346E-16,0.));
#6108=DIRECTION('center_axis',(0.,0.,1.));
#6109=DIRECTION('ref_axis',(-0.707106781186548,-0.707106781186548,0.));
#6110=DIRECTION('',(0.,-1.,0.));
#6111=DIRECTION('',(1.,0.,0.));
#6112=DIRECTION('center_axis',(0.,0.,1.));
#6113=DIRECTION('ref_axis',(-0.707106781186599,-0.707106781186496,0.));
#6114=DIRECTION('',(3.37507799486048E-14,1.,0.));
#6115=DIRECTION('center_axis',(0.,0.,1.));
#6116=DIRECTION('ref_axis',(-0.707106781186497,0.707106781186598,0.));
#6117=DIRECTION('',(1.,0.,0.));
#6118=DIRECTION('',(0.,-1.,0.));
#6119=DIRECTION('center_axis',(0.,0.,1.));
#6120=DIRECTION('ref_axis',(-0.707106781186544,0.707106781186551,0.));
#6121=DIRECTION('',(1.,-1.021405182655E-14,0.));
#6122=DIRECTION('center_axis',(0.,0.,1.));
#6123=DIRECTION('ref_axis',(0.707106781186551,0.707106781186544,0.));
#6124=DIRECTION('',(0.,-1.,0.));
#6125=DIRECTION('',(-1.,-8.88178419700127E-16,0.));
#6126=DIRECTION('center_axis',(0.,0.,1.));
#6127=DIRECTION('ref_axis',(0.707106781186546,0.707106781186549,0.));
#6128=DIRECTION('',(1.11022302462516E-16,-1.,0.));
#6129=DIRECTION('',(1.,5.55111512312578E-17,0.));
#6130=DIRECTION('center_axis',(0.,0.,1.));
#6131=DIRECTION('ref_axis',(0.70710678118641,-0.707106781186685,0.));
#6132=DIRECTION('center_axis',(0.,0.,-1.));
#6133=DIRECTION('ref_axis',(0.70710678118641,-0.707106781186685,0.));
#6134=DIRECTION('',(0.,0.,-1.));
#6135=DIRECTION('',(0.,0.,1.));
#6136=DIRECTION('center_axis',(-2.96059473233346E-16,-1.,0.));
#6137=DIRECTION('ref_axis',(1.,-2.96059473233346E-16,0.));
#6138=DIRECTION('',(1.,-3.89614266775083E-13,0.));
#6139=DIRECTION('',(0.,0.,1.));
#6140=DIRECTION('',(1.,-8.90018674662036E-16,0.));
#6141=DIRECTION('',(0.,0.,1.));
#6142=DIRECTION('',(1.,0.,0.));
#6143=DIRECTION('',(0.,0.,1.));
#6144=DIRECTION('',(1.,-2.96059473233346E-16,0.));
#6145=DIRECTION('',(0.,0.,1.));
#6146=DIRECTION('center_axis',(0.,0.,1.));
#6147=DIRECTION('ref_axis',(-0.707106781186548,-0.707106781186548,0.));
#6148=DIRECTION('center_axis',(0.,0.,-1.));
#6149=DIRECTION('ref_axis',(-0.707106781186548,-0.707106781186548,0.));
#6150=DIRECTION('',(0.,0.,-1.));
#6151=DIRECTION('center_axis',(0.,0.,1.));
#6152=DIRECTION('ref_axis',(-0.707106781186599,-0.707106781186496,0.));
#6153=DIRECTION('center_axis',(0.,0.,-1.));
#6154=DIRECTION('ref_axis',(-0.707106781186599,-0.707106781186496,0.));
#6155=DIRECTION('',(0.,0.,-1.));
#6156=DIRECTION('',(0.,0.,1.));
#6157=DIRECTION('center_axis',(0.,-1.,0.));
#6158=DIRECTION('ref_axis',(1.,0.,0.));
#6159=DIRECTION('',(0.,0.,1.));
#6160=DIRECTION('',(1.,0.,0.));
#6161=DIRECTION('center_axis',(0.,0.,1.));
#6162=DIRECTION('ref_axis',(-0.707106781186497,0.707106781186598,0.));
#6163=DIRECTION('center_axis',(0.,0.,-1.));
#6164=DIRECTION('ref_axis',(-0.707106781186497,0.707106781186598,0.));
#6165=DIRECTION('',(0.,0.,-1.));
#6166=DIRECTION('',(0.,0.,1.));
#6167=DIRECTION('center_axis',(-8.88178419700127E-16,1.,0.));
#6168=DIRECTION('ref_axis',(-1.,-8.88178419700127E-16,0.));
#6169=DIRECTION('',(-1.,0.,0.));
#6170=DIRECTION('',(0.,0.,-1.));
#6171=DIRECTION('',(-1.,-8.88178419700127E-16,0.));
#6172=DIRECTION('',(0.,0.,1.));
#6173=DIRECTION('',(0.,0.,1.));
#6174=DIRECTION('',(1.,0.,0.));
#6175=DIRECTION('',(0.,0.,-1.));
#6176=DIRECTION('',(1.,0.,0.));
#6177=DIRECTION('',(0.,0.,-1.));
#6178=DIRECTION('',(1.,0.,0.));
#6179=DIRECTION('',(0.,0.,-1.));
#6180=DIRECTION('',(1.,0.,0.));
#6181=DIRECTION('',(0.,0.,1.));
#6182=DIRECTION('center_axis',(0.,0.,1.));
#6183=DIRECTION('ref_axis',(-0.707106781186544,0.707106781186551,0.));
#6184=DIRECTION('center_axis',(0.,0.,-1.));
#6185=DIRECTION('ref_axis',(-0.707106781186544,0.707106781186551,0.));
#6186=DIRECTION('',(0.,0.,-1.));
#6187=DIRECTION('',(0.,0.,1.));
#6188=DIRECTION('center_axis',(0.,0.,1.));
#6189=DIRECTION('ref_axis',(1.,0.,0.));
#6190=DIRECTION('',(0.,-1.,0.));
#6191=DIRECTION('center_axis',(0.,0.,1.));
#6192=DIRECTION('ref_axis',(-0.707106781186545,-0.70710678118655,0.));
#6193=DIRECTION('',(0.,1.,0.));
#6194=DIRECTION('center_axis',(0.,0.,-1.));
#6195=DIRECTION('ref_axis',(0.707106781186551,0.707106781186544,0.));
#6196=DIRECTION('',(-1.,1.46549439250499E-13,0.));
#6197=DIRECTION('center_axis',(-1.,0.,0.));
#6198=DIRECTION('ref_axis',(0.,-1.,0.));
#6199=DIRECTION('center_axis',(0.,0.,1.));
#6200=DIRECTION('ref_axis',(0.707106781186551,0.707106781186544,0.));
#6201=DIRECTION('center_axis',(0.,0.,-1.));
#6202=DIRECTION('ref_axis',(0.707106781186551,0.707106781186544,0.));
#6203=DIRECTION('',(0.,0.,-1.));
#6204=DIRECTION('',(0.,0.,1.));
#6205=DIRECTION('center_axis',(0.,0.,1.));
#6206=DIRECTION('ref_axis',(1.,0.,0.));
#6207=DIRECTION('',(-1.,1.021405182655E-14,0.));
#6208=DIRECTION('center_axis',(0.,0.,-1.));
#6209=DIRECTION('ref_axis',(0.707106781186551,0.707106781186544,0.));
#6210=DIRECTION('',(0.,-1.,0.));
#6211=DIRECTION('center_axis',(0.,0.,1.));
#6212=DIRECTION('ref_axis',(-0.707106781186545,-0.70710678118655,0.));
#6213=DIRECTION('',(0.,1.,0.));
#6214=DIRECTION('center_axis',(1.021405182655E-14,1.,0.));
#6215=DIRECTION('ref_axis',(-1.,1.021405182655E-14,0.));
#6216=DIRECTION('',(0.,0.,1.));
#6217=DIRECTION('',(-1.,-6.99440505513849E-14,0.));
#6218=DIRECTION('',(0.,0.,1.));
#6219=DIRECTION('',(-1.,-6.99440505513849E-14,0.));
#6220=DIRECTION('',(0.,0.,1.));
#6221=DIRECTION('center_axis',(0.,0.,1.));
#6222=DIRECTION('ref_axis',(0.707106781186549,-0.707106781186546,0.));
#6223=DIRECTION('center_axis',(0.,0.,-1.));
#6224=DIRECTION('ref_axis',(0.707106781186549,-0.707106781186546,0.));
#6225=DIRECTION('',(0.,0.,-1.));
#6226=DIRECTION('center_axis',(0.,0.,-1.));
#6227=DIRECTION('ref_axis',(0.707106781186549,-0.707106781186546,0.));
#6228=DIRECTION('center_axis',(0.,0.,1.));
#6229=DIRECTION('ref_axis',(-0.707106781186548,0.707106781186547,0.));
#6230=DIRECTION('center_axis',(0.,0.,1.));
#6231=DIRECTION('ref_axis',(-0.707106781186548,0.707106781186547,0.));
#6232=DIRECTION('',(0.,0.,1.));
#6233=DIRECTION('center_axis',(0.,0.,1.));
#6234=DIRECTION('ref_axis',(-0.707106781186548,0.707106781186547,0.));
#6235=DIRECTION('',(0.,0.,-1.));
#6236=DIRECTION('center_axis',(0.,-1.,0.));
#6237=DIRECTION('ref_axis',(1.,0.,0.));
#6238=DIRECTION('',(1.,0.,0.));
#6239=DIRECTION('',(-1.,0.,0.));
#6240=DIRECTION('center_axis',(0.,0.,1.));
#6241=DIRECTION('ref_axis',(0.707106781186549,-0.707106781186546,0.));
#6242=DIRECTION('center_axis',(0.,0.,-1.));
#6243=DIRECTION('ref_axis',(0.707106781186549,-0.707106781186546,0.));
#6244=DIRECTION('',(0.,0.,-1.));
#6245=DIRECTION('center_axis',(0.,0.,-1.));
#6246=DIRECTION('ref_axis',(0.707106781186549,-0.707106781186546,0.));
#6247=DIRECTION('center_axis',(0.,0.,1.));
#6248=DIRECTION('ref_axis',(1.,0.,0.));
#6249=DIRECTION('',(0.,-1.,0.));
#6250=DIRECTION('center_axis',(0.,0.,1.));
#6251=DIRECTION('ref_axis',(-0.707106781186548,0.707106781186548,0.));
#6252=DIRECTION('',(1.,4.44089209850043E-16,0.));
#6253=DIRECTION('center_axis',(0.,0.,1.));
#6254=DIRECTION('ref_axis',(-0.707106781186548,0.707106781186548,0.));
#6255=DIRECTION('center_axis',(0.,0.,1.));
#6256=DIRECTION('ref_axis',(-0.707106781186548,0.707106781186548,0.));
#6257=DIRECTION('',(0.,0.,1.));
#6258=DIRECTION('',(0.,0.,-1.));
#6259=DIRECTION('center_axis',(0.,0.,1.));
#6260=DIRECTION('ref_axis',(1.,0.,0.));
#6261=DIRECTION('',(-1.,-4.44089209850043E-16,0.));
#6262=DIRECTION('',(0.,-1.,0.));
#6263=DIRECTION('center_axis',(0.,0.,-1.));
#6264=DIRECTION('ref_axis',(0.707106781186547,-0.707106781186548,0.));
#6265=DIRECTION('',(1.,0.,0.));
#6266=DIRECTION('center_axis',(1.,0.,0.));
#6267=DIRECTION('ref_axis',(0.,1.,0.));
#6268=DIRECTION('',(0.,-1.,0.));
#6269=DIRECTION('',(0.,0.,-1.));
#6270=DIRECTION('',(0.,1.,0.));
#6271=DIRECTION('',(0.,0.,1.));
#6272=DIRECTION('center_axis',(0.,0.,1.));
#6273=DIRECTION('ref_axis',(-0.707106781186548,-0.707106781186548,0.));
#6274=DIRECTION('center_axis',(0.,0.,-1.));
#6275=DIRECTION('ref_axis',(-0.707106781186548,-0.707106781186548,0.));
#6276=DIRECTION('',(0.,0.,-1.));
#6277=DIRECTION('center_axis',(0.,0.,-1.));
#6278=DIRECTION('ref_axis',(-0.707106781186548,-0.707106781186548,0.));
#6279=DIRECTION('center_axis',(0.,0.,1.));
#6280=DIRECTION('ref_axis',(0.707106781186547,0.707106781186548,0.));
#6281=DIRECTION('center_axis',(0.,0.,1.));
#6282=DIRECTION('ref_axis',(0.707106781186547,0.707106781186548,0.));
#6283=DIRECTION('',(0.,0.,1.));
#6284=DIRECTION('center_axis',(0.,0.,1.));
#6285=DIRECTION('ref_axis',(0.707106781186547,0.707106781186548,0.));
#6286=DIRECTION('',(0.,0.,-1.));
#6287=DIRECTION('center_axis',(-1.,6.66133814775094E-16,0.));
#6288=DIRECTION('ref_axis',(-6.66133814775094E-16,-1.,0.));
#6289=DIRECTION('',(-6.66133814775094E-16,-1.,0.));
#6290=DIRECTION('',(6.66133814775094E-16,1.,0.));
#6291=DIRECTION('center_axis',(0.,0.,1.));
#6292=DIRECTION('ref_axis',(-0.707106781186547,-0.707106781186548,0.));
#6293=DIRECTION('center_axis',(0.,0.,-1.));
#6294=DIRECTION('ref_axis',(-0.707106781186547,-0.707106781186548,0.));
#6295=DIRECTION('',(0.,0.,-1.));
#6296=DIRECTION('center_axis',(0.,0.,-1.));
#6297=DIRECTION('ref_axis',(-0.707106781186547,-0.707106781186548,0.));
#6298=DIRECTION('center_axis',(0.,0.,1.));
#6299=DIRECTION('ref_axis',(1.,0.,0.));
#6300=DIRECTION('',(-1.,0.,0.));
#6301=DIRECTION('center_axis',(0.,0.,1.));
#6302=DIRECTION('ref_axis',(0.707106781186547,0.707106781186548,0.));
#6303=DIRECTION('',(0.,-1.,0.));
#6304=DIRECTION('center_axis',(0.,0.,1.));
#6305=DIRECTION('ref_axis',(0.707106781186547,0.707106781186548,0.));
#6306=DIRECTION('center_axis',(0.,0.,1.));
#6307=DIRECTION('ref_axis',(0.707106781186547,0.707106781186548,0.));
#6308=DIRECTION('',(0.,0.,1.));
#6309=DIRECTION('',(0.,0.,-1.));
#6310=DIRECTION('center_axis',(0.,0.,1.));
#6311=DIRECTION('ref_axis',(1.,0.,0.));
#6312=DIRECTION('',(-1.,-4.43172883890391E-16,0.));
#6313=DIRECTION('center_axis',(0.,0.,1.));
#6314=DIRECTION('ref_axis',(0.707106781186547,0.707106781186548,0.));
#6315=DIRECTION('',(6.66133814775094E-16,-1.,0.));
#6316=DIRECTION('center_axis',(0.,0.,-1.));
#6317=DIRECTION('ref_axis',(-0.707106781186547,-0.707106781186548,0.));
#6318=DIRECTION('',(0.,1.,0.));
#6319=DIRECTION('center_axis',(0.,-1.,0.));
#6320=DIRECTION('ref_axis',(1.,0.,0.));
#6321=DIRECTION('',(0.,0.,-1.));
#6322=DIRECTION('',(1.,-4.45009332941735E-16,0.));
#6323=DIRECTION('',(0.,0.,1.));
#6324=DIRECTION('',(-1.,0.,0.));
#6325=DIRECTION('',(0.,0.,-1.));
#6326=DIRECTION('',(-1.,0.,0.));
#6327=DIRECTION('',(0.,0.,1.));
#6328=DIRECTION('center_axis',(0.,0.,1.));
#6329=DIRECTION('ref_axis',(-0.707106781186498,0.707106781186597,0.));
#6330=DIRECTION('center_axis',(0.,0.,-1.));
#6331=DIRECTION('ref_axis',(-0.707106781186498,0.707106781186597,0.));
#6332=DIRECTION('',(0.,0.,-1.));
#6333=DIRECTION('center_axis',(0.,0.,-1.));
#6334=DIRECTION('ref_axis',(-0.707106781186498,0.707106781186597,0.));
#6335=DIRECTION('',(0.,0.,1.));
#6336=DIRECTION('center_axis',(-4.4408920985003E-16,1.,0.));
#6337=DIRECTION('ref_axis',(-1.,-4.4408920985003E-16,0.));
#6338=DIRECTION('',(-1.,-4.4408920985003E-16,0.));
#6339=DIRECTION('',(0.,0.,1.));
#6340=DIRECTION('',(1.,4.4408920985003E-16,0.));
#6341=DIRECTION('center_axis',(0.,0.,1.));
#6342=DIRECTION('ref_axis',(1.,0.,0.));
#6343=DIRECTION('',(8.68194405256872E-14,-1.,0.));
#6344=DIRECTION('center_axis',(0.,0.,-1.));
#6345=DIRECTION('ref_axis',(-0.707106781186498,0.707106781186597,0.));
#6346=DIRECTION('',(-1.,0.,0.));
#6347=DIRECTION('center_axis',(0.,0.,1.));
#6348=DIRECTION('ref_axis',(0.707106781186548,-0.707106781186547,0.));
#6349=DIRECTION('',(2.66453525910038E-15,1.,0.));
#6350=DIRECTION('center_axis',(0.,0.,1.));
#6351=DIRECTION('ref_axis',(0.707106781186548,-0.707106781186547,0.));
#6352=DIRECTION('center_axis',(0.,0.,1.));
#6353=DIRECTION('ref_axis',(0.707106781186548,-0.707106781186547,0.));
#6354=DIRECTION('center_axis',(0.,0.,1.));
#6355=DIRECTION('ref_axis',(0.707106781186548,-0.707106781186547,0.));
#6356=DIRECTION('',(0.,0.,-1.));
#6357=DIRECTION('center_axis',(0.,0.,1.));
#6358=DIRECTION('ref_axis',(1.,0.,0.));
#6359=DIRECTION('',(2.66453525910038E-15,1.,0.));
#6360=DIRECTION('center_axis',(0.,0.,1.));
#6361=DIRECTION('ref_axis',(0.707106781186548,-0.707106781186548,0.));
#6362=DIRECTION('',(-1.,0.,0.));
#6363=DIRECTION('center_axis',(0.,0.,-1.));
#6364=DIRECTION('ref_axis',(-0.707106781186498,0.707106781186597,0.));
#6365=DIRECTION('',(8.68194405256872E-14,-1.,0.));
#6366=DIRECTION('center_axis',(-1.,0.,0.));
#6367=DIRECTION('ref_axis',(0.,-1.,0.));
#6368=DIRECTION('',(0.,-1.,0.));
#6369=DIRECTION('',(0.,0.,-1.));
#6370=DIRECTION('',(-3.10862446895044E-15,-1.,0.));
#6371=DIRECTION('',(0.,0.,1.));
#6372=DIRECTION('',(3.10862446895044E-15,1.,0.));
#6373=DIRECTION('',(0.,0.,-1.));
#6374=DIRECTION('',(0.,0.,-1.));
#6375=DIRECTION('',(1.65423230669148E-13,1.,0.));
#6376=DIRECTION('center_axis',(0.,0.,1.));
#6377=DIRECTION('ref_axis',(0.707106781186551,0.707106781186544,0.));
#6378=DIRECTION('center_axis',(0.,0.,-1.));
#6379=DIRECTION('ref_axis',(0.707106781186551,0.707106781186544,0.));
#6380=DIRECTION('',(0.,0.,-1.));
#6381=DIRECTION('center_axis',(0.,0.,-1.));
#6382=DIRECTION('ref_axis',(0.707106781186551,0.707106781186544,0.));
#6383=DIRECTION('center_axis',(0.,0.,1.));
#6384=DIRECTION('ref_axis',(1.,0.,0.));
#6385=DIRECTION('center_axis',(0.,0.,-1.));
#6386=DIRECTION('ref_axis',(0.707106781186551,0.707106781186544,0.));
#6387=DIRECTION('',(0.,-1.,0.));
#6388=DIRECTION('center_axis',(0.,0.,1.));
#6389=DIRECTION('ref_axis',(-0.707106781186545,-0.70710678118655,0.));
#6390=DIRECTION('center_axis',(0.,0.,1.));
#6391=DIRECTION('ref_axis',(-0.707106781186545,-0.70710678118655,0.));
#6392=DIRECTION('',(6.12323399573676E-17,1.,0.));
#6393=DIRECTION('center_axis',(0.,0.,1.));
#6394=DIRECTION('ref_axis',(-0.707106781186545,-0.70710678118655,0.));
#6395=DIRECTION('center_axis',(0.,0.,1.));
#6396=DIRECTION('ref_axis',(-0.707106781186545,-0.70710678118655,0.));
#6397=DIRECTION('',(0.,0.,1.));
#6398=DIRECTION('center_axis',(0.,0.,1.));
#6399=DIRECTION('ref_axis',(1.,0.,0.));
#6400=DIRECTION('center_axis',(0.,0.,1.));
#6401=DIRECTION('ref_axis',(-0.707106781186545,-0.70710678118655,0.));
#6402=DIRECTION('',(0.,1.,0.));
#6403=DIRECTION('center_axis',(0.,0.,-1.));
#6404=DIRECTION('ref_axis',(0.707106781186551,0.707106781186544,0.));
#6405=DIRECTION('',(-6.12323399573676E-17,-1.,0.));
#6406=DIRECTION('center_axis',(0.,0.,1.));
#6407=DIRECTION('ref_axis',(-0.707106781186545,-0.70710678118655,0.));
#6408=DIRECTION('',(0.,0.,1.));
#6409=DIRECTION('center_axis',(0.,0.,1.));
#6410=DIRECTION('ref_axis',(-0.707106781186545,-0.70710678118655,0.));
#6411=DIRECTION('',(0.,0.,1.));
#6412=DIRECTION('center_axis',(0.,0.,1.));
#6413=DIRECTION('ref_axis',(0.707106781186548,-0.707106781186548,0.));
#6414=DIRECTION('center_axis',(0.,0.,1.));
#6415=DIRECTION('ref_axis',(0.707106781186548,-0.707106781186548,0.));
#6416=DIRECTION('',(0.,0.,1.));
#6417=DIRECTION('center_axis',(0.,0.,1.));
#6418=DIRECTION('ref_axis',(1.,0.,0.));
#6419=DIRECTION('',(-3.37507799486048E-14,-1.,0.));
#6420=DIRECTION('center_axis',(0.,0.,-1.));
#6421=DIRECTION('ref_axis',(-0.707106781186498,0.707106781186597,0.));
#6422=DIRECTION('',(1.,0.,0.));
#6423=DIRECTION('center_axis',(0.,0.,-1.));
#6424=DIRECTION('ref_axis',(-0.707106781186548,0.707106781186547,0.));
#6425=DIRECTION('center_axis',(0.,0.,1.));
#6426=DIRECTION('ref_axis',(0.707106781186548,-0.707106781186547,0.));
#6427=DIRECTION('',(0.,0.,1.));
#6428=DIRECTION('center_axis',(0.,0.,1.));
#6429=DIRECTION('ref_axis',(0.707106781186548,-0.707106781186547,0.));
#6430=DIRECTION('center_axis',(0.,0.,1.));
#6431=DIRECTION('ref_axis',(-0.707106781186548,0.707106781186547,0.));
#6432=DIRECTION('center_axis',(0.,0.,1.));
#6433=DIRECTION('ref_axis',(-0.707106781186548,0.707106781186547,0.));
#6434=DIRECTION('',(0.,0.,1.));
#6435=DIRECTION('center_axis',(0.,0.,1.));
#6436=DIRECTION('ref_axis',(-0.707106781186548,0.707106781186547,0.));
#6437=DIRECTION('center_axis',(0.,0.,1.));
#6438=DIRECTION('ref_axis',(1.,0.,0.));
#6439=DIRECTION('center_axis',(0.,0.,-1.));
#6440=DIRECTION('ref_axis',(0.707106781186549,-0.707106781186546,0.));
#6441=DIRECTION('',(1.,0.,0.));
#6442=DIRECTION('center_axis',(0.,0.,1.));
#6443=DIRECTION('ref_axis',(0.707106781186551,0.707106781186544,0.));
#6444=DIRECTION('',(0.,0.,-1.));
#6445=DIRECTION('center_axis',(0.,0.,1.));
#6446=DIRECTION('ref_axis',(0.707106781186551,0.707106781186544,0.));
#6447=DIRECTION('',(0.,0.,-1.));
#6448=DIRECTION('center_axis',(0.,0.,1.));
#6449=DIRECTION('ref_axis',(-0.707106781186498,0.707106781186597,0.));
#6450=DIRECTION('',(0.,0.,-1.));
#6451=DIRECTION('',(0.,0.,1.));
#6452=DIRECTION('center_axis',(-1.,1.4077627952247E-13,0.));
#6453=DIRECTION('ref_axis',(-1.4077627952247E-13,-1.,0.));
#6454=DIRECTION('',(-1.4077627952247E-13,-1.,0.));
#6455=DIRECTION('',(0.,0.,1.));
#6456=DIRECTION('center_axis',(0.,0.,1.));
#6457=DIRECTION('ref_axis',(-0.707106781186498,0.707106781186597,0.));
#6458=DIRECTION('center_axis',(0.,0.,-1.));
#6459=DIRECTION('ref_axis',(-0.707106781186498,0.707106781186597,0.));
#6460=DIRECTION('',(0.,0.,-1.));
#6461=DIRECTION('center_axis',(0.,0.,1.));
#6462=DIRECTION('ref_axis',(-0.707106781186547,-0.707106781186548,0.));
#6463=DIRECTION('',(0.,0.,-1.));
#6464=DIRECTION('center_axis',(0.,0.,-1.));
#6465=DIRECTION('ref_axis',(-0.707106781186547,-0.707106781186548,0.));
#6466=DIRECTION('center_axis',(0.,0.,1.));
#6467=DIRECTION('ref_axis',(0.707106781186549,-0.707106781186546,0.));
#6468=DIRECTION('center_axis',(0.,0.,-1.));
#6469=DIRECTION('ref_axis',(0.707106781186549,-0.707106781186546,0.));
#6470=DIRECTION('',(0.,0.,-1.));
#6471=DIRECTION('center_axis',(0.,0.,1.));
#6472=DIRECTION('ref_axis',(1.,0.,0.));
#6473=DIRECTION('center_axis',(0.,0.,-1.));
#6474=DIRECTION('ref_axis',(0.707106781186546,0.707106781186549,0.));
#6475=DIRECTION('center_axis',(0.,0.,-1.));
#6476=DIRECTION('ref_axis',(-0.707106781186548,0.707106781186547,0.));
#6477=DIRECTION('center_axis',(0.,0.,-1.));
#6478=DIRECTION('ref_axis',(-0.707106781186548,-0.707106781186548,0.));
#6479=DIRECTION('center_axis',(0.,0.,-1.));
#6480=DIRECTION('ref_axis',(0.707106781186547,-0.707106781186548,0.));
#6481=DIRECTION('',(1.,0.,0.));
#6482=DIRECTION('',(-1.11022302462516E-16,1.,0.));
#6483=DIRECTION('',(-1.,-5.55111512312578E-17,0.));
#6484=DIRECTION('center_axis',(0.,0.,1.));
#6485=DIRECTION('ref_axis',(0.707106781186546,0.707106781186549,0.));
#6486=DIRECTION('center_axis',(0.,0.,1.));
#6487=DIRECTION('ref_axis',(0.707106781186547,-0.707106781186548,0.));
#6488=DIRECTION('center_axis',(0.,0.,1.));
#6489=DIRECTION('ref_axis',(-0.707106781186548,-0.707106781186548,0.));
#6490=DIRECTION('center_axis',(0.,0.,-1.));
#6491=DIRECTION('ref_axis',(-0.707106781186548,-0.707106781186548,0.));
#6492=DIRECTION('center_axis',(0.,0.,1.));
#6493=DIRECTION('ref_axis',(0.707106781186547,0.707106781186548,0.));
#6494=DIRECTION('center_axis',(0.,0.,1.));
#6495=DIRECTION('ref_axis',(0.707106781186547,0.707106781186548,0.));
#6496=DIRECTION('',(0.,0.,1.));
#6497=DIRECTION('center_axis',(0.,0.,1.));
#6498=DIRECTION('ref_axis',(1.,0.,0.));
#6499=DIRECTION('',(-6.66133814775094E-16,1.,0.));
#6500=DIRECTION('center_axis',(0.,0.,1.));
#6501=DIRECTION('ref_axis',(-0.707106781186548,0.707106781186547,0.));
#6502=DIRECTION('center_axis',(-1.,-1.11022302462516E-16,0.));
#6503=DIRECTION('ref_axis',(-1.11022302462516E-16,1.,0.));
#6504=DIRECTION('',(0.,0.,-1.));
#6505=DIRECTION('center_axis',(5.55111512312578E-17,-1.,0.));
#6506=DIRECTION('ref_axis',(-1.,-5.55111512312578E-17,0.));
#6507=DIRECTION('center_axis',(4.44089209850043E-16,-1.,0.));
#6508=DIRECTION('ref_axis',(1.,4.44089209850043E-16,0.));
#6509=DIRECTION('center_axis',(1.,-3.89466237038202E-13,0.));
#6510=DIRECTION('ref_axis',(3.89466237038201E-13,1.,0.));
#6511=DIRECTION('',(3.89466237038201E-13,1.,0.));
#6512=DIRECTION('center_axis',(0.,0.,1.));
#6513=DIRECTION('ref_axis',(1.,0.,0.));
#6514=DIRECTION('center_axis',(-1.,0.,0.));
#6515=DIRECTION('ref_axis',(0.,-1.,0.));
#6516=DIRECTION('center_axis',(-1.,-6.66133814775094E-16,0.));
#6517=DIRECTION('ref_axis',(6.66133814775094E-16,-1.,0.));
#6518=DIRECTION('center_axis',(0.,1.,0.));
#6519=DIRECTION('ref_axis',(-1.,0.,0.));
#6520=DIRECTION('',(-1.,0.,0.));
#6521=DIRECTION('center_axis',(0.,0.,1.));
#6522=DIRECTION('ref_axis',(1.,0.,0.));
#6523=DIRECTION('center_axis',(0.,1.,0.));
#6524=DIRECTION('ref_axis',(-1.,0.,0.));
#6525=DIRECTION('center_axis',(1.,0.,0.));
#6526=DIRECTION('ref_axis',(0.,1.,0.));
#6527=DIRECTION('center_axis',(1.,-6.12323399573676E-17,0.));
#6528=DIRECTION('ref_axis',(6.12323399573676E-17,1.,0.));
#6529=DIRECTION('center_axis',(1.,0.,0.));
#6530=DIRECTION('ref_axis',(0.,1.,0.));
#6531=DIRECTION('center_axis',(1.,0.,0.));
#6532=DIRECTION('ref_axis',(0.,1.,0.));
#6533=DIRECTION('center_axis',(0.,-1.,0.));
#6534=DIRECTION('ref_axis',(1.,0.,0.));
#6535=CARTESIAN_POINT('',(0.,0.,0.));
#6536=CARTESIAN_POINT('Origin',(22.5,15.0000000000015,15.25));
#6537=CARTESIAN_POINT('',(-5.83970032632351,16.7643245902176,15.25));
#6538=CARTESIAN_POINT('',(-5.29536090791225,16.7643245902176,15.25));
#6539=CARTESIAN_POINT('',(-5.83970032632351,16.7643245902176,15.25));
#6540=CARTESIAN_POINT('',(-6.2622781842947,16.2044679966088,15.25));
#6541=CARTESIAN_POINT('Ctrl Pts',(-6.2622781842947,16.2044679966088,15.25));
#6542=CARTESIAN_POINT('Ctrl Pts',(-6.16845394051213,16.2856787589009,15.25));
#6543=CARTESIAN_POINT('Ctrl Pts',(-5.98746162195031,16.442338952118,15.25));
#6544=CARTESIAN_POINT('Ctrl Pts',(-5.88773153446055,16.659660110016,15.25));
#6545=CARTESIAN_POINT('Ctrl Pts',(-5.83970032632351,16.7643245902176,15.25));
#6546=CARTESIAN_POINT('',(-6.8328782171011,15.8785810914154,15.25));
#6547=CARTESIAN_POINT('Ctrl Pts',(-6.8328782171011,15.8785810914154,15.25));
#6548=CARTESIAN_POINT('Ctrl Pts',(-6.73965486763387,15.9166717443958,15.25));
#6549=CARTESIAN_POINT('Ctrl Pts',(-6.53534035766379,16.0001537598201,15.25));
#6550=CARTESIAN_POINT('Ctrl Pts',(-6.35845525582141,16.1325050999428,15.25));
#6551=CARTESIAN_POINT('Ctrl Pts',(-6.2622781842947,16.2044679966088,15.25));
#6552=CARTESIAN_POINT('',(-6.8328782171011,15.2697816338654,15.25));
#6553=CARTESIAN_POINT('',(-6.8328782171011,15.2697816338654,15.25));
#6554=CARTESIAN_POINT('',(-5.96623383462429,15.7783081975098,15.25));
#6555=CARTESIAN_POINT('Ctrl Pts',(-5.96623383462429,15.7783081975098,15.25));
#6556=CARTESIAN_POINT('Ctrl Pts',(-6.0951675399292,15.6708745383201,15.25));
#6557=CARTESIAN_POINT('Ctrl Pts',(-6.35593646790697,15.4535895384874,15.25));
#6558=CARTESIAN_POINT('Ctrl Pts',(-6.67272269759682,15.3315037424949,15.25));
#6559=CARTESIAN_POINT('Ctrl Pts',(-6.8328782171011,15.2697816338654,15.25));
#6560=CARTESIAN_POINT('',(-5.96623383462429,13.2499998655434,15.25));
#6561=CARTESIAN_POINT('',(-5.96623383462429,13.2499998655434,15.25));
#6562=CARTESIAN_POINT('',(-5.29536090791225,13.2499998655434,15.25));
#6563=CARTESIAN_POINT('',(-5.29536090791225,13.2499998655434,15.25));
#6564=CARTESIAN_POINT('',(-5.29536090791225,16.7643245902176,15.25));
#6565=CARTESIAN_POINT('Origin',(-5.56753061711788,16.7643245902176,16.));
#6566=CARTESIAN_POINT('',(-5.29536090791225,16.7643245902176,16.));
#6567=CARTESIAN_POINT('',(-5.29536090791225,16.7643245902176,16.));
#6568=CARTESIAN_POINT('',(-5.83970032632351,16.7643245902176,16.));
#6569=CARTESIAN_POINT('',(8.46623469144106,16.7643245902177,16.));
#6570=CARTESIAN_POINT('',(-5.83970032632351,16.7643245902176,16.));
#6571=CARTESIAN_POINT('Ctrl Pts',(-6.2622781842947,16.2044679966088,15.25));
#6572=CARTESIAN_POINT('Ctrl Pts',(-6.2622781842947,16.2044679966088,16.));
#6573=CARTESIAN_POINT('Ctrl Pts',(-6.16845394051213,16.2856787589009,15.25));
#6574=CARTESIAN_POINT('Ctrl Pts',(-6.16845394051213,16.2856787589009,16.));
#6575=CARTESIAN_POINT('Ctrl Pts',(-5.98746162195031,16.442338952118,15.25));
#6576=CARTESIAN_POINT('Ctrl Pts',(-5.98746162195031,16.442338952118,16.));
#6577=CARTESIAN_POINT('Ctrl Pts',(-5.88773153446055,16.659660110016,15.25));
#6578=CARTESIAN_POINT('Ctrl Pts',(-5.88773153446055,16.659660110016,16.));
#6579=CARTESIAN_POINT('Ctrl Pts',(-5.83970032632351,16.7643245902176,15.25));
#6580=CARTESIAN_POINT('Ctrl Pts',(-5.83970032632351,16.7643245902176,16.));
#6581=CARTESIAN_POINT('',(-6.2622781842947,16.2044679966088,16.));
#6582=CARTESIAN_POINT('Ctrl Pts',(-6.2622781842947,16.2044679966088,16.));
#6583=CARTESIAN_POINT('Ctrl Pts',(-6.16845394051213,16.2856787589009,16.));
#6584=CARTESIAN_POINT('Ctrl Pts',(-5.98746162195031,16.442338952118,16.));
#6585=CARTESIAN_POINT('Ctrl Pts',(-5.88773153446055,16.659660110016,16.));
#6586=CARTESIAN_POINT('Ctrl Pts',(-5.83970032632351,16.7643245902176,16.));
#6587=CARTESIAN_POINT('',(-6.2622781842947,16.2044679966088,16.));
#6588=CARTESIAN_POINT('Ctrl Pts',(-6.8328782171011,15.8785810914154,15.25));
#6589=CARTESIAN_POINT('Ctrl Pts',(-6.8328782171011,15.8785810914154,16.));
#6590=CARTESIAN_POINT('Ctrl Pts',(-6.73965486763387,15.9166717443958,15.25));
#6591=CARTESIAN_POINT('Ctrl Pts',(-6.73965486763387,15.9166717443958,16.));
#6592=CARTESIAN_POINT('Ctrl Pts',(-6.53534035766379,16.0001537598201,15.25));
#6593=CARTESIAN_POINT('Ctrl Pts',(-6.53534035766379,16.0001537598201,16.));
#6594=CARTESIAN_POINT('Ctrl Pts',(-6.35845525582141,16.1325050999428,15.25));
#6595=CARTESIAN_POINT('Ctrl Pts',(-6.35845525582141,16.1325050999428,16.));
#6596=CARTESIAN_POINT('Ctrl Pts',(-6.2622781842947,16.2044679966088,15.25));
#6597=CARTESIAN_POINT('Ctrl Pts',(-6.2622781842947,16.2044679966088,16.));
#6598=CARTESIAN_POINT('',(-6.8328782171011,15.8785810914154,16.));
#6599=CARTESIAN_POINT('Ctrl Pts',(-6.8328782171011,15.8785810914154,16.));
#6600=CARTESIAN_POINT('Ctrl Pts',(-6.73965486763387,15.9166717443958,16.));
#6601=CARTESIAN_POINT('Ctrl Pts',(-6.53534035766379,16.0001537598201,16.));
#6602=CARTESIAN_POINT('Ctrl Pts',(-6.35845525582141,16.1325050999428,16.));
#6603=CARTESIAN_POINT('Ctrl Pts',(-6.2622781842947,16.2044679966088,16.));
#6604=CARTESIAN_POINT('',(-6.8328782171011,15.8785810914154,16.));
#6605=CARTESIAN_POINT('Origin',(-6.8328782171011,15.5741813626404,16.));
#6606=CARTESIAN_POINT('',(-6.8328782171011,15.2697816338654,16.));
#6607=CARTESIAN_POINT('',(-6.8328782171011,15.2870906813209,16.));
#6608=CARTESIAN_POINT('',(-6.8328782171011,15.2697816338654,16.));
#6609=CARTESIAN_POINT('Ctrl Pts',(-5.96623383462429,15.7783081975098,15.25));
#6610=CARTESIAN_POINT('Ctrl Pts',(-5.96623383462429,15.7783081975098,16.));
#6611=CARTESIAN_POINT('Ctrl Pts',(-6.0951675399292,15.6708745383201,15.25));
#6612=CARTESIAN_POINT('Ctrl Pts',(-6.0951675399292,15.6708745383201,16.));
#6613=CARTESIAN_POINT('Ctrl Pts',(-6.35593646790697,15.4535895384874,15.25));
#6614=CARTESIAN_POINT('Ctrl Pts',(-6.35593646790697,15.4535895384874,16.));
#6615=CARTESIAN_POINT('Ctrl Pts',(-6.67272269759682,15.3315037424949,15.25));
#6616=CARTESIAN_POINT('Ctrl Pts',(-6.67272269759682,15.3315037424949,16.));
#6617=CARTESIAN_POINT('Ctrl Pts',(-6.8328782171011,15.2697816338654,15.25));
#6618=CARTESIAN_POINT('Ctrl Pts',(-6.8328782171011,15.2697816338654,16.));
#6619=CARTESIAN_POINT('',(-5.96623383462429,15.7783081975098,16.));
#6620=CARTESIAN_POINT('Ctrl Pts',(-5.96623383462429,15.7783081975098,16.));
#6621=CARTESIAN_POINT('Ctrl Pts',(-6.0951675399292,15.6708745383201,16.));
#6622=CARTESIAN_POINT('Ctrl Pts',(-6.35593646790697,15.4535895384874,16.));
#6623=CARTESIAN_POINT('Ctrl Pts',(-6.67272269759682,15.3315037424949,16.));
#6624=CARTESIAN_POINT('Ctrl Pts',(-6.8328782171011,15.2697816338654,16.));
#6625=CARTESIAN_POINT('',(-5.96623383462429,15.7783081975098,16.));
#6626=CARTESIAN_POINT('Origin',(-5.96623383462429,14.5141540315266,16.));
#6627=CARTESIAN_POINT('',(-5.96623383462429,13.2499998655434,16.));
#6628=CARTESIAN_POINT('',(-5.96623383462429,14.757077015764,16.));
#6629=CARTESIAN_POINT('',(-5.96623383462429,13.2499998655434,16.));
#6630=CARTESIAN_POINT('Origin',(-5.63079737126827,13.2499998655434,16.));
#6631=CARTESIAN_POINT('',(-5.29536090791225,13.2499998655434,16.));
#6632=CARTESIAN_POINT('',(8.43460131436587,13.2499998655434,16.));
#6633=CARTESIAN_POINT('',(-5.29536090791225,13.2499998655434,16.));
#6634=CARTESIAN_POINT('Origin',(-5.29536090791225,15.0071622278805,16.));
#6635=CARTESIAN_POINT('',(-5.29536090791225,15.003581113941,16.));
#6636=CARTESIAN_POINT('Origin',(22.5,15.0000000000015,15.25));
#6637=CARTESIAN_POINT('',(9.99147213995457,16.2271484580155,15.25));
#6638=CARTESIAN_POINT('',(9.99147213995457,16.7499998059388,15.25));
#6639=CARTESIAN_POINT('',(9.99147213995457,16.2271484580155,15.25));
#6640=CARTESIAN_POINT('',(10.5429724603891,16.2271484580155,15.25));
#6641=CARTESIAN_POINT('',(10.5429724603891,16.2271484580155,15.25));
#6642=CARTESIAN_POINT('',(10.5429724603891,12.7916097488518,15.25));
#6643=CARTESIAN_POINT('',(10.5429724603891,12.7916097488518,15.25));
#6644=CARTESIAN_POINT('',(9.99147213995457,12.7916097488518,15.25));
#6645=CARTESIAN_POINT('',(9.99147213995457,12.7916097488518,15.25));
#6646=CARTESIAN_POINT('',(9.99147213995457,12.2639834728356,15.25));
#6647=CARTESIAN_POINT('',(9.99147213995457,12.2639834728356,15.25));
#6648=CARTESIAN_POINT('',(11.1804226785898,12.2639834728356,15.25));
#6649=CARTESIAN_POINT('',(11.1804226785898,12.2639834728356,15.25));
#6650=CARTESIAN_POINT('',(11.1804226785898,16.7499998059388,15.25));
#6651=CARTESIAN_POINT('',(11.1804226785898,16.7499998059388,15.25));
#6652=CARTESIAN_POINT('',(9.99147213995457,16.7499998059388,15.25));
#6653=CARTESIAN_POINT('Origin',(9.99147213995457,16.4885741319771,16.));
#6654=CARTESIAN_POINT('',(9.99147213995457,16.7499998059388,16.));
#6655=CARTESIAN_POINT('',(9.99147213995457,16.7499998059388,16.));
#6656=CARTESIAN_POINT('',(9.99147213995457,16.2271484580155,16.));
#6657=CARTESIAN_POINT('',(9.99147213995457,15.7442870659893,16.));
#6658=CARTESIAN_POINT('',(9.99147213995457,16.2271484580155,16.));
#6659=CARTESIAN_POINT('Origin',(10.2672223001719,16.2271484580155,16.));
#6660=CARTESIAN_POINT('',(10.5429724603891,16.2271484580155,16.));
#6661=CARTESIAN_POINT('',(16.3836111500859,16.2271484580155,16.));
#6662=CARTESIAN_POINT('',(10.5429724603891,16.2271484580155,16.));
#6663=CARTESIAN_POINT('Origin',(10.5429724603891,14.5093791034337,16.));
#6664=CARTESIAN_POINT('',(10.5429724603891,12.7916097488518,16.));
#6665=CARTESIAN_POINT('',(10.5429724603891,14.7546895517176,16.));
#6666=CARTESIAN_POINT('',(10.5429724603891,12.7916097488518,16.));
#6667=CARTESIAN_POINT('Origin',(10.2672223001719,12.7916097488518,16.));
#6668=CARTESIAN_POINT('',(9.99147213995457,12.7916097488518,16.));
#6669=CARTESIAN_POINT('',(16.3836111500859,12.7916097488519,16.));
#6670=CARTESIAN_POINT('',(9.99147213995457,12.7916097488518,16.));
#6671=CARTESIAN_POINT('Origin',(9.99147213995457,12.5277966108437,16.));
#6672=CARTESIAN_POINT('',(9.99147213995457,12.2639834728356,16.));
#6673=CARTESIAN_POINT('',(9.99147213995457,13.7638983054226,16.));
#6674=CARTESIAN_POINT('',(9.99147213995457,12.2639834728356,16.));
#6675=CARTESIAN_POINT('Origin',(10.5859474092722,12.2639834728356,16.));
#6676=CARTESIAN_POINT('',(11.1804226785898,12.2639834728356,16.));
#6677=CARTESIAN_POINT('',(16.5429737046361,12.2639834728356,16.));
#6678=CARTESIAN_POINT('',(11.1804226785898,12.2639834728356,16.));
#6679=CARTESIAN_POINT('Origin',(11.1804226785898,14.5069916393872,16.));
#6680=CARTESIAN_POINT('',(11.1804226785898,16.7499998059388,16.));
#6681=CARTESIAN_POINT('',(11.1804226785898,14.7534958196943,16.));
#6682=CARTESIAN_POINT('',(11.1804226785898,16.7499998059388,16.));
#6683=CARTESIAN_POINT('Origin',(10.5859474092722,16.7499998059388,16.));
#6684=CARTESIAN_POINT('',(16.5429737046361,16.7499998059388,16.));
#6685=CARTESIAN_POINT('Origin',(22.5,15.0000000000015,15.25));
#6686=CARTESIAN_POINT('',(2.17735327780247,13.2499998655434,15.25));
#6687=CARTESIAN_POINT('',(1.50648154318333,13.2499998655434,15.25));
#6688=CARTESIAN_POINT('',(2.17735327780247,13.2499998655434,15.25));
#6689=CARTESIAN_POINT('',(2.17735327780247,14.4819232668992,15.25));
#6690=CARTESIAN_POINT('',(2.17735327780247,14.4819232668992,15.25));
#6691=CARTESIAN_POINT('',(2.23107136785984,15.0047746148224,15.25));
#6692=CARTESIAN_POINT('Ctrl Pts',(2.23107136785984,15.0047746148224,15.25));
#6693=CARTESIAN_POINT('Ctrl Pts',(2.21553903382315,14.9351875480421,15.25));
#6694=CARTESIAN_POINT('Ctrl Pts',(2.17717171962255,14.7632965206437,15.25));
#6695=CARTESIAN_POINT('Ctrl Pts',(2.17728553724666,14.5869054858605,15.25));
#6696=CARTESIAN_POINT('Ctrl Pts',(2.17735327780247,14.4819232668992,15.25));
#6697=CARTESIAN_POINT('',(2.40893639624119,15.2459066953774,15.25));
#6698=CARTESIAN_POINT('Ctrl Pts',(2.40893639624119,15.2459066953774,15.25));
#6699=CARTESIAN_POINT('Ctrl Pts',(2.37024983630837,15.2142501825558,15.25));
#6700=CARTESIAN_POINT('Ctrl Pts',(2.29058117825917,15.1490587595036,15.25));
#6701=CARTESIAN_POINT('Ctrl Pts',(2.25128538861016,15.0537843944698,15.25));
#6702=CARTESIAN_POINT('Ctrl Pts',(2.23107136785984,15.0047746148224,15.25));
#6703=CARTESIAN_POINT('',(2.68826760351658,15.3294676389809,15.25));
#6704=CARTESIAN_POINT('Ctrl Pts',(2.68826760351658,15.3294676389809,15.25));
#6705=CARTESIAN_POINT('Ctrl Pts',(2.63803801852125,15.3261228755437,15.25));
#6706=CARTESIAN_POINT('Ctrl Pts',(2.53854303072429,15.3194975530888,15.25));
#6707=CARTESIAN_POINT('Ctrl Pts',(2.45185859500581,15.2702779895981,15.25));
#6708=CARTESIAN_POINT('Ctrl Pts',(2.40893639624119,15.2459066953774,15.25));
#6709=CARTESIAN_POINT('',(2.89239443838596,15.2769437279816,15.25));
#6710=CARTESIAN_POINT('Ctrl Pts',(2.89239443838596,15.2769437279816,15.25));
#6711=CARTESIAN_POINT('Ctrl Pts',(2.86343631601358,15.292230543671,15.25));
#6712=CARTESIAN_POINT('Ctrl Pts',(2.79977522394472,15.3258368448159,15.25));
#6713=CARTESIAN_POINT('Ctrl Pts',(2.72760763790715,15.3281866900487,15.25));
#6714=CARTESIAN_POINT('Ctrl Pts',(2.68826760351658,15.3294676389809,15.25));
#6715=CARTESIAN_POINT('',(3.00341166555882,15.1169848289605,15.25));
#6716=CARTESIAN_POINT('Ctrl Pts',(3.00341166555882,15.1169848289605,15.25));
#6717=CARTESIAN_POINT('Ctrl Pts',(2.99061633603086,15.1499374090384,15.25));
#6718=CARTESIAN_POINT('Ctrl Pts',(2.9663977463458,15.2123089965952,15.25));
#6719=CARTESIAN_POINT('Ctrl Pts',(2.91611259676033,15.2562282108275,15.25));
#6720=CARTESIAN_POINT('Ctrl Pts',(2.89239443838596,15.2769437279816,15.25));
#6721=CARTESIAN_POINT('',(3.03922213613987,14.6394949998971,15.25));
#6722=CARTESIAN_POINT('Ctrl Pts',(3.03922213613987,14.6394949998971,15.25));
#6723=CARTESIAN_POINT('Ctrl Pts',(3.04023130440224,14.7413286807096,15.25));
#6724=CARTESIAN_POINT('Ctrl Pts',(3.04182092967305,14.9017354220579,15.25));
#6725=CARTESIAN_POINT('Ctrl Pts',(3.01368543570903,15.0594095803196,15.25));
#6726=CARTESIAN_POINT('Ctrl Pts',(3.00341166555882,15.1169848289605,15.25));
#6727=CARTESIAN_POINT('',(3.03922213613987,13.2499998655434,15.25));
#6728=CARTESIAN_POINT('',(3.03922213613987,13.2499998655434,15.25));
#6729=CARTESIAN_POINT('',(3.71009387075901,13.2499998655434,15.25));
#6730=CARTESIAN_POINT('',(3.71009387075901,13.2499998655434,15.25));
#6731=CARTESIAN_POINT('',(3.71009387075901,14.4675987806435,15.25));
#6732=CARTESIAN_POINT('',(3.71009387075901,14.4675987806435,15.25));
#6733=CARTESIAN_POINT('',(3.76500643789768,14.9916434135552,15.25));
#6734=CARTESIAN_POINT('Ctrl Pts',(3.76500643789768,14.9916434135552,15.25));
#6735=CARTESIAN_POINT('Ctrl Pts',(3.74910959600299,14.9205737438622,15.25));
#6736=CARTESIAN_POINT('Ctrl Pts',(3.71056979054266,14.7482746631867,15.25));
#6737=CARTESIAN_POINT('Ctrl Pts',(3.71027000260941,14.5714733499603,15.25));
#6738=CARTESIAN_POINT('Ctrl Pts',(3.71009387075901,14.4675987806435,15.25));
#6739=CARTESIAN_POINT('',(3.94406594336033,15.2435195293541,15.25));
#6740=CARTESIAN_POINT('Ctrl Pts',(3.94406594336033,15.2435195293541,15.25));
#6741=CARTESIAN_POINT('Ctrl Pts',(3.90524351288528,15.2105189720251,15.25));
#6742=CARTESIAN_POINT('Ctrl Pts',(3.82440784411541,15.1418055481402,15.25));
#6743=CARTESIAN_POINT('Ctrl Pts',(3.78532119277912,15.0429975337824,15.25));
#6744=CARTESIAN_POINT('Ctrl Pts',(3.76500643789768,14.9916434135552,15.25));
#6745=CARTESIAN_POINT('',(4.2090729624033,15.3294676389809,15.25));
#6746=CARTESIAN_POINT('Ctrl Pts',(4.2090729624033,15.3294676389809,15.25));
#6747=CARTESIAN_POINT('Ctrl Pts',(4.16244603850448,15.3256272542571,15.25));
#6748=CARTESIAN_POINT('Ctrl Pts',(4.0674237530996,15.3178008290337,15.25));
#6749=CARTESIAN_POINT('Ctrl Pts',(3.985692241975,15.2685852756452,15.25));
#6750=CARTESIAN_POINT('Ctrl Pts',(3.94406594336033,15.2435195293541,15.25));
#6751=CARTESIAN_POINT('',(4.4955662637949,15.1862206902619,15.25));
#6752=CARTESIAN_POINT('Ctrl Pts',(4.4955662637949,15.1862206902619,15.25));
#6753=CARTESIAN_POINT('Ctrl Pts',(4.45922567637397,15.2279850877518,15.25));
#6754=CARTESIAN_POINT('Ctrl Pts',(4.38372957611831,15.3147489340124,15.25));
#6755=CARTESIAN_POINT('Ctrl Pts',(4.26872122286515,15.3244409461524,15.25));
#6756=CARTESIAN_POINT('Ctrl Pts',(4.2090729624033,15.3294676389809,15.25));
#6757=CARTESIAN_POINT('',(4.5648006349802,14.6991813030358,15.25));
#6758=CARTESIAN_POINT('Ctrl Pts',(4.5648006349802,14.6991813030358,15.25));
#6759=CARTESIAN_POINT('Ctrl Pts',(4.56639354281766,14.8039071853748,15.25));
#6760=CARTESIAN_POINT('Ctrl Pts',(4.56893006820113,14.9706712960238,15.25));
#6761=CARTESIAN_POINT('Ctrl Pts',(4.51545837009133,15.1277759095281,15.25));
#6762=CARTESIAN_POINT('Ctrl Pts',(4.4955662637949,15.1862206902619,15.25));
#6763=CARTESIAN_POINT('',(4.5648006349802,13.2499998655434,15.25));
#6764=CARTESIAN_POINT('',(4.5648006349802,13.2499998655434,15.25));
#6765=CARTESIAN_POINT('',(5.23567475378513,13.2499998655434,15.25));
#6766=CARTESIAN_POINT('',(5.23567475378513,13.2499998655434,15.25));
#6767=CARTESIAN_POINT('',(5.23567475378513,14.8710775222893,15.25));
#6768=CARTESIAN_POINT('',(5.23567475378513,14.8710775222893,15.25));
#6769=CARTESIAN_POINT('',(5.16644038259983,15.3963160362359,15.25));
#6770=CARTESIAN_POINT('Ctrl Pts',(5.16644038259983,15.3963160362359,15.25));
#6771=CARTESIAN_POINT('Ctrl Pts',(5.18647887331161,15.3258940178151,15.25));
#6772=CARTESIAN_POINT('Ctrl Pts',(5.23521296329127,15.1546259801356,15.25));
#6773=CARTESIAN_POINT('Ctrl Pts',(5.23550361329514,14.9761611536258,15.25));
#6774=CARTESIAN_POINT('Ctrl Pts',(5.23567475378513,14.8710775222893,15.25));
#6775=CARTESIAN_POINT('',(4.87755812704563,15.7293653335686,15.25));
#6776=CARTESIAN_POINT('Ctrl Pts',(4.87755812704563,15.7293653335686,15.25));
#6777=CARTESIAN_POINT('Ctrl Pts',(4.93821179209861,15.6865054731912,15.25));
#6778=CARTESIAN_POINT('Ctrl Pts',(5.06171854032393,15.5992315717709,15.25));
#6779=CARTESIAN_POINT('Ctrl Pts',(5.13112112622809,15.464752817576,15.25));
#6780=CARTESIAN_POINT('Ctrl Pts',(5.16644038259983,15.3963160362359,15.25));
#6781=CARTESIAN_POINT('',(4.40484322607517,15.8427691307183,15.25));
#6782=CARTESIAN_POINT('Ctrl Pts',(4.40484322607517,15.8427691307183,15.25));
#6783=CARTESIAN_POINT('Ctrl Pts',(4.49225862474869,15.8392347962571,15.25));
#6784=CARTESIAN_POINT('Ctrl Pts',(4.6575513759337,15.832551764714,15.25));
#6785=CARTESIAN_POINT('Ctrl Pts',(4.80709904078954,15.7624116906271,15.25));
#6786=CARTESIAN_POINT('Ctrl Pts',(4.87755812704563,15.7293653335686,15.25));
#6787=CARTESIAN_POINT('',(3.991814032197,15.7424962368126,15.25));
#6788=CARTESIAN_POINT('Ctrl Pts',(3.991814032197,15.7424962368126,15.25));
#6789=CARTESIAN_POINT('Ctrl Pts',(4.05744847104849,15.771742458706,15.25));
#6790=CARTESIAN_POINT('Ctrl Pts',(4.1890012359179,15.8303614005204,15.25));
#6791=CARTESIAN_POINT('Ctrl Pts',(4.33279246354779,15.8386272748109,15.25));
#6792=CARTESIAN_POINT('Ctrl Pts',(4.40484322607517,15.8427691307183,15.25));
#6793=CARTESIAN_POINT('',(3.63131083548069,15.4392903890725,15.25));
#6794=CARTESIAN_POINT('Ctrl Pts',(3.63131083548069,15.4392903890725,15.25));
#6795=CARTESIAN_POINT('Ctrl Pts',(3.68640298275,15.5017467328539,15.25));
#6796=CARTESIAN_POINT('Ctrl Pts',(3.79150917963933,15.6209025307645,15.25));
#6797=CARTESIAN_POINT('Ctrl Pts',(3.9272315095387,15.7032918532159,15.25));
#6798=CARTESIAN_POINT('Ctrl Pts',(3.991814032197,15.7424962368126,15.25));
#6799=CARTESIAN_POINT('',(3.33765305578709,15.7424962368126,15.25));
#6800=CARTESIAN_POINT('Ctrl Pts',(3.33765305578709,15.7424962368126,15.25));
#6801=CARTESIAN_POINT('Ctrl Pts',(3.39524770452092,15.7037232519718,15.25));
#6802=CARTESIAN_POINT('Ctrl Pts',(3.51443875808079,15.6234832815156,15.25));
#6803=CARTESIAN_POINT('Ctrl Pts',(3.59149114966478,15.5020470651732,15.25));
#6804=CARTESIAN_POINT('Ctrl Pts',(3.63131083548069,15.4392903890725,15.25));
#6805=CARTESIAN_POINT('',(2.9150751978159,15.8427691307183,15.25));
#6806=CARTESIAN_POINT('Ctrl Pts',(2.9150751978159,15.8427691307183,15.25));
#6807=CARTESIAN_POINT('Ctrl Pts',(2.99208857073504,15.839392443964,15.25));
#6808=CARTESIAN_POINT('Ctrl Pts',(3.13951099584489,15.8329286399351,15.25));
#6809=CARTESIAN_POINT('Ctrl Pts',(3.2736081582703,15.7717264466523,15.25));
#6810=CARTESIAN_POINT('Ctrl Pts',(3.33765305578709,15.7424962368126,15.25));
#6811=CARTESIAN_POINT('',(2.12482966482639,15.4392903890725,15.25));
#6812=CARTESIAN_POINT('Ctrl Pts',(2.12482966482639,15.4392903890725,15.25));
#6813=CARTESIAN_POINT('Ctrl Pts',(2.23762135163282,15.5569218507331,15.25));
#6814=CARTESIAN_POINT('Ctrl Pts',(2.45498943108917,15.7836169701058,15.25));
#6815=CARTESIAN_POINT('Ctrl Pts',(2.76562672467058,15.823554886927,15.25));
#6816=CARTESIAN_POINT('Ctrl Pts',(2.9150751978159,15.8427691307183,15.25));
#6817=CARTESIAN_POINT('',(2.12482966482639,15.785470291626,15.25));
#6818=CARTESIAN_POINT('',(2.12482966482639,15.785470291626,15.25));
#6819=CARTESIAN_POINT('',(1.50648154318333,15.785470291626,15.25));
#6820=CARTESIAN_POINT('',(1.50648154318333,15.785470291626,15.25));
#6821=CARTESIAN_POINT('',(1.50648154318333,13.2499998655434,15.25));
#6822=CARTESIAN_POINT('Origin',(1.8419174104929,13.2499998655434,16.));
#6823=CARTESIAN_POINT('',(1.50648154318333,13.2499998655434,16.));
#6824=CARTESIAN_POINT('',(1.50648154318333,13.2499998655434,16.));
#6825=CARTESIAN_POINT('',(2.17735327780247,13.2499998655434,16.));
#6826=CARTESIAN_POINT('',(12.1709587052465,13.2499998655434,16.));
#6827=CARTESIAN_POINT('',(2.17735327780247,13.2499998655434,16.));
#6828=CARTESIAN_POINT('Origin',(2.17735327780247,13.8659615662213,16.));
#6829=CARTESIAN_POINT('',(2.17735327780247,14.4819232668992,16.));
#6830=CARTESIAN_POINT('',(2.17735327780247,14.4329807831114,16.));
#6831=CARTESIAN_POINT('',(2.17735327780247,14.4819232668992,16.));
#6832=CARTESIAN_POINT('Ctrl Pts',(2.23107136785984,15.0047746148224,15.25));
#6833=CARTESIAN_POINT('Ctrl Pts',(2.23107136785984,15.0047746148224,16.));
#6834=CARTESIAN_POINT('Ctrl Pts',(2.21553903382315,14.9351875480421,15.25));
#6835=CARTESIAN_POINT('Ctrl Pts',(2.21553903382315,14.9351875480421,16.));
#6836=CARTESIAN_POINT('Ctrl Pts',(2.17717171962255,14.7632965206437,15.25));
#6837=CARTESIAN_POINT('Ctrl Pts',(2.17717171962255,14.7632965206437,16.));
#6838=CARTESIAN_POINT('Ctrl Pts',(2.17728553724666,14.5869054858605,15.25));
#6839=CARTESIAN_POINT('Ctrl Pts',(2.17728553724666,14.5869054858605,16.));
#6840=CARTESIAN_POINT('Ctrl Pts',(2.17735327780247,14.4819232668992,15.25));
#6841=CARTESIAN_POINT('Ctrl Pts',(2.17735327780247,14.4819232668992,16.));
#6842=CARTESIAN_POINT('',(2.23107136785984,15.0047746148224,16.));
#6843=CARTESIAN_POINT('Ctrl Pts',(2.23107136785984,15.0047746148224,16.));
#6844=CARTESIAN_POINT('Ctrl Pts',(2.21553903382315,14.9351875480421,16.));
#6845=CARTESIAN_POINT('Ctrl Pts',(2.17717171962255,14.7632965206437,16.));
#6846=CARTESIAN_POINT('Ctrl Pts',(2.17728553724666,14.5869054858605,16.));
#6847=CARTESIAN_POINT('Ctrl Pts',(2.17735327780247,14.4819232668992,16.));
#6848=CARTESIAN_POINT('',(2.23107136785984,15.0047746148224,16.));
#6849=CARTESIAN_POINT('Ctrl Pts',(2.40893639624119,15.2459066953774,15.25));
#6850=CARTESIAN_POINT('Ctrl Pts',(2.40893639624119,15.2459066953774,16.));
#6851=CARTESIAN_POINT('Ctrl Pts',(2.37024983630837,15.2142501825558,15.25));
#6852=CARTESIAN_POINT('Ctrl Pts',(2.37024983630837,15.2142501825558,16.));
#6853=CARTESIAN_POINT('Ctrl Pts',(2.29058117825917,15.1490587595036,15.25));
#6854=CARTESIAN_POINT('Ctrl Pts',(2.29058117825917,15.1490587595036,16.));
#6855=CARTESIAN_POINT('Ctrl Pts',(2.25128538861016,15.0537843944698,15.25));
#6856=CARTESIAN_POINT('Ctrl Pts',(2.25128538861016,15.0537843944698,16.));
#6857=CARTESIAN_POINT('Ctrl Pts',(2.23107136785984,15.0047746148224,15.25));
#6858=CARTESIAN_POINT('Ctrl Pts',(2.23107136785984,15.0047746148224,16.));
#6859=CARTESIAN_POINT('',(2.40893639624119,15.2459066953774,16.));
#6860=CARTESIAN_POINT('Ctrl Pts',(2.40893639624119,15.2459066953774,16.));
#6861=CARTESIAN_POINT('Ctrl Pts',(2.37024983630837,15.2142501825558,16.));
#6862=CARTESIAN_POINT('Ctrl Pts',(2.29058117825917,15.1490587595036,16.));
#6863=CARTESIAN_POINT('Ctrl Pts',(2.25128538861016,15.0537843944698,16.));
#6864=CARTESIAN_POINT('Ctrl Pts',(2.23107136785984,15.0047746148224,16.));
#6865=CARTESIAN_POINT('',(2.40893639624119,15.2459066953774,16.));
#6866=CARTESIAN_POINT('Ctrl Pts',(2.68826760351658,15.3294676389809,15.25));
#6867=CARTESIAN_POINT('Ctrl Pts',(2.68826760351658,15.3294676389809,16.));
#6868=CARTESIAN_POINT('Ctrl Pts',(2.63803801852125,15.3261228755437,15.25));
#6869=CARTESIAN_POINT('Ctrl Pts',(2.63803801852125,15.3261228755437,16.));
#6870=CARTESIAN_POINT('Ctrl Pts',(2.53854303072429,15.3194975530888,15.25));
#6871=CARTESIAN_POINT('Ctrl Pts',(2.53854303072429,15.3194975530888,16.));
#6872=CARTESIAN_POINT('Ctrl Pts',(2.45185859500581,15.2702779895981,15.25));
#6873=CARTESIAN_POINT('Ctrl Pts',(2.45185859500581,15.2702779895981,16.));
#6874=CARTESIAN_POINT('Ctrl Pts',(2.40893639624119,15.2459066953774,15.25));
#6875=CARTESIAN_POINT('Ctrl Pts',(2.40893639624119,15.2459066953774,16.));
#6876=CARTESIAN_POINT('',(2.68826760351658,15.3294676389809,16.));
#6877=CARTESIAN_POINT('Ctrl Pts',(2.68826760351658,15.3294676389809,16.));
#6878=CARTESIAN_POINT('Ctrl Pts',(2.63803801852125,15.3261228755437,16.));
#6879=CARTESIAN_POINT('Ctrl Pts',(2.53854303072429,15.3194975530888,16.));
#6880=CARTESIAN_POINT('Ctrl Pts',(2.45185859500581,15.2702779895981,16.));
#6881=CARTESIAN_POINT('Ctrl Pts',(2.40893639624119,15.2459066953774,16.));
#6882=CARTESIAN_POINT('',(2.68826760351658,15.3294676389809,16.));
#6883=CARTESIAN_POINT('Ctrl Pts',(2.89239443838596,15.2769437279816,15.25));
#6884=CARTESIAN_POINT('Ctrl Pts',(2.89239443838596,15.2769437279816,16.));
#6885=CARTESIAN_POINT('Ctrl Pts',(2.86343631601358,15.292230543671,15.25));
#6886=CARTESIAN_POINT('Ctrl Pts',(2.86343631601358,15.292230543671,16.));
#6887=CARTESIAN_POINT('Ctrl Pts',(2.79977522394472,15.3258368448159,15.25));
#6888=CARTESIAN_POINT('Ctrl Pts',(2.79977522394472,15.3258368448159,16.));
#6889=CARTESIAN_POINT('Ctrl Pts',(2.72760763790715,15.3281866900487,15.25));
#6890=CARTESIAN_POINT('Ctrl Pts',(2.72760763790715,15.3281866900487,16.));
#6891=CARTESIAN_POINT('Ctrl Pts',(2.68826760351658,15.3294676389809,15.25));
#6892=CARTESIAN_POINT('Ctrl Pts',(2.68826760351658,15.3294676389809,16.));
#6893=CARTESIAN_POINT('',(2.89239443838596,15.2769437279816,16.));
#6894=CARTESIAN_POINT('Ctrl Pts',(2.89239443838596,15.2769437279816,16.));
#6895=CARTESIAN_POINT('Ctrl Pts',(2.86343631601358,15.292230543671,16.));
#6896=CARTESIAN_POINT('Ctrl Pts',(2.79977522394472,15.3258368448159,16.));
#6897=CARTESIAN_POINT('Ctrl Pts',(2.72760763790715,15.3281866900487,16.));
#6898=CARTESIAN_POINT('Ctrl Pts',(2.68826760351658,15.3294676389809,16.));
#6899=CARTESIAN_POINT('',(2.89239443838596,15.2769437279816,16.));
#6900=CARTESIAN_POINT('Ctrl Pts',(3.00341166555882,15.1169848289605,15.25));
#6901=CARTESIAN_POINT('Ctrl Pts',(3.00341166555882,15.1169848289605,16.));
#6902=CARTESIAN_POINT('Ctrl Pts',(2.99061633603086,15.1499374090384,15.25));
#6903=CARTESIAN_POINT('Ctrl Pts',(2.99061633603086,15.1499374090384,16.));
#6904=CARTESIAN_POINT('Ctrl Pts',(2.9663977463458,15.2123089965952,15.25));
#6905=CARTESIAN_POINT('Ctrl Pts',(2.9663977463458,15.2123089965952,16.));
#6906=CARTESIAN_POINT('Ctrl Pts',(2.91611259676033,15.2562282108275,15.25));
#6907=CARTESIAN_POINT('Ctrl Pts',(2.91611259676033,15.2562282108275,16.));
#6908=CARTESIAN_POINT('Ctrl Pts',(2.89239443838596,15.2769437279816,15.25));
#6909=CARTESIAN_POINT('Ctrl Pts',(2.89239443838596,15.2769437279816,16.));
#6910=CARTESIAN_POINT('',(3.00341166555882,15.1169848289605,16.));
#6911=CARTESIAN_POINT('Ctrl Pts',(3.00341166555882,15.1169848289605,16.));
#6912=CARTESIAN_POINT('Ctrl Pts',(2.99061633603086,15.1499374090384,16.));
#6913=CARTESIAN_POINT('Ctrl Pts',(2.9663977463458,15.2123089965952,16.));
#6914=CARTESIAN_POINT('Ctrl Pts',(2.91611259676033,15.2562282108275,16.));
#6915=CARTESIAN_POINT('Ctrl Pts',(2.89239443838596,15.2769437279816,16.));
#6916=CARTESIAN_POINT('',(3.00341166555882,15.1169848289605,16.));
#6917=CARTESIAN_POINT('Ctrl Pts',(3.03922213613987,14.6394949998971,15.25));
#6918=CARTESIAN_POINT('Ctrl Pts',(3.03922213613987,14.6394949998971,16.));
#6919=CARTESIAN_POINT('Ctrl Pts',(3.04023130440224,14.7413286807096,15.25));
#6920=CARTESIAN_POINT('Ctrl Pts',(3.04023130440224,14.7413286807096,16.));
#6921=CARTESIAN_POINT('Ctrl Pts',(3.04182092967305,14.9017354220579,15.25));
#6922=CARTESIAN_POINT('Ctrl Pts',(3.04182092967305,14.9017354220579,16.));
#6923=CARTESIAN_POINT('Ctrl Pts',(3.01368543570903,15.0594095803196,15.25));
#6924=CARTESIAN_POINT('Ctrl Pts',(3.01368543570903,15.0594095803196,16.));
#6925=CARTESIAN_POINT('Ctrl Pts',(3.00341166555882,15.1169848289605,15.25));
#6926=CARTESIAN_POINT('Ctrl Pts',(3.00341166555882,15.1169848289605,16.));
#6927=CARTESIAN_POINT('',(3.03922213613987,14.6394949998971,16.));
#6928=CARTESIAN_POINT('Ctrl Pts',(3.03922213613987,14.6394949998971,16.));
#6929=CARTESIAN_POINT('Ctrl Pts',(3.04023130440224,14.7413286807096,16.));
#6930=CARTESIAN_POINT('Ctrl Pts',(3.04182092967305,14.9017354220579,16.));
#6931=CARTESIAN_POINT('Ctrl Pts',(3.01368543570903,15.0594095803196,16.));
#6932=CARTESIAN_POINT('Ctrl Pts',(3.00341166555882,15.1169848289605,16.));
#6933=CARTESIAN_POINT('',(3.03922213613987,14.6394949998971,16.));
#6934=CARTESIAN_POINT('Origin',(3.03922213613987,13.9447474327202,16.));
#6935=CARTESIAN_POINT('',(3.03922213613987,13.2499998655434,16.));
#6936=CARTESIAN_POINT('',(3.03922213613987,14.4723737163609,16.));
#6937=CARTESIAN_POINT('',(3.03922213613987,13.2499998655434,16.));
#6938=CARTESIAN_POINT('Origin',(3.37465800344944,13.2499998655434,16.));
#6939=CARTESIAN_POINT('',(3.71009387075901,13.2499998655434,16.));
#6940=CARTESIAN_POINT('',(12.9373290017247,13.2499998655434,16.));
#6941=CARTESIAN_POINT('',(3.71009387075901,13.2499998655434,16.));
#6942=CARTESIAN_POINT('Origin',(3.71009387075901,13.8587993230935,16.));
#6943=CARTESIAN_POINT('',(3.71009387075901,14.4675987806435,16.));
#6944=CARTESIAN_POINT('',(3.71009387075901,14.4293996615475,16.));
#6945=CARTESIAN_POINT('',(3.71009387075901,14.4675987806435,16.));
#6946=CARTESIAN_POINT('Ctrl Pts',(3.76500643789768,14.9916434135552,15.25));
#6947=CARTESIAN_POINT('Ctrl Pts',(3.76500643789768,14.9916434135552,16.));
#6948=CARTESIAN_POINT('Ctrl Pts',(3.74910959600299,14.9205737438622,15.25));
#6949=CARTESIAN_POINT('Ctrl Pts',(3.74910959600299,14.9205737438622,16.));
#6950=CARTESIAN_POINT('Ctrl Pts',(3.71056979054266,14.7482746631867,15.25));
#6951=CARTESIAN_POINT('Ctrl Pts',(3.71056979054266,14.7482746631867,16.));
#6952=CARTESIAN_POINT('Ctrl Pts',(3.71027000260941,14.5714733499603,15.25));
#6953=CARTESIAN_POINT('Ctrl Pts',(3.71027000260941,14.5714733499603,16.));
#6954=CARTESIAN_POINT('Ctrl Pts',(3.71009387075901,14.4675987806435,15.25));
#6955=CARTESIAN_POINT('Ctrl Pts',(3.71009387075901,14.4675987806435,16.));
#6956=CARTESIAN_POINT('',(3.76500643789768,14.9916434135552,16.));
#6957=CARTESIAN_POINT('Ctrl Pts',(3.76500643789768,14.9916434135552,16.));
#6958=CARTESIAN_POINT('Ctrl Pts',(3.74910959600299,14.9205737438622,16.));
#6959=CARTESIAN_POINT('Ctrl Pts',(3.71056979054266,14.7482746631867,16.));
#6960=CARTESIAN_POINT('Ctrl Pts',(3.71027000260941,14.5714733499603,16.));
#6961=CARTESIAN_POINT('Ctrl Pts',(3.71009387075901,14.4675987806435,16.));
#6962=CARTESIAN_POINT('',(3.76500643789768,14.9916434135552,16.));
#6963=CARTESIAN_POINT('Ctrl Pts',(3.94406594336033,15.2435195293541,15.25));
#6964=CARTESIAN_POINT('Ctrl Pts',(3.94406594336033,15.2435195293541,16.));
#6965=CARTESIAN_POINT('Ctrl Pts',(3.90524351288528,15.2105189720251,15.25));
#6966=CARTESIAN_POINT('Ctrl Pts',(3.90524351288528,15.2105189720251,16.));
#6967=CARTESIAN_POINT('Ctrl Pts',(3.82440784411541,15.1418055481402,15.25));
#6968=CARTESIAN_POINT('Ctrl Pts',(3.82440784411541,15.1418055481402,16.));
#6969=CARTESIAN_POINT('Ctrl Pts',(3.78532119277912,15.0429975337824,15.25));
#6970=CARTESIAN_POINT('Ctrl Pts',(3.78532119277912,15.0429975337824,16.));
#6971=CARTESIAN_POINT('Ctrl Pts',(3.76500643789768,14.9916434135552,15.25));
#6972=CARTESIAN_POINT('Ctrl Pts',(3.76500643789768,14.9916434135552,16.));
#6973=CARTESIAN_POINT('',(3.94406594336033,15.2435195293541,16.));
#6974=CARTESIAN_POINT('Ctrl Pts',(3.94406594336033,15.2435195293541,16.));
#6975=CARTESIAN_POINT('Ctrl Pts',(3.90524351288528,15.2105189720251,16.));
#6976=CARTESIAN_POINT('Ctrl Pts',(3.82440784411541,15.1418055481402,16.));
#6977=CARTESIAN_POINT('Ctrl Pts',(3.78532119277912,15.0429975337824,16.));
#6978=CARTESIAN_POINT('Ctrl Pts',(3.76500643789768,14.9916434135552,16.));
#6979=CARTESIAN_POINT('',(3.94406594336033,15.2435195293541,16.));
#6980=CARTESIAN_POINT('Ctrl Pts',(4.2090729624033,15.3294676389809,15.25));
#6981=CARTESIAN_POINT('Ctrl Pts',(4.2090729624033,15.3294676389809,16.));
#6982=CARTESIAN_POINT('Ctrl Pts',(4.16244603850448,15.3256272542571,15.25));
#6983=CARTESIAN_POINT('Ctrl Pts',(4.16244603850448,15.3256272542571,16.));
#6984=CARTESIAN_POINT('Ctrl Pts',(4.0674237530996,15.3178008290337,15.25));
#6985=CARTESIAN_POINT('Ctrl Pts',(4.0674237530996,15.3178008290337,16.));
#6986=CARTESIAN_POINT('Ctrl Pts',(3.985692241975,15.2685852756452,15.25));
#6987=CARTESIAN_POINT('Ctrl Pts',(3.985692241975,15.2685852756452,16.));
#6988=CARTESIAN_POINT('Ctrl Pts',(3.94406594336033,15.2435195293541,15.25));
#6989=CARTESIAN_POINT('Ctrl Pts',(3.94406594336033,15.2435195293541,16.));
#6990=CARTESIAN_POINT('',(4.2090729624033,15.3294676389809,16.));
#6991=CARTESIAN_POINT('Ctrl Pts',(4.2090729624033,15.3294676389809,16.));
#6992=CARTESIAN_POINT('Ctrl Pts',(4.16244603850448,15.3256272542571,16.));
#6993=CARTESIAN_POINT('Ctrl Pts',(4.0674237530996,15.3178008290337,16.));
#6994=CARTESIAN_POINT('Ctrl Pts',(3.985692241975,15.2685852756452,16.));
#6995=CARTESIAN_POINT('Ctrl Pts',(3.94406594336033,15.2435195293541,16.));
#6996=CARTESIAN_POINT('',(4.2090729624033,15.3294676389809,16.));
#6997=CARTESIAN_POINT('Ctrl Pts',(4.4955662637949,15.1862206902619,15.25));
#6998=CARTESIAN_POINT('Ctrl Pts',(4.4955662637949,15.1862206902619,16.));
#6999=CARTESIAN_POINT('Ctrl Pts',(4.45922567637397,15.2279850877518,15.25));
#7000=CARTESIAN_POINT('Ctrl Pts',(4.45922567637397,15.2279850877518,16.));
#7001=CARTESIAN_POINT('Ctrl Pts',(4.38372957611831,15.3147489340124,15.25));
#7002=CARTESIAN_POINT('Ctrl Pts',(4.38372957611831,15.3147489340124,16.));
#7003=CARTESIAN_POINT('Ctrl Pts',(4.26872122286515,15.3244409461524,15.25));
#7004=CARTESIAN_POINT('Ctrl Pts',(4.26872122286515,15.3244409461524,16.));
#7005=CARTESIAN_POINT('Ctrl Pts',(4.2090729624033,15.3294676389809,15.25));
#7006=CARTESIAN_POINT('Ctrl Pts',(4.2090729624033,15.3294676389809,16.));
#7007=CARTESIAN_POINT('',(4.4955662637949,15.1862206902619,16.));
#7008=CARTESIAN_POINT('Ctrl Pts',(4.4955662637949,15.1862206902619,16.));
#7009=CARTESIAN_POINT('Ctrl Pts',(4.45922567637397,15.2279850877518,16.));
#7010=CARTESIAN_POINT('Ctrl Pts',(4.38372957611831,15.3147489340124,16.));
#7011=CARTESIAN_POINT('Ctrl Pts',(4.26872122286515,15.3244409461524,16.));
#7012=CARTESIAN_POINT('Ctrl Pts',(4.2090729624033,15.3294676389809,16.));
#7013=CARTESIAN_POINT('',(4.4955662637949,15.1862206902619,16.));
#7014=CARTESIAN_POINT('Ctrl Pts',(4.5648006349802,14.6991813030358,15.25));
#7015=CARTESIAN_POINT('Ctrl Pts',(4.5648006349802,14.6991813030358,16.));
#7016=CARTESIAN_POINT('Ctrl Pts',(4.56639354281766,14.8039071853748,15.25));
#7017=CARTESIAN_POINT('Ctrl Pts',(4.56639354281766,14.8039071853748,16.));
#7018=CARTESIAN_POINT('Ctrl Pts',(4.56893006820113,14.9706712960238,15.25));
#7019=CARTESIAN_POINT('Ctrl Pts',(4.56893006820113,14.9706712960238,16.));
#7020=CARTESIAN_POINT('Ctrl Pts',(4.51545837009133,15.1277759095281,15.25));
#7021=CARTESIAN_POINT('Ctrl Pts',(4.51545837009133,15.1277759095281,16.));
#7022=CARTESIAN_POINT('Ctrl Pts',(4.4955662637949,15.1862206902619,15.25));
#7023=CARTESIAN_POINT('Ctrl Pts',(4.4955662637949,15.1862206902619,16.));
#7024=CARTESIAN_POINT('',(4.5648006349802,14.6991813030358,16.));
#7025=CARTESIAN_POINT('Ctrl Pts',(4.5648006349802,14.6991813030358,16.));
#7026=CARTESIAN_POINT('Ctrl Pts',(4.56639354281766,14.8039071853748,16.));
#7027=CARTESIAN_POINT('Ctrl Pts',(4.56893006820113,14.9706712960238,16.));
#7028=CARTESIAN_POINT('Ctrl Pts',(4.51545837009133,15.1277759095281,16.));
#7029=CARTESIAN_POINT('Ctrl Pts',(4.4955662637949,15.1862206902619,16.));
#7030=CARTESIAN_POINT('',(4.5648006349802,14.6991813030358,16.));
#7031=CARTESIAN_POINT('Origin',(4.5648006349802,13.9745905842896,16.));
#7032=CARTESIAN_POINT('',(4.5648006349802,13.2499998655434,16.));
#7033=CARTESIAN_POINT('',(4.5648006349802,14.4872952921455,16.));
#7034=CARTESIAN_POINT('',(4.5648006349802,13.2499998655434,16.));
#7035=CARTESIAN_POINT('Origin',(4.90023769438267,13.2499998655434,16.));
#7036=CARTESIAN_POINT('',(5.23567475378513,13.2499998655434,16.));
#7037=CARTESIAN_POINT('',(13.7001188471913,13.2499998655434,16.));
#7038=CARTESIAN_POINT('',(5.23567475378513,13.2499998655434,16.));
#7039=CARTESIAN_POINT('Origin',(5.23567475378513,14.0605386939164,16.));
#7040=CARTESIAN_POINT('',(5.23567475378513,14.8710775222893,16.));
#7041=CARTESIAN_POINT('',(5.23567475378513,14.5302693469589,16.));
#7042=CARTESIAN_POINT('',(5.23567475378513,14.8710775222893,16.));
#7043=CARTESIAN_POINT('Ctrl Pts',(5.16644038259983,15.3963160362359,15.25));
#7044=CARTESIAN_POINT('Ctrl Pts',(5.16644038259983,15.3963160362359,16.));
#7045=CARTESIAN_POINT('Ctrl Pts',(5.18647887331161,15.3258940178151,15.25));
#7046=CARTESIAN_POINT('Ctrl Pts',(5.18647887331161,15.3258940178151,16.));
#7047=CARTESIAN_POINT('Ctrl Pts',(5.23521296329127,15.1546259801356,15.25));
#7048=CARTESIAN_POINT('Ctrl Pts',(5.23521296329127,15.1546259801356,16.));
#7049=CARTESIAN_POINT('Ctrl Pts',(5.23550361329514,14.9761611536258,15.25));
#7050=CARTESIAN_POINT('Ctrl Pts',(5.23550361329514,14.9761611536258,16.));
#7051=CARTESIAN_POINT('Ctrl Pts',(5.23567475378513,14.8710775222893,15.25));
#7052=CARTESIAN_POINT('Ctrl Pts',(5.23567475378513,14.8710775222893,16.));
#7053=CARTESIAN_POINT('',(5.16644038259983,15.3963160362359,16.));
#7054=CARTESIAN_POINT('Ctrl Pts',(5.16644038259983,15.3963160362359,16.));
#7055=CARTESIAN_POINT('Ctrl Pts',(5.18647887331161,15.3258940178151,16.));
#7056=CARTESIAN_POINT('Ctrl Pts',(5.23521296329127,15.1546259801356,16.));
#7057=CARTESIAN_POINT('Ctrl Pts',(5.23550361329514,14.9761611536258,16.));
#7058=CARTESIAN_POINT('Ctrl Pts',(5.23567475378513,14.8710775222893,16.));
#7059=CARTESIAN_POINT('',(5.16644038259983,15.3963160362359,16.));
#7060=CARTESIAN_POINT('Ctrl Pts',(4.87755812704563,15.7293653335686,15.25));
#7061=CARTESIAN_POINT('Ctrl Pts',(4.87755812704563,15.7293653335686,16.));
#7062=CARTESIAN_POINT('Ctrl Pts',(4.93821179209861,15.6865054731912,15.25));
#7063=CARTESIAN_POINT('Ctrl Pts',(4.93821179209861,15.6865054731912,16.));
#7064=CARTESIAN_POINT('Ctrl Pts',(5.06171854032393,15.5992315717709,15.25));
#7065=CARTESIAN_POINT('Ctrl Pts',(5.06171854032393,15.5992315717709,16.));
#7066=CARTESIAN_POINT('Ctrl Pts',(5.13112112622809,15.464752817576,15.25));
#7067=CARTESIAN_POINT('Ctrl Pts',(5.13112112622809,15.464752817576,16.));
#7068=CARTESIAN_POINT('Ctrl Pts',(5.16644038259983,15.3963160362359,15.25));
#7069=CARTESIAN_POINT('Ctrl Pts',(5.16644038259983,15.3963160362359,16.));
#7070=CARTESIAN_POINT('',(4.87755812704563,15.7293653335686,16.));
#7071=CARTESIAN_POINT('Ctrl Pts',(4.87755812704563,15.7293653335686,16.));
#7072=CARTESIAN_POINT('Ctrl Pts',(4.93821179209861,15.6865054731912,16.));
#7073=CARTESIAN_POINT('Ctrl Pts',(5.06171854032393,15.5992315717709,16.));
#7074=CARTESIAN_POINT('Ctrl Pts',(5.13112112622809,15.464752817576,16.));
#7075=CARTESIAN_POINT('Ctrl Pts',(5.16644038259983,15.3963160362359,16.));
#7076=CARTESIAN_POINT('',(4.87755812704563,15.7293653335686,16.));
#7077=CARTESIAN_POINT('Ctrl Pts',(4.40484322607517,15.8427691307183,15.25));
#7078=CARTESIAN_POINT('Ctrl Pts',(4.40484322607517,15.8427691307183,16.));
#7079=CARTESIAN_POINT('Ctrl Pts',(4.49225862474869,15.8392347962571,15.25));
#7080=CARTESIAN_POINT('Ctrl Pts',(4.49225862474869,15.8392347962571,16.));
#7081=CARTESIAN_POINT('Ctrl Pts',(4.6575513759337,15.832551764714,15.25));
#7082=CARTESIAN_POINT('Ctrl Pts',(4.6575513759337,15.832551764714,16.));
#7083=CARTESIAN_POINT('Ctrl Pts',(4.80709904078954,15.7624116906271,15.25));
#7084=CARTESIAN_POINT('Ctrl Pts',(4.80709904078954,15.7624116906271,16.));
#7085=CARTESIAN_POINT('Ctrl Pts',(4.87755812704563,15.7293653335686,15.25));
#7086=CARTESIAN_POINT('Ctrl Pts',(4.87755812704563,15.7293653335686,16.));
#7087=CARTESIAN_POINT('',(4.40484322607517,15.8427691307183,16.));
#7088=CARTESIAN_POINT('Ctrl Pts',(4.40484322607517,15.8427691307183,16.));
#7089=CARTESIAN_POINT('Ctrl Pts',(4.49225862474869,15.8392347962571,16.));
#7090=CARTESIAN_POINT('Ctrl Pts',(4.6575513759337,15.832551764714,16.));
#7091=CARTESIAN_POINT('Ctrl Pts',(4.80709904078954,15.7624116906271,16.));
#7092=CARTESIAN_POINT('Ctrl Pts',(4.87755812704563,15.7293653335686,16.));
#7093=CARTESIAN_POINT('',(4.40484322607517,15.8427691307183,16.));
#7094=CARTESIAN_POINT('Ctrl Pts',(3.991814032197,15.7424962368126,15.25));
#7095=CARTESIAN_POINT('Ctrl Pts',(3.991814032197,15.7424962368126,16.));
#7096=CARTESIAN_POINT('Ctrl Pts',(4.05744847104849,15.771742458706,15.25));
#7097=CARTESIAN_POINT('Ctrl Pts',(4.05744847104849,15.771742458706,16.));
#7098=CARTESIAN_POINT('Ctrl Pts',(4.1890012359179,15.8303614005204,15.25));
#7099=CARTESIAN_POINT('Ctrl Pts',(4.1890012359179,15.8303614005204,16.));
#7100=CARTESIAN_POINT('Ctrl Pts',(4.33279246354779,15.8386272748109,15.25));
#7101=CARTESIAN_POINT('Ctrl Pts',(4.33279246354779,15.8386272748109,16.));
#7102=CARTESIAN_POINT('Ctrl Pts',(4.40484322607517,15.8427691307183,15.25));
#7103=CARTESIAN_POINT('Ctrl Pts',(4.40484322607517,15.8427691307183,16.));
#7104=CARTESIAN_POINT('',(3.991814032197,15.7424962368126,16.));
#7105=CARTESIAN_POINT('Ctrl Pts',(3.991814032197,15.7424962368126,16.));
#7106=CARTESIAN_POINT('Ctrl Pts',(4.05744847104849,15.771742458706,16.));
#7107=CARTESIAN_POINT('Ctrl Pts',(4.1890012359179,15.8303614005204,16.));
#7108=CARTESIAN_POINT('Ctrl Pts',(4.33279246354779,15.8386272748109,16.));
#7109=CARTESIAN_POINT('Ctrl Pts',(4.40484322607517,15.8427691307183,16.));
#7110=CARTESIAN_POINT('',(3.991814032197,15.7424962368126,16.));
#7111=CARTESIAN_POINT('Ctrl Pts',(3.63131083548069,15.4392903890725,15.25));
#7112=CARTESIAN_POINT('Ctrl Pts',(3.63131083548069,15.4392903890725,16.));
#7113=CARTESIAN_POINT('Ctrl Pts',(3.68640298275,15.5017467328539,15.25));
#7114=CARTESIAN_POINT('Ctrl Pts',(3.68640298275,15.5017467328539,16.));
#7115=CARTESIAN_POINT('Ctrl Pts',(3.79150917963933,15.6209025307645,15.25));
#7116=CARTESIAN_POINT('Ctrl Pts',(3.79150917963933,15.6209025307645,16.));
#7117=CARTESIAN_POINT('Ctrl Pts',(3.9272315095387,15.7032918532159,15.25));
#7118=CARTESIAN_POINT('Ctrl Pts',(3.9272315095387,15.7032918532159,16.));
#7119=CARTESIAN_POINT('Ctrl Pts',(3.991814032197,15.7424962368126,15.25));
#7120=CARTESIAN_POINT('Ctrl Pts',(3.991814032197,15.7424962368126,16.));
#7121=CARTESIAN_POINT('',(3.63131083548069,15.4392903890725,16.));
#7122=CARTESIAN_POINT('Ctrl Pts',(3.63131083548069,15.4392903890725,16.));
#7123=CARTESIAN_POINT('Ctrl Pts',(3.68640298275,15.5017467328539,16.));
#7124=CARTESIAN_POINT('Ctrl Pts',(3.79150917963933,15.6209025307645,16.));
#7125=CARTESIAN_POINT('Ctrl Pts',(3.9272315095387,15.7032918532159,16.));
#7126=CARTESIAN_POINT('Ctrl Pts',(3.991814032197,15.7424962368126,16.));
#7127=CARTESIAN_POINT('',(3.63131083548069,15.4392903890725,16.));
#7128=CARTESIAN_POINT('Ctrl Pts',(3.33765305578709,15.7424962368126,15.25));
#7129=CARTESIAN_POINT('Ctrl Pts',(3.33765305578709,15.7424962368126,16.));
#7130=CARTESIAN_POINT('Ctrl Pts',(3.39524770452092,15.7037232519718,15.25));
#7131=CARTESIAN_POINT('Ctrl Pts',(3.39524770452092,15.7037232519718,16.));
#7132=CARTESIAN_POINT('Ctrl Pts',(3.51443875808079,15.6234832815156,15.25));
#7133=CARTESIAN_POINT('Ctrl Pts',(3.51443875808079,15.6234832815156,16.));
#7134=CARTESIAN_POINT('Ctrl Pts',(3.59149114966478,15.5020470651732,15.25));
#7135=CARTESIAN_POINT('Ctrl Pts',(3.59149114966478,15.5020470651732,16.));
#7136=CARTESIAN_POINT('Ctrl Pts',(3.63131083548069,15.4392903890725,15.25));
#7137=CARTESIAN_POINT('Ctrl Pts',(3.63131083548069,15.4392903890725,16.));
#7138=CARTESIAN_POINT('',(3.33765305578709,15.7424962368126,16.));
#7139=CARTESIAN_POINT('Ctrl Pts',(3.33765305578709,15.7424962368126,16.));
#7140=CARTESIAN_POINT('Ctrl Pts',(3.39524770452092,15.7037232519718,16.));
#7141=CARTESIAN_POINT('Ctrl Pts',(3.51443875808079,15.6234832815156,16.));
#7142=CARTESIAN_POINT('Ctrl Pts',(3.59149114966478,15.5020470651732,16.));
#7143=CARTESIAN_POINT('Ctrl Pts',(3.63131083548069,15.4392903890725,16.));
#7144=CARTESIAN_POINT('',(3.33765305578709,15.7424962368126,16.));
#7145=CARTESIAN_POINT('Ctrl Pts',(2.9150751978159,15.8427691307183,15.25));
#7146=CARTESIAN_POINT('Ctrl Pts',(2.9150751978159,15.8427691307183,16.));
#7147=CARTESIAN_POINT('Ctrl Pts',(2.99208857073504,15.839392443964,15.25));
#7148=CARTESIAN_POINT('Ctrl Pts',(2.99208857073504,15.839392443964,16.));
#7149=CARTESIAN_POINT('Ctrl Pts',(3.13951099584489,15.8329286399351,15.25));
#7150=CARTESIAN_POINT('Ctrl Pts',(3.13951099584489,15.8329286399351,16.));
#7151=CARTESIAN_POINT('Ctrl Pts',(3.2736081582703,15.7717264466523,15.25));
#7152=CARTESIAN_POINT('Ctrl Pts',(3.2736081582703,15.7717264466523,16.));
#7153=CARTESIAN_POINT('Ctrl Pts',(3.33765305578709,15.7424962368126,15.25));
#7154=CARTESIAN_POINT('Ctrl Pts',(3.33765305578709,15.7424962368126,16.));
#7155=CARTESIAN_POINT('',(2.9150751978159,15.8427691307183,16.));
#7156=CARTESIAN_POINT('Ctrl Pts',(2.9150751978159,15.8427691307183,16.));
#7157=CARTESIAN_POINT('Ctrl Pts',(2.99208857073504,15.839392443964,16.));
#7158=CARTESIAN_POINT('Ctrl Pts',(3.13951099584489,15.8329286399351,16.));
#7159=CARTESIAN_POINT('Ctrl Pts',(3.2736081582703,15.7717264466523,16.));
#7160=CARTESIAN_POINT('Ctrl Pts',(3.33765305578709,15.7424962368126,16.));
#7161=CARTESIAN_POINT('',(2.9150751978159,15.8427691307183,16.));
#7162=CARTESIAN_POINT('Ctrl Pts',(2.12482966482639,15.4392903890725,15.25));
#7163=CARTESIAN_POINT('Ctrl Pts',(2.12482966482639,15.4392903890725,16.));
#7164=CARTESIAN_POINT('Ctrl Pts',(2.23762135163282,15.5569218507331,15.25));
#7165=CARTESIAN_POINT('Ctrl Pts',(2.23762135163282,15.5569218507331,16.));
#7166=CARTESIAN_POINT('Ctrl Pts',(2.45498943108917,15.7836169701058,15.25));
#7167=CARTESIAN_POINT('Ctrl Pts',(2.45498943108917,15.7836169701058,16.));
#7168=CARTESIAN_POINT('Ctrl Pts',(2.76562672467058,15.823554886927,15.25));
#7169=CARTESIAN_POINT('Ctrl Pts',(2.76562672467058,15.823554886927,16.));
#7170=CARTESIAN_POINT('Ctrl Pts',(2.9150751978159,15.8427691307183,15.25));
#7171=CARTESIAN_POINT('Ctrl Pts',(2.9150751978159,15.8427691307183,16.));
#7172=CARTESIAN_POINT('',(2.12482966482639,15.4392903890725,16.));
#7173=CARTESIAN_POINT('Ctrl Pts',(2.12482966482639,15.4392903890725,16.));
#7174=CARTESIAN_POINT('Ctrl Pts',(2.23762135163282,15.5569218507331,16.));
#7175=CARTESIAN_POINT('Ctrl Pts',(2.45498943108917,15.7836169701058,16.));
#7176=CARTESIAN_POINT('Ctrl Pts',(2.76562672467058,15.823554886927,16.));
#7177=CARTESIAN_POINT('Ctrl Pts',(2.9150751978159,15.8427691307183,16.));
#7178=CARTESIAN_POINT('',(2.12482966482639,15.4392903890725,16.));
#7179=CARTESIAN_POINT('Origin',(2.12482966482639,15.6123803403492,16.));
#7180=CARTESIAN_POINT('',(2.12482966482639,15.785470291626,16.));
#7181=CARTESIAN_POINT('',(2.12482966482639,15.3061901701754,16.));
#7182=CARTESIAN_POINT('',(2.12482966482639,15.785470291626,16.));
#7183=CARTESIAN_POINT('Origin',(1.81565560400486,15.785470291626,16.));
#7184=CARTESIAN_POINT('',(1.50648154318333,15.785470291626,16.));
#7185=CARTESIAN_POINT('',(12.1578278020024,15.7854702916261,16.));
#7186=CARTESIAN_POINT('',(1.50648154318333,15.785470291626,16.));
#7187=CARTESIAN_POINT('Origin',(1.50648154318333,14.5177350785847,16.));
#7188=CARTESIAN_POINT('',(1.50648154318333,14.7588675392931,16.));
#7189=CARTESIAN_POINT('Origin',(22.5,15.0000000000015,15.25));
#7190=CARTESIAN_POINT('',(-10.1872440427542,16.7643245902176,15.25));
#7191=CARTESIAN_POINT('',(-9.64290581643581,16.7643245902176,15.25));
#7192=CARTESIAN_POINT('',(-10.1872440427542,16.7643245902176,15.25));
#7193=CARTESIAN_POINT('',(-10.6098224967718,16.2044679966087,15.25));
#7194=CARTESIAN_POINT('Ctrl Pts',(-10.6098224967718,16.2044679966087,15.25));
#7195=CARTESIAN_POINT('Ctrl Pts',(-10.5159980161638,16.2856787239219,15.25));
#7196=CARTESIAN_POINT('Ctrl Pts',(-10.3350053406937,16.4423387631571,15.25));
#7197=CARTESIAN_POINT('Ctrl Pts',(-10.2352752323752,16.6596600905787,15.25));
#7198=CARTESIAN_POINT('Ctrl Pts',(-10.1872440427542,16.7643245902176,15.25));
#7199=CARTESIAN_POINT('',(-11.1804225295782,15.8785810914154,15.25));
#7200=CARTESIAN_POINT('Ctrl Pts',(-11.1804225295782,15.8785810914154,15.25));
#7201=CARTESIAN_POINT('Ctrl Pts',(-11.087199180111,15.9166717443958,15.25));
#7202=CARTESIAN_POINT('Ctrl Pts',(-10.8828846701409,16.0001537598201,15.25));
#7203=CARTESIAN_POINT('Ctrl Pts',(-10.7059995682985,16.1325050999428,15.25));
#7204=CARTESIAN_POINT('Ctrl Pts',(-10.6098224967718,16.2044679966087,15.25));
#7205=CARTESIAN_POINT('',(-11.1804225295782,15.2697816338654,15.25));
#7206=CARTESIAN_POINT('',(-11.1804225295782,15.2697816338654,15.25));
#7207=CARTESIAN_POINT('',(-10.3137787431479,15.7783081975098,15.25));
#7208=CARTESIAN_POINT('Ctrl Pts',(-10.3137787431479,15.7783081975098,15.25));
#7209=CARTESIAN_POINT('Ctrl Pts',(-10.4427120234437,15.6708744997593,15.25));
#7210=CARTESIAN_POINT('Ctrl Pts',(-10.703480484038,15.453589095137,15.25));
#7211=CARTESIAN_POINT('Ctrl Pts',(-11.0202667540924,15.3315036539206,15.25));
#7212=CARTESIAN_POINT('Ctrl Pts',(-11.1804225295782,15.2697816338654,15.25));
#7213=CARTESIAN_POINT('',(-10.3137787431479,13.2499998655434,15.25));
#7214=CARTESIAN_POINT('',(-10.3137787431479,13.2499998655434,15.25));
#7215=CARTESIAN_POINT('',(-9.64290581643581,13.2499998655434,15.25));
#7216=CARTESIAN_POINT('',(-9.64290581643581,13.2499998655434,15.25));
#7217=CARTESIAN_POINT('',(-9.64290581643581,16.7643245902176,15.25));
#7218=CARTESIAN_POINT('Origin',(-9.91507492959499,16.7643245902176,16.));
#7219=CARTESIAN_POINT('',(-9.64290581643581,16.7643245902176,16.));
#7220=CARTESIAN_POINT('',(-9.64290581643581,16.7643245902176,16.));
#7221=CARTESIAN_POINT('',(-10.1872440427542,16.7643245902176,16.));
#7222=CARTESIAN_POINT('',(6.2924625352025,16.7643245902177,16.));
#7223=CARTESIAN_POINT('',(-10.1872440427542,16.7643245902176,16.));
#7224=CARTESIAN_POINT('Ctrl Pts',(-10.6098224967718,16.2044679966087,15.25));
#7225=CARTESIAN_POINT('Ctrl Pts',(-10.6098224967718,16.2044679966087,16.));
#7226=CARTESIAN_POINT('Ctrl Pts',(-10.5159980161638,16.2856787239219,15.25));
#7227=CARTESIAN_POINT('Ctrl Pts',(-10.5159980161638,16.2856787239219,16.));
#7228=CARTESIAN_POINT('Ctrl Pts',(-10.3350053406937,16.4423387631571,15.25));
#7229=CARTESIAN_POINT('Ctrl Pts',(-10.3350053406937,16.4423387631571,16.));
#7230=CARTESIAN_POINT('Ctrl Pts',(-10.2352752323752,16.6596600905787,15.25));
#7231=CARTESIAN_POINT('Ctrl Pts',(-10.2352752323752,16.6596600905787,16.));
#7232=CARTESIAN_POINT('Ctrl Pts',(-10.1872440427542,16.7643245902176,15.25));
#7233=CARTESIAN_POINT('Ctrl Pts',(-10.1872440427542,16.7643245902176,16.));
#7234=CARTESIAN_POINT('',(-10.6098224967718,16.2044679966087,16.));
#7235=CARTESIAN_POINT('Ctrl Pts',(-10.6098224967718,16.2044679966087,16.));
#7236=CARTESIAN_POINT('Ctrl Pts',(-10.5159980161638,16.2856787239219,16.));
#7237=CARTESIAN_POINT('Ctrl Pts',(-10.3350053406937,16.4423387631571,16.));
#7238=CARTESIAN_POINT('Ctrl Pts',(-10.2352752323752,16.6596600905787,16.));
#7239=CARTESIAN_POINT('Ctrl Pts',(-10.1872440427542,16.7643245902176,16.));
#7240=CARTESIAN_POINT('',(-10.6098224967718,16.2044679966087,16.));
#7241=CARTESIAN_POINT('Ctrl Pts',(-11.1804225295782,15.8785810914154,15.25));
#7242=CARTESIAN_POINT('Ctrl Pts',(-11.1804225295782,15.8785810914154,16.));
#7243=CARTESIAN_POINT('Ctrl Pts',(-11.087199180111,15.9166717443958,15.25));
#7244=CARTESIAN_POINT('Ctrl Pts',(-11.087199180111,15.9166717443958,16.));
#7245=CARTESIAN_POINT('Ctrl Pts',(-10.8828846701409,16.0001537598201,15.25));
#7246=CARTESIAN_POINT('Ctrl Pts',(-10.8828846701409,16.0001537598201,16.));
#7247=CARTESIAN_POINT('Ctrl Pts',(-10.7059995682985,16.1325050999428,15.25));
#7248=CARTESIAN_POINT('Ctrl Pts',(-10.7059995682985,16.1325050999428,16.));
#7249=CARTESIAN_POINT('Ctrl Pts',(-10.6098224967718,16.2044679966087,15.25));
#7250=CARTESIAN_POINT('Ctrl Pts',(-10.6098224967718,16.2044679966087,16.));
#7251=CARTESIAN_POINT('',(-11.1804225295782,15.8785810914154,16.));
#7252=CARTESIAN_POINT('Ctrl Pts',(-11.1804225295782,15.8785810914154,16.));
#7253=CARTESIAN_POINT('Ctrl Pts',(-11.087199180111,15.9166717443958,16.));
#7254=CARTESIAN_POINT('Ctrl Pts',(-10.8828846701409,16.0001537598201,16.));
#7255=CARTESIAN_POINT('Ctrl Pts',(-10.7059995682985,16.1325050999428,16.));
#7256=CARTESIAN_POINT('Ctrl Pts',(-10.6098224967718,16.2044679966087,16.));
#7257=CARTESIAN_POINT('',(-11.1804225295782,15.8785810914154,16.));
#7258=CARTESIAN_POINT('Origin',(-11.1804225295782,15.5741813626404,16.));
#7259=CARTESIAN_POINT('',(-11.1804225295782,15.2697816338654,16.));
#7260=CARTESIAN_POINT('',(-11.1804225295782,15.2870906813209,16.));
#7261=CARTESIAN_POINT('',(-11.1804225295782,15.2697816338654,16.));
#7262=CARTESIAN_POINT('Ctrl Pts',(-10.3137787431479,15.7783081975098,15.25));
#7263=CARTESIAN_POINT('Ctrl Pts',(-10.3137787431479,15.7783081975098,16.));
#7264=CARTESIAN_POINT('Ctrl Pts',(-10.4427120234437,15.6708744997593,15.25));
#7265=CARTESIAN_POINT('Ctrl Pts',(-10.4427120234437,15.6708744997593,16.));
#7266=CARTESIAN_POINT('Ctrl Pts',(-10.703480484038,15.453589095137,15.25));
#7267=CARTESIAN_POINT('Ctrl Pts',(-10.703480484038,15.453589095137,16.));
#7268=CARTESIAN_POINT('Ctrl Pts',(-11.0202667540924,15.3315036539206,15.25));
#7269=CARTESIAN_POINT('Ctrl Pts',(-11.0202667540924,15.3315036539206,16.));
#7270=CARTESIAN_POINT('Ctrl Pts',(-11.1804225295782,15.2697816338654,15.25));
#7271=CARTESIAN_POINT('Ctrl Pts',(-11.1804225295782,15.2697816338654,16.));
#7272=CARTESIAN_POINT('',(-10.3137787431479,15.7783081975098,16.));
#7273=CARTESIAN_POINT('Ctrl Pts',(-10.3137787431479,15.7783081975098,16.));
#7274=CARTESIAN_POINT('Ctrl Pts',(-10.4427120234437,15.6708744997593,16.));
#7275=CARTESIAN_POINT('Ctrl Pts',(-10.703480484038,15.453589095137,16.));
#7276=CARTESIAN_POINT('Ctrl Pts',(-11.0202667540924,15.3315036539206,16.));
#7277=CARTESIAN_POINT('Ctrl Pts',(-11.1804225295782,15.2697816338654,16.));
#7278=CARTESIAN_POINT('',(-10.3137787431479,15.7783081975098,16.));
#7279=CARTESIAN_POINT('Origin',(-10.3137787431479,14.5141540315266,16.));
#7280=CARTESIAN_POINT('',(-10.3137787431479,13.2499998655434,16.));
#7281=CARTESIAN_POINT('',(-10.3137787431479,14.757077015764,16.));
#7282=CARTESIAN_POINT('',(-10.3137787431479,13.2499998655434,16.));
#7283=CARTESIAN_POINT('Origin',(-9.97834227979183,13.2499998655434,16.));
#7284=CARTESIAN_POINT('',(-9.64290581643581,13.2499998655434,16.));
#7285=CARTESIAN_POINT('',(6.26082886010409,13.2499998655434,16.));
#7286=CARTESIAN_POINT('',(-9.64290581643581,13.2499998655434,16.));
#7287=CARTESIAN_POINT('Origin',(-9.64290581643581,15.0071622278805,16.));
#7288=CARTESIAN_POINT('',(-9.64290581643581,15.003581113941,16.));
#7289=CARTESIAN_POINT('Origin',(22.5,15.0000000000015,15.25));
#7290=CARTESIAN_POINT('',(6.52489699423313,13.2499998655434,15.25));
#7291=CARTESIAN_POINT('',(5.85402525961399,13.2499998655434,15.25));
#7292=CARTESIAN_POINT('',(6.52489699423313,13.2499998655434,15.25));
#7293=CARTESIAN_POINT('',(6.52489699423313,14.4819232668992,15.25));
#7294=CARTESIAN_POINT('',(6.52489699423313,14.4819232668992,15.25));
#7295=CARTESIAN_POINT('',(6.5786150842905,15.0047746148224,15.25));
#7296=CARTESIAN_POINT('Ctrl Pts',(6.5786150842905,15.0047746148224,15.25));
#7297=CARTESIAN_POINT('Ctrl Pts',(6.56308275025382,14.9351875480421,15.25));
#7298=CARTESIAN_POINT('Ctrl Pts',(6.52471543605322,14.7632965206437,15.25));
#7299=CARTESIAN_POINT('Ctrl Pts',(6.52482925367733,14.5869054858605,15.25));
#7300=CARTESIAN_POINT('Ctrl Pts',(6.52489699423313,14.4819232668992,15.25));
#7301=CARTESIAN_POINT('',(6.75648011267185,15.2459066953774,15.25));
#7302=CARTESIAN_POINT('Ctrl Pts',(6.75648011267185,15.2459066953774,15.25));
#7303=CARTESIAN_POINT('Ctrl Pts',(6.71779355273904,15.2142501825558,15.25));
#7304=CARTESIAN_POINT('Ctrl Pts',(6.63812489468984,15.1490587595036,15.25));
#7305=CARTESIAN_POINT('Ctrl Pts',(6.59882910504083,15.0537843944698,15.25));
#7306=CARTESIAN_POINT('Ctrl Pts',(6.5786150842905,15.0047746148224,15.25));
#7307=CARTESIAN_POINT('',(7.03581131994724,15.3294676389809,15.25));
#7308=CARTESIAN_POINT('Ctrl Pts',(7.03581131994724,15.3294676389809,15.25));
#7309=CARTESIAN_POINT('Ctrl Pts',(6.98558173495192,15.3261228755437,15.25));
#7310=CARTESIAN_POINT('Ctrl Pts',(6.88608674715495,15.3194975530888,15.25));
#7311=CARTESIAN_POINT('Ctrl Pts',(6.79940231143647,15.2702779895981,15.25));
#7312=CARTESIAN_POINT('Ctrl Pts',(6.75648011267185,15.2459066953774,15.25));
#7313=CARTESIAN_POINT('',(7.23993815481663,15.2769437279816,15.25));
#7314=CARTESIAN_POINT('Ctrl Pts',(7.23993815481663,15.2769437279816,15.25));
#7315=CARTESIAN_POINT('Ctrl Pts',(7.21098003244425,15.292230543671,15.25));
#7316=CARTESIAN_POINT('Ctrl Pts',(7.14731894037538,15.3258368448159,15.25));
#7317=CARTESIAN_POINT('Ctrl Pts',(7.07515135433781,15.3281866900488,15.25));
#7318=CARTESIAN_POINT('Ctrl Pts',(7.03581131994724,15.3294676389809,15.25));
#7319=CARTESIAN_POINT('',(7.35095538198948,15.1169848289605,15.25));
#7320=CARTESIAN_POINT('Ctrl Pts',(7.35095538198948,15.1169848289605,15.25));
#7321=CARTESIAN_POINT('Ctrl Pts',(7.33816005246153,15.1499374090384,15.25));
#7322=CARTESIAN_POINT('Ctrl Pts',(7.31394146277648,15.2123089965953,15.25));
#7323=CARTESIAN_POINT('Ctrl Pts',(7.263656313191,15.2562282108275,15.25));
#7324=CARTESIAN_POINT('Ctrl Pts',(7.23993815481663,15.2769437279816,15.25));
#7325=CARTESIAN_POINT('',(7.38676585257053,14.6394949998971,15.25));
#7326=CARTESIAN_POINT('Ctrl Pts',(7.38676585257053,14.6394949998971,15.25));
#7327=CARTESIAN_POINT('Ctrl Pts',(7.3877750208329,14.7413286807096,15.25));
#7328=CARTESIAN_POINT('Ctrl Pts',(7.38936464610371,14.9017354220579,15.25));
#7329=CARTESIAN_POINT('Ctrl Pts',(7.36122915213969,15.0594095803196,15.25));
#7330=CARTESIAN_POINT('Ctrl Pts',(7.35095538198948,15.1169848289605,15.25));
#7331=CARTESIAN_POINT('',(7.38676585257053,13.2499998655434,15.25));
#7332=CARTESIAN_POINT('',(7.38676585257053,13.2499998655434,15.25));
#7333=CARTESIAN_POINT('',(8.05763758718967,13.2499998655434,15.25));
#7334=CARTESIAN_POINT('',(8.05763758718967,13.2499998655434,15.25));
#7335=CARTESIAN_POINT('',(8.05763758718967,14.4675987806435,15.25));
#7336=CARTESIAN_POINT('',(8.05763758718967,14.4675987806435,15.25));
#7337=CARTESIAN_POINT('',(8.11255015432835,14.9916434135552,15.25));
#7338=CARTESIAN_POINT('Ctrl Pts',(8.11255015432835,14.9916434135552,15.25));
#7339=CARTESIAN_POINT('Ctrl Pts',(8.09665331243365,14.9205737438622,15.25));
#7340=CARTESIAN_POINT('Ctrl Pts',(8.05811350697332,14.7482746631867,15.25));
#7341=CARTESIAN_POINT('Ctrl Pts',(8.05781371904008,14.5714733499603,15.25));
#7342=CARTESIAN_POINT('Ctrl Pts',(8.05763758718967,14.4675987806435,15.25));
#7343=CARTESIAN_POINT('',(8.29160965979099,15.2435195293542,15.25));
#7344=CARTESIAN_POINT('Ctrl Pts',(8.29160965979099,15.2435195293542,15.25));
#7345=CARTESIAN_POINT('Ctrl Pts',(8.25278722931594,15.2105189720251,15.25));
#7346=CARTESIAN_POINT('Ctrl Pts',(8.17195156054607,15.1418055481402,15.25));
#7347=CARTESIAN_POINT('Ctrl Pts',(8.13286490920979,15.0429975337824,15.25));
#7348=CARTESIAN_POINT('Ctrl Pts',(8.11255015432835,14.9916434135552,15.25));
#7349=CARTESIAN_POINT('',(8.55661667883396,15.3294676389809,15.25));
#7350=CARTESIAN_POINT('Ctrl Pts',(8.55661667883396,15.3294676389809,15.25));
#7351=CARTESIAN_POINT('Ctrl Pts',(8.50998975493514,15.3256272542571,15.25));
#7352=CARTESIAN_POINT('Ctrl Pts',(8.41496746953027,15.3178008290337,15.25));
#7353=CARTESIAN_POINT('Ctrl Pts',(8.33323595840566,15.2685852756452,15.25));
#7354=CARTESIAN_POINT('Ctrl Pts',(8.29160965979099,15.2435195293542,15.25));
#7355=CARTESIAN_POINT('',(8.84310998022556,15.1862206902619,15.25));
#7356=CARTESIAN_POINT('Ctrl Pts',(8.84310998022556,15.1862206902619,15.25));
#7357=CARTESIAN_POINT('Ctrl Pts',(8.80676939280463,15.2279850877518,15.25));
#7358=CARTESIAN_POINT('Ctrl Pts',(8.73127329254897,15.3147489340124,15.25));
#7359=CARTESIAN_POINT('Ctrl Pts',(8.61626493929582,15.3244409461524,15.25));
#7360=CARTESIAN_POINT('Ctrl Pts',(8.55661667883396,15.3294676389809,15.25));
#7361=CARTESIAN_POINT('',(8.91234673559666,14.6991813030358,15.25));
#7362=CARTESIAN_POINT('Ctrl Pts',(8.91234673559666,14.6991813030358,15.25));
#7363=CARTESIAN_POINT('Ctrl Pts',(8.91394002118178,14.8039072976152,15.25));
#7364=CARTESIAN_POINT('Ctrl Pts',(8.91647715153162,14.9706718134969,15.25));
#7365=CARTESIAN_POINT('Ctrl Pts',(8.86300303267793,15.1277759521699,15.25));
#7366=CARTESIAN_POINT('Ctrl Pts',(8.84310998022556,15.1862206902619,15.25));
#7367=CARTESIAN_POINT('',(8.91234673559666,13.2499998655434,15.25));
#7368=CARTESIAN_POINT('',(8.91234673559666,13.2499998655434,15.25));
#7369=CARTESIAN_POINT('',(9.5832184702158,13.2499998655434,15.25));
#7370=CARTESIAN_POINT('',(9.5832184702158,13.2499998655434,15.25));
#7371=CARTESIAN_POINT('',(9.5832184702158,14.8710775222893,15.25));
#7372=CARTESIAN_POINT('',(9.5832184702158,14.8710775222893,15.25));
#7373=CARTESIAN_POINT('',(9.5139817148447,15.3963160362359,15.25));
#7374=CARTESIAN_POINT('Ctrl Pts',(9.5139817148447,15.3963160362359,15.25));
#7375=CARTESIAN_POINT('Ctrl Pts',(9.53402116568985,15.3258940571612,15.25));
#7376=CARTESIAN_POINT('Ctrl Pts',(9.58275751648212,15.1546263761159,15.25));
#7377=CARTESIAN_POINT('Ctrl Pts',(9.58304763994521,14.9761612300077,15.25));
#7378=CARTESIAN_POINT('Ctrl Pts',(9.5832184702158,14.8710775222893,15.25));
#7379=CARTESIAN_POINT('',(9.2251018434763,15.7293653335686,15.25));
#7380=CARTESIAN_POINT('Ctrl Pts',(9.2251018434763,15.7293653335686,15.25));
#7381=CARTESIAN_POINT('Ctrl Pts',(9.28575565664736,15.6865055682979,15.25));
#7382=CARTESIAN_POINT('Ctrl Pts',(9.40926235857583,15.599232106379,15.25));
#7383=CARTESIAN_POINT('Ctrl Pts',(9.47866336054863,15.4647528745915,15.25));
#7384=CARTESIAN_POINT('Ctrl Pts',(9.5139817148447,15.3963160362359,15.25));
#7385=CARTESIAN_POINT('',(8.75238694250584,15.8427691307183,15.25));
#7386=CARTESIAN_POINT('Ctrl Pts',(8.75238694250584,15.8427691307183,15.25));
#7387=CARTESIAN_POINT('Ctrl Pts',(8.83980234117935,15.8392347962571,15.25));
#7388=CARTESIAN_POINT('Ctrl Pts',(9.00509509236437,15.832551764714,15.25));
#7389=CARTESIAN_POINT('Ctrl Pts',(9.1546427572202,15.7624116906271,15.25));
#7390=CARTESIAN_POINT('Ctrl Pts',(9.2251018434763,15.7293653335686,15.25));
#7391=CARTESIAN_POINT('',(8.33935774862766,15.7424962368127,15.25));
#7392=CARTESIAN_POINT('Ctrl Pts',(8.33935774862766,15.7424962368127,15.25));
#7393=CARTESIAN_POINT('Ctrl Pts',(8.40499218747915,15.771742458706,15.25));
#7394=CARTESIAN_POINT('Ctrl Pts',(8.53654495234856,15.8303614005204,15.25));
#7395=CARTESIAN_POINT('Ctrl Pts',(8.68033617997846,15.8386272748109,15.25));
#7396=CARTESIAN_POINT('Ctrl Pts',(8.75238694250584,15.8427691307183,15.25));
#7397=CARTESIAN_POINT('',(7.97885455191135,15.4392903890725,15.25));
#7398=CARTESIAN_POINT('Ctrl Pts',(7.97885455191135,15.4392903890725,15.25));
#7399=CARTESIAN_POINT('Ctrl Pts',(8.03394669918067,15.5017467328539,15.25));
#7400=CARTESIAN_POINT('Ctrl Pts',(8.13905289607,15.6209025307645,15.25));
#7401=CARTESIAN_POINT('Ctrl Pts',(8.27477522596937,15.7032918532159,15.25));
#7402=CARTESIAN_POINT('Ctrl Pts',(8.33935774862766,15.7424962368127,15.25));
#7403=CARTESIAN_POINT('',(7.68519677221775,15.7424962368126,15.25));
#7404=CARTESIAN_POINT('Ctrl Pts',(7.68519677221775,15.7424962368126,15.25));
#7405=CARTESIAN_POINT('Ctrl Pts',(7.74279142095158,15.7037232519718,15.25));
#7406=CARTESIAN_POINT('Ctrl Pts',(7.86198247451146,15.6234832815156,15.25));
#7407=CARTESIAN_POINT('Ctrl Pts',(7.93903486609544,15.5020470651733,15.25));
#7408=CARTESIAN_POINT('Ctrl Pts',(7.97885455191135,15.4392903890725,15.25));
#7409=CARTESIAN_POINT('',(7.26261891424656,15.8427691307183,15.25));
#7410=CARTESIAN_POINT('Ctrl Pts',(7.26261891424656,15.8427691307183,15.25));
#7411=CARTESIAN_POINT('Ctrl Pts',(7.3396322871657,15.839392443964,15.25));
#7412=CARTESIAN_POINT('Ctrl Pts',(7.48705471227556,15.8329286399351,15.25));
#7413=CARTESIAN_POINT('Ctrl Pts',(7.62115187470096,15.7717264466523,15.25));
#7414=CARTESIAN_POINT('Ctrl Pts',(7.68519677221775,15.7424962368126,15.25));
#7415=CARTESIAN_POINT('',(6.47237338125706,15.4392903890725,15.25));
#7416=CARTESIAN_POINT('Ctrl Pts',(6.47237338125706,15.4392903890725,15.25));
#7417=CARTESIAN_POINT('Ctrl Pts',(6.58516506806348,15.5569218507331,15.25));
#7418=CARTESIAN_POINT('Ctrl Pts',(6.80253314751984,15.7836169701058,15.25));
#7419=CARTESIAN_POINT('Ctrl Pts',(7.11317044110124,15.823554886927,15.25));
#7420=CARTESIAN_POINT('Ctrl Pts',(7.26261891424656,15.8427691307183,15.25));
#7421=CARTESIAN_POINT('',(6.47237338125706,15.785470291626,15.25));
#7422=CARTESIAN_POINT('',(6.47237338125706,15.785470291626,15.25));
#7423=CARTESIAN_POINT('',(5.85402525961399,15.785470291626,15.25));
#7424=CARTESIAN_POINT('',(5.85402525961399,15.785470291626,15.25));
#7425=CARTESIAN_POINT('',(5.85402525961399,13.2499998655434,15.25));
#7426=CARTESIAN_POINT('Origin',(6.18946112692356,13.2499998655434,16.));
#7427=CARTESIAN_POINT('',(5.85402525961399,13.2499998655434,16.));
#7428=CARTESIAN_POINT('',(5.85402525961399,13.2499998655434,16.));
#7429=CARTESIAN_POINT('',(6.52489699423313,13.2499998655434,16.));
#7430=CARTESIAN_POINT('',(14.3447305634618,13.2499998655434,16.));
#7431=CARTESIAN_POINT('',(6.52489699423313,13.2499998655434,16.));
#7432=CARTESIAN_POINT('Origin',(6.52489699423313,13.8659615662213,16.));
#7433=CARTESIAN_POINT('',(6.52489699423313,14.4819232668992,16.));
#7434=CARTESIAN_POINT('',(6.52489699423313,14.4329807831114,16.));
#7435=CARTESIAN_POINT('',(6.52489699423313,14.4819232668992,16.));
#7436=CARTESIAN_POINT('Ctrl Pts',(6.5786150842905,15.0047746148224,15.25));
#7437=CARTESIAN_POINT('Ctrl Pts',(6.5786150842905,15.0047746148224,16.));
#7438=CARTESIAN_POINT('Ctrl Pts',(6.56308275025382,14.9351875480421,15.25));
#7439=CARTESIAN_POINT('Ctrl Pts',(6.56308275025382,14.9351875480421,16.));
#7440=CARTESIAN_POINT('Ctrl Pts',(6.52471543605322,14.7632965206437,15.25));
#7441=CARTESIAN_POINT('Ctrl Pts',(6.52471543605322,14.7632965206437,16.));
#7442=CARTESIAN_POINT('Ctrl Pts',(6.52482925367733,14.5869054858605,15.25));
#7443=CARTESIAN_POINT('Ctrl Pts',(6.52482925367733,14.5869054858605,16.));
#7444=CARTESIAN_POINT('Ctrl Pts',(6.52489699423313,14.4819232668992,15.25));
#7445=CARTESIAN_POINT('Ctrl Pts',(6.52489699423313,14.4819232668992,16.));
#7446=CARTESIAN_POINT('',(6.5786150842905,15.0047746148224,16.));
#7447=CARTESIAN_POINT('Ctrl Pts',(6.5786150842905,15.0047746148224,16.));
#7448=CARTESIAN_POINT('Ctrl Pts',(6.56308275025382,14.9351875480421,16.));
#7449=CARTESIAN_POINT('Ctrl Pts',(6.52471543605322,14.7632965206437,16.));
#7450=CARTESIAN_POINT('Ctrl Pts',(6.52482925367733,14.5869054858605,16.));
#7451=CARTESIAN_POINT('Ctrl Pts',(6.52489699423313,14.4819232668992,16.));
#7452=CARTESIAN_POINT('',(6.5786150842905,15.0047746148224,16.));
#7453=CARTESIAN_POINT('Ctrl Pts',(6.75648011267185,15.2459066953774,15.25));
#7454=CARTESIAN_POINT('Ctrl Pts',(6.75648011267185,15.2459066953774,16.));
#7455=CARTESIAN_POINT('Ctrl Pts',(6.71779355273904,15.2142501825558,15.25));
#7456=CARTESIAN_POINT('Ctrl Pts',(6.71779355273904,15.2142501825558,16.));
#7457=CARTESIAN_POINT('Ctrl Pts',(6.63812489468984,15.1490587595036,15.25));
#7458=CARTESIAN_POINT('Ctrl Pts',(6.63812489468984,15.1490587595036,16.));
#7459=CARTESIAN_POINT('Ctrl Pts',(6.59882910504083,15.0537843944698,15.25));
#7460=CARTESIAN_POINT('Ctrl Pts',(6.59882910504083,15.0537843944698,16.));
#7461=CARTESIAN_POINT('Ctrl Pts',(6.5786150842905,15.0047746148224,15.25));
#7462=CARTESIAN_POINT('Ctrl Pts',(6.5786150842905,15.0047746148224,16.));
#7463=CARTESIAN_POINT('',(6.75648011267185,15.2459066953774,16.));
#7464=CARTESIAN_POINT('Ctrl Pts',(6.75648011267185,15.2459066953774,16.));
#7465=CARTESIAN_POINT('Ctrl Pts',(6.71779355273904,15.2142501825558,16.));
#7466=CARTESIAN_POINT('Ctrl Pts',(6.63812489468984,15.1490587595036,16.));
#7467=CARTESIAN_POINT('Ctrl Pts',(6.59882910504083,15.0537843944698,16.));
#7468=CARTESIAN_POINT('Ctrl Pts',(6.5786150842905,15.0047746148224,16.));
#7469=CARTESIAN_POINT('',(6.75648011267185,15.2459066953774,16.));
#7470=CARTESIAN_POINT('Ctrl Pts',(7.03581131994724,15.3294676389809,15.25));
#7471=CARTESIAN_POINT('Ctrl Pts',(7.03581131994724,15.3294676389809,16.));
#7472=CARTESIAN_POINT('Ctrl Pts',(6.98558173495192,15.3261228755437,15.25));
#7473=CARTESIAN_POINT('Ctrl Pts',(6.98558173495192,15.3261228755437,16.));
#7474=CARTESIAN_POINT('Ctrl Pts',(6.88608674715495,15.3194975530888,15.25));
#7475=CARTESIAN_POINT('Ctrl Pts',(6.88608674715495,15.3194975530888,16.));
#7476=CARTESIAN_POINT('Ctrl Pts',(6.79940231143647,15.2702779895981,15.25));
#7477=CARTESIAN_POINT('Ctrl Pts',(6.79940231143647,15.2702779895981,16.));
#7478=CARTESIAN_POINT('Ctrl Pts',(6.75648011267185,15.2459066953774,15.25));
#7479=CARTESIAN_POINT('Ctrl Pts',(6.75648011267185,15.2459066953774,16.));
#7480=CARTESIAN_POINT('',(7.03581131994724,15.3294676389809,16.));
#7481=CARTESIAN_POINT('Ctrl Pts',(7.03581131994724,15.3294676389809,16.));
#7482=CARTESIAN_POINT('Ctrl Pts',(6.98558173495192,15.3261228755437,16.));
#7483=CARTESIAN_POINT('Ctrl Pts',(6.88608674715495,15.3194975530888,16.));
#7484=CARTESIAN_POINT('Ctrl Pts',(6.79940231143647,15.2702779895981,16.));
#7485=CARTESIAN_POINT('Ctrl Pts',(6.75648011267185,15.2459066953774,16.));
#7486=CARTESIAN_POINT('',(7.03581131994724,15.3294676389809,16.));
#7487=CARTESIAN_POINT('Ctrl Pts',(7.23993815481663,15.2769437279816,15.25));
#7488=CARTESIAN_POINT('Ctrl Pts',(7.23993815481663,15.2769437279816,16.));
#7489=CARTESIAN_POINT('Ctrl Pts',(7.21098003244425,15.292230543671,15.25));
#7490=CARTESIAN_POINT('Ctrl Pts',(7.21098003244425,15.292230543671,16.));
#7491=CARTESIAN_POINT('Ctrl Pts',(7.14731894037538,15.3258368448159,15.25));
#7492=CARTESIAN_POINT('Ctrl Pts',(7.14731894037538,15.3258368448159,16.));
#7493=CARTESIAN_POINT('Ctrl Pts',(7.07515135433781,15.3281866900488,15.25));
#7494=CARTESIAN_POINT('Ctrl Pts',(7.07515135433781,15.3281866900488,16.));
#7495=CARTESIAN_POINT('Ctrl Pts',(7.03581131994724,15.3294676389809,15.25));
#7496=CARTESIAN_POINT('Ctrl Pts',(7.03581131994724,15.3294676389809,16.));
#7497=CARTESIAN_POINT('',(7.23993815481663,15.2769437279816,16.));
#7498=CARTESIAN_POINT('Ctrl Pts',(7.23993815481663,15.2769437279816,16.));
#7499=CARTESIAN_POINT('Ctrl Pts',(7.21098003244425,15.292230543671,16.));
#7500=CARTESIAN_POINT('Ctrl Pts',(7.14731894037538,15.3258368448159,16.));
#7501=CARTESIAN_POINT('Ctrl Pts',(7.07515135433781,15.3281866900488,16.));
#7502=CARTESIAN_POINT('Ctrl Pts',(7.03581131994724,15.3294676389809,16.));
#7503=CARTESIAN_POINT('',(7.23993815481663,15.2769437279816,16.));
#7504=CARTESIAN_POINT('Ctrl Pts',(7.35095538198948,15.1169848289605,15.25));
#7505=CARTESIAN_POINT('Ctrl Pts',(7.35095538198948,15.1169848289605,16.));
#7506=CARTESIAN_POINT('Ctrl Pts',(7.33816005246153,15.1499374090384,15.25));
#7507=CARTESIAN_POINT('Ctrl Pts',(7.33816005246153,15.1499374090384,16.));
#7508=CARTESIAN_POINT('Ctrl Pts',(7.31394146277648,15.2123089965953,15.25));
#7509=CARTESIAN_POINT('Ctrl Pts',(7.31394146277648,15.2123089965953,16.));
#7510=CARTESIAN_POINT('Ctrl Pts',(7.263656313191,15.2562282108275,15.25));
#7511=CARTESIAN_POINT('Ctrl Pts',(7.263656313191,15.2562282108275,16.));
#7512=CARTESIAN_POINT('Ctrl Pts',(7.23993815481663,15.2769437279816,15.25));
#7513=CARTESIAN_POINT('Ctrl Pts',(7.23993815481663,15.2769437279816,16.));
#7514=CARTESIAN_POINT('',(7.35095538198948,15.1169848289605,16.));
#7515=CARTESIAN_POINT('Ctrl Pts',(7.35095538198948,15.1169848289605,16.));
#7516=CARTESIAN_POINT('Ctrl Pts',(7.33816005246153,15.1499374090384,16.));
#7517=CARTESIAN_POINT('Ctrl Pts',(7.31394146277648,15.2123089965953,16.));
#7518=CARTESIAN_POINT('Ctrl Pts',(7.263656313191,15.2562282108275,16.));
#7519=CARTESIAN_POINT('Ctrl Pts',(7.23993815481663,15.2769437279816,16.));
#7520=CARTESIAN_POINT('',(7.35095538198948,15.1169848289605,16.));
#7521=CARTESIAN_POINT('Ctrl Pts',(7.38676585257053,14.6394949998971,15.25));
#7522=CARTESIAN_POINT('Ctrl Pts',(7.38676585257053,14.6394949998971,16.));
#7523=CARTESIAN_POINT('Ctrl Pts',(7.3877750208329,14.7413286807096,15.25));
#7524=CARTESIAN_POINT('Ctrl Pts',(7.3877750208329,14.7413286807096,16.));
#7525=CARTESIAN_POINT('Ctrl Pts',(7.38936464610371,14.9017354220579,15.25));
#7526=CARTESIAN_POINT('Ctrl Pts',(7.38936464610371,14.9017354220579,16.));
#7527=CARTESIAN_POINT('Ctrl Pts',(7.36122915213969,15.0594095803196,15.25));
#7528=CARTESIAN_POINT('Ctrl Pts',(7.36122915213969,15.0594095803196,16.));
#7529=CARTESIAN_POINT('Ctrl Pts',(7.35095538198948,15.1169848289605,15.25));
#7530=CARTESIAN_POINT('Ctrl Pts',(7.35095538198948,15.1169848289605,16.));
#7531=CARTESIAN_POINT('',(7.38676585257053,14.6394949998971,16.));
#7532=CARTESIAN_POINT('Ctrl Pts',(7.38676585257053,14.6394949998971,16.));
#7533=CARTESIAN_POINT('Ctrl Pts',(7.3877750208329,14.7413286807096,16.));
#7534=CARTESIAN_POINT('Ctrl Pts',(7.38936464610371,14.9017354220579,16.));
#7535=CARTESIAN_POINT('Ctrl Pts',(7.36122915213969,15.0594095803196,16.));
#7536=CARTESIAN_POINT('Ctrl Pts',(7.35095538198948,15.1169848289605,16.));
#7537=CARTESIAN_POINT('',(7.38676585257053,14.6394949998971,16.));
#7538=CARTESIAN_POINT('Origin',(7.38676585257053,13.9447474327202,16.));
#7539=CARTESIAN_POINT('',(7.38676585257053,13.2499998655434,16.));
#7540=CARTESIAN_POINT('',(7.38676585257053,14.4723737163609,16.));
#7541=CARTESIAN_POINT('',(7.38676585257053,13.2499998655434,16.));
#7542=CARTESIAN_POINT('Origin',(7.7222017198801,13.2499998655434,16.));
#7543=CARTESIAN_POINT('',(8.05763758718967,13.2499998655434,16.));
#7544=CARTESIAN_POINT('',(15.1111008599401,13.2499998655434,16.));
#7545=CARTESIAN_POINT('',(8.05763758718967,13.2499998655434,16.));
#7546=CARTESIAN_POINT('Origin',(8.05763758718967,13.8587993230935,16.));
#7547=CARTESIAN_POINT('',(8.05763758718967,14.4675987806435,16.));
#7548=CARTESIAN_POINT('',(8.05763758718967,14.4293996615475,16.));
#7549=CARTESIAN_POINT('',(8.05763758718967,14.4675987806435,16.));
#7550=CARTESIAN_POINT('Ctrl Pts',(8.11255015432835,14.9916434135552,15.25));
#7551=CARTESIAN_POINT('Ctrl Pts',(8.11255015432835,14.9916434135552,16.));
#7552=CARTESIAN_POINT('Ctrl Pts',(8.09665331243365,14.9205737438622,15.25));
#7553=CARTESIAN_POINT('Ctrl Pts',(8.09665331243365,14.9205737438622,16.));
#7554=CARTESIAN_POINT('Ctrl Pts',(8.05811350697332,14.7482746631867,15.25));
#7555=CARTESIAN_POINT('Ctrl Pts',(8.05811350697332,14.7482746631867,16.));
#7556=CARTESIAN_POINT('Ctrl Pts',(8.05781371904008,14.5714733499603,15.25));
#7557=CARTESIAN_POINT('Ctrl Pts',(8.05781371904008,14.5714733499603,16.));
#7558=CARTESIAN_POINT('Ctrl Pts',(8.05763758718967,14.4675987806435,15.25));
#7559=CARTESIAN_POINT('Ctrl Pts',(8.05763758718967,14.4675987806435,16.));
#7560=CARTESIAN_POINT('',(8.11255015432835,14.9916434135552,16.));
#7561=CARTESIAN_POINT('Ctrl Pts',(8.11255015432835,14.9916434135552,16.));
#7562=CARTESIAN_POINT('Ctrl Pts',(8.09665331243365,14.9205737438622,16.));
#7563=CARTESIAN_POINT('Ctrl Pts',(8.05811350697332,14.7482746631867,16.));
#7564=CARTESIAN_POINT('Ctrl Pts',(8.05781371904008,14.5714733499603,16.));
#7565=CARTESIAN_POINT('Ctrl Pts',(8.05763758718967,14.4675987806435,16.));
#7566=CARTESIAN_POINT('',(8.11255015432835,14.9916434135552,16.));
#7567=CARTESIAN_POINT('Ctrl Pts',(8.29160965979099,15.2435195293542,15.25));
#7568=CARTESIAN_POINT('Ctrl Pts',(8.29160965979099,15.2435195293542,16.));
#7569=CARTESIAN_POINT('Ctrl Pts',(8.25278722931594,15.2105189720251,15.25));
#7570=CARTESIAN_POINT('Ctrl Pts',(8.25278722931594,15.2105189720251,16.));
#7571=CARTESIAN_POINT('Ctrl Pts',(8.17195156054607,15.1418055481402,15.25));
#7572=CARTESIAN_POINT('Ctrl Pts',(8.17195156054607,15.1418055481402,16.));
#7573=CARTESIAN_POINT('Ctrl Pts',(8.13286490920979,15.0429975337824,15.25));
#7574=CARTESIAN_POINT('Ctrl Pts',(8.13286490920979,15.0429975337824,16.));
#7575=CARTESIAN_POINT('Ctrl Pts',(8.11255015432835,14.9916434135552,15.25));
#7576=CARTESIAN_POINT('Ctrl Pts',(8.11255015432835,14.9916434135552,16.));
#7577=CARTESIAN_POINT('',(8.29160965979099,15.2435195293542,16.));
#7578=CARTESIAN_POINT('Ctrl Pts',(8.29160965979099,15.2435195293542,16.));
#7579=CARTESIAN_POINT('Ctrl Pts',(8.25278722931594,15.2105189720251,16.));
#7580=CARTESIAN_POINT('Ctrl Pts',(8.17195156054607,15.1418055481402,16.));
#7581=CARTESIAN_POINT('Ctrl Pts',(8.13286490920979,15.0429975337824,16.));
#7582=CARTESIAN_POINT('Ctrl Pts',(8.11255015432835,14.9916434135552,16.));
#7583=CARTESIAN_POINT('',(8.29160965979099,15.2435195293542,16.));
#7584=CARTESIAN_POINT('Ctrl Pts',(8.55661667883396,15.3294676389809,15.25));
#7585=CARTESIAN_POINT('Ctrl Pts',(8.55661667883396,15.3294676389809,16.));
#7586=CARTESIAN_POINT('Ctrl Pts',(8.50998975493514,15.3256272542571,15.25));
#7587=CARTESIAN_POINT('Ctrl Pts',(8.50998975493514,15.3256272542571,16.));
#7588=CARTESIAN_POINT('Ctrl Pts',(8.41496746953027,15.3178008290337,15.25));
#7589=CARTESIAN_POINT('Ctrl Pts',(8.41496746953027,15.3178008290337,16.));
#7590=CARTESIAN_POINT('Ctrl Pts',(8.33323595840566,15.2685852756452,15.25));
#7591=CARTESIAN_POINT('Ctrl Pts',(8.33323595840566,15.2685852756452,16.));
#7592=CARTESIAN_POINT('Ctrl Pts',(8.29160965979099,15.2435195293542,15.25));
#7593=CARTESIAN_POINT('Ctrl Pts',(8.29160965979099,15.2435195293542,16.));
#7594=CARTESIAN_POINT('',(8.55661667883396,15.3294676389809,16.));
#7595=CARTESIAN_POINT('Ctrl Pts',(8.55661667883396,15.3294676389809,16.));
#7596=CARTESIAN_POINT('Ctrl Pts',(8.50998975493514,15.3256272542571,16.));
#7597=CARTESIAN_POINT('Ctrl Pts',(8.41496746953027,15.3178008290337,16.));
#7598=CARTESIAN_POINT('Ctrl Pts',(8.33323595840566,15.2685852756452,16.));
#7599=CARTESIAN_POINT('Ctrl Pts',(8.29160965979099,15.2435195293542,16.));
#7600=CARTESIAN_POINT('',(8.55661667883396,15.3294676389809,16.));
#7601=CARTESIAN_POINT('Ctrl Pts',(8.84310998022556,15.1862206902619,15.25));
#7602=CARTESIAN_POINT('Ctrl Pts',(8.84310998022556,15.1862206902619,16.));
#7603=CARTESIAN_POINT('Ctrl Pts',(8.80676939280463,15.2279850877518,15.25));
#7604=CARTESIAN_POINT('Ctrl Pts',(8.80676939280463,15.2279850877518,16.));
#7605=CARTESIAN_POINT('Ctrl Pts',(8.73127329254897,15.3147489340124,15.25));
#7606=CARTESIAN_POINT('Ctrl Pts',(8.73127329254897,15.3147489340124,16.));
#7607=CARTESIAN_POINT('Ctrl Pts',(8.61626493929582,15.3244409461524,15.25));
#7608=CARTESIAN_POINT('Ctrl Pts',(8.61626493929582,15.3244409461524,16.));
#7609=CARTESIAN_POINT('Ctrl Pts',(8.55661667883396,15.3294676389809,15.25));
#7610=CARTESIAN_POINT('Ctrl Pts',(8.55661667883396,15.3294676389809,16.));
#7611=CARTESIAN_POINT('',(8.84310998022556,15.1862206902619,16.));
#7612=CARTESIAN_POINT('Ctrl Pts',(8.84310998022556,15.1862206902619,16.));
#7613=CARTESIAN_POINT('Ctrl Pts',(8.80676939280463,15.2279850877518,16.));
#7614=CARTESIAN_POINT('Ctrl Pts',(8.73127329254897,15.3147489340124,16.));
#7615=CARTESIAN_POINT('Ctrl Pts',(8.61626493929582,15.3244409461524,16.));
#7616=CARTESIAN_POINT('Ctrl Pts',(8.55661667883396,15.3294676389809,16.));
#7617=CARTESIAN_POINT('',(8.84310998022556,15.1862206902619,16.));
#7618=CARTESIAN_POINT('Ctrl Pts',(8.91234673559666,14.6991813030358,15.25));
#7619=CARTESIAN_POINT('Ctrl Pts',(8.91234673559666,14.6991813030358,16.));
#7620=CARTESIAN_POINT('Ctrl Pts',(8.91394002118178,14.8039072976152,15.25));
#7621=CARTESIAN_POINT('Ctrl Pts',(8.91394002118178,14.8039072976152,16.));
#7622=CARTESIAN_POINT('Ctrl Pts',(8.91647715153162,14.9706718134969,15.25));
#7623=CARTESIAN_POINT('Ctrl Pts',(8.91647715153162,14.9706718134969,16.));
#7624=CARTESIAN_POINT('Ctrl Pts',(8.86300303267793,15.1277759521699,15.25));
#7625=CARTESIAN_POINT('Ctrl Pts',(8.86300303267793,15.1277759521699,16.));
#7626=CARTESIAN_POINT('Ctrl Pts',(8.84310998022556,15.1862206902619,15.25));
#7627=CARTESIAN_POINT('Ctrl Pts',(8.84310998022556,15.1862206902619,16.));
#7628=CARTESIAN_POINT('',(8.91234673559666,14.6991813030358,16.));
#7629=CARTESIAN_POINT('Ctrl Pts',(8.91234673559666,14.6991813030358,16.));
#7630=CARTESIAN_POINT('Ctrl Pts',(8.91394002118178,14.8039072976152,16.));
#7631=CARTESIAN_POINT('Ctrl Pts',(8.91647715153162,14.9706718134969,16.));
#7632=CARTESIAN_POINT('Ctrl Pts',(8.86300303267793,15.1277759521699,16.));
#7633=CARTESIAN_POINT('Ctrl Pts',(8.84310998022556,15.1862206902619,16.));
#7634=CARTESIAN_POINT('',(8.91234673559666,14.6991813030358,16.));
#7635=CARTESIAN_POINT('Origin',(8.91234673559666,13.9745905842896,16.));
#7636=CARTESIAN_POINT('',(8.91234673559666,13.2499998655434,16.));
#7637=CARTESIAN_POINT('',(8.91234673559666,14.4872952921456,16.));
#7638=CARTESIAN_POINT('',(8.91234673559666,13.2499998655434,16.));
#7639=CARTESIAN_POINT('Origin',(9.24778260290623,13.2499998655434,16.));
#7640=CARTESIAN_POINT('',(9.5832184702158,13.2499998655434,16.));
#7641=CARTESIAN_POINT('',(15.8738913014531,13.2499998655434,16.));
#7642=CARTESIAN_POINT('',(9.5832184702158,13.2499998655434,16.));
#7643=CARTESIAN_POINT('Origin',(9.5832184702158,14.0605386939164,16.));
#7644=CARTESIAN_POINT('',(9.5832184702158,14.8710775222893,16.));
#7645=CARTESIAN_POINT('',(9.5832184702158,14.5302693469589,16.));
#7646=CARTESIAN_POINT('',(9.5832184702158,14.8710775222893,16.));
#7647=CARTESIAN_POINT('Ctrl Pts',(9.5139817148447,15.3963160362359,15.25));
#7648=CARTESIAN_POINT('Ctrl Pts',(9.5139817148447,15.3963160362359,16.));
#7649=CARTESIAN_POINT('Ctrl Pts',(9.53402116568985,15.3258940571612,15.25));
#7650=CARTESIAN_POINT('Ctrl Pts',(9.53402116568985,15.3258940571612,16.));
#7651=CARTESIAN_POINT('Ctrl Pts',(9.58275751648212,15.1546263761159,15.25));
#7652=CARTESIAN_POINT('Ctrl Pts',(9.58275751648212,15.1546263761159,16.));
#7653=CARTESIAN_POINT('Ctrl Pts',(9.58304763994521,14.9761612300077,15.25));
#7654=CARTESIAN_POINT('Ctrl Pts',(9.58304763994521,14.9761612300077,16.));
#7655=CARTESIAN_POINT('Ctrl Pts',(9.5832184702158,14.8710775222893,15.25));
#7656=CARTESIAN_POINT('Ctrl Pts',(9.5832184702158,14.8710775222893,16.));
#7657=CARTESIAN_POINT('',(9.5139817148447,15.3963160362359,16.));
#7658=CARTESIAN_POINT('Ctrl Pts',(9.5139817148447,15.3963160362359,16.));
#7659=CARTESIAN_POINT('Ctrl Pts',(9.53402116568985,15.3258940571612,16.));
#7660=CARTESIAN_POINT('Ctrl Pts',(9.58275751648212,15.1546263761159,16.));
#7661=CARTESIAN_POINT('Ctrl Pts',(9.58304763994521,14.9761612300077,16.));
#7662=CARTESIAN_POINT('Ctrl Pts',(9.5832184702158,14.8710775222893,16.));
#7663=CARTESIAN_POINT('',(9.5139817148447,15.3963160362359,16.));
#7664=CARTESIAN_POINT('Ctrl Pts',(9.2251018434763,15.7293653335686,15.25));
#7665=CARTESIAN_POINT('Ctrl Pts',(9.2251018434763,15.7293653335686,16.));
#7666=CARTESIAN_POINT('Ctrl Pts',(9.28575565664736,15.6865055682979,15.25));
#7667=CARTESIAN_POINT('Ctrl Pts',(9.28575565664736,15.6865055682979,16.));
#7668=CARTESIAN_POINT('Ctrl Pts',(9.40926235857583,15.599232106379,15.25));
#7669=CARTESIAN_POINT('Ctrl Pts',(9.40926235857583,15.599232106379,16.));
#7670=CARTESIAN_POINT('Ctrl Pts',(9.47866336054863,15.4647528745915,15.25));
#7671=CARTESIAN_POINT('Ctrl Pts',(9.47866336054863,15.4647528745915,16.));
#7672=CARTESIAN_POINT('Ctrl Pts',(9.5139817148447,15.3963160362359,15.25));
#7673=CARTESIAN_POINT('Ctrl Pts',(9.5139817148447,15.3963160362359,16.));
#7674=CARTESIAN_POINT('',(9.2251018434763,15.7293653335686,16.));
#7675=CARTESIAN_POINT('Ctrl Pts',(9.2251018434763,15.7293653335686,16.));
#7676=CARTESIAN_POINT('Ctrl Pts',(9.28575565664736,15.6865055682979,16.));
#7677=CARTESIAN_POINT('Ctrl Pts',(9.40926235857583,15.599232106379,16.));
#7678=CARTESIAN_POINT('Ctrl Pts',(9.47866336054863,15.4647528745915,16.));
#7679=CARTESIAN_POINT('Ctrl Pts',(9.5139817148447,15.3963160362359,16.));
#7680=CARTESIAN_POINT('',(9.2251018434763,15.7293653335686,16.));
#7681=CARTESIAN_POINT('Ctrl Pts',(8.75238694250584,15.8427691307183,15.25));
#7682=CARTESIAN_POINT('Ctrl Pts',(8.75238694250584,15.8427691307183,16.));
#7683=CARTESIAN_POINT('Ctrl Pts',(8.83980234117935,15.8392347962571,15.25));
#7684=CARTESIAN_POINT('Ctrl Pts',(8.83980234117935,15.8392347962571,16.));
#7685=CARTESIAN_POINT('Ctrl Pts',(9.00509509236437,15.832551764714,15.25));
#7686=CARTESIAN_POINT('Ctrl Pts',(9.00509509236437,15.832551764714,16.));
#7687=CARTESIAN_POINT('Ctrl Pts',(9.1546427572202,15.7624116906271,15.25));
#7688=CARTESIAN_POINT('Ctrl Pts',(9.1546427572202,15.7624116906271,16.));
#7689=CARTESIAN_POINT('Ctrl Pts',(9.2251018434763,15.7293653335686,15.25));
#7690=CARTESIAN_POINT('Ctrl Pts',(9.2251018434763,15.7293653335686,16.));
#7691=CARTESIAN_POINT('',(8.75238694250584,15.8427691307183,16.));
#7692=CARTESIAN_POINT('Ctrl Pts',(8.75238694250584,15.8427691307183,16.));
#7693=CARTESIAN_POINT('Ctrl Pts',(8.83980234117935,15.8392347962571,16.));
#7694=CARTESIAN_POINT('Ctrl Pts',(9.00509509236437,15.832551764714,16.));
#7695=CARTESIAN_POINT('Ctrl Pts',(9.1546427572202,15.7624116906271,16.));
#7696=CARTESIAN_POINT('Ctrl Pts',(9.2251018434763,15.7293653335686,16.));
#7697=CARTESIAN_POINT('',(8.75238694250584,15.8427691307183,16.));
#7698=CARTESIAN_POINT('Ctrl Pts',(8.33935774862766,15.7424962368127,15.25));
#7699=CARTESIAN_POINT('Ctrl Pts',(8.33935774862766,15.7424962368127,16.));
#7700=CARTESIAN_POINT('Ctrl Pts',(8.40499218747915,15.771742458706,15.25));
#7701=CARTESIAN_POINT('Ctrl Pts',(8.40499218747915,15.771742458706,16.));
#7702=CARTESIAN_POINT('Ctrl Pts',(8.53654495234856,15.8303614005204,15.25));
#7703=CARTESIAN_POINT('Ctrl Pts',(8.53654495234856,15.8303614005204,16.));
#7704=CARTESIAN_POINT('Ctrl Pts',(8.68033617997846,15.8386272748109,15.25));
#7705=CARTESIAN_POINT('Ctrl Pts',(8.68033617997846,15.8386272748109,16.));
#7706=CARTESIAN_POINT('Ctrl Pts',(8.75238694250584,15.8427691307183,15.25));
#7707=CARTESIAN_POINT('Ctrl Pts',(8.75238694250584,15.8427691307183,16.));
#7708=CARTESIAN_POINT('',(8.33935774862766,15.7424962368127,16.));
#7709=CARTESIAN_POINT('Ctrl Pts',(8.33935774862766,15.7424962368127,16.));
#7710=CARTESIAN_POINT('Ctrl Pts',(8.40499218747915,15.771742458706,16.));
#7711=CARTESIAN_POINT('Ctrl Pts',(8.53654495234856,15.8303614005204,16.));
#7712=CARTESIAN_POINT('Ctrl Pts',(8.68033617997846,15.8386272748109,16.));
#7713=CARTESIAN_POINT('Ctrl Pts',(8.75238694250584,15.8427691307183,16.));
#7714=CARTESIAN_POINT('',(8.33935774862766,15.7424962368127,16.));
#7715=CARTESIAN_POINT('Ctrl Pts',(7.97885455191135,15.4392903890725,15.25));
#7716=CARTESIAN_POINT('Ctrl Pts',(7.97885455191135,15.4392903890725,16.));
#7717=CARTESIAN_POINT('Ctrl Pts',(8.03394669918067,15.5017467328539,15.25));
#7718=CARTESIAN_POINT('Ctrl Pts',(8.03394669918067,15.5017467328539,16.));
#7719=CARTESIAN_POINT('Ctrl Pts',(8.13905289607,15.6209025307645,15.25));
#7720=CARTESIAN_POINT('Ctrl Pts',(8.13905289607,15.6209025307645,16.));
#7721=CARTESIAN_POINT('Ctrl Pts',(8.27477522596937,15.7032918532159,15.25));
#7722=CARTESIAN_POINT('Ctrl Pts',(8.27477522596937,15.7032918532159,16.));
#7723=CARTESIAN_POINT('Ctrl Pts',(8.33935774862766,15.7424962368127,15.25));
#7724=CARTESIAN_POINT('Ctrl Pts',(8.33935774862766,15.7424962368127,16.));
#7725=CARTESIAN_POINT('',(7.97885455191135,15.4392903890725,16.));
#7726=CARTESIAN_POINT('Ctrl Pts',(7.97885455191135,15.4392903890725,16.));
#7727=CARTESIAN_POINT('Ctrl Pts',(8.03394669918067,15.5017467328539,16.));
#7728=CARTESIAN_POINT('Ctrl Pts',(8.13905289607,15.6209025307645,16.));
#7729=CARTESIAN_POINT('Ctrl Pts',(8.27477522596937,15.7032918532159,16.));
#7730=CARTESIAN_POINT('Ctrl Pts',(8.33935774862766,15.7424962368127,16.));
#7731=CARTESIAN_POINT('',(7.97885455191135,15.4392903890725,16.));
#7732=CARTESIAN_POINT('Ctrl Pts',(7.68519677221775,15.7424962368126,15.25));
#7733=CARTESIAN_POINT('Ctrl Pts',(7.68519677221775,15.7424962368126,16.));
#7734=CARTESIAN_POINT('Ctrl Pts',(7.74279142095158,15.7037232519718,15.25));
#7735=CARTESIAN_POINT('Ctrl Pts',(7.74279142095158,15.7037232519718,16.));
#7736=CARTESIAN_POINT('Ctrl Pts',(7.86198247451146,15.6234832815156,15.25));
#7737=CARTESIAN_POINT('Ctrl Pts',(7.86198247451146,15.6234832815156,16.));
#7738=CARTESIAN_POINT('Ctrl Pts',(7.93903486609544,15.5020470651733,15.25));
#7739=CARTESIAN_POINT('Ctrl Pts',(7.93903486609544,15.5020470651733,16.));
#7740=CARTESIAN_POINT('Ctrl Pts',(7.97885455191135,15.4392903890725,15.25));
#7741=CARTESIAN_POINT('Ctrl Pts',(7.97885455191135,15.4392903890725,16.));
#7742=CARTESIAN_POINT('',(7.68519677221775,15.7424962368126,16.));
#7743=CARTESIAN_POINT('Ctrl Pts',(7.68519677221775,15.7424962368126,16.));
#7744=CARTESIAN_POINT('Ctrl Pts',(7.74279142095158,15.7037232519718,16.));
#7745=CARTESIAN_POINT('Ctrl Pts',(7.86198247451146,15.6234832815156,16.));
#7746=CARTESIAN_POINT('Ctrl Pts',(7.93903486609544,15.5020470651733,16.));
#7747=CARTESIAN_POINT('Ctrl Pts',(7.97885455191135,15.4392903890725,16.));
#7748=CARTESIAN_POINT('',(7.68519677221775,15.7424962368126,16.));
#7749=CARTESIAN_POINT('Ctrl Pts',(7.26261891424656,15.8427691307183,15.25));
#7750=CARTESIAN_POINT('Ctrl Pts',(7.26261891424656,15.8427691307183,16.));
#7751=CARTESIAN_POINT('Ctrl Pts',(7.3396322871657,15.839392443964,15.25));
#7752=CARTESIAN_POINT('Ctrl Pts',(7.3396322871657,15.839392443964,16.));
#7753=CARTESIAN_POINT('Ctrl Pts',(7.48705471227556,15.8329286399351,15.25));
#7754=CARTESIAN_POINT('Ctrl Pts',(7.48705471227556,15.8329286399351,16.));
#7755=CARTESIAN_POINT('Ctrl Pts',(7.62115187470096,15.7717264466523,15.25));
#7756=CARTESIAN_POINT('Ctrl Pts',(7.62115187470096,15.7717264466523,16.));
#7757=CARTESIAN_POINT('Ctrl Pts',(7.68519677221775,15.7424962368126,15.25));
#7758=CARTESIAN_POINT('Ctrl Pts',(7.68519677221775,15.7424962368126,16.));
#7759=CARTESIAN_POINT('',(7.26261891424656,15.8427691307183,16.));
#7760=CARTESIAN_POINT('Ctrl Pts',(7.26261891424656,15.8427691307183,16.));
#7761=CARTESIAN_POINT('Ctrl Pts',(7.3396322871657,15.839392443964,16.));
#7762=CARTESIAN_POINT('Ctrl Pts',(7.48705471227556,15.8329286399351,16.));
#7763=CARTESIAN_POINT('Ctrl Pts',(7.62115187470096,15.7717264466523,16.));
#7764=CARTESIAN_POINT('Ctrl Pts',(7.68519677221775,15.7424962368126,16.));
#7765=CARTESIAN_POINT('',(7.26261891424656,15.8427691307183,16.));
#7766=CARTESIAN_POINT('Ctrl Pts',(6.47237338125706,15.4392903890725,15.25));
#7767=CARTESIAN_POINT('Ctrl Pts',(6.47237338125706,15.4392903890725,16.));
#7768=CARTESIAN_POINT('Ctrl Pts',(6.58516506806348,15.5569218507331,15.25));
#7769=CARTESIAN_POINT('Ctrl Pts',(6.58516506806348,15.5569218507331,16.));
#7770=CARTESIAN_POINT('Ctrl Pts',(6.80253314751984,15.7836169701058,15.25));
#7771=CARTESIAN_POINT('Ctrl Pts',(6.80253314751984,15.7836169701058,16.));
#7772=CARTESIAN_POINT('Ctrl Pts',(7.11317044110124,15.823554886927,15.25));
#7773=CARTESIAN_POINT('Ctrl Pts',(7.11317044110124,15.823554886927,16.));
#7774=CARTESIAN_POINT('Ctrl Pts',(7.26261891424656,15.8427691307183,15.25));
#7775=CARTESIAN_POINT('Ctrl Pts',(7.26261891424656,15.8427691307183,16.));
#7776=CARTESIAN_POINT('',(6.47237338125706,15.4392903890725,16.));
#7777=CARTESIAN_POINT('Ctrl Pts',(6.47237338125706,15.4392903890725,16.));
#7778=CARTESIAN_POINT('Ctrl Pts',(6.58516506806348,15.5569218507331,16.));
#7779=CARTESIAN_POINT('Ctrl Pts',(6.80253314751984,15.7836169701058,16.));
#7780=CARTESIAN_POINT('Ctrl Pts',(7.11317044110124,15.823554886927,16.));
#7781=CARTESIAN_POINT('Ctrl Pts',(7.26261891424656,15.8427691307183,16.));
#7782=CARTESIAN_POINT('',(6.47237338125706,15.4392903890725,16.));
#7783=CARTESIAN_POINT('Origin',(6.47237338125706,15.6123803403493,16.));
#7784=CARTESIAN_POINT('',(6.47237338125706,15.785470291626,16.));
#7785=CARTESIAN_POINT('',(6.47237338125706,15.3061901701754,16.));
#7786=CARTESIAN_POINT('',(6.47237338125706,15.785470291626,16.));
#7787=CARTESIAN_POINT('Origin',(6.16319932043552,15.785470291626,16.));
#7788=CARTESIAN_POINT('',(5.85402525961399,15.785470291626,16.));
#7789=CARTESIAN_POINT('',(14.3315996602178,15.7854702916261,16.));
#7790=CARTESIAN_POINT('',(5.85402525961399,15.785470291626,16.));
#7791=CARTESIAN_POINT('Origin',(5.85402525961399,14.5177350785847,16.));
#7792=CARTESIAN_POINT('',(5.85402525961399,14.7588675392931,16.));
#7793=CARTESIAN_POINT('Origin',(22.5,15.0000000000015,15.25));
#7794=CARTESIAN_POINT('',(1.11493863165379,12.7916097488518,15.25));
#7795=CARTESIAN_POINT('',(1.11493863165379,12.2639834728356,15.25));
#7796=CARTESIAN_POINT('',(1.11493863165379,12.7916097488518,15.25));
#7797=CARTESIAN_POINT('',(0.563438311219215,12.7916097488518,15.25));
#7798=CARTESIAN_POINT('',(0.563438311219215,12.7916097488518,15.25));
#7799=CARTESIAN_POINT('',(0.563438311219215,16.2223735299225,15.25));
#7800=CARTESIAN_POINT('',(0.563438311219215,16.2223735299225,15.25));
#7801=CARTESIAN_POINT('',(1.11493863165379,16.2223735299225,15.25));
#7802=CARTESIAN_POINT('',(1.11493863165379,16.2223735299225,15.25));
#7803=CARTESIAN_POINT('',(1.11493863165379,16.7499998059388,15.25));
#7804=CARTESIAN_POINT('',(1.11493863165379,16.7499998059388,15.25));
#7805=CARTESIAN_POINT('',(-0.0740095227956772,16.7499998059388,15.25));
#7806=CARTESIAN_POINT('',(-0.0740095227956772,16.7499998059388,15.25));
#7807=CARTESIAN_POINT('',(-0.0740095227956772,12.2639834728356,15.25));
#7808=CARTESIAN_POINT('',(-0.0740095227956772,12.2639834728356,15.25));
#7809=CARTESIAN_POINT('',(1.11493863165379,12.2639834728356,15.25));
#7810=CARTESIAN_POINT('Origin',(1.11493863165379,12.5277966108437,16.));
#7811=CARTESIAN_POINT('',(1.11493863165379,12.2639834728356,16.));
#7812=CARTESIAN_POINT('',(1.11493863165379,12.2639834728356,16.));
#7813=CARTESIAN_POINT('',(1.11493863165379,12.7916097488518,16.));
#7814=CARTESIAN_POINT('',(1.11493863165379,13.7638983054226,16.));
#7815=CARTESIAN_POINT('',(1.11493863165379,12.7916097488518,16.));
#7816=CARTESIAN_POINT('Origin',(0.839188471436501,12.7916097488518,16.));
#7817=CARTESIAN_POINT('',(0.563438311219215,12.7916097488518,16.));
#7818=CARTESIAN_POINT('',(11.6695942357183,12.7916097488519,16.));
#7819=CARTESIAN_POINT('',(0.563438311219215,12.7916097488518,16.));
#7820=CARTESIAN_POINT('Origin',(0.563438311219215,14.5069916393872,16.));
#7821=CARTESIAN_POINT('',(0.563438311219215,16.2223735299225,16.));
#7822=CARTESIAN_POINT('',(0.563438311219215,14.7534958196943,16.));
#7823=CARTESIAN_POINT('',(0.563438311219215,16.2223735299225,16.));
#7824=CARTESIAN_POINT('Origin',(0.839188471436501,16.2223735299225,16.));
#7825=CARTESIAN_POINT('',(1.11493863165379,16.2223735299225,16.));
#7826=CARTESIAN_POINT('',(11.6695942357183,16.2223735299226,16.));
#7827=CARTESIAN_POINT('',(1.11493863165379,16.2223735299225,16.));
#7828=CARTESIAN_POINT('Origin',(1.11493863165379,16.4861866679306,16.));
#7829=CARTESIAN_POINT('',(1.11493863165379,16.7499998059388,16.));
#7830=CARTESIAN_POINT('',(1.11493863165379,15.7430933339661,16.));
#7831=CARTESIAN_POINT('',(1.11493863165379,16.7499998059388,16.));
#7832=CARTESIAN_POINT('Origin',(0.520464554429054,16.7499998059388,16.));
#7833=CARTESIAN_POINT('',(-0.0740095227956772,16.7499998059388,16.));
#7834=CARTESIAN_POINT('',(11.5102322772145,16.7499998059388,16.));
#7835=CARTESIAN_POINT('',(-0.0740095227956772,16.7499998059388,16.));
#7836=CARTESIAN_POINT('Origin',(-0.0740095227956772,14.5069916393872,16.));
#7837=CARTESIAN_POINT('',(-0.0740095227956772,12.2639834728356,16.));
#7838=CARTESIAN_POINT('',(-0.0740095227956772,14.7534958196943,16.));
#7839=CARTESIAN_POINT('',(-0.0740095227956772,12.2639834728356,16.));
#7840=CARTESIAN_POINT('Origin',(0.520464554429054,12.2639834728356,16.));
#7841=CARTESIAN_POINT('',(11.5102322772145,12.2639834728356,16.));
#7842=CARTESIAN_POINT('Origin',(22.5,15.0000000000015,15.25));
#7843=CARTESIAN_POINT('',(-3.12755785882473,13.1903135624047,15.25));
#7844=CARTESIAN_POINT('',(-3.91780339181423,13.4505456533547,15.25));
#7845=CARTESIAN_POINT('Ctrl Pts',(-3.12755785882473,13.1903135624047,15.25));
#7846=CARTESIAN_POINT('Ctrl Pts',(-3.27869321042899,13.1987371147525,15.25));
#7847=CARTESIAN_POINT('Ctrl Pts',(-3.56613890796971,13.2147579454496,15.25));
#7848=CARTESIAN_POINT('Ctrl Pts',(-3.80468286366064,13.3746994099162,15.25));
#7849=CARTESIAN_POINT('Ctrl Pts',(-3.91780339181423,13.4505456533547,15.25));
#7850=CARTESIAN_POINT('',(-2.17974148690701,13.6534786071892,15.25));
#7851=CARTESIAN_POINT('Ctrl Pts',(-2.17974148690701,13.6534786071892,15.25));
#7852=CARTESIAN_POINT('Ctrl Pts',(-2.3061076965794,13.5183977635935,15.25));
#7853=CARTESIAN_POINT('Ctrl Pts',(-2.5628140595404,13.2439880764226,15.25));
#7854=CARTESIAN_POINT('Ctrl Pts',(-2.93737711755167,13.2083887654903,15.25));
#7855=CARTESIAN_POINT('Ctrl Pts',(-3.12755785882473,13.1903135624047,15.25));
#7856=CARTESIAN_POINT('',(-1.92905865609646,14.4246247258301,15.25));
#7857=CARTESIAN_POINT('Ctrl Pts',(-1.92905865609646,14.4246247258301,15.25));
#7858=CARTESIAN_POINT('Ctrl Pts',(-1.93922385542367,14.2848417481342,15.25));
#7859=CARTESIAN_POINT('Ctrl Pts',(-1.95942028498212,14.0071180192006,15.25));
#7860=CARTESIAN_POINT('Ctrl Pts',(-2.10662657438286,13.7708359674814,15.25));
#7861=CARTESIAN_POINT('Ctrl Pts',(-2.17974148690701,13.6534786071892,15.25));
#7862=CARTESIAN_POINT('',(-2.23942719399929,15.2673941698189,15.25));
#7863=CARTESIAN_POINT('Ctrl Pts',(-2.23942719399929,15.2673941698189,15.25));
#7864=CARTESIAN_POINT('Ctrl Pts',(-2.14894231078853,15.1479124998469,15.25));
#7865=CARTESIAN_POINT('Ctrl Pts',(-1.96048433039082,14.8990612727858,15.25));
#7866=CARTESIAN_POINT('Ctrl Pts',(-1.93980773635608,14.5869046652693,15.25));
#7867=CARTESIAN_POINT('Ctrl Pts',(-1.92905865609646,14.4246247258301,15.25));
#7868=CARTESIAN_POINT('',(-2.99624882638454,15.5920874920006,15.25));
#7869=CARTESIAN_POINT('Ctrl Pts',(-2.99624882638454,15.5920874920006,15.25));
#7870=CARTESIAN_POINT('Ctrl Pts',(-2.85301288020809,15.5784660439124,15.25));
#7871=CARTESIAN_POINT('Ctrl Pts',(-2.56604850148024,15.5511763132802,15.25));
#7872=CARTESIAN_POINT('Ctrl Pts',(-2.3484254575707,15.362096383549,15.25));
#7873=CARTESIAN_POINT('Ctrl Pts',(-2.23942719399929,15.2673941698189,15.25));
#7874=CARTESIAN_POINT('',(-3.45463834702969,15.4798772778626,15.25));
#7875=CARTESIAN_POINT('Ctrl Pts',(-3.45463834702969,15.4798772778626,15.25));
#7876=CARTESIAN_POINT('Ctrl Pts',(-3.38016894557229,15.5126022193491,15.25));
#7877=CARTESIAN_POINT('Ctrl Pts',(-3.23389072629851,15.5768829315986,15.25));
#7878=CARTESIAN_POINT('Ctrl Pts',(-3.07449641103767,15.5870811352613,15.25));
#7879=CARTESIAN_POINT('Ctrl Pts',(-2.99624882638454,15.5920874920006,15.25));
#7880=CARTESIAN_POINT('',(-3.34959112107754,16.0743519511338,15.25));
#7881=CARTESIAN_POINT('',(-3.34959112107754,16.0743519511338,15.25));
#7882=CARTESIAN_POINT('',(-2.08424292504787,16.0743519511338,15.25));
#7883=CARTESIAN_POINT('',(-2.08424292504787,16.0743519511338,15.25));
#7884=CARTESIAN_POINT('',(-2.08424292504787,16.7022508230324,15.25));
#7885=CARTESIAN_POINT('',(-2.08424292504787,16.7022508230324,15.25));
#7886=CARTESIAN_POINT('',(-3.85811768472195,16.7022508230324,15.25));
#7887=CARTESIAN_POINT('',(-3.85811768472195,16.7022508230324,15.25));
#7888=CARTESIAN_POINT('',(-4.20191012322903,14.8806273784752,15.25));
#7889=CARTESIAN_POINT('',(-4.20191012322903,14.8806273784752,15.25));
#7890=CARTESIAN_POINT('',(-3.65757189691067,14.8018416609879,15.25));
#7891=CARTESIAN_POINT('',(-3.65757189691067,14.8018416609879,15.25));
#7892=CARTESIAN_POINT('',(-3.13949547708035,15.0572988238449,15.25));
#7893=CARTESIAN_POINT('Ctrl Pts',(-3.13949547708035,15.0572988238449,15.25));
#7894=CARTESIAN_POINT('Ctrl Pts',(-3.23498927674911,15.0447129227839,15.25));
#7895=CARTESIAN_POINT('Ctrl Pts',(-3.43582777111536,15.0182427914443,15.25));
#7896=CARTESIAN_POINT('Ctrl Pts',(-3.58127911511459,14.8762961439065,15.25));
#7897=CARTESIAN_POINT('Ctrl Pts',(-3.65757189691067,14.8018416609879,15.25));
#7898=CARTESIAN_POINT('',(-2.76347242295742,14.8961460437889,15.25));
#7899=CARTESIAN_POINT('Ctrl Pts',(-2.76347242295742,14.8961460437889,15.25));
#7900=CARTESIAN_POINT('Ctrl Pts',(-2.81597094934816,14.9431439698596,15.25));
#7901=CARTESIAN_POINT('Ctrl Pts',(-2.92303946236,15.0389942423333,15.25));
#7902=CARTESIAN_POINT('Ctrl Pts',(-3.06641881617239,15.0511191032309,15.25));
#7903=CARTESIAN_POINT('Ctrl Pts',(-3.13949547708035,15.0572988238449,15.25));
#7904=CARTESIAN_POINT('',(-2.61903129518032,14.4126874055977,15.25));
#7905=CARTESIAN_POINT('Ctrl Pts',(-2.61903129518032,14.4126874055977,15.25));
#7906=CARTESIAN_POINT('Ctrl Pts',(-2.62196497812177,14.509612997186,15.25));
#7907=CARTESIAN_POINT('Ctrl Pts',(-2.62725868081526,14.6845109924706,15.25));
#7908=CARTESIAN_POINT('Ctrl Pts',(-2.72147101459135,14.8308885295675,15.25));
#7909=CARTESIAN_POINT('Ctrl Pts',(-2.76347242295742,14.8961460437889,15.25));
#7910=CARTESIAN_POINT('',(-2.76466570794582,13.8981920328255,15.25));
#7911=CARTESIAN_POINT('Ctrl Pts',(-2.76466570794582,13.8981920328255,15.25));
#7912=CARTESIAN_POINT('Ctrl Pts',(-2.72233325009389,13.9677088101789,15.25));
#7913=CARTESIAN_POINT('Ctrl Pts',(-2.62665940489861,14.1248208167211,15.25));
#7914=CARTESIAN_POINT('Ctrl Pts',(-2.62176184794495,14.3096428848539,15.25));
#7915=CARTESIAN_POINT('Ctrl Pts',(-2.61903129518032,14.4126874055977,15.25));
#7916=CARTESIAN_POINT('',(-3.12039576470852,13.7274896946068,15.25));
#7917=CARTESIAN_POINT('Ctrl Pts',(-3.12039576470852,13.7274896946068,15.25));
#7918=CARTESIAN_POINT('Ctrl Pts',(-3.05260940001693,13.7351261009562,15.25));
#7919=CARTESIAN_POINT('Ctrl Pts',(-2.91441982725021,13.7506937115765,15.25));
#7920=CARTESIAN_POINT('Ctrl Pts',(-2.81520998075787,13.8484091258634,15.25));
#7921=CARTESIAN_POINT('Ctrl Pts',(-2.76466570794582,13.8981920328255,15.25));
#7922=CARTESIAN_POINT('',(-3.44508849084377,13.8599932041283,15.25));
#7923=CARTESIAN_POINT('Ctrl Pts',(-3.44508849084377,13.8599932041283,15.25));
#7924=CARTESIAN_POINT('Ctrl Pts',(-3.39678826272347,13.8213485739724,15.25));
#7925=CARTESIAN_POINT('Ctrl Pts',(-3.30153097622039,13.7451339731346,15.25));
#7926=CARTESIAN_POINT('Ctrl Pts',(-3.18020391352055,13.7333155725632,15.25));
#7927=CARTESIAN_POINT('Ctrl Pts',(-3.12039576470852,13.7274896946068,15.25));
#7928=CARTESIAN_POINT('',(-3.61459694802761,14.2193040099259,15.25));
#7929=CARTESIAN_POINT('Ctrl Pts',(-3.61459694802761,14.2193040099259,15.25));
#7930=CARTESIAN_POINT('Ctrl Pts',(-3.60152554739575,14.1487520955883,15.25));
#7931=CARTESIAN_POINT('Ctrl Pts',(-3.57652355250873,14.0138056846247,15.25));
#7932=CARTESIAN_POINT('Ctrl Pts',(-3.48754688404198,13.909680332456,15.25));
#7933=CARTESIAN_POINT('Ctrl Pts',(-3.44508849084377,13.8599932041283,15.25));
#7934=CARTESIAN_POINT('',(-4.28308330476284,14.1500681486245,15.25));
#7935=CARTESIAN_POINT('',(-4.28308330476284,14.1500681486245,15.25));
#7936=CARTESIAN_POINT('Ctrl Pts',(-3.91780339181423,13.4505456533547,15.25));
#7937=CARTESIAN_POINT('Ctrl Pts',(-4.0096652156417,13.5466637270404,15.25));
#7938=CARTESIAN_POINT('Ctrl Pts',(-4.19857390818594,13.7443251588878,15.25));
#7939=CARTESIAN_POINT('Ctrl Pts',(-4.25440272139259,14.0123681280895,15.25));
#7940=CARTESIAN_POINT('Ctrl Pts',(-4.28308330476284,14.1500681486245,15.25));
#7941=CARTESIAN_POINT('Ctrl Pts',(-3.12755785882473,13.1903135624047,15.25));
#7942=CARTESIAN_POINT('Ctrl Pts',(-3.12755785882473,13.1903135624047,16.));
#7943=CARTESIAN_POINT('Ctrl Pts',(-3.27869321042899,13.1987371147525,15.25));
#7944=CARTESIAN_POINT('Ctrl Pts',(-3.27869321042899,13.1987371147525,16.));
#7945=CARTESIAN_POINT('Ctrl Pts',(-3.56613890796971,13.2147579454496,15.25));
#7946=CARTESIAN_POINT('Ctrl Pts',(-3.56613890796971,13.2147579454496,16.));
#7947=CARTESIAN_POINT('Ctrl Pts',(-3.80468286366064,13.3746994099162,15.25));
#7948=CARTESIAN_POINT('Ctrl Pts',(-3.80468286366064,13.3746994099162,16.));
#7949=CARTESIAN_POINT('Ctrl Pts',(-3.91780339181423,13.4505456533547,15.25));
#7950=CARTESIAN_POINT('Ctrl Pts',(-3.91780339181423,13.4505456533547,16.));
#7951=CARTESIAN_POINT('',(-3.91780339181423,13.4505456533547,16.));
#7952=CARTESIAN_POINT('',(-3.91780339181423,13.4505456533547,16.));
#7953=CARTESIAN_POINT('',(-3.12755785882473,13.1903135624047,16.));
#7954=CARTESIAN_POINT('Ctrl Pts',(-3.12755785882473,13.1903135624047,16.));
#7955=CARTESIAN_POINT('Ctrl Pts',(-3.27869321042899,13.1987371147525,16.));
#7956=CARTESIAN_POINT('Ctrl Pts',(-3.56613890796971,13.2147579454496,16.));
#7957=CARTESIAN_POINT('Ctrl Pts',(-3.80468286366064,13.3746994099162,16.));
#7958=CARTESIAN_POINT('Ctrl Pts',(-3.91780339181423,13.4505456533547,16.));
#7959=CARTESIAN_POINT('',(-3.12755785882473,13.1903135624047,16.));
#7960=CARTESIAN_POINT('Ctrl Pts',(-2.17974148690701,13.6534786071892,15.25));
#7961=CARTESIAN_POINT('Ctrl Pts',(-2.17974148690701,13.6534786071892,16.));
#7962=CARTESIAN_POINT('Ctrl Pts',(-2.3061076965794,13.5183977635935,15.25));
#7963=CARTESIAN_POINT('Ctrl Pts',(-2.3061076965794,13.5183977635935,16.));
#7964=CARTESIAN_POINT('Ctrl Pts',(-2.5628140595404,13.2439880764226,15.25));
#7965=CARTESIAN_POINT('Ctrl Pts',(-2.5628140595404,13.2439880764226,16.));
#7966=CARTESIAN_POINT('Ctrl Pts',(-2.93737711755167,13.2083887654903,15.25));
#7967=CARTESIAN_POINT('Ctrl Pts',(-2.93737711755167,13.2083887654903,16.));
#7968=CARTESIAN_POINT('Ctrl Pts',(-3.12755785882473,13.1903135624047,15.25));
#7969=CARTESIAN_POINT('Ctrl Pts',(-3.12755785882473,13.1903135624047,16.));
#7970=CARTESIAN_POINT('',(-2.17974148690701,13.6534786071892,16.));
#7971=CARTESIAN_POINT('Ctrl Pts',(-2.17974148690701,13.6534786071892,16.));
#7972=CARTESIAN_POINT('Ctrl Pts',(-2.3061076965794,13.5183977635935,16.));
#7973=CARTESIAN_POINT('Ctrl Pts',(-2.5628140595404,13.2439880764226,16.));
#7974=CARTESIAN_POINT('Ctrl Pts',(-2.93737711755167,13.2083887654903,16.));
#7975=CARTESIAN_POINT('Ctrl Pts',(-3.12755785882473,13.1903135624047,16.));
#7976=CARTESIAN_POINT('',(-2.17974148690701,13.6534786071892,16.));
#7977=CARTESIAN_POINT('Ctrl Pts',(-1.92905865609646,14.4246247258301,15.25));
#7978=CARTESIAN_POINT('Ctrl Pts',(-1.92905865609646,14.4246247258301,16.));
#7979=CARTESIAN_POINT('Ctrl Pts',(-1.93922385542367,14.2848417481342,15.25));
#7980=CARTESIAN_POINT('Ctrl Pts',(-1.93922385542367,14.2848417481342,16.));
#7981=CARTESIAN_POINT('Ctrl Pts',(-1.95942028498212,14.0071180192006,15.25));
#7982=CARTESIAN_POINT('Ctrl Pts',(-1.95942028498212,14.0071180192006,16.));
#7983=CARTESIAN_POINT('Ctrl Pts',(-2.10662657438286,13.7708359674814,15.25));
#7984=CARTESIAN_POINT('Ctrl Pts',(-2.10662657438286,13.7708359674814,16.));
#7985=CARTESIAN_POINT('Ctrl Pts',(-2.17974148690701,13.6534786071892,15.25));
#7986=CARTESIAN_POINT('Ctrl Pts',(-2.17974148690701,13.6534786071892,16.));
#7987=CARTESIAN_POINT('',(-1.92905865609646,14.4246247258301,16.));
#7988=CARTESIAN_POINT('Ctrl Pts',(-1.92905865609646,14.4246247258301,16.));
#7989=CARTESIAN_POINT('Ctrl Pts',(-1.93922385542367,14.2848417481342,16.));
#7990=CARTESIAN_POINT('Ctrl Pts',(-1.95942028498212,14.0071180192006,16.));
#7991=CARTESIAN_POINT('Ctrl Pts',(-2.10662657438286,13.7708359674814,16.));
#7992=CARTESIAN_POINT('Ctrl Pts',(-2.17974148690701,13.6534786071892,16.));
#7993=CARTESIAN_POINT('',(-1.92905865609646,14.4246247258301,16.));
#7994=CARTESIAN_POINT('Ctrl Pts',(-2.23942719399929,15.2673941698189,15.25));
#7995=CARTESIAN_POINT('Ctrl Pts',(-2.23942719399929,15.2673941698189,16.));
#7996=CARTESIAN_POINT('Ctrl Pts',(-2.14894231078853,15.1479124998469,15.25));
#7997=CARTESIAN_POINT('Ctrl Pts',(-2.14894231078853,15.1479124998469,16.));
#7998=CARTESIAN_POINT('Ctrl Pts',(-1.96048433039082,14.8990612727858,15.25));
#7999=CARTESIAN_POINT('Ctrl Pts',(-1.96048433039082,14.8990612727858,16.));
#8000=CARTESIAN_POINT('Ctrl Pts',(-1.93980773635608,14.5869046652693,15.25));
#8001=CARTESIAN_POINT('Ctrl Pts',(-1.93980773635608,14.5869046652693,16.));
#8002=CARTESIAN_POINT('Ctrl Pts',(-1.92905865609646,14.4246247258301,15.25));
#8003=CARTESIAN_POINT('Ctrl Pts',(-1.92905865609646,14.4246247258301,16.));
#8004=CARTESIAN_POINT('',(-2.23942719399929,15.2673941698189,16.));
#8005=CARTESIAN_POINT('Ctrl Pts',(-2.23942719399929,15.2673941698189,16.));
#8006=CARTESIAN_POINT('Ctrl Pts',(-2.14894231078853,15.1479124998469,16.));
#8007=CARTESIAN_POINT('Ctrl Pts',(-1.96048433039082,14.8990612727858,16.));
#8008=CARTESIAN_POINT('Ctrl Pts',(-1.93980773635608,14.5869046652693,16.));
#8009=CARTESIAN_POINT('Ctrl Pts',(-1.92905865609646,14.4246247258301,16.));
#8010=CARTESIAN_POINT('',(-2.23942719399929,15.2673941698189,16.));
#8011=CARTESIAN_POINT('Ctrl Pts',(-2.99624882638454,15.5920874920006,15.25));
#8012=CARTESIAN_POINT('Ctrl Pts',(-2.99624882638454,15.5920874920006,16.));
#8013=CARTESIAN_POINT('Ctrl Pts',(-2.85301288020809,15.5784660439124,15.25));
#8014=CARTESIAN_POINT('Ctrl Pts',(-2.85301288020809,15.5784660439124,16.));
#8015=CARTESIAN_POINT('Ctrl Pts',(-2.56604850148024,15.5511763132802,15.25));
#8016=CARTESIAN_POINT('Ctrl Pts',(-2.56604850148024,15.5511763132802,16.));
#8017=CARTESIAN_POINT('Ctrl Pts',(-2.3484254575707,15.362096383549,15.25));
#8018=CARTESIAN_POINT('Ctrl Pts',(-2.3484254575707,15.362096383549,16.));
#8019=CARTESIAN_POINT('Ctrl Pts',(-2.23942719399929,15.2673941698189,15.25));
#8020=CARTESIAN_POINT('Ctrl Pts',(-2.23942719399929,15.2673941698189,16.));
#8021=CARTESIAN_POINT('',(-2.99624882638454,15.5920874920006,16.));
#8022=CARTESIAN_POINT('Ctrl Pts',(-2.99624882638454,15.5920874920006,16.));
#8023=CARTESIAN_POINT('Ctrl Pts',(-2.85301288020809,15.5784660439124,16.));
#8024=CARTESIAN_POINT('Ctrl Pts',(-2.56604850148024,15.5511763132802,16.));
#8025=CARTESIAN_POINT('Ctrl Pts',(-2.3484254575707,15.362096383549,16.));
#8026=CARTESIAN_POINT('Ctrl Pts',(-2.23942719399929,15.2673941698189,16.));
#8027=CARTESIAN_POINT('',(-2.99624882638454,15.5920874920006,16.));
#8028=CARTESIAN_POINT('Ctrl Pts',(-3.45463834702969,15.4798772778626,15.25));
#8029=CARTESIAN_POINT('Ctrl Pts',(-3.45463834702969,15.4798772778626,16.));
#8030=CARTESIAN_POINT('Ctrl Pts',(-3.38016894557229,15.5126022193491,15.25));
#8031=CARTESIAN_POINT('Ctrl Pts',(-3.38016894557229,15.5126022193491,16.));
#8032=CARTESIAN_POINT('Ctrl Pts',(-3.23389072629851,15.5768829315986,15.25));
#8033=CARTESIAN_POINT('Ctrl Pts',(-3.23389072629851,15.5768829315986,16.));
#8034=CARTESIAN_POINT('Ctrl Pts',(-3.07449641103767,15.5870811352613,15.25));
#8035=CARTESIAN_POINT('Ctrl Pts',(-3.07449641103767,15.5870811352613,16.));
#8036=CARTESIAN_POINT('Ctrl Pts',(-2.99624882638454,15.5920874920006,15.25));
#8037=CARTESIAN_POINT('Ctrl Pts',(-2.99624882638454,15.5920874920006,16.));
#8038=CARTESIAN_POINT('',(-3.45463834702969,15.4798772778626,16.));
#8039=CARTESIAN_POINT('Ctrl Pts',(-3.45463834702969,15.4798772778626,16.));
#8040=CARTESIAN_POINT('Ctrl Pts',(-3.38016894557229,15.5126022193491,16.));
#8041=CARTESIAN_POINT('Ctrl Pts',(-3.23389072629851,15.5768829315986,16.));
#8042=CARTESIAN_POINT('Ctrl Pts',(-3.07449641103767,15.5870811352613,16.));
#8043=CARTESIAN_POINT('Ctrl Pts',(-2.99624882638454,15.5920874920006,16.));
#8044=CARTESIAN_POINT('',(-3.45463834702969,15.4798772778626,16.));
#8045=CARTESIAN_POINT('Origin',(-3.40211473405361,15.7771146144982,16.));
#8046=CARTESIAN_POINT('',(-3.34959112107754,16.0743519511338,16.));
#8047=CARTESIAN_POINT('',(-3.07654428804477,17.6195562664655,16.));
#8048=CARTESIAN_POINT('',(-3.34959112107754,16.0743519511338,16.));
#8049=CARTESIAN_POINT('Origin',(-2.71691702306271,16.0743519511338,16.));
#8050=CARTESIAN_POINT('',(-2.08424292504787,16.0743519511338,16.));
#8051=CARTESIAN_POINT('',(9.89154148846865,16.0743519511338,16.));
#8052=CARTESIAN_POINT('',(-2.08424292504787,16.0743519511338,16.));
#8053=CARTESIAN_POINT('Origin',(-2.08424292504787,16.3883013870831,16.));
#8054=CARTESIAN_POINT('',(-2.08424292504787,16.7022508230324,16.));
#8055=CARTESIAN_POINT('',(-2.08424292504787,15.6941506935423,16.));
#8056=CARTESIAN_POINT('',(-2.08424292504787,16.7022508230324,16.));
#8057=CARTESIAN_POINT('Origin',(-2.97118030488491,16.7022508230324,16.));
#8058=CARTESIAN_POINT('',(-3.85811768472195,16.7022508230324,16.));
#8059=CARTESIAN_POINT('',(9.76440984755755,16.7022508230324,16.));
#8060=CARTESIAN_POINT('',(-3.85811768472195,16.7022508230324,16.));
#8061=CARTESIAN_POINT('Origin',(-4.03001390397549,15.7914391007538,16.));
#8062=CARTESIAN_POINT('',(-4.20191012322903,14.8806273784752,16.));
#8063=CARTESIAN_POINT('',(-3.64589963448438,17.8267123654377,16.));
#8064=CARTESIAN_POINT('',(-4.20191012322903,14.8806273784752,16.));
#8065=CARTESIAN_POINT('Origin',(-3.92974101006985,14.8412345197316,16.));
#8066=CARTESIAN_POINT('',(-3.65757189691067,14.8018416609879,16.));
#8067=CARTESIAN_POINT('',(9.00272147047943,12.9694326029355,16.));
#8068=CARTESIAN_POINT('',(-3.65757189691067,14.8018416609879,16.));
#8069=CARTESIAN_POINT('Ctrl Pts',(-3.13949547708035,15.0572988238449,15.25));
#8070=CARTESIAN_POINT('Ctrl Pts',(-3.13949547708035,15.0572988238449,16.));
#8071=CARTESIAN_POINT('Ctrl Pts',(-3.23498927674911,15.0447129227839,15.25));
#8072=CARTESIAN_POINT('Ctrl Pts',(-3.23498927674911,15.0447129227839,16.));
#8073=CARTESIAN_POINT('Ctrl Pts',(-3.43582777111536,15.0182427914443,15.25));
#8074=CARTESIAN_POINT('Ctrl Pts',(-3.43582777111536,15.0182427914443,16.));
#8075=CARTESIAN_POINT('Ctrl Pts',(-3.58127911511459,14.8762961439065,15.25));
#8076=CARTESIAN_POINT('Ctrl Pts',(-3.58127911511459,14.8762961439065,16.));
#8077=CARTESIAN_POINT('Ctrl Pts',(-3.65757189691067,14.8018416609879,15.25));
#8078=CARTESIAN_POINT('Ctrl Pts',(-3.65757189691067,14.8018416609879,16.));
#8079=CARTESIAN_POINT('',(-3.13949547708035,15.0572988238449,16.));
#8080=CARTESIAN_POINT('Ctrl Pts',(-3.13949547708035,15.0572988238449,16.));
#8081=CARTESIAN_POINT('Ctrl Pts',(-3.23498927674911,15.0447129227839,16.));
#8082=CARTESIAN_POINT('Ctrl Pts',(-3.43582777111536,15.0182427914443,16.));
#8083=CARTESIAN_POINT('Ctrl Pts',(-3.58127911511459,14.8762961439065,16.));
#8084=CARTESIAN_POINT('Ctrl Pts',(-3.65757189691067,14.8018416609879,16.));
#8085=CARTESIAN_POINT('',(-3.13949547708035,15.0572988238449,16.));
#8086=CARTESIAN_POINT('Ctrl Pts',(-2.76347242295742,14.8961460437889,15.25));
#8087=CARTESIAN_POINT('Ctrl Pts',(-2.76347242295742,14.8961460437889,16.));
#8088=CARTESIAN_POINT('Ctrl Pts',(-2.81597094934816,14.9431439698596,15.25));
#8089=CARTESIAN_POINT('Ctrl Pts',(-2.81597094934816,14.9431439698596,16.));
#8090=CARTESIAN_POINT('Ctrl Pts',(-2.92303946236,15.0389942423333,15.25));
#8091=CARTESIAN_POINT('Ctrl Pts',(-2.92303946236,15.0389942423333,16.));
#8092=CARTESIAN_POINT('Ctrl Pts',(-3.06641881617239,15.0511191032309,15.25));
#8093=CARTESIAN_POINT('Ctrl Pts',(-3.06641881617239,15.0511191032309,16.));
#8094=CARTESIAN_POINT('Ctrl Pts',(-3.13949547708035,15.0572988238449,15.25));
#8095=CARTESIAN_POINT('Ctrl Pts',(-3.13949547708035,15.0572988238449,16.));
#8096=CARTESIAN_POINT('',(-2.76347242295742,14.8961460437889,16.));
#8097=CARTESIAN_POINT('Ctrl Pts',(-2.76347242295742,14.8961460437889,16.));
#8098=CARTESIAN_POINT('Ctrl Pts',(-2.81597094934816,14.9431439698596,16.));
#8099=CARTESIAN_POINT('Ctrl Pts',(-2.92303946236,15.0389942423333,16.));
#8100=CARTESIAN_POINT('Ctrl Pts',(-3.06641881617239,15.0511191032309,16.));
#8101=CARTESIAN_POINT('Ctrl Pts',(-3.13949547708035,15.0572988238449,16.));
#8102=CARTESIAN_POINT('',(-2.76347242295742,14.8961460437889,16.));
#8103=CARTESIAN_POINT('Ctrl Pts',(-2.61903129518032,14.4126874055977,15.25));
#8104=CARTESIAN_POINT('Ctrl Pts',(-2.61903129518032,14.4126874055977,16.));
#8105=CARTESIAN_POINT('Ctrl Pts',(-2.62196497812177,14.509612997186,15.25));
#8106=CARTESIAN_POINT('Ctrl Pts',(-2.62196497812177,14.509612997186,16.));
#8107=CARTESIAN_POINT('Ctrl Pts',(-2.62725868081526,14.6845109924706,15.25));
#8108=CARTESIAN_POINT('Ctrl Pts',(-2.62725868081526,14.6845109924706,16.));
#8109=CARTESIAN_POINT('Ctrl Pts',(-2.72147101459135,14.8308885295675,15.25));
#8110=CARTESIAN_POINT('Ctrl Pts',(-2.72147101459135,14.8308885295675,16.));
#8111=CARTESIAN_POINT('Ctrl Pts',(-2.76347242295742,14.8961460437889,15.25));
#8112=CARTESIAN_POINT('Ctrl Pts',(-2.76347242295742,14.8961460437889,16.));
#8113=CARTESIAN_POINT('',(-2.61903129518032,14.4126874055977,16.));
#8114=CARTESIAN_POINT('Ctrl Pts',(-2.61903129518032,14.4126874055977,16.));
#8115=CARTESIAN_POINT('Ctrl Pts',(-2.62196497812177,14.509612997186,16.));
#8116=CARTESIAN_POINT('Ctrl Pts',(-2.62725868081526,14.6845109924706,16.));
#8117=CARTESIAN_POINT('Ctrl Pts',(-2.72147101459135,14.8308885295675,16.));
#8118=CARTESIAN_POINT('Ctrl Pts',(-2.76347242295742,14.8961460437889,16.));
#8119=CARTESIAN_POINT('',(-2.61903129518032,14.4126874055977,16.));
#8120=CARTESIAN_POINT('Ctrl Pts',(-2.76466570794582,13.8981920328255,15.25));
#8121=CARTESIAN_POINT('Ctrl Pts',(-2.76466570794582,13.8981920328255,16.));
#8122=CARTESIAN_POINT('Ctrl Pts',(-2.72233325009389,13.9677088101789,15.25));
#8123=CARTESIAN_POINT('Ctrl Pts',(-2.72233325009389,13.9677088101789,16.));
#8124=CARTESIAN_POINT('Ctrl Pts',(-2.62665940489861,14.1248208167211,15.25));
#8125=CARTESIAN_POINT('Ctrl Pts',(-2.62665940489861,14.1248208167211,16.));
#8126=CARTESIAN_POINT('Ctrl Pts',(-2.62176184794495,14.3096428848539,15.25));
#8127=CARTESIAN_POINT('Ctrl Pts',(-2.62176184794495,14.3096428848539,16.));
#8128=CARTESIAN_POINT('Ctrl Pts',(-2.61903129518032,14.4126874055977,15.25));
#8129=CARTESIAN_POINT('Ctrl Pts',(-2.61903129518032,14.4126874055977,16.));
#8130=CARTESIAN_POINT('',(-2.76466570794582,13.8981920328255,16.));
#8131=CARTESIAN_POINT('Ctrl Pts',(-2.76466570794582,13.8981920328255,16.));
#8132=CARTESIAN_POINT('Ctrl Pts',(-2.72233325009389,13.9677088101789,16.));
#8133=CARTESIAN_POINT('Ctrl Pts',(-2.62665940489861,14.1248208167211,16.));
#8134=CARTESIAN_POINT('Ctrl Pts',(-2.62176184794495,14.3096428848539,16.));
#8135=CARTESIAN_POINT('Ctrl Pts',(-2.61903129518032,14.4126874055977,16.));
#8136=CARTESIAN_POINT('',(-2.76466570794582,13.8981920328255,16.));
#8137=CARTESIAN_POINT('Ctrl Pts',(-3.12039576470852,13.7274896946068,15.25));
#8138=CARTESIAN_POINT('Ctrl Pts',(-3.12039576470852,13.7274896946068,16.));
#8139=CARTESIAN_POINT('Ctrl Pts',(-3.05260940001693,13.7351261009562,15.25));
#8140=CARTESIAN_POINT('Ctrl Pts',(-3.05260940001693,13.7351261009562,16.));
#8141=CARTESIAN_POINT('Ctrl Pts',(-2.91441982725021,13.7506937115765,15.25));
#8142=CARTESIAN_POINT('Ctrl Pts',(-2.91441982725021,13.7506937115765,16.));
#8143=CARTESIAN_POINT('Ctrl Pts',(-2.81520998075787,13.8484091258634,15.25));
#8144=CARTESIAN_POINT('Ctrl Pts',(-2.81520998075787,13.8484091258634,16.));
#8145=CARTESIAN_POINT('Ctrl Pts',(-2.76466570794582,13.8981920328255,15.25));
#8146=CARTESIAN_POINT('Ctrl Pts',(-2.76466570794582,13.8981920328255,16.));
#8147=CARTESIAN_POINT('',(-3.12039576470852,13.7274896946068,16.));
#8148=CARTESIAN_POINT('Ctrl Pts',(-3.12039576470852,13.7274896946068,16.));
#8149=CARTESIAN_POINT('Ctrl Pts',(-3.05260940001693,13.7351261009562,16.));
#8150=CARTESIAN_POINT('Ctrl Pts',(-2.91441982725021,13.7506937115765,16.));
#8151=CARTESIAN_POINT('Ctrl Pts',(-2.81520998075787,13.8484091258634,16.));
#8152=CARTESIAN_POINT('Ctrl Pts',(-2.76466570794582,13.8981920328255,16.));
#8153=CARTESIAN_POINT('',(-3.12039576470852,13.7274896946068,16.));
#8154=CARTESIAN_POINT('Ctrl Pts',(-3.44508849084377,13.8599932041283,15.25));
#8155=CARTESIAN_POINT('Ctrl Pts',(-3.44508849084377,13.8599932041283,16.));
#8156=CARTESIAN_POINT('Ctrl Pts',(-3.39678826272347,13.8213485739724,15.25));
#8157=CARTESIAN_POINT('Ctrl Pts',(-3.39678826272347,13.8213485739724,16.));
#8158=CARTESIAN_POINT('Ctrl Pts',(-3.30153097622039,13.7451339731346,15.25));
#8159=CARTESIAN_POINT('Ctrl Pts',(-3.30153097622039,13.7451339731346,16.));
#8160=CARTESIAN_POINT('Ctrl Pts',(-3.18020391352055,13.7333155725632,15.25));
#8161=CARTESIAN_POINT('Ctrl Pts',(-3.18020391352055,13.7333155725632,16.));
#8162=CARTESIAN_POINT('Ctrl Pts',(-3.12039576470852,13.7274896946068,15.25));
#8163=CARTESIAN_POINT('Ctrl Pts',(-3.12039576470852,13.7274896946068,16.));
#8164=CARTESIAN_POINT('',(-3.44508849084377,13.8599932041283,16.));
#8165=CARTESIAN_POINT('Ctrl Pts',(-3.44508849084377,13.8599932041283,16.));
#8166=CARTESIAN_POINT('Ctrl Pts',(-3.39678826272347,13.8213485739724,16.));
#8167=CARTESIAN_POINT('Ctrl Pts',(-3.30153097622039,13.7451339731346,16.));
#8168=CARTESIAN_POINT('Ctrl Pts',(-3.18020391352055,13.7333155725632,16.));
#8169=CARTESIAN_POINT('Ctrl Pts',(-3.12039576470852,13.7274896946068,16.));
#8170=CARTESIAN_POINT('',(-3.44508849084377,13.8599932041283,16.));
#8171=CARTESIAN_POINT('Ctrl Pts',(-3.61459694802761,14.2193040099259,15.25));
#8172=CARTESIAN_POINT('Ctrl Pts',(-3.61459694802761,14.2193040099259,16.));
#8173=CARTESIAN_POINT('Ctrl Pts',(-3.60152554739575,14.1487520955883,15.25));
#8174=CARTESIAN_POINT('Ctrl Pts',(-3.60152554739575,14.1487520955883,16.));
#8175=CARTESIAN_POINT('Ctrl Pts',(-3.57652355250873,14.0138056846247,15.25));
#8176=CARTESIAN_POINT('Ctrl Pts',(-3.57652355250873,14.0138056846247,16.));
#8177=CARTESIAN_POINT('Ctrl Pts',(-3.48754688404198,13.909680332456,15.25));
#8178=CARTESIAN_POINT('Ctrl Pts',(-3.48754688404198,13.909680332456,16.));
#8179=CARTESIAN_POINT('Ctrl Pts',(-3.44508849084377,13.8599932041283,15.25));
#8180=CARTESIAN_POINT('Ctrl Pts',(-3.44508849084377,13.8599932041283,16.));
#8181=CARTESIAN_POINT('',(-3.61459694802761,14.2193040099259,16.));
#8182=CARTESIAN_POINT('Ctrl Pts',(-3.61459694802761,14.2193040099259,16.));
#8183=CARTESIAN_POINT('Ctrl Pts',(-3.60152554739575,14.1487520955883,16.));
#8184=CARTESIAN_POINT('Ctrl Pts',(-3.57652355250873,14.0138056846247,16.));
#8185=CARTESIAN_POINT('Ctrl Pts',(-3.48754688404198,13.909680332456,16.));
#8186=CARTESIAN_POINT('Ctrl Pts',(-3.44508849084377,13.8599932041283,16.));
#8187=CARTESIAN_POINT('',(-3.61459694802761,14.2193040099259,16.));
#8188=CARTESIAN_POINT('Origin',(-3.94884012639523,14.1846860792752,16.));
#8189=CARTESIAN_POINT('',(-4.28308330476284,14.1500681486245,16.));
#8190=CARTESIAN_POINT('',(9.17700089829568,15.544143754804,16.));
#8191=CARTESIAN_POINT('',(-4.28308330476284,14.1500681486245,16.));
#8192=CARTESIAN_POINT('Ctrl Pts',(-3.91780339181423,13.4505456533547,15.25));
#8193=CARTESIAN_POINT('Ctrl Pts',(-3.91780339181423,13.4505456533547,16.));
#8194=CARTESIAN_POINT('Ctrl Pts',(-4.0096652156417,13.5466637270404,15.25));
#8195=CARTESIAN_POINT('Ctrl Pts',(-4.0096652156417,13.5466637270404,16.));
#8196=CARTESIAN_POINT('Ctrl Pts',(-4.19857390818594,13.7443251588878,15.25));
#8197=CARTESIAN_POINT('Ctrl Pts',(-4.19857390818594,13.7443251588878,16.));
#8198=CARTESIAN_POINT('Ctrl Pts',(-4.25440272139259,14.0123681280895,15.25));
#8199=CARTESIAN_POINT('Ctrl Pts',(-4.25440272139259,14.0123681280895,16.));
#8200=CARTESIAN_POINT('Ctrl Pts',(-4.28308330476284,14.1500681486245,15.25));
#8201=CARTESIAN_POINT('Ctrl Pts',(-4.28308330476284,14.1500681486245,16.));
#8202=CARTESIAN_POINT('Ctrl Pts',(-3.91780339181423,13.4505456533547,16.));
#8203=CARTESIAN_POINT('Ctrl Pts',(-4.0096652156417,13.5466637270404,16.));
#8204=CARTESIAN_POINT('Ctrl Pts',(-4.19857390818594,13.7443251588878,16.));
#8205=CARTESIAN_POINT('Ctrl Pts',(-4.25440272139259,14.0123681280895,16.));
#8206=CARTESIAN_POINT('Ctrl Pts',(-4.28308330476284,14.1500681486245,16.));
#8207=CARTESIAN_POINT('Origin',(22.5,15.0000000000015,15.25));
#8208=CARTESIAN_POINT('',(-7.25545607507229,14.8543655719872,15.25));
#8209=CARTESIAN_POINT('',(-7.25545607507229,14.1834923472519,15.25));
#8210=CARTESIAN_POINT('',(-7.25545607507229,14.8543655719872,15.25));
#8211=CARTESIAN_POINT('',(-8.57332907617092,14.8543655719872,15.25));
#8212=CARTESIAN_POINT('',(-8.57332907617092,14.8543655719872,15.25));
#8213=CARTESIAN_POINT('',(-8.57332907617092,14.1834923472519,15.25));
#8214=CARTESIAN_POINT('',(-8.57332907617092,14.1834923472519,15.25));
#8215=CARTESIAN_POINT('',(-7.25545607507229,14.1834923472519,15.25));
#8216=CARTESIAN_POINT('Origin',(-7.25545607507229,14.5189289596195,16.));
#8217=CARTESIAN_POINT('',(-7.25545607507229,14.1834923472519,16.));
#8218=CARTESIAN_POINT('',(-7.25545607507229,14.1834923472519,16.));
#8219=CARTESIAN_POINT('',(-7.25545607507229,14.8543655719872,16.));
#8220=CARTESIAN_POINT('',(-7.25545607507229,14.7594644798105,16.));
#8221=CARTESIAN_POINT('',(-7.25545607507229,14.8543655719872,16.));
#8222=CARTESIAN_POINT('Origin',(-7.9143925756216,14.8543655719872,16.));
#8223=CARTESIAN_POINT('',(-8.57332907617092,14.8543655719872,16.));
#8224=CARTESIAN_POINT('',(7.2928037121892,14.8543655719872,16.));
#8225=CARTESIAN_POINT('',(-8.57332907617092,14.8543655719872,16.));
#8226=CARTESIAN_POINT('Origin',(-8.57332907617092,14.5189289596195,16.));
#8227=CARTESIAN_POINT('',(-8.57332907617092,14.1834923472519,16.));
#8228=CARTESIAN_POINT('',(-8.57332907617092,14.7594644798105,16.));
#8229=CARTESIAN_POINT('',(-8.57332907617092,14.1834923472519,16.));
#8230=CARTESIAN_POINT('Origin',(-7.9143925756216,14.1834923472519,16.));
#8231=CARTESIAN_POINT('',(7.2928037121892,14.1834923472519,16.));
#8232=CARTESIAN_POINT('Origin',(12.5775568530265,-0.615860784781705,16.));
#8233=CARTESIAN_POINT('',(12.5775568530265,-0.615860784781705,16.));
#8234=CARTESIAN_POINT('',(11.7992485657636,-1.82629730774237,16.));
#8235=CARTESIAN_POINT('',(17.5807058775372,7.16511033962953,16.));
#8236=CARTESIAN_POINT('',(12.5775568530265,-0.615860784781705,15.3));
#8237=CARTESIAN_POINT('',(12.5775568530265,-0.615860784781705,16.));
#8238=CARTESIAN_POINT('',(11.7992485657636,-1.82629730774237,15.3));
#8239=CARTESIAN_POINT('',(12.5775568530265,-0.615860784781705,15.3));
#8240=CARTESIAN_POINT('',(11.7992485657636,-1.82629730774237,16.));
#8241=CARTESIAN_POINT('Origin',(13.3534777507488,-1.82629730774237,16.));
#8242=CARTESIAN_POINT('',(13.3534777507488,-1.82629730774237,16.));
#8243=CARTESIAN_POINT('',(10.8630156377444,2.0588233398386,16.));
#8244=CARTESIAN_POINT('',(13.3534777507488,-1.82629730774237,15.3));
#8245=CARTESIAN_POINT('',(13.3534777507488,-1.82629730774237,16.));
#8246=CARTESIAN_POINT('',(13.3534777507488,-1.82629730774237,15.3));
#8247=CARTESIAN_POINT('Origin',(14.2057969019119,-1.82629730774237,16.));
#8248=CARTESIAN_POINT('',(14.2057969019119,-1.82629730774237,16.));
#8249=CARTESIAN_POINT('',(18.3528984509559,-1.82629730774237,16.));
#8250=CARTESIAN_POINT('',(14.2057969019119,-1.82629730774237,15.3));
#8251=CARTESIAN_POINT('',(14.2057969019119,-1.82629730774237,16.));
#8252=CARTESIAN_POINT('',(14.2057969019119,-1.82629730774237,15.3));
#8253=CARTESIAN_POINT('Origin',(13.0096851632301,-0.0261608905918703,16.));
#8254=CARTESIAN_POINT('',(13.0096851632301,-0.0261608905918703,16.));
#8255=CARTESIAN_POINT('',(10.9998952613678,2.99855316927582,16.));
#8256=CARTESIAN_POINT('',(13.0096851632301,-0.0261608905918703,15.3));
#8257=CARTESIAN_POINT('',(13.0096851632301,-0.0261608905918703,16.));
#8258=CARTESIAN_POINT('',(13.0096851632301,-0.0261608905918703,15.3));
#8259=CARTESIAN_POINT('Origin',(14.0983616158668,1.67370263265299,16.));
#8260=CARTESIAN_POINT('',(14.0983616158668,1.67370263265299,16.));
#8261=CARTESIAN_POINT('',(18.3464018226154,8.30660864916547,16.));
#8262=CARTESIAN_POINT('',(14.0983616158668,1.67370263265299,15.3));
#8263=CARTESIAN_POINT('',(14.0983616158668,1.67370263265299,16.));
#8264=CARTESIAN_POINT('',(14.0983616158668,1.67370263265299,15.3));
#8265=CARTESIAN_POINT('Origin',(13.2794668123428,1.67370263265299,16.));
#8266=CARTESIAN_POINT('',(13.2794668123428,1.67370263265299,16.));
#8267=CARTESIAN_POINT('',(17.8897334061714,1.67370263265299,16.));
#8268=CARTESIAN_POINT('',(13.2794668123428,1.67370263265299,15.3));
#8269=CARTESIAN_POINT('',(13.2794668123428,1.67370263265299,16.));
#8270=CARTESIAN_POINT('',(13.2794668123428,1.67370263265299,15.3));
#8271=CARTESIAN_POINT('Origin',(12.5918816373054,0.549214219319095,16.));
#8272=CARTESIAN_POINT('',(12.5918816373054,0.549214219319095,16.));
#8273=CARTESIAN_POINT('',(17.1558182891025,8.01315333618078,16.));
#8274=CARTESIAN_POINT('',(12.5918816373054,0.549214219319095,15.3));
#8275=CARTESIAN_POINT('',(12.5918816373054,0.549214219319095,16.));
#8276=CARTESIAN_POINT('',(12.5918816373054,0.549214219319095,15.3));
#8277=CARTESIAN_POINT('Origin',(11.8899716034833,1.67370263265299,16.));
#8278=CARTESIAN_POINT('',(11.8899716034833,1.67370263265299,16.));
#8279=CARTESIAN_POINT('',(10.3844145278185,4.08566628272255,16.));
#8280=CARTESIAN_POINT('',(11.8899716034833,1.67370263265299,15.3));
#8281=CARTESIAN_POINT('',(11.8899716034833,1.67370263265299,16.));
#8282=CARTESIAN_POINT('',(11.8899716034833,1.67370263265299,15.3));
#8283=CARTESIAN_POINT('Origin',(11.0639143612537,1.67370263265299,16.));
#8284=CARTESIAN_POINT('',(11.0639143612537,1.67370263265299,16.));
#8285=CARTESIAN_POINT('',(16.7819571806269,1.67370263265299,16.));
#8286=CARTESIAN_POINT('',(11.0639143612537,1.67370263265299,15.3));
#8287=CARTESIAN_POINT('',(11.0639143612537,1.67370263265299,16.));
#8288=CARTESIAN_POINT('',(11.0639143612537,1.67370263265299,15.3));
#8289=CARTESIAN_POINT('Origin',(12.1478160813752,0.000101064907778725,16.));
#8290=CARTESIAN_POINT('',(12.1478160813752,0.000101064907778725,16.));
#8291=CARTESIAN_POINT('',(10.2553696582965,2.92213840624839,16.));
#8292=CARTESIAN_POINT('',(12.1478160813752,0.000101064907778725,15.3));
#8293=CARTESIAN_POINT('',(12.1478160813752,0.000101064907778725,16.));
#8294=CARTESIAN_POINT('',(12.1478160813752,0.000101064907778725,15.3));
#8295=CARTESIAN_POINT('Origin',(10.9517042681876,-1.82629730774237,16.));
#8296=CARTESIAN_POINT('',(10.9517042681876,-1.82629730774237,16.));
#8297=CARTESIAN_POINT('',(16.5408418155896,6.70801496017912,16.));
#8298=CARTESIAN_POINT('',(10.9517042681876,-1.82629730774237,15.3));
#8299=CARTESIAN_POINT('',(10.9517042681876,-1.82629730774237,16.));
#8300=CARTESIAN_POINT('',(10.9517042681876,-1.82629730774237,15.3));
#8301=CARTESIAN_POINT('Origin',(11.7992485657636,-1.82629730774237,16.));
#8302=CARTESIAN_POINT('',(17.1496242828818,-1.82629730774237,16.));
#8303=CARTESIAN_POINT('',(11.7992485657636,-1.82629730774237,15.3));
#8304=CARTESIAN_POINT('Origin',(12.5787505850497,-0.0762973375446901,15.3));
#8305=CARTESIAN_POINT('Origin',(11.0000001639128,-10.0000001490116,16.));
#8306=CARTESIAN_POINT('',(11.0000001639128,-10.0000001490116,16.));
#8307=CARTESIAN_POINT('',(11.0000001639128,-9.00000013411045,16.));
#8308=CARTESIAN_POINT('',(11.0000001639128,2.49999992549494,16.));
#8309=CARTESIAN_POINT('',(11.0000001639128,-10.0000001490116,15.3));
#8310=CARTESIAN_POINT('',(11.0000001639128,-10.0000001490116,16.));
#8311=CARTESIAN_POINT('',(11.0000001639128,-9.00000013411045,15.3));
#8312=CARTESIAN_POINT('',(11.0000001639128,-9.00000013411045,15.3));
#8313=CARTESIAN_POINT('',(11.0000001639128,-9.00000013411045,16.));
#8314=CARTESIAN_POINT('Origin',(14.0000002086163,-10.0000001490116,16.));
#8315=CARTESIAN_POINT('',(14.0000002086163,-10.0000001490116,16.));
#8316=CARTESIAN_POINT('',(18.2500001043081,-10.0000001490116,16.));
#8317=CARTESIAN_POINT('',(14.0000002086163,-10.0000001490116,15.3));
#8318=CARTESIAN_POINT('',(14.0000002086163,-10.0000001490116,16.));
#8319=CARTESIAN_POINT('',(11.0000001639128,-10.0000001490116,15.3));
#8320=CARTESIAN_POINT('Origin',(14.0000002086163,-9.00000013411045,16.));
#8321=CARTESIAN_POINT('',(14.0000002086163,-9.00000013411045,16.));
#8322=CARTESIAN_POINT('',(14.0000002086163,2.99999993294552,16.));
#8323=CARTESIAN_POINT('',(14.0000002086163,-9.00000013411045,15.3));
#8324=CARTESIAN_POINT('',(14.0000002086163,-9.00000013411045,16.));
#8325=CARTESIAN_POINT('',(14.0000002086163,-9.00000013411045,15.3));
#8326=CARTESIAN_POINT('Origin',(13.0000001937151,-9.00000013411045,16.));
#8327=CARTESIAN_POINT('',(13.0000001937151,-9.00000013411045,16.));
#8328=CARTESIAN_POINT('',(17.7500000968576,-9.00000013411045,16.));
#8329=CARTESIAN_POINT('',(13.0000001937151,-9.00000013411045,15.3));
#8330=CARTESIAN_POINT('',(13.0000001937151,-9.00000013411045,16.));
#8331=CARTESIAN_POINT('',(13.0000001937151,-9.00000013411045,15.3));
#8332=CARTESIAN_POINT('Origin',(13.0000001937151,-3.50000005215406,16.));
#8333=CARTESIAN_POINT('',(13.0000001937151,-3.50000005215406,16.));
#8334=CARTESIAN_POINT('',(13.0000001937151,5.74999997392371,16.));
#8335=CARTESIAN_POINT('',(13.0000001937151,-3.50000005215406,15.3));
#8336=CARTESIAN_POINT('',(13.0000001937151,-3.50000005215406,16.));
#8337=CARTESIAN_POINT('',(13.0000001937151,-3.50000005215406,15.3));
#8338=CARTESIAN_POINT('Origin',(12.0000001788139,-3.50000005215406,16.));
#8339=CARTESIAN_POINT('',(12.0000001788139,-3.50000005215406,16.));
#8340=CARTESIAN_POINT('',(17.250000089407,-3.50000005215406,16.));
#8341=CARTESIAN_POINT('',(12.0000001788139,-3.50000005215406,15.3));
#8342=CARTESIAN_POINT('',(12.0000001788139,-3.50000005215406,16.));
#8343=CARTESIAN_POINT('',(12.0000001788139,-3.50000005215406,15.3));
#8344=CARTESIAN_POINT('Origin',(12.0000001788139,-9.00000013411045,16.));
#8345=CARTESIAN_POINT('',(12.0000001788139,-9.00000013411045,16.));
#8346=CARTESIAN_POINT('',(12.0000001788139,2.99999993294552,16.));
#8347=CARTESIAN_POINT('',(12.0000001788139,-9.00000013411045,15.3));
#8348=CARTESIAN_POINT('',(12.0000001788139,-9.00000013411045,16.));
#8349=CARTESIAN_POINT('',(12.0000001788139,-10.0000001490116,15.3));
#8350=CARTESIAN_POINT('Origin',(11.0000001639128,-9.00000013411045,16.));
#8351=CARTESIAN_POINT('',(16.7500000819564,-9.00000013411045,16.));
#8352=CARTESIAN_POINT('',(12.0000001788139,-9.00000013411045,15.3));
#8353=CARTESIAN_POINT('Origin',(12.5000001862645,-6.75000010058284,15.3));
#8354=CARTESIAN_POINT('Origin',(13.0000001937151,9.00000013411046,16.));
#8355=CARTESIAN_POINT('',(13.0000001937151,9.00000013411046,16.));
#8356=CARTESIAN_POINT('',(13.0000001937151,3.50000005215407,16.));
#8357=CARTESIAN_POINT('',(13.0000001937151,12.000000067056,16.));
#8358=CARTESIAN_POINT('',(13.0000001937151,9.00000013411046,15.3));
#8359=CARTESIAN_POINT('',(13.0000001937151,9.00000013411046,16.));
#8360=CARTESIAN_POINT('',(13.0000001937151,3.50000005215407,15.3));
#8361=CARTESIAN_POINT('',(13.0000001937151,3.50000005215407,15.3));
#8362=CARTESIAN_POINT('',(13.0000001937151,3.50000005215407,16.));
#8363=CARTESIAN_POINT('Origin',(14.0000002086163,9.00000013411046,16.));
#8364=CARTESIAN_POINT('',(14.0000002086163,9.00000013411046,16.));
#8365=CARTESIAN_POINT('',(18.2500001043081,9.00000013411045,16.));
#8366=CARTESIAN_POINT('',(14.0000002086163,9.00000013411046,15.3));
#8367=CARTESIAN_POINT('',(14.0000002086163,9.00000013411046,16.));
#8368=CARTESIAN_POINT('',(13.0000001937151,9.00000013411046,15.3));
#8369=CARTESIAN_POINT('Origin',(14.0000002086163,10.0000001490116,16.));
#8370=CARTESIAN_POINT('',(14.0000002086163,10.0000001490116,16.));
#8371=CARTESIAN_POINT('',(14.0000002086163,12.5000000745066,16.));
#8372=CARTESIAN_POINT('',(14.0000002086163,10.0000001490116,15.3));
#8373=CARTESIAN_POINT('',(14.0000002086163,10.0000001490116,16.));
#8374=CARTESIAN_POINT('',(14.0000002086163,9.00000013411046,15.3));
#8375=CARTESIAN_POINT('Origin',(11.0000001639128,10.0000001490116,16.));
#8376=CARTESIAN_POINT('',(11.0000001639128,10.0000001490116,16.));
#8377=CARTESIAN_POINT('',(16.7500000819564,10.0000001490116,16.));
#8378=CARTESIAN_POINT('',(11.0000001639128,10.0000001490116,15.3));
#8379=CARTESIAN_POINT('',(11.0000001639128,10.0000001490116,16.));
#8380=CARTESIAN_POINT('',(14.0000002086163,10.0000001490116,15.3));
#8381=CARTESIAN_POINT('Origin',(11.0000001639128,9.00000013411045,16.));
#8382=CARTESIAN_POINT('',(11.0000001639128,9.00000013411045,16.));
#8383=CARTESIAN_POINT('',(11.0000001639128,12.000000067056,16.));
#8384=CARTESIAN_POINT('',(11.0000001639128,9.00000013411045,15.3));
#8385=CARTESIAN_POINT('',(11.0000001639128,9.00000013411045,16.));
#8386=CARTESIAN_POINT('',(11.0000001639128,9.00000013411045,15.3));
#8387=CARTESIAN_POINT('Origin',(12.0000001788139,9.00000013411045,16.));
#8388=CARTESIAN_POINT('',(12.0000001788139,9.00000013411045,16.));
#8389=CARTESIAN_POINT('',(17.250000089407,9.00000013411045,16.));
#8390=CARTESIAN_POINT('',(12.0000001788139,9.00000013411045,15.3));
#8391=CARTESIAN_POINT('',(12.0000001788139,9.00000013411045,16.));
#8392=CARTESIAN_POINT('',(12.0000001788139,9.00000013411045,15.3));
#8393=CARTESIAN_POINT('Origin',(12.0000001788139,3.50000005215407,16.));
#8394=CARTESIAN_POINT('',(12.0000001788139,3.50000005215407,16.));
#8395=CARTESIAN_POINT('',(12.0000001788139,9.25000002607778,16.));
#8396=CARTESIAN_POINT('',(12.0000001788139,3.50000005215407,15.3));
#8397=CARTESIAN_POINT('',(12.0000001788139,3.50000005215407,16.));
#8398=CARTESIAN_POINT('',(12.0000001788139,10.0000001490116,15.3));
#8399=CARTESIAN_POINT('Origin',(13.0000001937151,3.50000005215407,16.));
#8400=CARTESIAN_POINT('',(17.7500000968576,3.50000005215407,16.));
#8401=CARTESIAN_POINT('',(12.0000001788139,3.50000005215407,15.3));
#8402=CARTESIAN_POINT('Origin',(12.5000001862645,6.75000010058284,15.3));
#8403=CARTESIAN_POINT('Origin',(3.50000005215406,-13.0000001937151,16.));
#8404=CARTESIAN_POINT('',(3.50000005215406,-13.0000001937151,16.));
#8405=CARTESIAN_POINT('',(3.50000005215406,-12.0000001788139,16.));
#8406=CARTESIAN_POINT('',(3.50000005215406,0.999999903143198,16.));
#8407=CARTESIAN_POINT('',(3.50000005215406,-13.0000001937151,15.3));
#8408=CARTESIAN_POINT('',(3.50000005215406,-13.0000001937151,16.));
#8409=CARTESIAN_POINT('',(3.50000005215406,-12.0000001788139,15.3));
#8410=CARTESIAN_POINT('',(3.50000005215406,-12.0000001788139,15.3));
#8411=CARTESIAN_POINT('',(3.50000005215406,-12.0000001788139,16.));
#8412=CARTESIAN_POINT('Origin',(9.00000013411045,-13.0000001937151,16.));
#8413=CARTESIAN_POINT('',(9.00000013411045,-13.0000001937151,16.));
#8414=CARTESIAN_POINT('',(15.7500000670552,-13.0000001937151,16.));
#8415=CARTESIAN_POINT('',(9.00000013411045,-13.0000001937151,15.3));
#8416=CARTESIAN_POINT('',(9.00000013411045,-13.0000001937151,16.));
#8417=CARTESIAN_POINT('',(3.50000005215406,-13.0000001937151,15.3));
#8418=CARTESIAN_POINT('Origin',(9.00000013411045,-14.0000002086163,16.));
#8419=CARTESIAN_POINT('',(9.00000013411045,-14.0000002086163,16.));
#8420=CARTESIAN_POINT('',(9.00000013411045,0.499999895692618,16.));
#8421=CARTESIAN_POINT('',(9.00000013411045,-14.0000002086163,15.3));
#8422=CARTESIAN_POINT('',(9.00000013411045,-14.0000002086163,16.));
#8423=CARTESIAN_POINT('',(9.00000013411045,-13.0000001937151,15.3));
#8424=CARTESIAN_POINT('Origin',(10.0000001490116,-14.0000002086163,16.));
#8425=CARTESIAN_POINT('',(10.0000001490116,-14.0000002086163,16.));
#8426=CARTESIAN_POINT('',(16.2500000745058,-14.0000002086163,16.));
#8427=CARTESIAN_POINT('',(10.0000001490116,-14.0000002086163,15.3));
#8428=CARTESIAN_POINT('',(10.0000001490116,-14.0000002086163,16.));
#8429=CARTESIAN_POINT('',(9.00000013411045,-14.0000002086163,15.3));
#8430=CARTESIAN_POINT('Origin',(10.0000001490116,-11.0000001639128,16.));
#8431=CARTESIAN_POINT('',(10.0000001490116,-11.0000001639128,16.));
#8432=CARTESIAN_POINT('',(10.0000001490116,1.99999991804436,16.));
#8433=CARTESIAN_POINT('',(10.0000001490116,-11.0000001639128,15.3));
#8434=CARTESIAN_POINT('',(10.0000001490116,-11.0000001639128,16.));
#8435=CARTESIAN_POINT('',(10.0000001490116,-14.0000002086163,15.3));
#8436=CARTESIAN_POINT('Origin',(9.00000013411045,-11.0000001639128,16.));
#8437=CARTESIAN_POINT('',(9.00000013411045,-11.0000001639128,16.));
#8438=CARTESIAN_POINT('',(15.7500000670552,-11.0000001639128,16.));
#8439=CARTESIAN_POINT('',(9.00000013411045,-11.0000001639128,15.3));
#8440=CARTESIAN_POINT('',(9.00000013411045,-11.0000001639128,16.));
#8441=CARTESIAN_POINT('',(9.00000013411045,-11.0000001639128,15.3));
#8442=CARTESIAN_POINT('Origin',(9.00000013411045,-12.0000001788139,16.));
#8443=CARTESIAN_POINT('',(9.00000013411045,-12.0000001788139,16.));
#8444=CARTESIAN_POINT('',(9.00000013411045,1.49999991059378,16.));
#8445=CARTESIAN_POINT('',(9.00000013411045,-12.0000001788139,15.3));
#8446=CARTESIAN_POINT('',(9.00000013411045,-12.0000001788139,16.));
#8447=CARTESIAN_POINT('',(9.00000013411045,-12.0000001788139,15.3));
#8448=CARTESIAN_POINT('Origin',(3.50000005215406,-12.0000001788139,16.));
#8449=CARTESIAN_POINT('',(13.000000026077,-12.0000001788139,16.));
#8450=CARTESIAN_POINT('',(10.0000001490116,-12.0000001788139,15.3));
#8451=CARTESIAN_POINT('Origin',(6.75000010058284,-12.5000001862645,15.3));
#8452=CARTESIAN_POINT('Origin',(-10.0000001490116,-11.0000001639128,16.));
#8453=CARTESIAN_POINT('',(-10.0000001490116,-11.0000001639128,16.));
#8454=CARTESIAN_POINT('',(-9.00000013411045,-11.0000001639128,16.));
#8455=CARTESIAN_POINT('',(6.2499999254942,-11.0000001639128,16.));
#8456=CARTESIAN_POINT('',(-10.0000001490116,-11.0000001639128,15.3));
#8457=CARTESIAN_POINT('',(-10.0000001490116,-11.0000001639128,16.));
#8458=CARTESIAN_POINT('',(-9.00000013411045,-11.0000001639128,15.3));
#8459=CARTESIAN_POINT('',(-9.00000013411045,-11.0000001639128,15.3));
#8460=CARTESIAN_POINT('',(-9.00000013411045,-11.0000001639128,16.));
#8461=CARTESIAN_POINT('Origin',(-10.0000001490116,-14.0000002086163,16.));
#8462=CARTESIAN_POINT('',(-10.0000001490116,-14.0000002086163,16.));
#8463=CARTESIAN_POINT('',(-10.0000001490116,0.499999895692618,16.));
#8464=CARTESIAN_POINT('',(-10.0000001490116,-14.0000002086163,15.3));
#8465=CARTESIAN_POINT('',(-10.0000001490116,-14.0000002086163,16.));
#8466=CARTESIAN_POINT('',(-10.0000001490116,-11.0000001639128,15.3));
#8467=CARTESIAN_POINT('Origin',(-9.00000013411045,-14.0000002086163,16.));
#8468=CARTESIAN_POINT('',(-9.00000013411045,-14.0000002086163,16.));
#8469=CARTESIAN_POINT('',(6.74999993294478,-14.0000002086163,16.));
#8470=CARTESIAN_POINT('',(-9.00000013411045,-14.0000002086163,15.3));
#8471=CARTESIAN_POINT('',(-9.00000013411045,-14.0000002086163,16.));
#8472=CARTESIAN_POINT('',(-9.00000013411045,-14.0000002086163,15.3));
#8473=CARTESIAN_POINT('Origin',(-9.00000013411045,-13.0000001937151,16.));
#8474=CARTESIAN_POINT('',(-9.00000013411045,-13.0000001937151,16.));
#8475=CARTESIAN_POINT('',(-9.00000013411045,0.999999903143198,16.));
#8476=CARTESIAN_POINT('',(-9.00000013411045,-13.0000001937151,15.3));
#8477=CARTESIAN_POINT('',(-9.00000013411045,-13.0000001937151,16.));
#8478=CARTESIAN_POINT('',(-9.00000013411045,-13.0000001937151,15.3));
#8479=CARTESIAN_POINT('Origin',(-3.50000005215406,-13.0000001937151,16.));
#8480=CARTESIAN_POINT('',(-3.50000005215406,-13.0000001937151,16.));
#8481=CARTESIAN_POINT('',(9.49999997392297,-13.0000001937151,16.));
#8482=CARTESIAN_POINT('',(-3.50000005215406,-13.0000001937151,15.3));
#8483=CARTESIAN_POINT('',(-3.50000005215406,-13.0000001937151,16.));
#8484=CARTESIAN_POINT('',(-3.50000005215406,-13.0000001937151,15.3));
#8485=CARTESIAN_POINT('Origin',(-3.50000005215406,-12.0000001788139,16.));
#8486=CARTESIAN_POINT('',(-3.50000005215406,-12.0000001788139,16.));
#8487=CARTESIAN_POINT('',(-3.50000005215406,1.49999991059378,16.));
#8488=CARTESIAN_POINT('',(-3.50000005215406,-12.0000001788139,15.3));
#8489=CARTESIAN_POINT('',(-3.50000005215406,-12.0000001788139,16.));
#8490=CARTESIAN_POINT('',(-3.50000005215406,-12.0000001788139,15.3));
#8491=CARTESIAN_POINT('Origin',(-9.00000013411045,-12.0000001788139,16.));
#8492=CARTESIAN_POINT('',(-9.00000013411045,-12.0000001788139,16.));
#8493=CARTESIAN_POINT('',(6.74999993294478,-12.0000001788139,16.));
#8494=CARTESIAN_POINT('',(-9.00000013411045,-12.0000001788139,15.3));
#8495=CARTESIAN_POINT('',(-9.00000013411045,-12.0000001788139,16.));
#8496=CARTESIAN_POINT('',(-10.0000001490116,-12.0000001788139,15.3));
#8497=CARTESIAN_POINT('Origin',(-9.00000013411045,-11.0000001639128,16.));
#8498=CARTESIAN_POINT('',(-9.00000013411045,1.99999991804436,16.));
#8499=CARTESIAN_POINT('',(-9.00000013411045,-12.0000001788139,15.3));
#8500=CARTESIAN_POINT('Origin',(-6.75000010058284,-12.5000001862645,15.3));
#8501=CARTESIAN_POINT('Origin',(0.334170983618389,-12.8449690608549,16.));
#8502=CARTESIAN_POINT('',(0.334170983618389,-12.8449690608549,16.));
#8503=CARTESIAN_POINT('',(0.334170983618389,-14.3132502107191,16.));
#8504=CARTESIAN_POINT('',(0.334170983618387,1.07751546957332,16.));
#8505=CARTESIAN_POINT('',(0.334170983618389,-12.8449690608549,15.3));
#8506=CARTESIAN_POINT('',(0.334170983618389,-12.8449690608549,16.));
#8507=CARTESIAN_POINT('',(0.334170983618389,-14.3132502107191,15.3));
#8508=CARTESIAN_POINT('',(0.334170983618389,-12.8449690608549,15.3));
#8509=CARTESIAN_POINT('',(0.334170983618389,-14.3132502107191,16.));
#8510=CARTESIAN_POINT('Origin',(1.62100590903152,-10.8132502703237,16.));
#8511=CARTESIAN_POINT('',(1.62100590903152,-10.8132502703237,16.));
#8512=CARTESIAN_POINT('',(10.4441325220238,3.11713953868532,16.));
#8513=CARTESIAN_POINT('',(1.62100590903152,-10.8132502703237,15.3));
#8514=CARTESIAN_POINT('',(1.62100590903152,-10.8132502703237,16.));
#8515=CARTESIAN_POINT('',(1.62100590903152,-10.8132502703237,15.3));
#8516=CARTESIAN_POINT('Origin',(0.806885735577236,-10.8132502703237,16.));
#8517=CARTESIAN_POINT('',(0.806885735577236,-10.8132502703237,16.));
#8518=CARTESIAN_POINT('',(11.6534428677886,-10.8132502703237,16.));
#8519=CARTESIAN_POINT('',(0.806885735577236,-10.8132502703237,15.3));
#8520=CARTESIAN_POINT('',(0.806885735577236,-10.8132502703237,16.));
#8521=CARTESIAN_POINT('',(0.806885735577236,-10.8132502703237,15.3));
#8522=CARTESIAN_POINT('Origin',(-7.18967260016079E-5,-12.197970625596,16.));
#8523=CARTESIAN_POINT('',(-7.18967260016079E-5,-12.197970625596,16.));
#8524=CARTESIAN_POINT('',(8.76781099775879,2.84751061235144,16.));
#8525=CARTESIAN_POINT('',(-7.18967260016079E-5,-12.197970625596,15.3));
#8526=CARTESIAN_POINT('',(-7.18967260016079E-5,-12.197970625596,16.));
#8527=CARTESIAN_POINT('',(-7.18967260016079E-5,-12.197970625596,15.3));
#8528=CARTESIAN_POINT('Origin',(-0.823741628342975,-10.8132502703237,16.));
#8529=CARTESIAN_POINT('',(-0.823741628342975,-10.8132502703237,16.));
#8530=CARTESIAN_POINT('',(-3.4467018299649,-6.40363529621901,16.));
#8531=CARTESIAN_POINT('',(-0.823741628342975,-10.8132502703237,15.3));
#8532=CARTESIAN_POINT('',(-0.823741628342975,-10.8132502703237,16.));
#8533=CARTESIAN_POINT('',(-0.823741628342975,-10.8132502703237,15.3));
#8534=CARTESIAN_POINT('Origin',(-1.65218639049839,-10.8132502703237,16.));
#8535=CARTESIAN_POINT('',(-1.65218639049839,-10.8132502703237,16.));
#8536=CARTESIAN_POINT('',(10.4239068047508,-10.8132502703237,16.));
#8537=CARTESIAN_POINT('',(-1.65218639049839,-10.8132502703237,15.3));
#8538=CARTESIAN_POINT('',(-1.65218639049839,-10.8132502703237,16.));
#8539=CARTESIAN_POINT('',(-1.65218639049839,-10.8132502703237,15.3));
#8540=CARTESIAN_POINT('Origin',(-0.370126439744343,-12.8401941327619,16.));
#8541=CARTESIAN_POINT('',(-0.370126439744343,-12.8401941327619,16.));
#8542=CARTESIAN_POINT('',(-3.3912580504497,-8.0637683717547,16.));
#8543=CARTESIAN_POINT('',(-0.370126439744343,-12.8401941327619,15.3));
#8544=CARTESIAN_POINT('',(-0.370126439744343,-12.8401941327619,16.));
#8545=CARTESIAN_POINT('',(-0.370126439744343,-12.8401941327619,15.3));
#8546=CARTESIAN_POINT('Origin',(-0.370126439744343,-14.3132502107191,16.));
#8547=CARTESIAN_POINT('',(-0.370126439744343,-14.3132502107191,16.));
#8548=CARTESIAN_POINT('',(-0.370126439744345,0.34337489464122,16.));
#8549=CARTESIAN_POINT('',(-0.370126439744343,-14.3132502107191,15.3));
#8550=CARTESIAN_POINT('',(-0.370126439744343,-14.3132502107191,16.));
#8551=CARTESIAN_POINT('',(-0.370126439744343,-14.3132502107191,15.3));
#8552=CARTESIAN_POINT('Origin',(0.334170983618389,-14.3132502107191,16.));
#8553=CARTESIAN_POINT('',(11.4170854918092,-14.3132502107191,16.));
#8554=CARTESIAN_POINT('',(0.334170983618389,-14.3132502107191,15.3));
#8555=CARTESIAN_POINT('Origin',(-0.0155902407334341,-12.5632502405214,15.3));
#8556=CARTESIAN_POINT('Origin',(10.,10.,16.));
#8557=CARTESIAN_POINT('',(10.,10.,16.));
#8558=CARTESIAN_POINT('',(10.,10.,0.));
#8559=CARTESIAN_POINT('',(10.,10.,16.));
#8560=CARTESIAN_POINT('',(10.,-10.,0.));
#8561=CARTESIAN_POINT('',(10.,12.5000000000007,0.));
#8562=CARTESIAN_POINT('',(10.,-10.,16.));
#8563=CARTESIAN_POINT('',(10.,-10.,16.));
#8564=CARTESIAN_POINT('',(10.,12.5000000000007,16.));
#8565=CARTESIAN_POINT('Origin',(-10.,10.,16.));
#8566=CARTESIAN_POINT('',(-10.,10.,16.));
#8567=CARTESIAN_POINT('',(-10.,10.,0.));
#8568=CARTESIAN_POINT('',(-10.,10.,16.));
#8569=CARTESIAN_POINT('',(6.25,10.,0.));
#8570=CARTESIAN_POINT('',(6.25,10.,16.));
#8571=CARTESIAN_POINT('Origin',(23.0000000000016,-17.9999999999985,0.));
#8572=CARTESIAN_POINT('',(25.0000000000012,-17.9999999999985,13.));
#8573=CARTESIAN_POINT('',(23.0000000000016,-19.9999999999985,13.));
#8574=CARTESIAN_POINT('Origin',(23.0000000000016,-17.9999999999985,13.));
#8575=CARTESIAN_POINT('',(23.0000000000016,-19.9999999999985,0.));
#8576=CARTESIAN_POINT('',(23.0000000000016,-19.9999999999985,0.));
#8577=CARTESIAN_POINT('',(25.0000000000012,-17.9999999999985,0.));
#8578=CARTESIAN_POINT('Origin',(23.0000000000016,-17.9999999999985,0.));
#8579=CARTESIAN_POINT('',(25.0000000000016,-17.9999999999985,0.));
#8580=CARTESIAN_POINT('Origin',(25.0000000000015,10.0000000000015,0.));
#8581=CARTESIAN_POINT('',(24.9999999999962,18.0000000000015,0.));
#8582=CARTESIAN_POINT('',(25.0000000000014,-19.9999999999985,0.));
#8583=CARTESIAN_POINT('',(25.0000000000015,18.0000000000015,16.));
#8584=CARTESIAN_POINT('',(25.0000000000015,18.0000000000015,0.));
#8585=CARTESIAN_POINT('',(25.0000000000015,12.0000000000015,16.));
#8586=CARTESIAN_POINT('',(25.0000000000015,10.0000000000015,16.));
#8587=CARTESIAN_POINT('',(25.0000000000015,12.0000000000015,15.));
#8588=CARTESIAN_POINT('',(25.0000000000015,12.0000000000015,0.));
#8589=CARTESIAN_POINT('',(25.0000000000009,2.00000000000146,15.));
#8590=CARTESIAN_POINT('',(25.0000000000001,-9.99999999999854,15.));
#8591=CARTESIAN_POINT('',(25.0000000000015,2.00000000000146,14.));
#8592=CARTESIAN_POINT('',(25.0000000000015,2.00000000000146,0.));
#8593=CARTESIAN_POINT('',(25.0000000000002,-7.99999999999854,14.));
#8594=CARTESIAN_POINT('',(25.0000000000001,-9.99999999999854,14.));
#8595=CARTESIAN_POINT('',(25.0000000000016,-7.99999999999854,13.));
#8596=CARTESIAN_POINT('',(25.0000000000016,-7.99999999999854,0.));
#8597=CARTESIAN_POINT('',(25.0000000000014,-19.9999999999985,13.));
#8598=CARTESIAN_POINT('Origin',(22.5,15.0000000000015,0.));
#8599=CARTESIAN_POINT('',(19.9999999999985,-19.9999999999985,0.));
#8600=CARTESIAN_POINT('',(25.0000000000014,-19.9999999999985,0.));
#8601=CARTESIAN_POINT('',(19.9999999999974,-22.9999999999993,0.));
#8602=CARTESIAN_POINT('',(19.9999999999985,-19.9999999999985,0.));
#8603=CARTESIAN_POINT('',(17.9999999999974,-24.9999999999986,0.));
#8604=CARTESIAN_POINT('Origin',(17.9999999999974,-22.9999999999986,0.));
#8605=CARTESIAN_POINT('',(-18.0000000000015,-24.9999999999985,0.));
#8606=CARTESIAN_POINT('',(-10.,-24.9999999999985,0.));
#8607=CARTESIAN_POINT('',(-20.0000000000015,-22.9999999999985,0.));
#8608=CARTESIAN_POINT('Origin',(-18.0000000000015,-22.9999999999985,0.));
#8609=CARTESIAN_POINT('',(-20.0000000000015,-19.9999999999985,0.));
#8610=CARTESIAN_POINT('',(-20.0000000000015,-19.9999999999985,0.));
#8611=CARTESIAN_POINT('',(-23.0000000000012,-19.9999999999985,0.));
#8612=CARTESIAN_POINT('',(-25.0000000000015,-19.9999999999985,0.));
#8613=CARTESIAN_POINT('',(-25.0000000000027,-17.9999999999983,0.));
#8614=CARTESIAN_POINT('Origin',(-23.0000000000012,-17.9999999999985,0.));
#8615=CARTESIAN_POINT('',(-25.0000000000015,18.0000000000018,0.));
#8616=CARTESIAN_POINT('',(-25.0000000000018,10.0000000000015,0.));
#8617=CARTESIAN_POINT('',(-22.9999999999961,20.0000000000015,0.));
#8618=CARTESIAN_POINT('Origin',(-22.9999999999961,18.0000000000015,0.));
#8619=CARTESIAN_POINT('',(-20.0000000000015,20.0000000000015,0.));
#8620=CARTESIAN_POINT('',(-25.0000000000015,20.0000000000015,0.));
#8621=CARTESIAN_POINT('',(-20.0000000000015,23.0000000000017,0.));
#8622=CARTESIAN_POINT('',(-20.0000000000015,25.0000000000015,0.));
#8623=CARTESIAN_POINT('',(-18.0000000000015,25.0000000000017,0.));
#8624=CARTESIAN_POINT('Origin',(-18.0000000000015,23.0000000000017,0.));
#8625=CARTESIAN_POINT('',(18.0000000000015,25.0000000000014,0.));
#8626=CARTESIAN_POINT('',(10.,25.0000000000015,0.));
#8627=CARTESIAN_POINT('',(20.0000000000014,23.0000000000014,0.));
#8628=CARTESIAN_POINT('Origin',(18.0000000000014,23.0000000000014,0.));
#8629=CARTESIAN_POINT('',(20.0000000000015,20.0000000000015,0.));
#8630=CARTESIAN_POINT('',(20.0000000000014,25.0000000000014,0.));
#8631=CARTESIAN_POINT('',(23.0000000000015,20.0000000000015,0.));
#8632=CARTESIAN_POINT('',(25.0000000000015,20.0000000000015,0.));
#8633=CARTESIAN_POINT('Origin',(23.0000000000015,18.0000000000015,0.));
#8634=CARTESIAN_POINT('',(-10.,-10.,0.));
#8635=CARTESIAN_POINT('',(-10.,2.50000000000075,0.));
#8636=CARTESIAN_POINT('',(16.25,-10.,0.));
#8637=CARTESIAN_POINT('Origin',(17.9999999999974,-22.9999999999986,0.));
#8638=CARTESIAN_POINT('',(19.9999999999974,-22.9999999999993,12.));
#8639=CARTESIAN_POINT('',(17.9999999999974,-25.0000000000017,12.));
#8640=CARTESIAN_POINT('Origin',(17.9999999999974,-22.9999999999986,12.));
#8641=CARTESIAN_POINT('',(17.9999999999974,-24.9999999999986,0.));
#8642=CARTESIAN_POINT('',(19.9999999999974,-22.9999999999993,0.));
#8643=CARTESIAN_POINT('Origin',(-20.0000000000015,-24.9999999999985,0.));
#8644=CARTESIAN_POINT('',(12.,-24.9999999999993,12.));
#8645=CARTESIAN_POINT('',(10.,-24.9999999999985,12.));
#8646=CARTESIAN_POINT('',(12.,-24.9999999999985,11.));
#8647=CARTESIAN_POINT('',(12.,-24.9999999999985,0.));
#8648=CARTESIAN_POINT('',(2.,-24.9999999999985,11.));
#8649=CARTESIAN_POINT('',(5.01033829409596,-24.9999999999985,11.));
#8650=CARTESIAN_POINT('',(2.,-24.9999999999985,10.));
#8651=CARTESIAN_POINT('',(2.,-24.9999999999985,0.));
#8652=CARTESIAN_POINT('',(-8.,-24.9999999999985,10.));
#8653=CARTESIAN_POINT('',(-10.,-24.9999999999985,10.));
#8654=CARTESIAN_POINT('',(-8.,-24.9999999999985,9.));
#8655=CARTESIAN_POINT('',(-8.,-24.9999999999985,0.));
#8656=CARTESIAN_POINT('',(-18.0000000000015,-24.9999999999985,9.));
#8657=CARTESIAN_POINT('',(-10.,-24.9999999999985,9.));
#8658=CARTESIAN_POINT('',(-18.0000000000015,-24.9999999999985,0.));
#8659=CARTESIAN_POINT('Origin',(-18.0000000000015,-22.9999999999985,0.));
#8660=CARTESIAN_POINT('',(-20.0000000000015,-22.9999999999985,9.));
#8661=CARTESIAN_POINT('Origin',(-18.0000000000015,-22.9999999999985,9.));
#8662=CARTESIAN_POINT('',(-20.0000000000015,-22.9999999999985,0.));
#8663=CARTESIAN_POINT('Origin',(-23.0000000000012,-17.9999999999985,0.));
#8664=CARTESIAN_POINT('',(-23.0000000000012,-19.9999999999985,8.));
#8665=CARTESIAN_POINT('',(-25.0000000000012,-17.9999999999983,8.));
#8666=CARTESIAN_POINT('Origin',(-23.0000000000012,-17.9999999999985,8.));
#8667=CARTESIAN_POINT('',(-25.0000000000012,-17.9999999999983,0.));
#8668=CARTESIAN_POINT('',(-23.0000000000012,-19.9999999999985,0.));
#8669=CARTESIAN_POINT('Origin',(-25.0000000000015,-19.9999999999985,0.));
#8670=CARTESIAN_POINT('',(-20.0000000000015,-19.9999999999985,8.));
#8671=CARTESIAN_POINT('',(-20.0000000000015,-19.9999999999985,0.));
#8672=CARTESIAN_POINT('',(-25.0000000000015,-19.9999999999985,8.));
#8673=CARTESIAN_POINT('Origin',(-22.9999999999961,18.0000000000015,0.));
#8674=CARTESIAN_POINT('',(-25.0000000000015,18.0000000000018,5.));
#8675=CARTESIAN_POINT('',(-22.9999999999961,20.0000000000015,5.));
#8676=CARTESIAN_POINT('Origin',(-22.9999999999961,18.0000000000015,5.));
#8677=CARTESIAN_POINT('',(-22.9999999999961,20.0000000000015,0.));
#8678=CARTESIAN_POINT('',(-24.9999999999961,18.0000000000018,0.));
#8679=CARTESIAN_POINT('Origin',(25.0000000000015,20.0000000000015,0.));
#8680=CARTESIAN_POINT('',(-18.0000000000015,20.0000000000015,5.));
#8681=CARTESIAN_POINT('',(-25.0000000000015,20.0000000000015,5.));
#8682=CARTESIAN_POINT('',(-18.0000000000015,20.0000000000015,16.));
#8683=CARTESIAN_POINT('',(-18.0000000000015,20.0000000000015,0.));
#8684=CARTESIAN_POINT('',(23.0000000000015,20.0000000000015,16.));
#8685=CARTESIAN_POINT('',(25.0000000000015,20.0000000000015,16.));
#8686=CARTESIAN_POINT('',(23.0000000000015,20.0000000000015,0.));
#8687=CARTESIAN_POINT('',(20.0000000000014,20.0000000000015,1.));
#8688=CARTESIAN_POINT('',(20.0000000000015,20.0000000000015,0.));
#8689=CARTESIAN_POINT('',(12.,20.0000000000015,1.));
#8690=CARTESIAN_POINT('',(-20.0000000000015,20.0000000000015,1.));
#8691=CARTESIAN_POINT('',(12.,20.0000000000015,2.));
#8692=CARTESIAN_POINT('',(12.,20.0000000000015,0.));
#8693=CARTESIAN_POINT('',(2.,20.0000000000015,2.));
#8694=CARTESIAN_POINT('',(10.,20.0000000000015,2.));
#8695=CARTESIAN_POINT('',(2.,20.0000000000015,3.));
#8696=CARTESIAN_POINT('',(2.,20.0000000000015,0.));
#8697=CARTESIAN_POINT('',(-8.,20.0000000000015,3.));
#8698=CARTESIAN_POINT('',(10.,20.0000000000015,3.));
#8699=CARTESIAN_POINT('',(-8.,20.0000000000015,4.));
#8700=CARTESIAN_POINT('',(-8.,20.0000000000015,0.));
#8701=CARTESIAN_POINT('',(-20.0000000000015,20.0000000000015,4.));
#8702=CARTESIAN_POINT('',(-20.0000000000015,20.0000000000015,4.));
#8703=CARTESIAN_POINT('',(-20.0000000000015,20.0000000000015,0.));
#8704=CARTESIAN_POINT('Origin',(-18.0000000000015,23.0000000000017,0.));
#8705=CARTESIAN_POINT('',(-20.0000000000015,23.0000000000017,4.));
#8706=CARTESIAN_POINT('',(-18.0000000000015,25.0000000000012,4.));
#8707=CARTESIAN_POINT('Origin',(-18.0000000000015,23.0000000000017,4.));
#8708=CARTESIAN_POINT('',(-18.0000000000015,25.0000000000017,0.));
#8709=CARTESIAN_POINT('',(-20.0000000000015,23.0000000000017,0.));
#8710=CARTESIAN_POINT('Origin',(-15.0000000000007,22.5000000000015,4.));
#8711=CARTESIAN_POINT('',(-20.0000000000015,25.0000000000015,4.));
#8712=CARTESIAN_POINT('',(-10.,22.0000000000015,4.));
#8713=CARTESIAN_POINT('Origin',(-8.,22.0000000000015,4.));
#8714=CARTESIAN_POINT('',(-10.,23.0000000000017,4.));
#8715=CARTESIAN_POINT('',(-10.,20.0000000000015,4.));
#8716=CARTESIAN_POINT('',(-12.,25.0000000000003,4.));
#8717=CARTESIAN_POINT('Origin',(-12.,23.0000000000017,4.));
#8718=CARTESIAN_POINT('',(-10.,25.,4.));
#8719=CARTESIAN_POINT('Origin',(-20.0000000000015,25.0000000000015,0.));
#8720=CARTESIAN_POINT('Origin',(18.0000000000014,23.0000000000014,0.));
#8721=CARTESIAN_POINT('',(18.0000000000015,25.0000000000014,1.));
#8722=CARTESIAN_POINT('',(20.0000000000014,23.0000000000014,1.));
#8723=CARTESIAN_POINT('Origin',(18.0000000000014,23.0000000000014,1.));
#8724=CARTESIAN_POINT('',(20.0000000000014,23.0000000000014,0.));
#8725=CARTESIAN_POINT('',(18.0000000000015,25.0000000000014,0.));
#8726=CARTESIAN_POINT('Origin',(15.0000000000007,22.5000000000015,1.));
#8727=CARTESIAN_POINT('',(8.00000000000002,25.0000000000015,1.));
#8728=CARTESIAN_POINT('',(10.,25.0000000000015,1.));
#8729=CARTESIAN_POINT('',(10.,23.0000000000015,1.));
#8730=CARTESIAN_POINT('Origin',(8.,23.0000000000015,1.));
#8731=CARTESIAN_POINT('',(10.,22.0000000000015,1.));
#8732=CARTESIAN_POINT('',(10.,25.0000000000014,1.));
#8733=CARTESIAN_POINT('Origin',(12.,22.0000000000015,1.));
#8734=CARTESIAN_POINT('',(20.0000000000014,25.0000000000014,1.));
#8735=CARTESIAN_POINT('Origin',(20.0000000000014,25.0000000000014,0.));
#8736=CARTESIAN_POINT('',(-12.,25.0000000000017,3.));
#8737=CARTESIAN_POINT('',(-12.,25.0000000000017,0.));
#8738=CARTESIAN_POINT('',(-1.99999999999998,25.0000000000006,3.));
#8739=CARTESIAN_POINT('',(-10.,25.,3.));
#8740=CARTESIAN_POINT('',(-1.99999999999998,25.0000000000016,2.));
#8741=CARTESIAN_POINT('',(-1.99999999999998,25.0000000000016,0.));
#8742=CARTESIAN_POINT('',(8.00000000000002,25.0000000000013,2.));
#8743=CARTESIAN_POINT('',(-10.,25.,2.));
#8744=CARTESIAN_POINT('',(8.00000000000002,25.0000000000015,0.));
#8745=CARTESIAN_POINT('Origin',(23.0000000000015,2.00000000000146,0.));
#8746=CARTESIAN_POINT('',(23.0000000000015,1.45661260830821E-12,15.));
#8747=CARTESIAN_POINT('Origin',(23.0000000000015,2.00000000000146,15.));
#8748=CARTESIAN_POINT('',(23.0000000000015,1.45661260830821E-12,14.));
#8749=CARTESIAN_POINT('',(23.0000000000015,1.45661260830821E-12,0.));
#8750=CARTESIAN_POINT('Origin',(23.0000000000015,2.00000000000146,14.));
#8751=CARTESIAN_POINT('Origin',(21.9999999999985,-1.99999999999854,0.));
#8752=CARTESIAN_POINT('',(21.9999999999985,1.45661260830821E-12,14.));
#8753=CARTESIAN_POINT('',(19.9999999999985,-1.99999999999855,14.));
#8754=CARTESIAN_POINT('Origin',(21.9999999999985,-1.99999999999854,14.));
#8755=CARTESIAN_POINT('',(21.9999999999985,1.45661260830821E-12,15.));
#8756=CARTESIAN_POINT('',(21.9999999999985,1.45661260830821E-12,0.));
#8757=CARTESIAN_POINT('',(19.9999999999985,-1.99999999999854,15.));
#8758=CARTESIAN_POINT('Origin',(21.9999999999985,-1.99999999999854,15.));
#8759=CARTESIAN_POINT('',(19.9999999999985,-1.99999999999854,0.));
#8760=CARTESIAN_POINT('Origin',(19.9999999999985,1.45661260830821E-12,0.));
#8761=CARTESIAN_POINT('',(19.9999999999985,1.45661260830821E-12,15.));
#8762=CARTESIAN_POINT('',(19.9999999999985,1.45661260830821E-12,14.));
#8763=CARTESIAN_POINT('Origin',(23.0000000000016,-7.99999999999854,0.));
#8764=CARTESIAN_POINT('',(23.0000000000016,-9.99999999999855,14.));
#8765=CARTESIAN_POINT('Origin',(23.0000000000016,-7.99999999999854,14.));
#8766=CARTESIAN_POINT('',(23.0000000000016,-9.99999999999855,13.));
#8767=CARTESIAN_POINT('',(23.0000000000016,-9.99999999999855,0.));
#8768=CARTESIAN_POINT('Origin',(23.0000000000016,-7.99999999999854,13.));
#8769=CARTESIAN_POINT('Origin',(22.4999999999996,-4.99999999999854,14.));
#8770=CARTESIAN_POINT('',(19.9999999999985,-11.9999999999985,14.));
#8771=CARTESIAN_POINT('',(19.9999999999985,20.0000000000015,14.));
#8772=CARTESIAN_POINT('',(21.9999999999985,-9.99999999999855,14.));
#8773=CARTESIAN_POINT('Origin',(21.9999999999985,-11.9999999999985,14.));
#8774=CARTESIAN_POINT('',(25.0000000000001,-9.99999999999854,14.));
#8775=CARTESIAN_POINT('Origin',(21.9999999999985,-11.9999999999985,0.));
#8776=CARTESIAN_POINT('',(21.9999999999985,-9.99999999999855,13.));
#8777=CARTESIAN_POINT('',(19.9999999999985,-11.9999999999985,13.));
#8778=CARTESIAN_POINT('Origin',(21.9999999999985,-11.9999999999985,13.));
#8779=CARTESIAN_POINT('',(21.9999999999985,-9.99999999999855,0.));
#8780=CARTESIAN_POINT('',(19.9999999999985,-11.9999999999985,0.));
#8781=CARTESIAN_POINT('Origin',(22.5,-14.9999999999985,13.));
#8782=CARTESIAN_POINT('',(25.0000000000001,-9.99999999999854,13.));
#8783=CARTESIAN_POINT('',(19.9999999999985,-17.9999999999985,13.));
#8784=CARTESIAN_POINT('',(19.9999999999985,20.0000000000015,13.));
#8785=CARTESIAN_POINT('',(17.9999999999985,-19.9999999999985,13.));
#8786=CARTESIAN_POINT('Origin',(17.9999999999985,-17.9999999999985,13.));
#8787=CARTESIAN_POINT('',(25.0000000000014,-19.9999999999985,13.));
#8788=CARTESIAN_POINT('Origin',(19.9999999999985,-19.9999999999985,0.));
#8789=CARTESIAN_POINT('',(19.9999999999985,8.00000000000145,15.));
#8790=CARTESIAN_POINT('',(19.9999999999985,20.0000000000015,15.));
#8791=CARTESIAN_POINT('',(19.9999999999985,8.00000000000145,16.));
#8792=CARTESIAN_POINT('',(19.9999999999985,8.00000000000146,0.));
#8793=CARTESIAN_POINT('',(19.9999999999985,-17.9999999999985,16.));
#8794=CARTESIAN_POINT('',(19.9999999999985,20.0000000000015,16.));
#8795=CARTESIAN_POINT('',(19.9999999999985,-17.9999999999985,0.));
#8796=CARTESIAN_POINT('Origin',(12.,-22.9999999999985,0.));
#8797=CARTESIAN_POINT('',(10.,-22.9999999999985,12.));
#8798=CARTESIAN_POINT('Origin',(12.,-22.9999999999985,12.));
#8799=CARTESIAN_POINT('',(10.,-22.9999999999985,11.));
#8800=CARTESIAN_POINT('',(10.,-22.9999999999985,0.));
#8801=CARTESIAN_POINT('Origin',(12.,-22.9999999999985,11.));
#8802=CARTESIAN_POINT('Origin',(8.,-21.9999999999985,0.));
#8803=CARTESIAN_POINT('',(10.,-21.9999999999985,11.));
#8804=CARTESIAN_POINT('',(8.,-19.9999999999985,11.));
#8805=CARTESIAN_POINT('Origin',(8.,-21.9999999999985,11.));
#8806=CARTESIAN_POINT('',(10.,-21.9999999999985,12.));
#8807=CARTESIAN_POINT('',(10.,-21.9999999999985,0.));
#8808=CARTESIAN_POINT('',(8.,-19.9999999999985,12.));
#8809=CARTESIAN_POINT('Origin',(8.,-21.9999999999985,12.));
#8810=CARTESIAN_POINT('',(8.,-19.9999999999985,0.));
#8811=CARTESIAN_POINT('Origin',(10.,-19.9999999999985,0.));
#8812=CARTESIAN_POINT('',(10.,-19.9999999999985,12.));
#8813=CARTESIAN_POINT('',(10.,-19.9999999999985,11.));
#8814=CARTESIAN_POINT('Origin',(2.,-22.9999999999985,0.));
#8815=CARTESIAN_POINT('',(1.11022302462516E-15,-22.9999999999985,11.));
#8816=CARTESIAN_POINT('Origin',(2.,-22.9999999999985,11.));
#8817=CARTESIAN_POINT('',(1.11022302462516E-15,-22.9999999999985,10.));
#8818=CARTESIAN_POINT('',(1.11022302462516E-15,-22.9999999999985,0.));
#8819=CARTESIAN_POINT('Origin',(2.,-22.9999999999985,10.));
#8820=CARTESIAN_POINT('Origin',(5.,-22.4999999999985,11.));
#8821=CARTESIAN_POINT('',(-2.,-19.9999999999985,11.));
#8822=CARTESIAN_POINT('',(19.9999999999985,-19.9999999999985,11.));
#8823=CARTESIAN_POINT('',(1.11022302462516E-15,-21.9999999999985,11.));
#8824=CARTESIAN_POINT('Origin',(-2.,-21.9999999999985,11.));
#8825=CARTESIAN_POINT('',(1.11022302462516E-15,-24.9999999999985,11.));
#8826=CARTESIAN_POINT('Origin',(-2.,-21.9999999999985,0.));
#8827=CARTESIAN_POINT('',(1.11022302462516E-15,-21.9999999999985,10.));
#8828=CARTESIAN_POINT('',(-2.,-19.9999999999985,10.));
#8829=CARTESIAN_POINT('Origin',(-2.,-21.9999999999985,10.));
#8830=CARTESIAN_POINT('',(1.11022302462516E-15,-21.9999999999985,0.));
#8831=CARTESIAN_POINT('',(-2.,-19.9999999999985,0.));
#8832=CARTESIAN_POINT('Origin',(-1.68753899743024E-13,-1.46105350040671E-12,
10.));
#8833=CARTESIAN_POINT('',(-12.,-19.9999999999985,10.));
#8834=CARTESIAN_POINT('',(-5.01033824488118,-19.9999999999985,10.));
#8835=CARTESIAN_POINT('',(-10.,-21.9999999999985,10.));
#8836=CARTESIAN_POINT('Origin',(-12.,-21.9999999999985,10.));
#8837=CARTESIAN_POINT('',(-10.,-22.9999999999985,10.));
#8838=CARTESIAN_POINT('',(-10.,-19.9999999999985,10.));
#8839=CARTESIAN_POINT('Origin',(-8.,-22.9999999999985,10.));
#8840=CARTESIAN_POINT('',(1.11022302462516E-15,-24.9999999999985,10.));
#8841=CARTESIAN_POINT('Origin',(19.9999999999985,-19.9999999999985,0.));
#8842=CARTESIAN_POINT('',(17.9999999999985,-19.9999999999986,16.));
#8843=CARTESIAN_POINT('',(17.9999999999985,-19.9999999999985,0.));
#8844=CARTESIAN_POINT('',(-18.0000000000015,-19.9999999999985,16.));
#8845=CARTESIAN_POINT('',(-5.01033824488118,-19.9999999999985,16.));
#8846=CARTESIAN_POINT('',(-18.0000000000015,-19.9999999999985,9.));
#8847=CARTESIAN_POINT('',(-18.0000000000015,-19.9999999999985,0.));
#8848=CARTESIAN_POINT('',(-12.,-19.9999999999985,9.));
#8849=CARTESIAN_POINT('',(-25.0000000000015,-19.9999999999985,9.));
#8850=CARTESIAN_POINT('',(-12.,-19.9999999999985,0.));
#8851=CARTESIAN_POINT('',(19.9999999999985,-19.9999999999985,12.));
#8852=CARTESIAN_POINT('',(25.0000000000014,-19.9999999999985,12.));
#8853=CARTESIAN_POINT('',(19.9999999999985,-19.9999999999985,0.));
#8854=CARTESIAN_POINT('Origin',(-22.9999999999989,-1.99999999999854,0.));
#8855=CARTESIAN_POINT('',(-25.0000000000007,-1.99999999999826,7.));
#8856=CARTESIAN_POINT('',(-22.9999999999989,1.45528034067866E-12,7.));
#8857=CARTESIAN_POINT('Origin',(-22.9999999999989,-1.99999999999854,7.));
#8858=CARTESIAN_POINT('',(-22.9999999999989,1.45528034067866E-12,6.));
#8859=CARTESIAN_POINT('',(-22.9999999999989,1.45522482952742E-12,0.));
#8860=CARTESIAN_POINT('',(-24.9999999999989,-1.99999999999826,6.));
#8861=CARTESIAN_POINT('Origin',(-22.9999999999989,-1.99999999999854,6.));
#8862=CARTESIAN_POINT('',(-24.9999999999989,-1.99999999999826,0.));
#8863=CARTESIAN_POINT('Origin',(-20.0000000000015,1.45661260830821E-12,
0.));
#8864=CARTESIAN_POINT('',(-22.0000000000015,1.45572442988851E-12,7.));
#8865=CARTESIAN_POINT('',(-20.0000000000015,1.45661260830821E-12,7.));
#8866=CARTESIAN_POINT('',(-22.0000000000015,1.45572442988851E-12,6.));
#8867=CARTESIAN_POINT('',(-22.0000000000015,1.45577994103974E-12,0.));
#8868=CARTESIAN_POINT('',(-20.0000000000015,1.45661260830821E-12,6.));
#8869=CARTESIAN_POINT('Origin',(-22.5000000000008,-4.99999999999854,7.));
#8870=CARTESIAN_POINT('',(-25.0000000000003,-11.9999999999983,7.));
#8871=CARTESIAN_POINT('',(-25.0000000000001,-9.99999999999855,7.));
#8872=CARTESIAN_POINT('',(-23.0000000000003,-9.99999999999855,7.));
#8873=CARTESIAN_POINT('Origin',(-23.0000000000003,-11.9999999999985,7.));
#8874=CARTESIAN_POINT('',(-22.0000000000015,-9.99999999999855,7.));
#8875=CARTESIAN_POINT('',(-21.2500000000003,-9.99999999999855,7.));
#8876=CARTESIAN_POINT('',(-20.0000000000015,-7.99999999999855,7.));
#8877=CARTESIAN_POINT('Origin',(-22.0000000000015,-7.99999999999855,7.));
#8878=CARTESIAN_POINT('',(-20.0000000000015,2.00000000000146,7.));
#8879=CARTESIAN_POINT('',(-20.0000000000014,10.0000000000015,7.));
#8880=CARTESIAN_POINT('Origin',(-22.0000000000015,2.00000000000146,7.));
#8881=CARTESIAN_POINT('Origin',(-22.0000000000015,2.00000000000146,0.));
#8882=CARTESIAN_POINT('',(-20.0000000000015,2.00000000000146,6.));
#8883=CARTESIAN_POINT('Origin',(-22.0000000000015,2.00000000000146,6.));
#8884=CARTESIAN_POINT('',(-20.0000000000015,2.00000000000146,0.));
#8885=CARTESIAN_POINT('Origin',(-22.5000000000016,5.00000000000146,6.));
#8886=CARTESIAN_POINT('',(-20.0000000000015,12.0000000000015,6.));
#8887=CARTESIAN_POINT('',(-20.0000000000014,10.0000000000015,6.));
#8888=CARTESIAN_POINT('',(-22.0000000000015,10.0000000000015,6.));
#8889=CARTESIAN_POINT('Origin',(-22.0000000000015,12.0000000000015,6.));
#8890=CARTESIAN_POINT('',(-22.9999999999975,10.0000000000015,6.));
#8891=CARTESIAN_POINT('',(-25.0000000000018,10.0000000000015,6.));
#8892=CARTESIAN_POINT('',(-25.0000000000016,8.00000000000174,6.));
#8893=CARTESIAN_POINT('Origin',(-22.9999999999975,8.00000000000146,6.));
#8894=CARTESIAN_POINT('',(-25.0000000000001,-9.99999999999855,6.));
#8895=CARTESIAN_POINT('Origin',(-20.0000000000015,-19.9999999999985,0.));
#8896=CARTESIAN_POINT('',(-20.0000000000015,-17.9999999999985,9.));
#8897=CARTESIAN_POINT('',(-20.0000000000015,-19.9999999999985,9.));
#8898=CARTESIAN_POINT('',(-20.0000000000016,-17.9999999999985,16.));
#8899=CARTESIAN_POINT('',(-20.0000000000015,-17.9999999999985,0.));
#8900=CARTESIAN_POINT('',(-20.0000000000015,18.0000000000015,16.));
#8901=CARTESIAN_POINT('',(-20.0000000000015,20.0000000000015,16.));
#8902=CARTESIAN_POINT('',(-20.0000000000015,18.0000000000015,5.));
#8903=CARTESIAN_POINT('',(-20.0000000000015,18.0000000000015,0.));
#8904=CARTESIAN_POINT('',(-20.0000000000015,12.0000000000015,5.));
#8905=CARTESIAN_POINT('',(-20.0000000000015,20.0000000000015,5.));
#8906=CARTESIAN_POINT('',(-20.0000000000015,12.0000000000015,0.));
#8907=CARTESIAN_POINT('',(-20.0000000000015,-7.99999999999855,8.));
#8908=CARTESIAN_POINT('',(-20.0000000000015,-7.99999999999855,0.));
#8909=CARTESIAN_POINT('',(-19.9999999999998,-9.99999999999855,8.));
#8910=CARTESIAN_POINT('Origin',(-2.,23.0000000000016,0.));
#8911=CARTESIAN_POINT('',(1.836970198722E-16,23.0000000000016,3.));
#8912=CARTESIAN_POINT('Origin',(-2.,23.0000000000016,3.));
#8913=CARTESIAN_POINT('',(1.836970198722E-16,23.0000000000016,2.));
#8914=CARTESIAN_POINT('',(2.77555756156289E-16,23.0000000000016,0.));
#8915=CARTESIAN_POINT('Origin',(-2.,23.0000000000016,2.));
#8916=CARTESIAN_POINT('Origin',(-5.,22.5000000000004,3.));
#8917=CARTESIAN_POINT('',(-10.,23.0000000000017,3.));
#8918=CARTESIAN_POINT('Origin',(-12.,23.0000000000017,3.));
#8919=CARTESIAN_POINT('',(-10.,22.0000000000015,3.));
#8920=CARTESIAN_POINT('',(-10.,20.0000000000015,3.));
#8921=CARTESIAN_POINT('Origin',(-8.,22.0000000000015,3.));
#8922=CARTESIAN_POINT('',(1.22464679914828E-16,22.0000000000015,3.));
#8923=CARTESIAN_POINT('Origin',(2.,22.0000000000015,3.));
#8924=CARTESIAN_POINT('',(0.,20.,3.));
#8925=CARTESIAN_POINT('Origin',(2.,22.0000000000015,0.));
#8926=CARTESIAN_POINT('',(1.22464679914828E-16,22.0000000000015,2.));
#8927=CARTESIAN_POINT('Origin',(2.,22.0000000000015,2.));
#8928=CARTESIAN_POINT('',(0.,22.0000000000015,0.));
#8929=CARTESIAN_POINT('Origin',(5.,22.5000000000007,2.));
#8930=CARTESIAN_POINT('',(10.,22.0000000000015,2.));
#8931=CARTESIAN_POINT('Origin',(12.,22.0000000000015,2.));
#8932=CARTESIAN_POINT('',(10.,23.0000000000015,2.));
#8933=CARTESIAN_POINT('',(10.,25.0000000000014,2.));
#8934=CARTESIAN_POINT('Origin',(8.,23.0000000000015,2.));
#8935=CARTESIAN_POINT('',(0.,20.,2.));
#8936=CARTESIAN_POINT('Origin',(12.,22.0000000000015,0.));
#8937=CARTESIAN_POINT('',(10.,22.0000000000015,0.));
#8938=CARTESIAN_POINT('Origin',(-8.,22.0000000000015,0.));
#8939=CARTESIAN_POINT('',(-10.,22.0000000000015,0.));
#8940=CARTESIAN_POINT('Origin',(-22.0000000000015,12.0000000000015,0.));
#8941=CARTESIAN_POINT('',(-22.0000000000015,10.0000000000015,5.));
#8942=CARTESIAN_POINT('Origin',(-22.0000000000015,12.0000000000015,5.));
#8943=CARTESIAN_POINT('',(-22.0000000000015,10.0000000000015,0.));
#8944=CARTESIAN_POINT('Origin',(-22.5000000000016,15.0000000000015,5.));
#8945=CARTESIAN_POINT('',(-24.9999999999975,8.00000000000174,5.));
#8946=CARTESIAN_POINT('',(-25.0000000000018,10.0000000000015,5.));
#8947=CARTESIAN_POINT('',(-22.9999999999975,10.0000000000015,5.));
#8948=CARTESIAN_POINT('Origin',(-22.9999999999975,8.00000000000146,5.));
#8949=CARTESIAN_POINT('',(-25.0000000000018,10.0000000000015,5.));
#8950=CARTESIAN_POINT('Origin',(-18.0000000000015,18.0000000000015,5.));
#8951=CARTESIAN_POINT('Origin',(-22.0000000000015,-7.99999999999855,0.));
#8952=CARTESIAN_POINT('',(-22.0000000000015,-9.99999999999855,8.));
#8953=CARTESIAN_POINT('',(-22.0000000000015,-9.99999999999855,0.));
#8954=CARTESIAN_POINT('Origin',(-22.0000000000015,-7.99999999999855,8.));
#8955=CARTESIAN_POINT('Origin',(21.9999999999985,8.00000000000146,0.));
#8956=CARTESIAN_POINT('',(21.9999999999985,10.0000000000015,15.));
#8957=CARTESIAN_POINT('Origin',(21.9999999999985,8.00000000000146,15.));
#8958=CARTESIAN_POINT('',(21.9999999999985,10.0000000000015,16.));
#8959=CARTESIAN_POINT('',(21.9999999999985,10.0000000000015,0.));
#8960=CARTESIAN_POINT('Origin',(21.9999999999985,8.00000000000146,16.));
#8961=CARTESIAN_POINT('Origin',(22.5,5.00000000000146,15.));
#8962=CARTESIAN_POINT('',(23.0000000000015,10.0000000000015,15.));
#8963=CARTESIAN_POINT('Origin',(23.0000000000015,12.0000000000015,15.));
#8964=CARTESIAN_POINT('',(21.2500000000007,10.0000000000015,15.));
#8965=CARTESIAN_POINT('Origin',(8.,23.0000000000015,0.));
#8966=CARTESIAN_POINT('',(10.,23.0000000000015,0.));
#8967=CARTESIAN_POINT('Origin',(-12.,23.0000000000017,0.));
#8968=CARTESIAN_POINT('',(-10.,23.0000000000017,0.));
#8969=CARTESIAN_POINT('Origin',(-22.9999999999975,8.00000000000146,0.));
#8970=CARTESIAN_POINT('',(-22.9999999999975,10.0000000000015,0.));
#8971=CARTESIAN_POINT('',(-24.9999999999975,8.00000000000174,0.));
#8972=CARTESIAN_POINT('Origin',(-25.0000000000001,-9.99999999999855,0.));
#8973=CARTESIAN_POINT('',(-25.0000000000003,-11.9999999999983,8.));
#8974=CARTESIAN_POINT('',(-25.0000000000015,-19.9999999999985,8.));
#8975=CARTESIAN_POINT('',(-25.0000000000003,-11.9999999999983,0.));
#8976=CARTESIAN_POINT('Origin',(-23.0000000000003,-11.9999999999985,0.));
#8977=CARTESIAN_POINT('',(-23.0000000000003,-9.99999999999855,8.));
#8978=CARTESIAN_POINT('Origin',(-23.0000000000003,-11.9999999999985,8.));
#8979=CARTESIAN_POINT('',(-23.0000000000003,-9.99999999999855,0.));
#8980=CARTESIAN_POINT('Origin',(-8.,-22.9999999999985,0.));
#8981=CARTESIAN_POINT('',(-10.,-22.9999999999985,9.));
#8982=CARTESIAN_POINT('',(-10.,-22.9999999999985,0.));
#8983=CARTESIAN_POINT('Origin',(-8.,-22.9999999999985,9.));
#8984=CARTESIAN_POINT('Origin',(23.0000000000015,12.0000000000015,0.));
#8985=CARTESIAN_POINT('',(23.0000000000015,10.0000000000015,16.));
#8986=CARTESIAN_POINT('Origin',(23.0000000000015,12.0000000000015,16.));
#8987=CARTESIAN_POINT('',(23.0000000000015,10.0000000000015,0.));
#8988=CARTESIAN_POINT('Origin',(22.5,15.0000000000015,16.));
#8989=CARTESIAN_POINT('Origin',(23.0000000000015,18.0000000000015,16.));
#8990=CARTESIAN_POINT('Origin',(-18.0000000000015,18.0000000000015,16.));
#8991=CARTESIAN_POINT('Origin',(-18.0000000000015,-17.9999999999985,16.));
#8992=CARTESIAN_POINT('Origin',(17.9999999999985,-17.9999999999985,16.));
#8993=CARTESIAN_POINT('',(25.0000000000015,10.0000000000015,16.));
#8994=CARTESIAN_POINT('',(-10.,-10.,16.));
#8995=CARTESIAN_POINT('',(-10.,2.50000000000075,16.));
#8996=CARTESIAN_POINT('',(16.25,-10.,16.));
#8997=CARTESIAN_POINT('Origin',(23.0000000000015,18.0000000000015,0.));
#8998=CARTESIAN_POINT('Origin',(17.9999999999985,-17.9999999999985,0.));
#8999=CARTESIAN_POINT('Origin',(-18.0000000000015,-17.9999999999985,0.));
#9000=CARTESIAN_POINT('Origin',(-18.0000000000015,-17.9999999999985,9.));
#9001=CARTESIAN_POINT('Origin',(-12.,-21.9999999999985,0.));
#9002=CARTESIAN_POINT('',(-10.,-21.9999999999985,9.));
#9003=CARTESIAN_POINT('Origin',(-12.,-21.9999999999985,9.));
#9004=CARTESIAN_POINT('',(-10.,-21.9999999999985,0.));
#9005=CARTESIAN_POINT('Origin',(-15.0000000000007,-22.4999999999985,9.));
#9006=CARTESIAN_POINT('',(-10.,-19.9999999999985,9.));
#9007=CARTESIAN_POINT('Origin',(-18.0000000000015,18.0000000000015,0.));
#9008=CARTESIAN_POINT('Origin',(-10.,-10.,16.));
#9009=CARTESIAN_POINT('',(-10.,-10.,16.));
#9010=CARTESIAN_POINT('Origin',(10.,-10.,16.));
#9011=CARTESIAN_POINT('Origin',(19.9999999999998,-9.99999999999855,0.));
#9012=CARTESIAN_POINT('Origin',(19.9999999999966,-25.0000000000024,0.));
#9013=CARTESIAN_POINT('',(19.9999999999985,-19.9999999999985,12.));
#9014=CARTESIAN_POINT('Origin',(14.9999999999993,-22.5000000000005,12.));
#9015=CARTESIAN_POINT('Origin',(1.11022302462516E-15,-19.9999999999985,
0.));
#9016=CARTESIAN_POINT('Origin',(-10.,-19.9999999999985,0.));
#9017=CARTESIAN_POINT('Origin',(-19.9999999999998,-9.99999999999855,0.));
#9018=CARTESIAN_POINT('',(-25.0000000000001,-9.99999999999855,8.));
#9019=CARTESIAN_POINT('Origin',(-22.5000000000006,-14.9999999999985,8.));
#9020=CARTESIAN_POINT('Origin',(-20.0000000000014,10.0000000000015,0.));
#9021=CARTESIAN_POINT('Origin',(-10.,20.0000000000015,0.));
#9022=CARTESIAN_POINT('Origin',(0.,20.,0.));
#9023=CARTESIAN_POINT('Origin',(10.,20.0000000000015,0.));
#9024=CARTESIAN_POINT('Origin',(20.0000000000014,20.0000000000015,0.));
#9025=CARTESIAN_POINT('Origin',(20.0000000000014,10.0000000000015,0.));
#9026=UNCERTAINTY_MEASURE_WITH_UNIT(LENGTH_MEASURE(0.01),#9030,
'DISTANCE_ACCURACY_VALUE',
'Maximum model space distance between geometric entities at asserted c
onnectivities');
#9027=UNCERTAINTY_MEASURE_WITH_UNIT(LENGTH_MEASURE(0.01),#9030,
'DISTANCE_ACCURACY_VALUE',
'Maximum model space distance between geometric entities at asserted c
onnectivities');
#9028=(
GEOMETRIC_REPRESENTATION_CONTEXT(3)
GLOBAL_UNCERTAINTY_ASSIGNED_CONTEXT((#9026))
GLOBAL_UNIT_ASSIGNED_CONTEXT((#9030,#9032,#9033))
REPRESENTATION_CONTEXT('','3D')
);
#9029=(
GEOMETRIC_REPRESENTATION_CONTEXT(3)
GLOBAL_UNCERTAINTY_ASSIGNED_CONTEXT((#9027))
GLOBAL_UNIT_ASSIGNED_CONTEXT((#9030,#9032,#9033))
REPRESENTATION_CONTEXT('','3D')
);
#9030=(
LENGTH_UNIT()
NAMED_UNIT(*)
SI_UNIT(.MILLI.,.METRE.)
);
#9031=(
LENGTH_UNIT()
NAMED_UNIT(*)
SI_UNIT($,.METRE.)
);
#9032=(
NAMED_UNIT(*)
PLANE_ANGLE_UNIT()
SI_UNIT($,.RADIAN.)
);
#9033=(
NAMED_UNIT(*)
SI_UNIT($,.STERADIAN.)
SOLID_ANGLE_UNIT()
);
#9034=SHAPE_DEFINITION_REPRESENTATION(#9035,#9036);
#9035=PRODUCT_DEFINITION_SHAPE('',$,#9038);
#9036=SHAPE_REPRESENTATION('',(#5146),#9028);
#9037=PRODUCT_DEFINITION_CONTEXT('part definition',#9042,'design');
#9038=PRODUCT_DEFINITION('Uo Tiefen und Innenma\X\DF',
'Uo Tiefen und Innenma\X\DF v5',#9039,#9037);
#9039=PRODUCT_DEFINITION_FORMATION('',$,#9044);
#9040=PRODUCT_RELATED_PRODUCT_CATEGORY('Uo Tiefen und Innenma\X\DF v5',
'Uo Tiefen und Innenma\X\DF v5',(#9044));
#9041=APPLICATION_PROTOCOL_DEFINITION('international standard',
'automotive_design',2009,#9042);
#9042=APPLICATION_CONTEXT(
'Core Data for Automotive Mechanical Design Process');
#9043=PRODUCT_CONTEXT('part definition',#9042,'mechanical');
#9044=PRODUCT('Uo Tiefen und Innenma\X\DF','Uo Tiefen und Innenma\X\DF
 v5',$,(#9043));
#9045=PRESENTATION_STYLE_ASSIGNMENT((#9046));
#9046=SURFACE_STYLE_USAGE(.BOTH.,#9047);
#9047=SURFACE_SIDE_STYLE('',(#9048));
#9048=SURFACE_STYLE_FILL_AREA(#9049);
#9049=FILL_AREA_STYLE('Stahl - satiniert',(#9050));
#9050=FILL_AREA_STYLE_COLOUR('Stahl - satiniert',#9051);
#9051=COLOUR_RGB('Stahl - satiniert',0.627450980392157,0.627450980392157,
0.627450980392157);
ENDSEC;
END-ISO-10303-21;
