ISO-10303-21;
HEADER;
/* Generated by software containing ST-Developer
 * from STEP Tools, Inc. (www.steptools.com) 
 */

FILE_DESCRIPTION(
/* description */ (''),
/* implementation_level */ '2;1');

FILE_NAME(
/* name */ 'fdm_aussenmassstapel_10_20_30_40mm.step',
/* time_stamp */ '2026-07-27T16:26:10+02:00',
/* author */ (''),
/* organization */ (''),
/* preprocessor_version */ 'ST-DEVELOPER v20.1',
/* originating_system */ 'Autodesk Translation Framework v15.8.0.0',
/* authorisation */ '');

FILE_SCHEMA (('AUTOMOTIVE_DESIGN { 1 0 10303 214 3 1 1 }'));
ENDSEC;

DATA;
#10=MECHANICAL_DESIGN_GEOMETRIC_PRESENTATION_REPRESENTATION('',(#13),#9357);
#11=SHAPE_REPRESENTATION_RELATIONSHIP('SRR','None',#9364,#12);
#12=ADVANCED_BREP_SHAPE_REPRESENTATION('',(#14),#9356);
#13=STYLED_ITEM('',(#9373),#14);
#14=MANIFOLD_SOLID_BREP('K\X\F6rper2',#4874);
#15=CONICAL_SURFACE('',#4953,15.,0.620249485982821);
#16=CIRCLE('',#4951,15.);
#17=CIRCLE('',#4952,15.);
#18=CYLINDRICAL_SURFACE('',#4950,15.);
#19=B_SPLINE_SURFACE_WITH_KNOTS('',3,1,((#6005,#6006),(#6007,#6008),(#6009,
#6010),(#6011,#6012),(#6013,#6014)),.UNSPECIFIED.,.F.,.F.,.F.,(4,1,4),(2,
2),(0.,0.0732228259811439,0.127079686988209),(-0.075,0.),.UNSPECIFIED.);
#20=B_SPLINE_SURFACE_WITH_KNOTS('',3,1,((#6024,#6025),(#6026,#6027),(#6028,
#6029),(#6030,#6031),(#6032,#6033)),.UNSPECIFIED.,.F.,.F.,.F.,(4,1,4),(2,
2),(0.,0.0509696814517264,0.124459773886898),(-0.075,0.),.UNSPECIFIED.);
#21=B_SPLINE_SURFACE_WITH_KNOTS('',3,1,((#6041,#6042),(#6043,#6044),(#6045,
#6046),(#6047,#6048),(#6049,#6050)),.UNSPECIFIED.,.F.,.F.,.F.,(4,1,4),(2,
2),(0.,0.0404319231944072,0.0804540381641051),(-0.075,0.),.UNSPECIFIED.);
#22=B_SPLINE_SURFACE_WITH_KNOTS('',3,1,((#6058,#6059),(#6060,#6061),(#6062,
#6063),(#6064,#6065),(#6066,#6067)),.UNSPECIFIED.,.F.,.F.,.F.,(4,1,4),(2,
2),(0.,0.0371532619641763,0.0766842866089362),(-0.075,0.),.UNSPECIFIED.);
#23=B_SPLINE_SURFACE_WITH_KNOTS('',3,1,((#6075,#6076),(#6077,#6078),(#6079,
#6080),(#6081,#6082),(#6083,#6084)),.UNSPECIFIED.,.F.,.F.,.F.,(4,1,4),(2,
2),(0.,0.0735282536453494,0.127478444522037),(-0.075,0.),.UNSPECIFIED.);
#24=B_SPLINE_SURFACE_WITH_KNOTS('',3,1,((#6092,#6093),(#6094,#6095),(#6096,
#6097),(#6098,#6099),(#6100,#6101)),.UNSPECIFIED.,.F.,.F.,.F.,(4,1,4),(2,
2),(0.,0.0536539827496514,0.12722801427017),(-0.075,0.),.UNSPECIFIED.);
#25=B_SPLINE_SURFACE_WITH_KNOTS('',3,1,((#6109,#6110),(#6111,#6112),(#6113,
#6114),(#6115,#6116),(#6117,#6118)),.UNSPECIFIED.,.F.,.F.,.F.,(4,1,4),(2,
2),(0.,0.0396011570042172,0.0770653999360255),(-0.075,0.),.UNSPECIFIED.);
#26=B_SPLINE_SURFACE_WITH_KNOTS('',3,1,((#6126,#6127),(#6128,#6129),(#6130,
#6131),(#6132,#6133),(#6134,#6135)),.UNSPECIFIED.,.F.,.F.,.F.,(4,1,4),(2,
2),(0.,0.0371533087468396,0.0766842749208241),(-0.075,0.),.UNSPECIFIED.);
#27=B_SPLINE_SURFACE_WITH_KNOTS('',3,1,((#6141,#6142),(#6143,#6144),(#6145,
#6146),(#6147,#6148),(#6149,#6150)),.UNSPECIFIED.,.F.,.F.,.F.,(4,1,4),(2,
2),(0.,0.0175359039410527,0.0299114932180422),(-0.075,0.),.UNSPECIFIED.);
#28=B_SPLINE_SURFACE_WITH_KNOTS('',3,1,((#6160,#6161),(#6162,#6163),(#6164,
#6165),(#6166,#6167),(#6168,#6169)),.UNSPECIFIED.,.F.,.F.,.F.,(4,1,4),(2,
2),(0.,0.044554305278355,0.072847018938452),(-0.075,0.),.UNSPECIFIED.);
#29=B_SPLINE_SURFACE_WITH_KNOTS('',3,1,((#6177,#6178),(#6179,#6180),(#6181,
#6182),(#6183,#6184),(#6185,#6186)),.UNSPECIFIED.,.F.,.F.,.F.,(4,1,4),(2,
2),(0.,0.0301057695832232,0.0752529258614944),(-0.075,0.),.UNSPECIFIED.);
#30=B_SPLINE_SURFACE_WITH_KNOTS('',3,1,((#6194,#6195),(#6196,#6197),(#6198,
#6199),(#6200,#6201),(#6202,#6203)),.UNSPECIFIED.,.F.,.F.,.F.,(4,1,4),(2,
2),(0.,0.0117895984862045,0.0273219523631738),(-0.075,0.),.UNSPECIFIED.);
#31=B_SPLINE_SURFACE_WITH_KNOTS('',3,1,((#6211,#6212),(#6213,#6214),(#6215,
#6216),(#6217,#6218),(#6219,#6220)),.UNSPECIFIED.,.F.,.F.,.F.,(4,1,4),(2,
2),(0.,0.0100128192786257,0.0200832469912475),(-0.075,0.),.UNSPECIFIED.);
#32=B_SPLINE_SURFACE_WITH_KNOTS('',3,1,((#6228,#6229),(#6230,#6231),(#6232,
#6233),(#6234,#6235),(#6236,#6237)),.UNSPECIFIED.,.F.,.F.,.F.,(4,1,4),(2,
2),(0.,0.00996579189538203,0.0199491717339869),(-0.075,0.),
 .UNSPECIFIED.);
#33=B_SPLINE_SURFACE_WITH_KNOTS('',3,1,((#6245,#6246),(#6247,#6248),(#6249,
#6250),(#6251,#6252),(#6253,#6254)),.UNSPECIFIED.,.F.,.F.,.F.,(4,1,4),(2,
2),(0.,0.017511871065151,0.0298259950374172),(-0.075,0.),.UNSPECIFIED.);
#34=B_SPLINE_SURFACE_WITH_KNOTS('',3,1,((#6262,#6263),(#6264,#6265),(#6266,
#6267),(#6268,#6269),(#6270,#6271)),.UNSPECIFIED.,.F.,.F.,.F.,(4,1,4),(2,
2),(0.,0.0445543043886178,0.072847022252089),(-0.075,0.),.UNSPECIFIED.);
#35=B_SPLINE_SURFACE_WITH_KNOTS('',3,1,((#6279,#6280),(#6281,#6282),(#6283,
#6284),(#6285,#6286),(#6287,#6288)),.UNSPECIFIED.,.F.,.F.,.F.,(4,1,4),(2,
2),(0.,0.0302575248211308,0.0754558240811647),(-0.075,0.),.UNSPECIFIED.);
#36=B_SPLINE_SURFACE_WITH_KNOTS('',3,1,((#6296,#6297),(#6298,#6299),(#6300,
#6301),(#6302,#6303),(#6304,#6305)),.UNSPECIFIED.,.F.,.F.,.F.,(4,1,4),(2,
2),(0.,0.0117896285862414,0.0273219720580841),(-0.075,0.),.UNSPECIFIED.);
#37=B_SPLINE_SURFACE_WITH_KNOTS('',3,1,((#6313,#6314),(#6315,#6316),(#6317,
#6318),(#6319,#6320),(#6321,#6322)),.UNSPECIFIED.,.F.,.F.,.F.,(4,1,4),(2,
2),(0.,0.0100128217530382,0.0200832420848399),(-0.075,0.),.UNSPECIFIED.);
#38=B_SPLINE_SURFACE_WITH_KNOTS('',3,1,((#6330,#6331),(#6332,#6333),(#6334,
#6335),(#6336,#6337),(#6338,#6339)),.UNSPECIFIED.,.F.,.F.,.F.,(4,1,4),(2,
2),(0.,0.0100038267523049,0.0199914340252219),(-0.075,0.),.UNSPECIFIED.);
#39=B_SPLINE_SURFACE_WITH_KNOTS('',3,1,((#6504,#6505),(#6506,#6507),(#6508,
#6509),(#6510,#6511),(#6512,#6513)),.UNSPECIFIED.,.F.,.F.,.F.,(4,1,4),(2,
2),(0.,0.0377020457550258,0.0727176497911652),(-0.075,0.),.UNSPECIFIED.);
#40=B_SPLINE_SURFACE_WITH_KNOTS('',3,1,((#6523,#6524),(#6525,#6526),(#6527,
#6528),(#6529,#6530),(#6531,#6532)),.UNSPECIFIED.,.F.,.F.,.F.,(4,1,4),(2,
2),(0.,0.0385280739179382,0.0785810975486951),(-0.075,0.),.UNSPECIFIED.);
#41=B_SPLINE_SURFACE_WITH_KNOTS('',3,1,((#6540,#6541),(#6542,#6543),(#6544,
#6545),(#6546,#6547),(#6548,#6549)),.UNSPECIFIED.,.F.,.F.,.F.,(4,1,4),(2,
2),(0.,0.0372836094152331,0.0748826064817393),(-0.075,0.),.UNSPECIFIED.);
#42=B_SPLINE_SURFACE_WITH_KNOTS('',3,1,((#6557,#6558),(#6559,#6560),(#6561,
#6562),(#6563,#6564),(#6565,#6566)),.UNSPECIFIED.,.F.,.F.,.F.,(4,1,4),(2,
2),(0.,0.0241875707301978,0.0497033265157684),(-0.075,0.),.UNSPECIFIED.);
#43=B_SPLINE_SURFACE_WITH_KNOTS('',3,1,((#6574,#6575),(#6576,#6577),(#6578,
#6579),(#6580,#6581),(#6582,#6583)),.UNSPECIFIED.,.F.,.F.,.F.,(4,1,4),(2,
2),(0.,0.0248683682367464,0.0488500423757065),(-0.075,0.),.UNSPECIFIED.);
#44=B_SPLINE_SURFACE_WITH_KNOTS('',3,1,((#6591,#6592),(#6593,#6594),(#6595,
#6596),(#6597,#6598),(#6599,#6600)),.UNSPECIFIED.,.F.,.F.,.F.,(4,1,4),(2,
2),(0.,0.0371094884513984,0.0796099546061874),(-0.075,0.),.UNSPECIFIED.);
#45=B_SPLINE_SURFACE_WITH_KNOTS('',3,1,((#6608,#6609),(#6610,#6611),(#6612,
#6613),(#6614,#6615),(#6616,#6617)),.UNSPECIFIED.,.F.,.F.,.F.,(4,1,4),(2,
2),(0.,0.0283500452302256,0.0552691913222614),(-0.075,0.),.UNSPECIFIED.);
#46=B_SPLINE_SURFACE_WITH_KNOTS('',3,1,((#6625,#6626),(#6627,#6628),(#6629,
#6630),(#6631,#6632),(#6633,#6634)),.UNSPECIFIED.,.F.,.F.,.F.,(4,1,4),(2,
2),(0.,0.038757915213002,0.074771534490029),(-0.075,0.),.UNSPECIFIED.);
#47=B_SPLINE_SURFACE_WITH_KNOTS('',3,1,((#6642,#6643),(#6644,#6645),(#6646,
#6647),(#6648,#6649),(#6650,#6651)),.UNSPECIFIED.,.F.,.F.,.F.,(4,1,4),(2,
2),(0.,0.0222773295211632,0.0459510530525827),(-0.075,0.),.UNSPECIFIED.);
#48=B_SPLINE_SURFACE_WITH_KNOTS('',3,1,((#6659,#6660),(#6661,#6662),(#6663,
#6664),(#6665,#6666),(#6667,#6668)),.UNSPECIFIED.,.F.,.F.,.F.,(4,1,4),(2,
2),(0.,0.019733096427027,0.0406438660628708),(-0.075,0.),.UNSPECIFIED.);
#49=B_SPLINE_SURFACE_WITH_KNOTS('',3,1,((#6676,#6677),(#6678,#6679),(#6680,
#6681),(#6682,#6683),(#6684,#6685)),.UNSPECIFIED.,.F.,.F.,.F.,(4,1,4),(2,
2),(0.,0.025442464459864,0.046801368245815),(-0.075,0.),.UNSPECIFIED.);
#50=B_SPLINE_SURFACE_WITH_KNOTS('',3,1,((#6697,#6698),(#6699,#6700),(#6701,
#6702),(#6703,#6704),(#6705,#6706)),.UNSPECIFIED.,.F.,.F.,.F.,(4,1,4),(2,
2),(0.,0.0151256062496956,0.032943551316323),(-0.075,0.),.UNSPECIFIED.);
#51=B_SPLINE_SURFACE_WITH_KNOTS('',3,1,((#6714,#6715),(#6716,#6717),(#6718,
#6719),(#6720,#6721),(#6722,#6723)),.UNSPECIFIED.,.F.,.F.,.F.,(4,1,4),(2,
2),(0.,0.0138970557121793,0.0277314640203813),(-0.075,0.),.UNSPECIFIED.);
#52=B_SPLINE_SURFACE_WITH_KNOTS('',3,1,((#6731,#6732),(#6733,#6734),(#6735,
#6736),(#6737,#6738),(#6739,#6740)),.UNSPECIFIED.,.F.,.F.,.F.,(4,1,4),(2,
2),(0.,0.0124738275292815,0.0261158013171649),(-0.075,0.),.UNSPECIFIED.);
#53=B_SPLINE_SURFACE_WITH_KNOTS('',3,1,((#6748,#6749),(#6750,#6751),(#6752,
#6753),(#6754,#6755),(#6756,#6757)),.UNSPECIFIED.,.F.,.F.,.F.,(4,1,4),(2,
2),(0.,0.0137933898147973,0.0263102460752183),(-0.075,0.),.UNSPECIFIED.);
#54=B_SPLINE_SURFACE_WITH_KNOTS('',3,1,((#6765,#6766),(#6767,#6768),(#6769,
#6770),(#6771,#6772),(#6773,#6774)),.UNSPECIFIED.,.F.,.F.,.F.,(4,1,4),(2,
2),(0.,0.0155326817552763,0.0318623024140668),(-0.075,0.),.UNSPECIFIED.);
#55=B_SPLINE_SURFACE_WITH_KNOTS('',3,1,((#6782,#6783),(#6784,#6785),(#6786,
#6787),(#6788,#6789),(#6790,#6791)),.UNSPECIFIED.,.F.,.F.,.F.,(4,1,4),(2,
2),(0.,0.0206862231275114,0.0376775491842176),(-0.075,0.),.UNSPECIFIED.);
#56=B_SPLINE_SURFACE_WITH_KNOTS('',3,1,((#6803,#6804),(#6805,#6806),(#6807,
#6808),(#6809,#6810),(#6811,#6812)),.UNSPECIFIED.,.F.,.F.,.F.,(4,1,4),(2,
2),(0.,0.012172340517435,0.0268052502318579),(-0.075,0.),.UNSPECIFIED.);
#57=B_SPLINE_SURFACE_WITH_KNOTS('',3,1,((#6820,#6821),(#6822,#6823),(#6824,
#6825),(#6826,#6827),(#6828,#6829)),.UNSPECIFIED.,.F.,.F.,.F.,(4,1,4),(2,
2),(0.,0.0160648406820059,0.0318873872614652),(-0.075,0.),.UNSPECIFIED.);
#58=B_SPLINE_SURFACE_WITH_KNOTS('',3,1,((#6837,#6838),(#6839,#6840),(#6841,
#6842),(#6843,#6844),(#6845,#6846)),.UNSPECIFIED.,.F.,.F.,.F.,(4,1,4),(2,
2),(0.,0.0196581416827847,0.0369698708870658),(-0.075,0.),.UNSPECIFIED.);
#59=B_SPLINE_SURFACE_WITH_KNOTS('',3,1,((#6854,#6855),(#6856,#6857),(#6858,
#6859),(#6860,#6861),(#6862,#6863)),.UNSPECIFIED.,.F.,.F.,.F.,(4,1,4),(2,
2),(0.,0.0183006945463414,0.039090912276456),(-0.075,0.),.UNSPECIFIED.);
#60=B_SPLINE_SURFACE_WITH_KNOTS('',3,1,((#6871,#6872),(#6873,#6874),(#6875,
#6876),(#6877,#6878),(#6879,#6880)),.UNSPECIFIED.,.F.,.F.,.F.,(4,1,4),(2,
2),(0.,0.0167407046930517,0.0336848418126215),(-0.075,0.),.UNSPECIFIED.);
#61=B_SPLINE_SURFACE_WITH_KNOTS('',3,1,((#6888,#6889),(#6890,#6891),(#6892,
#6893),(#6894,#6895),(#6896,#6897)),.UNSPECIFIED.,.F.,.F.,.F.,(4,1,4),(2,
2),(0.,0.015409931064678,0.0310136155643106),(-0.075,0.),.UNSPECIFIED.);
#62=B_SPLINE_SURFACE_WITH_KNOTS('',3,1,((#6905,#6906),(#6907,#6908),(#6909,
#6910),(#6911,#6912),(#6913,#6914)),.UNSPECIFIED.,.F.,.F.,.F.,(4,1,4),(2,
2),(0.,0.0194073072949506,0.0360807104509676),(-0.075,0.),.UNSPECIFIED.);
#63=B_SPLINE_SURFACE_WITH_KNOTS('',3,1,((#6926,#6927),(#6928,#6929),(#6930,
#6931),(#6932,#6933),(#6934,#6935)),.UNSPECIFIED.,.F.,.F.,.F.,(4,1,4),(2,
2),(0.,0.034345912930786,0.0700062656075063),(-0.075,0.),.UNSPECIFIED.);
#64=B_SPLINE_SURFACE_WITH_KNOTS('',3,1,((#7062,#7063),(#7064,#7065),(#7066,
#7067),(#7068,#7069),(#7070,#7071)),.UNSPECIFIED.,.F.,.F.,.F.,(4,1,4),(2,
2),(0.,0.0732228259811439,0.1270796808733),(-0.075,0.),.UNSPECIFIED.);
#65=B_SPLINE_SURFACE_WITH_KNOTS('',3,1,((#7081,#7082),(#7083,#7084),(#7085,
#7086),(#7087,#7088),(#7089,#7090)),.UNSPECIFIED.,.F.,.F.,.F.,(4,1,4),(2,
2),(0.,0.0509696932076859,0.12445978428395),(-0.075,0.),.UNSPECIFIED.);
#66=B_SPLINE_SURFACE_WITH_KNOTS('',3,1,((#7098,#7099),(#7100,#7101),(#7102,
#7103),(#7104,#7105),(#7106,#7107)),.UNSPECIFIED.,.F.,.F.,.F.,(4,1,4),(2,
2),(0.,0.0404319523439902,0.0804540441895183),(-0.075,0.),.UNSPECIFIED.);
#67=B_SPLINE_SURFACE_WITH_KNOTS('',3,1,((#7115,#7116),(#7117,#7118),(#7119,
#7120),(#7121,#7122),(#7123,#7124)),.UNSPECIFIED.,.F.,.F.,.F.,(4,1,4),(2,
2),(0.,0.0371532619641763,0.0766842573735481),(-0.075,0.),.UNSPECIFIED.);
#68=B_SPLINE_SURFACE_WITH_KNOTS('',3,1,((#7132,#7133),(#7134,#7135),(#7136,
#7137),(#7138,#7139),(#7140,#7141)),.UNSPECIFIED.,.F.,.F.,.F.,(4,1,4),(2,
2),(0.,0.0735282566313268,0.127478435299357),(-0.075,0.),.UNSPECIFIED.);
#69=B_SPLINE_SURFACE_WITH_KNOTS('',3,1,((#7149,#7150),(#7151,#7152),(#7153,
#7154),(#7155,#7156),(#7157,#7158)),.UNSPECIFIED.,.F.,.F.,.F.,(4,1,4),(2,
2),(0.,0.0536539705588452,0.127228002079363),(-0.075,0.),.UNSPECIFIED.);
#70=B_SPLINE_SURFACE_WITH_KNOTS('',3,1,((#7166,#7167),(#7168,#7169),(#7170,
#7171),(#7172,#7173),(#7174,#7175)),.UNSPECIFIED.,.F.,.F.,.F.,(4,1,4),(2,
2),(0.,0.0396011570042172,0.0770653999360255),(-0.075,0.),.UNSPECIFIED.);
#71=B_SPLINE_SURFACE_WITH_KNOTS('',3,1,((#7183,#7184),(#7185,#7186),(#7187,
#7188),(#7189,#7190),(#7191,#7192)),.UNSPECIFIED.,.F.,.F.,.F.,(4,1,4),(2,
2),(0.,0.0371533087468396,0.0766843041562114),(-0.075,0.),.UNSPECIFIED.);
#72=B_SPLINE_SURFACE_WITH_KNOTS('',3,1,((#7198,#7199),(#7200,#7201),(#7202,
#7203),(#7204,#7205),(#7206,#7207)),.UNSPECIFIED.,.F.,.F.,.F.,(4,1,4),(2,
2),(0.,0.0175359039410527,0.0299114932180422),(-0.075,0.),.UNSPECIFIED.);
#73=B_SPLINE_SURFACE_WITH_KNOTS('',3,1,((#7217,#7218),(#7219,#7220),(#7221,
#7222),(#7223,#7224),(#7225,#7226)),.UNSPECIFIED.,.F.,.F.,.F.,(4,1,4),(2,
2),(0.,0.0445543043886178,0.072847022252089),(-0.075,0.),.UNSPECIFIED.);
#74=B_SPLINE_SURFACE_WITH_KNOTS('',3,1,((#7234,#7235),(#7236,#7237),(#7238,
#7239),(#7240,#7241),(#7242,#7243)),.UNSPECIFIED.,.F.,.F.,.F.,(4,1,4),(2,
2),(0.,0.0301057695832232,0.0752529258614944),(-0.075,0.),.UNSPECIFIED.);
#75=B_SPLINE_SURFACE_WITH_KNOTS('',3,1,((#7251,#7252),(#7253,#7254),(#7255,
#7256),(#7257,#7258),(#7259,#7260)),.UNSPECIFIED.,.F.,.F.,.F.,(4,1,4),(2,
2),(0.,0.0117896168501493,0.0273219499169156),(-0.075,0.),.UNSPECIFIED.);
#76=B_SPLINE_SURFACE_WITH_KNOTS('',3,1,((#7268,#7269),(#7270,#7271),(#7272,
#7273),(#7274,#7275),(#7276,#7277)),.UNSPECIFIED.,.F.,.F.,.F.,(4,1,4),(2,
2),(0.,0.0100128192786257,0.0200832469912475),(-0.075,0.),.UNSPECIFIED.);
#77=B_SPLINE_SURFACE_WITH_KNOTS('',3,1,((#7285,#7286),(#7287,#7288),(#7289,
#7290),(#7291,#7292),(#7293,#7294)),.UNSPECIFIED.,.F.,.F.,.F.,(4,1,4),(2,
2),(0.,0.00996581782733979,0.0199491976659447),(-0.075,0.),
 .UNSPECIFIED.);
#78=B_SPLINE_SURFACE_WITH_KNOTS('',3,1,((#7302,#7303),(#7304,#7305),(#7306,
#7307),(#7308,#7309),(#7310,#7311)),.UNSPECIFIED.,.F.,.F.,.F.,(4,1,4),(2,
2),(0.,0.017511871065151,0.0298259771461698),(-0.075,0.),.UNSPECIFIED.);
#79=B_SPLINE_SURFACE_WITH_KNOTS('',3,1,((#7319,#7320),(#7321,#7322),(#7323,
#7324),(#7325,#7326),(#7327,#7328)),.UNSPECIFIED.,.F.,.F.,.F.,(4,1,4),(2,
2),(0.,0.0445543043886178,0.072847022252089),(-0.075,0.),.UNSPECIFIED.);
#80=B_SPLINE_SURFACE_WITH_KNOTS('',3,1,((#7336,#7337),(#7338,#7339),(#7340,
#7341),(#7342,#7343),(#7344,#7345)),.UNSPECIFIED.,.F.,.F.,.F.,(4,1,4),(2,
2),(0.,0.0302575204372181,0.0754558196972519),(-0.075,0.),.UNSPECIFIED.);
#81=B_SPLINE_SURFACE_WITH_KNOTS('',3,1,((#7353,#7354),(#7355,#7356),(#7357,
#7358),(#7359,#7360),(#7361,#7362)),.UNSPECIFIED.,.F.,.F.,.F.,(4,1,4),(2,
2),(0.,0.0117896285862414,0.0273219824632107),(-0.075,0.),.UNSPECIFIED.);
#82=B_SPLINE_SURFACE_WITH_KNOTS('',3,1,((#7370,#7371),(#7372,#7373),(#7374,
#7375),(#7376,#7377),(#7378,#7379)),.UNSPECIFIED.,.F.,.F.,.F.,(4,1,4),(2,
2),(0.,0.0100128217530382,0.0200832420848399),(-0.075,0.),.UNSPECIFIED.);
#83=B_SPLINE_SURFACE_WITH_KNOTS('',3,1,((#7387,#7388),(#7389,#7390),(#7391,
#7392),(#7393,#7394),(#7395,#7396)),.UNSPECIFIED.,.F.,.F.,.F.,(4,1,4),(2,
2),(0.,0.0100038267523049,0.0199914046387718),(-0.075,0.),.UNSPECIFIED.);
#84=B_SPLINE_SURFACE_WITH_KNOTS('',3,1,((#7514,#7515),(#7516,#7517),(#7518,
#7519),(#7520,#7521),(#7522,#7523)),.UNSPECIFIED.,.F.,.F.,.F.,(4,1,4),(2,
2),(0.,0.0104190284222424,0.0198549171156403),(-0.075,0.),.UNSPECIFIED.);
#85=B_SPLINE_SURFACE_WITH_KNOTS('',3,1,((#7533,#7534),(#7535,#7536),(#7537,
#7538),(#7539,#7540),(#7541,#7542)),.UNSPECIFIED.,.F.,.F.,.F.,(4,1,4),(2,
2),(0.,0.0304228121576659,0.0478414596314648),(-0.075,0.),.UNSPECIFIED.);
#86=B_SPLINE_SURFACE_WITH_KNOTS('',3,1,((#7550,#7551),(#7552,#7553),(#7554,
#7555),(#7556,#7557),(#7558,#7559)),.UNSPECIFIED.,.F.,.F.,.F.,(4,1,4),(2,
2),(0.,0.0218425313288631,0.0537203989379657),(-0.075,0.),.UNSPECIFIED.);
#87=B_SPLINE_SURFACE_WITH_KNOTS('',3,1,((#7567,#7568),(#7569,#7570),(#7571,
#7572),(#7573,#7574),(#7575,#7576)),.UNSPECIFIED.,.F.,.F.,.F.,(4,1,4),(2,
2),(0.,0.0209688448001117,0.0448606968227832),(-0.075,0.),.UNSPECIFIED.);
#88=B_SPLINE_SURFACE_WITH_KNOTS('',3,1,((#7584,#7585),(#7586,#7587),(#7588,
#7589),(#7590,#7591),(#7592,#7593)),.UNSPECIFIED.,.F.,.F.,.F.,(4,1,4),(2,
2),(0.,0.0198564325118868,0.0394311496973839),(-0.075,0.),.UNSPECIFIED.);
#89=B_SPLINE_SURFACE_WITH_KNOTS('',3,1,((#7601,#7602),(#7603,#7604),(#7605,
#7606),(#7607,#7608),(#7609,#7610)),.UNSPECIFIED.,.F.,.F.,.F.,(4,1,4),(2,
2),(0.,0.0329178971239996,0.0662187283925008),(-0.075,0.),.UNSPECIFIED.);
#90=B_SPLINE_SURFACE_WITH_KNOTS('',3,1,((#7618,#7619),(#7620,#7621),(#7622,
#7623),(#7624,#7625),(#7626,#7627)),.UNSPECIFIED.,.F.,.F.,.F.,(4,1,4),(2,
2),(0.,0.0400979883540412,0.0751758049513696),(-0.075,0.),.UNSPECIFIED.);
#91=B_SPLINE_SURFACE_WITH_KNOTS('',3,1,((#7635,#7636),(#7637,#7638),(#7639,
#7640),(#7641,#7642),(#7643,#7644)),.UNSPECIFIED.,.F.,.F.,.F.,(4,1,4),(2,
2),(0.,0.0341141036405079,0.0716136884972078),(-0.075,0.),.UNSPECIFIED.);
#92=B_SPLINE_SURFACE_WITH_KNOTS('',3,1,((#7652,#7653),(#7654,#7655),(#7656,
#7657),(#7658,#7659),(#7660,#7661)),.UNSPECIFIED.,.F.,.F.,.F.,(4,1,4),(2,
2),(0.,0.0421270136099293,0.0769556400059689),(-0.075,0.),.UNSPECIFIED.);
#93=B_SPLINE_SURFACE_WITH_KNOTS('',3,1,((#7673,#7674),(#7675,#7676),(#7677,
#7678),(#7679,#7680),(#7681,#7682)),.UNSPECIFIED.,.F.,.F.,.F.,(4,1,4),(2,
2),(0.,0.0166893272027177,0.0386260177488858),(-0.075,0.),.UNSPECIFIED.);
#94=B_SPLINE_SURFACE_WITH_KNOTS('',3,1,((#7690,#7691),(#7692,#7693),(#7694,
#7695),(#7696,#7697),(#7698,#7699)),.UNSPECIFIED.,.F.,.F.,.F.,(4,1,4),(2,
2),(0.,0.0163922492207934,0.0312916437547321),(-0.075,0.),.UNSPECIFIED.);
#95=B_SPLINE_SURFACE_WITH_KNOTS('',3,1,((#7707,#7708),(#7709,#7710),(#7711,
#7712),(#7713,#7714),(#7715,#7716)),.UNSPECIFIED.,.F.,.F.,.F.,(4,1,4),(2,
2),(0.,0.0145416239505727,0.0309889800571911),(-0.075,0.),.UNSPECIFIED.);
#96=B_SPLINE_SURFACE_WITH_KNOTS('',3,1,((#7724,#7725),(#7726,#7727),(#7728,
#7729),(#7730,#7731),(#7732,#7733)),.UNSPECIFIED.,.F.,.F.,.F.,(4,1,4),(2,
2),(0.,0.0172056466500918,0.0319643374377239),(-0.075,0.),.UNSPECIFIED.);
#97=B_SPLINE_SURFACE_WITH_KNOTS('',3,1,((#7741,#7742),(#7743,#7744),(#7745,
#7746),(#7747,#7748),(#7749,#7750)),.UNSPECIFIED.,.F.,.F.,.F.,(4,1,4),(2,
2),(0.,0.0198135165164082,0.0375599276627044),(-0.075,0.),.UNSPECIFIED.);
#98=B_SPLINE_SURFACE_WITH_KNOTS('',3,1,((#7758,#7759),(#7760,#7761),(#7762,
#7763),(#7764,#7765),(#7766,#7767)),.UNSPECIFIED.,.F.,.F.,.F.,(4,1,4),(2,
2),(0.,0.0436690019762581,0.0685073490341404),(-0.075,0.),.UNSPECIFIED.);
#99=B_SPLINE_SURFACE_WITH_KNOTS('',3,1,((#7775,#7776),(#7777,#7778),(#7779,
#7780),(#7781,#7782),(#7783,#7784)),.UNSPECIFIED.,.F.,.F.,.F.,(4,1,4),(2,
2),(0.,0.0398469981127317,0.0969136065666913),(-0.075,0.),.UNSPECIFIED.);
#100=B_SPLINE_SURFACE_WITH_KNOTS('',3,1,((#7792,#7793),(#7794,#7795),(#7796,
#7797),(#7798,#7799),(#7800,#7801)),.UNSPECIFIED.,.F.,.F.,.F.,(4,1,4),(2,
2),(0.,0.030211738273067,0.0610396617554674),(-0.075,0.),.UNSPECIFIED.);
#101=B_SPLINE_SURFACE_WITH_KNOTS('',3,1,((#7940,#7941),(#7942,#7943),(#7944,
#7945),(#7946,#7947),(#7948,#7949)),.UNSPECIFIED.,.F.,.F.,.F.,(4,1,4),(2,
2),(0.,0.0732228259811439,0.127079693103122),(-0.075,0.),.UNSPECIFIED.);
#102=B_SPLINE_SURFACE_WITH_KNOTS('',3,1,((#7959,#7960),(#7961,#7962),(#7963,
#7964),(#7965,#7966),(#7967,#7968)),.UNSPECIFIED.,.F.,.F.,.F.,(4,1,4),(2,
2),(0.,0.0509696814517264,0.12445977252799),(-0.075,0.),.UNSPECIFIED.);
#103=B_SPLINE_SURFACE_WITH_KNOTS('',3,1,((#7976,#7977),(#7978,#7979),(#7980,
#7981),(#7982,#7983),(#7984,#7985)),.UNSPECIFIED.,.F.,.F.,.F.,(4,1,4),(2,
2),(0.,0.0404319231944072,0.0804540381641051),(-0.075,0.),.UNSPECIFIED.);
#104=B_SPLINE_SURFACE_WITH_KNOTS('',3,1,((#7993,#7994),(#7995,#7996),(#7997,
#7998),(#7999,#8000),(#8001,#8002)),.UNSPECIFIED.,.F.,.F.,.F.,(4,1,4),(2,
2),(0.,0.0371532853555034,0.0766843100002633),(-0.075,0.),.UNSPECIFIED.);
#105=B_SPLINE_SURFACE_WITH_KNOTS('',3,1,((#8010,#8011),(#8012,#8013),(#8014,
#8015),(#8016,#8017),(#8018,#8019)),.UNSPECIFIED.,.F.,.F.,.F.,(4,1,4),(2,
2),(0.,0.0735282566313268,0.127478435299357),(-0.075,0.),.UNSPECIFIED.);
#106=B_SPLINE_SURFACE_WITH_KNOTS('',3,1,((#8027,#8028),(#8029,#8030),(#8031,
#8032),(#8033,#8034),(#8035,#8036)),.UNSPECIFIED.,.F.,.F.,.F.,(4,1,4),(2,
2),(0.,0.0536539949404714,0.12722802646099),(-0.075,0.),.UNSPECIFIED.);
#107=B_SPLINE_SURFACE_WITH_KNOTS('',3,1,((#8044,#8045),(#8046,#8047),(#8048,
#8049),(#8050,#8051),(#8052,#8053)),.UNSPECIFIED.,.F.,.F.,.F.,(4,1,4),(2,
2),(0.,0.0396011862263178,0.077065405838857),(-0.075,0.),.UNSPECIFIED.);
#108=B_SPLINE_SURFACE_WITH_KNOTS('',3,1,((#8061,#8062),(#8063,#8064),(#8065,
#8066),(#8067,#8068),(#8069,#8070)),.UNSPECIFIED.,.F.,.F.,.F.,(4,1,4),(2,
2),(0.,0.0371532853555034,0.0766842515294879),(-0.075,0.),.UNSPECIFIED.);
#109=B_SPLINE_SURFACE_WITH_KNOTS('',3,1,((#8076,#8077),(#8078,#8079),(#8080,
#8081),(#8082,#8083),(#8084,#8085)),.UNSPECIFIED.,.F.,.F.,.F.,(4,1,4),(2,
2),(0.,0.0175359039410527,0.0299114932180422),(-0.075,0.),.UNSPECIFIED.);
#110=B_SPLINE_SURFACE_WITH_KNOTS('',3,1,((#8095,#8096),(#8097,#8098),(#8099,
#8100),(#8101,#8102),(#8103,#8104)),.UNSPECIFIED.,.F.,.F.,.F.,(4,1,4),(2,
2),(0.,0.0445543043886178,0.072847022252089),(-0.075,0.),.UNSPECIFIED.);
#111=B_SPLINE_SURFACE_WITH_KNOTS('',3,1,((#8112,#8113),(#8114,#8115),(#8116,
#8117),(#8118,#8119),(#8120,#8121)),.UNSPECIFIED.,.F.,.F.,.F.,(4,1,4),(2,
2),(0.,0.0301057695832232,0.0752529258614944),(-0.075,0.),.UNSPECIFIED.);
#112=B_SPLINE_SURFACE_WITH_KNOTS('',3,1,((#8129,#8130),(#8131,#8132),(#8133,
#8134),(#8135,#8136),(#8137,#8138)),.UNSPECIFIED.,.F.,.F.,.F.,(4,1,4),(2,
2),(0.,0.0117896168501493,0.0273219707271186),(-0.075,0.),.UNSPECIFIED.);
#113=B_SPLINE_SURFACE_WITH_KNOTS('',3,1,((#8146,#8147),(#8148,#8149),(#8150,
#8151),(#8152,#8153),(#8154,#8155)),.UNSPECIFIED.,.F.,.F.,.F.,(4,1,4),(2,
2),(0.,0.0100128192786257,0.0200832469912475),(-0.075,0.),.UNSPECIFIED.);
#114=B_SPLINE_SURFACE_WITH_KNOTS('',3,1,((#8163,#8164),(#8165,#8166),(#8167,
#8168),(#8169,#8170),(#8171,#8172)),.UNSPECIFIED.,.F.,.F.,.F.,(4,1,4),(2,
2),(0.,0.00996579189538203,0.0199491423350932),(-0.075,0.),
 .UNSPECIFIED.);
#115=B_SPLINE_SURFACE_WITH_KNOTS('',3,1,((#8180,#8181),(#8182,#8183),(#8184,
#8185),(#8186,#8187),(#8188,#8189)),.UNSPECIFIED.,.F.,.F.,.F.,(4,1,4),(2,
2),(0.,0.017511871065151,0.0298260129287106),(-0.075,0.),.UNSPECIFIED.);
#116=B_SPLINE_SURFACE_WITH_KNOTS('',3,1,((#8197,#8198),(#8199,#8200),(#8201,
#8202),(#8203,#8204),(#8205,#8206)),.UNSPECIFIED.,.F.,.F.,.F.,(4,1,4),(2,
2),(0.,0.0445543043886178,0.072847022252089),(-0.075,0.),.UNSPECIFIED.);
#117=B_SPLINE_SURFACE_WITH_KNOTS('',3,1,((#8214,#8215),(#8216,#8217),(#8218,
#8219),(#8220,#8221),(#8222,#8223)),.UNSPECIFIED.,.F.,.F.,.F.,(4,1,4),(2,
2),(0.,0.0302575292050722,0.0754558284651061),(-0.075,0.),.UNSPECIFIED.);
#118=B_SPLINE_SURFACE_WITH_KNOTS('',3,1,((#8231,#8232),(#8233,#8234),(#8235,
#8236),(#8237,#8238),(#8239,#8240)),.UNSPECIFIED.,.F.,.F.,.F.,(4,1,4),(2,
2),(0.,0.0117896102223149,0.0273219536941576),(-0.075,0.),.UNSPECIFIED.);
#119=B_SPLINE_SURFACE_WITH_KNOTS('',3,1,((#8248,#8249),(#8250,#8251),(#8252,
#8253),(#8254,#8255),(#8256,#8257)),.UNSPECIFIED.,.F.,.F.,.F.,(4,1,4),(2,
2),(0.,0.0100128217530382,0.0200832420848399),(-0.075,0.),.UNSPECIFIED.);
#120=B_SPLINE_SURFACE_WITH_KNOTS('',3,1,((#8265,#8266),(#8267,#8268),(#8269,
#8270),(#8271,#8272),(#8273,#8274)),.UNSPECIFIED.,.F.,.F.,.F.,(4,1,4),(2,
2),(0.,0.0100038525856688,0.0199914598585858),(-0.075,0.),.UNSPECIFIED.);
#121=B_SPLINE_SURFACE_WITH_KNOTS('',3,1,((#8316,#8317),(#8318,#8319),(#8320,
#8321),(#8322,#8323),(#8324,#8325)),.UNSPECIFIED.,.F.,.F.,.F.,(4,1,4),(2,
2),(0.,0.0314906131115868,0.0607472735525927),(-0.075,0.),.UNSPECIFIED.);
#122=B_SPLINE_SURFACE_WITH_KNOTS('',3,1,((#8333,#8334),(#8335,#8336),(#8337,
#8338),(#8339,#8340),(#8341,#8342)),.UNSPECIFIED.,.F.,.F.,.F.,(4,1,4),(2,
2),(0.,0.0257914140358348,0.0565261737195298),(-0.075,0.),.UNSPECIFIED.);
#123=B_SPLINE_SURFACE_WITH_KNOTS('',3,1,((#8354,#8355),(#8356,#8357),(#8358,
#8359),(#8360,#8361),(#8362,#8363)),.UNSPECIFIED.,.F.,.F.,.F.,(4,1,4),(2,
2),(0.,0.0428411609249442,0.0866465298383252),(-0.075,0.),.UNSPECIFIED.);
#124=B_SPLINE_SURFACE_WITH_KNOTS('',3,1,((#8575,#8576),(#8577,#8578),(#8579,
#8580),(#8581,#8582),(#8583,#8584)),.UNSPECIFIED.,.F.,.F.,.F.,(4,1,4),(2,
2),(0.,0.0732228259811439,0.127079686988209),(-0.075,0.),.UNSPECIFIED.);
#125=B_SPLINE_SURFACE_WITH_KNOTS('',3,1,((#8594,#8595),(#8596,#8597),(#8598,
#8599),(#8600,#8601),(#8602,#8603)),.UNSPECIFIED.,.F.,.F.,.F.,(4,1,4),(2,
2),(0.,0.0509696814517264,0.124459773886898),(-0.075,0.),.UNSPECIFIED.);
#126=B_SPLINE_SURFACE_WITH_KNOTS('',3,1,((#8611,#8612),(#8613,#8614),(#8615,
#8616),(#8617,#8618),(#8619,#8620)),.UNSPECIFIED.,.F.,.F.,.F.,(4,1,4),(2,
2),(0.,0.0404319231944072,0.0804540381641051),(-0.075,0.),.UNSPECIFIED.);
#127=B_SPLINE_SURFACE_WITH_KNOTS('',3,1,((#8628,#8629),(#8630,#8631),(#8632,
#8633),(#8634,#8635),(#8636,#8637)),.UNSPECIFIED.,.F.,.F.,.F.,(4,1,4),(2,
2),(0.,0.0371532853555034,0.0766842807648752),(-0.075,0.),.UNSPECIFIED.);
#128=B_SPLINE_SURFACE_WITH_KNOTS('',3,1,((#8645,#8646),(#8647,#8648),(#8649,
#8650),(#8651,#8652),(#8653,#8654)),.UNSPECIFIED.,.F.,.F.,.F.,(4,1,4),(2,
2),(0.,0.073528250659384,0.127478453744743),(-0.075,0.),.UNSPECIFIED.);
#129=B_SPLINE_SURFACE_WITH_KNOTS('',3,1,((#8662,#8663),(#8664,#8665),(#8666,
#8667),(#8668,#8669),(#8670,#8671)),.UNSPECIFIED.,.F.,.F.,.F.,(4,1,4),(2,
2),(0.,0.0536539827496514,0.12722801427017),(-0.075,0.),.UNSPECIFIED.);
#130=B_SPLINE_SURFACE_WITH_KNOTS('',3,1,((#8679,#8680),(#8681,#8682),(#8683,
#8684),(#8685,#8686),(#8687,#8688)),.UNSPECIFIED.,.F.,.F.,.F.,(4,1,4),(2,
2),(0.,0.0396011570042172,0.0770653999360255),(-0.075,0.),.UNSPECIFIED.);
#131=B_SPLINE_SURFACE_WITH_KNOTS('',3,1,((#8696,#8697),(#8698,#8699),(#8700,
#8701),(#8702,#8703),(#8704,#8705)),.UNSPECIFIED.,.F.,.F.,.F.,(4,1,4),(2,
2),(0.,0.0371532853555034,0.0766842807648752),(-0.075,0.),.UNSPECIFIED.);
#132=B_SPLINE_SURFACE_WITH_KNOTS('',3,1,((#8711,#8712),(#8713,#8714),(#8715,
#8716),(#8717,#8718),(#8719,#8720)),.UNSPECIFIED.,.F.,.F.,.F.,(4,1,4),(2,
2),(0.,0.0175359141572088,0.029911485631739),(-0.075,0.),.UNSPECIFIED.);
#133=B_SPLINE_SURFACE_WITH_KNOTS('',3,1,((#8730,#8731),(#8732,#8733),(#8734,
#8735),(#8736,#8737),(#8738,#8739)),.UNSPECIFIED.,.F.,.F.,.F.,(4,1,4),(2,
2),(0.,0.0445543043886178,0.072847022252089),(-0.075,0.),.UNSPECIFIED.);
#134=B_SPLINE_SURFACE_WITH_KNOTS('',3,1,((#8747,#8748),(#8749,#8750),(#8751,
#8752),(#8753,#8754),(#8755,#8756)),.UNSPECIFIED.,.F.,.F.,.F.,(4,1,4),(2,
2),(0.,0.0301057651771829,0.0752529224348234),(-0.075,0.),.UNSPECIFIED.);
#135=B_SPLINE_SURFACE_WITH_KNOTS('',3,1,((#8764,#8765),(#8766,#8767),(#8768,
#8769),(#8770,#8771),(#8772,#8773)),.UNSPECIFIED.,.F.,.F.,.F.,(4,1,4),(2,
2),(0.,0.0117895984862045,0.0273219523631738),(-0.075,0.),.UNSPECIFIED.);
#136=B_SPLINE_SURFACE_WITH_KNOTS('',3,1,((#8781,#8782),(#8783,#8784),(#8785,
#8786),(#8787,#8788),(#8789,#8790)),.UNSPECIFIED.,.F.,.F.,.F.,(4,1,4),(2,
2),(0.,0.0100128192786257,0.0200832469912475),(-0.075,0.),.UNSPECIFIED.);
#137=B_SPLINE_SURFACE_WITH_KNOTS('',3,1,((#8798,#8799),(#8800,#8801),(#8802,
#8803),(#8804,#8805),(#8806,#8807)),.UNSPECIFIED.,.F.,.F.,.F.,(4,1,4),(2,
2),(0.,0.00996579189538203,0.0199491717339869),(-0.075,0.),
 .UNSPECIFIED.);
#138=B_SPLINE_SURFACE_WITH_KNOTS('',3,1,((#8815,#8816),(#8817,#8818),(#8819,
#8820),(#8821,#8822),(#8823,#8824)),.UNSPECIFIED.,.F.,.F.,.F.,(4,1,4),(2,
2),(0.,0.0175118812953275,0.0298259873763463),(-0.075,0.),.UNSPECIFIED.);
#139=B_SPLINE_SURFACE_WITH_KNOTS('',3,1,((#8832,#8833),(#8834,#8835),(#8836,
#8837),(#8838,#8839),(#8840,#8841)),.UNSPECIFIED.,.F.,.F.,.F.,(4,1,4),(2,
2),(0.,0.0445543043886178,0.072847022252089),(-0.075,0.),.UNSPECIFIED.);
#140=B_SPLINE_SURFACE_WITH_KNOTS('',3,1,((#8849,#8850),(#8851,#8852),(#8853,
#8854),(#8855,#8856),(#8857,#8858)),.UNSPECIFIED.,.F.,.F.,.F.,(4,1,4),(2,
2),(0.,0.0302575248211308,0.0754558240811647),(-0.075,0.),.UNSPECIFIED.);
#141=B_SPLINE_SURFACE_WITH_KNOTS('',3,1,((#8866,#8867),(#8868,#8869),(#8870,
#8871),(#8872,#8873),(#8874,#8875)),.UNSPECIFIED.,.F.,.F.,.F.,(4,1,4),(2,
2),(0.,0.0117896285862414,0.0273219720580841),(-0.075,0.),.UNSPECIFIED.);
#142=B_SPLINE_SURFACE_WITH_KNOTS('',3,1,((#8883,#8884),(#8885,#8886),(#8887,
#8888),(#8889,#8890),(#8891,#8892)),.UNSPECIFIED.,.F.,.F.,.F.,(4,1,4),(2,
2),(0.,0.0100128217530382,0.0200832420848399),(-0.075,0.),.UNSPECIFIED.);
#143=B_SPLINE_SURFACE_WITH_KNOTS('',3,1,((#8900,#8901),(#8902,#8903),(#8904,
#8905),(#8906,#8907),(#8908,#8909)),.UNSPECIFIED.,.F.,.F.,.F.,(4,1,4),(2,
2),(0.,0.0100038267523049,0.0199914340252219),(-0.075,0.),.UNSPECIFIED.);
#144=B_SPLINE_CURVE_WITH_KNOTS('',3,(#5887,#5888,#5889,#5890,#5891),
 .UNSPECIFIED.,.F.,.F.,(4,1,4),(0.,0.0732228259811439,0.127079686988209),
 .UNSPECIFIED.);
#145=B_SPLINE_CURVE_WITH_KNOTS('',3,(#5893,#5894,#5895,#5896,#5897),
 .UNSPECIFIED.,.F.,.F.,(4,1,4),(0.,0.0509696814517264,0.124459773886898),
 .UNSPECIFIED.);
#146=B_SPLINE_CURVE_WITH_KNOTS('',3,(#5899,#5900,#5901,#5902,#5903),
 .UNSPECIFIED.,.F.,.F.,(4,1,4),(0.,0.0404319231944072,0.0804540381641051),
 .UNSPECIFIED.);
#147=B_SPLINE_CURVE_WITH_KNOTS('',3,(#5905,#5906,#5907,#5908,#5909),
 .UNSPECIFIED.,.F.,.F.,(4,1,4),(0.,0.0371532619641763,0.0766842866089362),
 .UNSPECIFIED.);
#148=B_SPLINE_CURVE_WITH_KNOTS('',3,(#5911,#5912,#5913,#5914,#5915),
 .UNSPECIFIED.,.F.,.F.,(4,1,4),(0.,0.0735282536453494,0.127478444522037),
 .UNSPECIFIED.);
#149=B_SPLINE_CURVE_WITH_KNOTS('',3,(#5917,#5918,#5919,#5920,#5921),
 .UNSPECIFIED.,.F.,.F.,(4,1,4),(0.,0.0536539827496514,0.12722801427017),
 .UNSPECIFIED.);
#150=B_SPLINE_CURVE_WITH_KNOTS('',3,(#5923,#5924,#5925,#5926,#5927),
 .UNSPECIFIED.,.F.,.F.,(4,1,4),(0.,0.0396011570042172,0.0770653999360255),
 .UNSPECIFIED.);
#151=B_SPLINE_CURVE_WITH_KNOTS('',3,(#5928,#5929,#5930,#5931,#5932),
 .UNSPECIFIED.,.F.,.F.,(4,1,4),(0.,0.0371533087468396,0.0766842749208241),
 .UNSPECIFIED.);
#152=B_SPLINE_CURVE_WITH_KNOTS('',3,(#5935,#5936,#5937,#5938,#5939),
 .UNSPECIFIED.,.F.,.F.,(4,1,4),(0.,0.0175359039410527,0.0299114932180422),
 .UNSPECIFIED.);
#153=B_SPLINE_CURVE_WITH_KNOTS('',3,(#5941,#5942,#5943,#5944,#5945),
 .UNSPECIFIED.,.F.,.F.,(4,1,4),(0.,0.044554305278355,0.072847018938452),
 .UNSPECIFIED.);
#154=B_SPLINE_CURVE_WITH_KNOTS('',3,(#5947,#5948,#5949,#5950,#5951),
 .UNSPECIFIED.,.F.,.F.,(4,1,4),(0.,0.0301057695832232,0.0752529258614944),
 .UNSPECIFIED.);
#155=B_SPLINE_CURVE_WITH_KNOTS('',3,(#5953,#5954,#5955,#5956,#5957),
 .UNSPECIFIED.,.F.,.F.,(4,1,4),(0.,0.0117895984862045,0.0273219523631738),
 .UNSPECIFIED.);
#156=B_SPLINE_CURVE_WITH_KNOTS('',3,(#5959,#5960,#5961,#5962,#5963),
 .UNSPECIFIED.,.F.,.F.,(4,1,4),(0.,0.0100128192786257,0.0200832469912475),
 .UNSPECIFIED.);
#157=B_SPLINE_CURVE_WITH_KNOTS('',3,(#5965,#5966,#5967,#5968,#5969),
 .UNSPECIFIED.,.F.,.F.,(4,1,4),(0.,0.00996579189538203,0.0199491717339869),
 .UNSPECIFIED.);
#158=B_SPLINE_CURVE_WITH_KNOTS('',3,(#5971,#5972,#5973,#5974,#5975),
 .UNSPECIFIED.,.F.,.F.,(4,1,4),(0.,0.017511871065151,0.0298259950374172),
 .UNSPECIFIED.);
#159=B_SPLINE_CURVE_WITH_KNOTS('',3,(#5977,#5978,#5979,#5980,#5981),
 .UNSPECIFIED.,.F.,.F.,(4,1,4),(0.,0.0445543043886178,0.072847022252089),
 .UNSPECIFIED.);
#160=B_SPLINE_CURVE_WITH_KNOTS('',3,(#5983,#5984,#5985,#5986,#5987),
 .UNSPECIFIED.,.F.,.F.,(4,1,4),(0.,0.0302575248211308,0.0754558240811647),
 .UNSPECIFIED.);
#161=B_SPLINE_CURVE_WITH_KNOTS('',3,(#5989,#5990,#5991,#5992,#5993),
 .UNSPECIFIED.,.F.,.F.,(4,1,4),(0.,0.0117896285862414,0.0273219720580841),
 .UNSPECIFIED.);
#162=B_SPLINE_CURVE_WITH_KNOTS('',3,(#5995,#5996,#5997,#5998,#5999),
 .UNSPECIFIED.,.F.,.F.,(4,1,4),(0.,0.0100128217530382,0.0200832420848399),
 .UNSPECIFIED.);
#163=B_SPLINE_CURVE_WITH_KNOTS('',3,(#6000,#6001,#6002,#6003,#6004),
 .UNSPECIFIED.,.F.,.F.,(4,1,4),(0.,0.0100038267523049,0.0199914340252219),
 .UNSPECIFIED.);
#164=B_SPLINE_CURVE_WITH_KNOTS('',3,(#6018,#6019,#6020,#6021,#6022),
 .UNSPECIFIED.,.F.,.F.,(4,1,4),(0.,0.0732228259811439,0.127079686988209),
 .UNSPECIFIED.);
#165=B_SPLINE_CURVE_WITH_KNOTS('',3,(#6035,#6036,#6037,#6038,#6039),
 .UNSPECIFIED.,.F.,.F.,(4,1,4),(0.,0.0509696814517264,0.124459773886898),
 .UNSPECIFIED.);
#166=B_SPLINE_CURVE_WITH_KNOTS('',3,(#6052,#6053,#6054,#6055,#6056),
 .UNSPECIFIED.,.F.,.F.,(4,1,4),(0.,0.0404319231944072,0.0804540381641051),
 .UNSPECIFIED.);
#167=B_SPLINE_CURVE_WITH_KNOTS('',3,(#6069,#6070,#6071,#6072,#6073),
 .UNSPECIFIED.,.F.,.F.,(4,1,4),(0.,0.0371532619641763,0.0766842866089362),
 .UNSPECIFIED.);
#168=B_SPLINE_CURVE_WITH_KNOTS('',3,(#6086,#6087,#6088,#6089,#6090),
 .UNSPECIFIED.,.F.,.F.,(4,1,4),(0.,0.0735282536453494,0.127478444522037),
 .UNSPECIFIED.);
#169=B_SPLINE_CURVE_WITH_KNOTS('',3,(#6103,#6104,#6105,#6106,#6107),
 .UNSPECIFIED.,.F.,.F.,(4,1,4),(0.,0.0536539827496514,0.12722801427017),
 .UNSPECIFIED.);
#170=B_SPLINE_CURVE_WITH_KNOTS('',3,(#6120,#6121,#6122,#6123,#6124),
 .UNSPECIFIED.,.F.,.F.,(4,1,4),(0.,0.0396011570042172,0.0770653999360255),
 .UNSPECIFIED.);
#171=B_SPLINE_CURVE_WITH_KNOTS('',3,(#6136,#6137,#6138,#6139,#6140),
 .UNSPECIFIED.,.F.,.F.,(4,1,4),(0.,0.0371533087468396,0.0766842749208241),
 .UNSPECIFIED.);
#172=B_SPLINE_CURVE_WITH_KNOTS('',3,(#6154,#6155,#6156,#6157,#6158),
 .UNSPECIFIED.,.F.,.F.,(4,1,4),(0.,0.0175359039410527,0.0299114932180422),
 .UNSPECIFIED.);
#173=B_SPLINE_CURVE_WITH_KNOTS('',3,(#6171,#6172,#6173,#6174,#6175),
 .UNSPECIFIED.,.F.,.F.,(4,1,4),(0.,0.044554305278355,0.072847018938452),
 .UNSPECIFIED.);
#174=B_SPLINE_CURVE_WITH_KNOTS('',3,(#6188,#6189,#6190,#6191,#6192),
 .UNSPECIFIED.,.F.,.F.,(4,1,4),(0.,0.0301057695832232,0.0752529258614944),
 .UNSPECIFIED.);
#175=B_SPLINE_CURVE_WITH_KNOTS('',3,(#6205,#6206,#6207,#6208,#6209),
 .UNSPECIFIED.,.F.,.F.,(4,1,4),(0.,0.0117895984862045,0.0273219523631738),
 .UNSPECIFIED.);
#176=B_SPLINE_CURVE_WITH_KNOTS('',3,(#6222,#6223,#6224,#6225,#6226),
 .UNSPECIFIED.,.F.,.F.,(4,1,4),(0.,0.0100128192786257,0.0200832469912475),
 .UNSPECIFIED.);
#177=B_SPLINE_CURVE_WITH_KNOTS('',3,(#6239,#6240,#6241,#6242,#6243),
 .UNSPECIFIED.,.F.,.F.,(4,1,4),(0.,0.00996579189538203,0.0199491717339869),
 .UNSPECIFIED.);
#178=B_SPLINE_CURVE_WITH_KNOTS('',3,(#6256,#6257,#6258,#6259,#6260),
 .UNSPECIFIED.,.F.,.F.,(4,1,4),(0.,0.017511871065151,0.0298259950374172),
 .UNSPECIFIED.);
#179=B_SPLINE_CURVE_WITH_KNOTS('',3,(#6273,#6274,#6275,#6276,#6277),
 .UNSPECIFIED.,.F.,.F.,(4,1,4),(0.,0.0445543043886178,0.072847022252089),
 .UNSPECIFIED.);
#180=B_SPLINE_CURVE_WITH_KNOTS('',3,(#6290,#6291,#6292,#6293,#6294),
 .UNSPECIFIED.,.F.,.F.,(4,1,4),(0.,0.0302575248211308,0.0754558240811647),
 .UNSPECIFIED.);
#181=B_SPLINE_CURVE_WITH_KNOTS('',3,(#6307,#6308,#6309,#6310,#6311),
 .UNSPECIFIED.,.F.,.F.,(4,1,4),(0.,0.0117896285862414,0.0273219720580841),
 .UNSPECIFIED.);
#182=B_SPLINE_CURVE_WITH_KNOTS('',3,(#6324,#6325,#6326,#6327,#6328),
 .UNSPECIFIED.,.F.,.F.,(4,1,4),(0.,0.0100128217530382,0.0200832420848399),
 .UNSPECIFIED.);
#183=B_SPLINE_CURVE_WITH_KNOTS('',3,(#6340,#6341,#6342,#6343,#6344),
 .UNSPECIFIED.,.F.,.F.,(4,1,4),(0.,0.0100038267523049,0.0199914340252219),
 .UNSPECIFIED.);
#184=B_SPLINE_CURVE_WITH_KNOTS('',3,(#6350,#6351,#6352,#6353,#6354),
 .UNSPECIFIED.,.F.,.F.,(4,1,4),(0.,0.0377020457550258,0.0727176497911652),
 .UNSPECIFIED.);
#185=B_SPLINE_CURVE_WITH_KNOTS('',3,(#6356,#6357,#6358,#6359,#6360),
 .UNSPECIFIED.,.F.,.F.,(4,1,4),(0.,0.0385280739179382,0.0785810975486951),
 .UNSPECIFIED.);
#186=B_SPLINE_CURVE_WITH_KNOTS('',3,(#6362,#6363,#6364,#6365,#6366),
 .UNSPECIFIED.,.F.,.F.,(4,1,4),(0.,0.0372836094152331,0.0748826064817393),
 .UNSPECIFIED.);
#187=B_SPLINE_CURVE_WITH_KNOTS('',3,(#6368,#6369,#6370,#6371,#6372),
 .UNSPECIFIED.,.F.,.F.,(4,1,4),(0.,0.0241875707301978,0.0497033265157684),
 .UNSPECIFIED.);
#188=B_SPLINE_CURVE_WITH_KNOTS('',3,(#6374,#6375,#6376,#6377,#6378),
 .UNSPECIFIED.,.F.,.F.,(4,1,4),(0.,0.0248683682367464,0.0488500423757065),
 .UNSPECIFIED.);
#189=B_SPLINE_CURVE_WITH_KNOTS('',3,(#6380,#6381,#6382,#6383,#6384),
 .UNSPECIFIED.,.F.,.F.,(4,1,4),(0.,0.0371094884513984,0.0796099546061874),
 .UNSPECIFIED.);
#190=B_SPLINE_CURVE_WITH_KNOTS('',3,(#6386,#6387,#6388,#6389,#6390),
 .UNSPECIFIED.,.F.,.F.,(4,1,4),(0.,0.0283500452302256,0.0552691913222614),
 .UNSPECIFIED.);
#191=B_SPLINE_CURVE_WITH_KNOTS('',3,(#6392,#6393,#6394,#6395,#6396),
 .UNSPECIFIED.,.F.,.F.,(4,1,4),(0.,0.038757915213002,0.074771534490029),
 .UNSPECIFIED.);
#192=B_SPLINE_CURVE_WITH_KNOTS('',3,(#6398,#6399,#6400,#6401,#6402),
 .UNSPECIFIED.,.F.,.F.,(4,1,4),(0.,0.0222773295211632,0.0459510530525827),
 .UNSPECIFIED.);
#193=B_SPLINE_CURVE_WITH_KNOTS('',3,(#6404,#6405,#6406,#6407,#6408),
 .UNSPECIFIED.,.F.,.F.,(4,1,4),(0.,0.019733096427027,0.0406438660628708),
 .UNSPECIFIED.);
#194=B_SPLINE_CURVE_WITH_KNOTS('',3,(#6410,#6411,#6412,#6413,#6414),
 .UNSPECIFIED.,.F.,.F.,(4,1,4),(0.,0.025442464459864,0.046801368245815),
 .UNSPECIFIED.);
#195=B_SPLINE_CURVE_WITH_KNOTS('',3,(#6418,#6419,#6420,#6421,#6422),
 .UNSPECIFIED.,.F.,.F.,(4,1,4),(0.,0.0151256062496956,0.032943551316323),
 .UNSPECIFIED.);
#196=B_SPLINE_CURVE_WITH_KNOTS('',3,(#6424,#6425,#6426,#6427,#6428),
 .UNSPECIFIED.,.F.,.F.,(4,1,4),(0.,0.0138970557121793,0.0277314640203813),
 .UNSPECIFIED.);
#197=B_SPLINE_CURVE_WITH_KNOTS('',3,(#6430,#6431,#6432,#6433,#6434),
 .UNSPECIFIED.,.F.,.F.,(4,1,4),(0.,0.0124738275292815,0.0261158013171649),
 .UNSPECIFIED.);
#198=B_SPLINE_CURVE_WITH_KNOTS('',3,(#6436,#6437,#6438,#6439,#6440),
 .UNSPECIFIED.,.F.,.F.,(4,1,4),(0.,0.0137933898147973,0.0263102460752183),
 .UNSPECIFIED.);
#199=B_SPLINE_CURVE_WITH_KNOTS('',3,(#6442,#6443,#6444,#6445,#6446),
 .UNSPECIFIED.,.F.,.F.,(4,1,4),(0.,0.0155326817552763,0.0318623024140668),
 .UNSPECIFIED.);
#200=B_SPLINE_CURVE_WITH_KNOTS('',3,(#6448,#6449,#6450,#6451,#6452),
 .UNSPECIFIED.,.F.,.F.,(4,1,4),(0.,0.0206862231275114,0.0376775491842176),
 .UNSPECIFIED.);
#201=B_SPLINE_CURVE_WITH_KNOTS('',3,(#6456,#6457,#6458,#6459,#6460),
 .UNSPECIFIED.,.F.,.F.,(4,1,4),(0.,0.012172340517435,0.0268052502318579),
 .UNSPECIFIED.);
#202=B_SPLINE_CURVE_WITH_KNOTS('',3,(#6462,#6463,#6464,#6465,#6466),
 .UNSPECIFIED.,.F.,.F.,(4,1,4),(0.,0.0160648406820059,0.0318873872614652),
 .UNSPECIFIED.);
#203=B_SPLINE_CURVE_WITH_KNOTS('',3,(#6468,#6469,#6470,#6471,#6472),
 .UNSPECIFIED.,.F.,.F.,(4,1,4),(0.,0.0196581416827847,0.0369698708870658),
 .UNSPECIFIED.);
#204=B_SPLINE_CURVE_WITH_KNOTS('',3,(#6474,#6475,#6476,#6477,#6478),
 .UNSPECIFIED.,.F.,.F.,(4,1,4),(0.,0.0183006945463414,0.039090912276456),
 .UNSPECIFIED.);
#205=B_SPLINE_CURVE_WITH_KNOTS('',3,(#6480,#6481,#6482,#6483,#6484),
 .UNSPECIFIED.,.F.,.F.,(4,1,4),(0.,0.0167407046930517,0.0336848418126215),
 .UNSPECIFIED.);
#206=B_SPLINE_CURVE_WITH_KNOTS('',3,(#6486,#6487,#6488,#6489,#6490),
 .UNSPECIFIED.,.F.,.F.,(4,1,4),(0.,0.015409931064678,0.0310136155643106),
 .UNSPECIFIED.);
#207=B_SPLINE_CURVE_WITH_KNOTS('',3,(#6492,#6493,#6494,#6495,#6496),
 .UNSPECIFIED.,.F.,.F.,(4,1,4),(0.,0.0194073072949506,0.0360807104509676),
 .UNSPECIFIED.);
#208=B_SPLINE_CURVE_WITH_KNOTS('',3,(#6499,#6500,#6501,#6502,#6503),
 .UNSPECIFIED.,.F.,.F.,(4,1,4),(0.,0.034345912930786,0.0700062656075063),
 .UNSPECIFIED.);
#209=B_SPLINE_CURVE_WITH_KNOTS('',3,(#6517,#6518,#6519,#6520,#6521),
 .UNSPECIFIED.,.F.,.F.,(4,1,4),(0.,0.0377020457550258,0.0727176497911652),
 .UNSPECIFIED.);
#210=B_SPLINE_CURVE_WITH_KNOTS('',3,(#6534,#6535,#6536,#6537,#6538),
 .UNSPECIFIED.,.F.,.F.,(4,1,4),(0.,0.0385280739179382,0.0785810975486951),
 .UNSPECIFIED.);
#211=B_SPLINE_CURVE_WITH_KNOTS('',3,(#6551,#6552,#6553,#6554,#6555),
 .UNSPECIFIED.,.F.,.F.,(4,1,4),(0.,0.0372836094152331,0.0748826064817393),
 .UNSPECIFIED.);
#212=B_SPLINE_CURVE_WITH_KNOTS('',3,(#6568,#6569,#6570,#6571,#6572),
 .UNSPECIFIED.,.F.,.F.,(4,1,4),(0.,0.0241875707301978,0.0497033265157684),
 .UNSPECIFIED.);
#213=B_SPLINE_CURVE_WITH_KNOTS('',3,(#6585,#6586,#6587,#6588,#6589),
 .UNSPECIFIED.,.F.,.F.,(4,1,4),(0.,0.0248683682367464,0.0488500423757065),
 .UNSPECIFIED.);
#214=B_SPLINE_CURVE_WITH_KNOTS('',3,(#6602,#6603,#6604,#6605,#6606),
 .UNSPECIFIED.,.F.,.F.,(4,1,4),(0.,0.0371094884513984,0.0796099546061874),
 .UNSPECIFIED.);
#215=B_SPLINE_CURVE_WITH_KNOTS('',3,(#6619,#6620,#6621,#6622,#6623),
 .UNSPECIFIED.,.F.,.F.,(4,1,4),(0.,0.0283500452302256,0.0552691913222614),
 .UNSPECIFIED.);
#216=B_SPLINE_CURVE_WITH_KNOTS('',3,(#6636,#6637,#6638,#6639,#6640),
 .UNSPECIFIED.,.F.,.F.,(4,1,4),(0.,0.038757915213002,0.074771534490029),
 .UNSPECIFIED.);
#217=B_SPLINE_CURVE_WITH_KNOTS('',3,(#6653,#6654,#6655,#6656,#6657),
 .UNSPECIFIED.,.F.,.F.,(4,1,4),(0.,0.0222773295211632,0.0459510530525827),
 .UNSPECIFIED.);
#218=B_SPLINE_CURVE_WITH_KNOTS('',3,(#6670,#6671,#6672,#6673,#6674),
 .UNSPECIFIED.,.F.,.F.,(4,1,4),(0.,0.019733096427027,0.0406438660628708),
 .UNSPECIFIED.);
#219=B_SPLINE_CURVE_WITH_KNOTS('',3,(#6687,#6688,#6689,#6690,#6691),
 .UNSPECIFIED.,.F.,.F.,(4,1,4),(0.,0.025442464459864,0.046801368245815),
 .UNSPECIFIED.);
#220=B_SPLINE_CURVE_WITH_KNOTS('',3,(#6708,#6709,#6710,#6711,#6712),
 .UNSPECIFIED.,.F.,.F.,(4,1,4),(0.,0.0151256062496956,0.032943551316323),
 .UNSPECIFIED.);
#221=B_SPLINE_CURVE_WITH_KNOTS('',3,(#6725,#6726,#6727,#6728,#6729),
 .UNSPECIFIED.,.F.,.F.,(4,1,4),(0.,0.0138970557121793,0.0277314640203813),
 .UNSPECIFIED.);
#222=B_SPLINE_CURVE_WITH_KNOTS('',3,(#6742,#6743,#6744,#6745,#6746),
 .UNSPECIFIED.,.F.,.F.,(4,1,4),(0.,0.0124738275292815,0.0261158013171649),
 .UNSPECIFIED.);
#223=B_SPLINE_CURVE_WITH_KNOTS('',3,(#6759,#6760,#6761,#6762,#6763),
 .UNSPECIFIED.,.F.,.F.,(4,1,4),(0.,0.0137933898147973,0.0263102460752183),
 .UNSPECIFIED.);
#224=B_SPLINE_CURVE_WITH_KNOTS('',3,(#6776,#6777,#6778,#6779,#6780),
 .UNSPECIFIED.,.F.,.F.,(4,1,4),(0.,0.0155326817552763,0.0318623024140668),
 .UNSPECIFIED.);
#225=B_SPLINE_CURVE_WITH_KNOTS('',3,(#6793,#6794,#6795,#6796,#6797),
 .UNSPECIFIED.,.F.,.F.,(4,1,4),(0.,0.0206862231275114,0.0376775491842176),
 .UNSPECIFIED.);
#226=B_SPLINE_CURVE_WITH_KNOTS('',3,(#6814,#6815,#6816,#6817,#6818),
 .UNSPECIFIED.,.F.,.F.,(4,1,4),(0.,0.012172340517435,0.0268052502318579),
 .UNSPECIFIED.);
#227=B_SPLINE_CURVE_WITH_KNOTS('',3,(#6831,#6832,#6833,#6834,#6835),
 .UNSPECIFIED.,.F.,.F.,(4,1,4),(0.,0.0160648406820059,0.0318873872614652),
 .UNSPECIFIED.);
#228=B_SPLINE_CURVE_WITH_KNOTS('',3,(#6848,#6849,#6850,#6851,#6852),
 .UNSPECIFIED.,.F.,.F.,(4,1,4),(0.,0.0196581416827847,0.0369698708870658),
 .UNSPECIFIED.);
#229=B_SPLINE_CURVE_WITH_KNOTS('',3,(#6865,#6866,#6867,#6868,#6869),
 .UNSPECIFIED.,.F.,.F.,(4,1,4),(0.,0.0183006945463414,0.039090912276456),
 .UNSPECIFIED.);
#230=B_SPLINE_CURVE_WITH_KNOTS('',3,(#6882,#6883,#6884,#6885,#6886),
 .UNSPECIFIED.,.F.,.F.,(4,1,4),(0.,0.0167407046930517,0.0336848418126215),
 .UNSPECIFIED.);
#231=B_SPLINE_CURVE_WITH_KNOTS('',3,(#6899,#6900,#6901,#6902,#6903),
 .UNSPECIFIED.,.F.,.F.,(4,1,4),(0.,0.015409931064678,0.0310136155643106),
 .UNSPECIFIED.);
#232=B_SPLINE_CURVE_WITH_KNOTS('',3,(#6916,#6917,#6918,#6919,#6920),
 .UNSPECIFIED.,.F.,.F.,(4,1,4),(0.,0.0194073072949506,0.0360807104509676),
 .UNSPECIFIED.);
#233=B_SPLINE_CURVE_WITH_KNOTS('',3,(#6936,#6937,#6938,#6939,#6940),
 .UNSPECIFIED.,.F.,.F.,(4,1,4),(0.,0.034345912930786,0.0700062656075063),
 .UNSPECIFIED.);
#234=B_SPLINE_CURVE_WITH_KNOTS('',3,(#6944,#6945,#6946,#6947,#6948),
 .UNSPECIFIED.,.F.,.F.,(4,1,4),(0.,0.0732228259811439,0.1270796808733),
 .UNSPECIFIED.);
#235=B_SPLINE_CURVE_WITH_KNOTS('',3,(#6950,#6951,#6952,#6953,#6954),
 .UNSPECIFIED.,.F.,.F.,(4,1,4),(0.,0.0509696932076859,0.12445978428395),
 .UNSPECIFIED.);
#236=B_SPLINE_CURVE_WITH_KNOTS('',3,(#6956,#6957,#6958,#6959,#6960),
 .UNSPECIFIED.,.F.,.F.,(4,1,4),(0.,0.0404319523439902,0.0804540441895183),
 .UNSPECIFIED.);
#237=B_SPLINE_CURVE_WITH_KNOTS('',3,(#6962,#6963,#6964,#6965,#6966),
 .UNSPECIFIED.,.F.,.F.,(4,1,4),(0.,0.0371532619641763,0.0766842573735481),
 .UNSPECIFIED.);
#238=B_SPLINE_CURVE_WITH_KNOTS('',3,(#6968,#6969,#6970,#6971,#6972),
 .UNSPECIFIED.,.F.,.F.,(4,1,4),(0.,0.0735282566313268,0.127478435299357),
 .UNSPECIFIED.);
#239=B_SPLINE_CURVE_WITH_KNOTS('',3,(#6974,#6975,#6976,#6977,#6978),
 .UNSPECIFIED.,.F.,.F.,(4,1,4),(0.,0.0536539705588452,0.127228002079363),
 .UNSPECIFIED.);
#240=B_SPLINE_CURVE_WITH_KNOTS('',3,(#6980,#6981,#6982,#6983,#6984),
 .UNSPECIFIED.,.F.,.F.,(4,1,4),(0.,0.0396011570042172,0.0770653999360255),
 .UNSPECIFIED.);
#241=B_SPLINE_CURVE_WITH_KNOTS('',3,(#6985,#6986,#6987,#6988,#6989),
 .UNSPECIFIED.,.F.,.F.,(4,1,4),(0.,0.0371533087468396,0.0766843041562114),
 .UNSPECIFIED.);
#242=B_SPLINE_CURVE_WITH_KNOTS('',3,(#6992,#6993,#6994,#6995,#6996),
 .UNSPECIFIED.,.F.,.F.,(4,1,4),(0.,0.0175359039410527,0.0299114932180422),
 .UNSPECIFIED.);
#243=B_SPLINE_CURVE_WITH_KNOTS('',3,(#6998,#6999,#7000,#7001,#7002),
 .UNSPECIFIED.,.F.,.F.,(4,1,4),(0.,0.0445543043886178,0.072847022252089),
 .UNSPECIFIED.);
#244=B_SPLINE_CURVE_WITH_KNOTS('',3,(#7004,#7005,#7006,#7007,#7008),
 .UNSPECIFIED.,.F.,.F.,(4,1,4),(0.,0.0301057695832232,0.0752529258614944),
 .UNSPECIFIED.);
#245=B_SPLINE_CURVE_WITH_KNOTS('',3,(#7010,#7011,#7012,#7013,#7014),
 .UNSPECIFIED.,.F.,.F.,(4,1,4),(0.,0.0117896168501493,0.0273219499169156),
 .UNSPECIFIED.);
#246=B_SPLINE_CURVE_WITH_KNOTS('',3,(#7016,#7017,#7018,#7019,#7020),
 .UNSPECIFIED.,.F.,.F.,(4,1,4),(0.,0.0100128192786257,0.0200832469912475),
 .UNSPECIFIED.);
#247=B_SPLINE_CURVE_WITH_KNOTS('',3,(#7022,#7023,#7024,#7025,#7026),
 .UNSPECIFIED.,.F.,.F.,(4,1,4),(0.,0.00996581782733979,0.0199491976659447),
 .UNSPECIFIED.);
#248=B_SPLINE_CURVE_WITH_KNOTS('',3,(#7028,#7029,#7030,#7031,#7032),
 .UNSPECIFIED.,.F.,.F.,(4,1,4),(0.,0.017511871065151,0.0298259771461698),
 .UNSPECIFIED.);
#249=B_SPLINE_CURVE_WITH_KNOTS('',3,(#7034,#7035,#7036,#7037,#7038),
 .UNSPECIFIED.,.F.,.F.,(4,1,4),(0.,0.0445543043886178,0.072847022252089),
 .UNSPECIFIED.);
#250=B_SPLINE_CURVE_WITH_KNOTS('',3,(#7040,#7041,#7042,#7043,#7044),
 .UNSPECIFIED.,.F.,.F.,(4,1,4),(0.,0.0302575204372181,0.0754558196972519),
 .UNSPECIFIED.);
#251=B_SPLINE_CURVE_WITH_KNOTS('',3,(#7046,#7047,#7048,#7049,#7050),
 .UNSPECIFIED.,.F.,.F.,(4,1,4),(0.,0.0117896285862414,0.0273219824632107),
 .UNSPECIFIED.);
#252=B_SPLINE_CURVE_WITH_KNOTS('',3,(#7052,#7053,#7054,#7055,#7056),
 .UNSPECIFIED.,.F.,.F.,(4,1,4),(0.,0.0100128217530382,0.0200832420848399),
 .UNSPECIFIED.);
#253=B_SPLINE_CURVE_WITH_KNOTS('',3,(#7057,#7058,#7059,#7060,#7061),
 .UNSPECIFIED.,.F.,.F.,(4,1,4),(0.,0.0100038267523049,0.0199914046387718),
 .UNSPECIFIED.);
#254=B_SPLINE_CURVE_WITH_KNOTS('',3,(#7075,#7076,#7077,#7078,#7079),
 .UNSPECIFIED.,.F.,.F.,(4,1,4),(0.,0.0732228259811439,0.1270796808733),
 .UNSPECIFIED.);
#255=B_SPLINE_CURVE_WITH_KNOTS('',3,(#7092,#7093,#7094,#7095,#7096),
 .UNSPECIFIED.,.F.,.F.,(4,1,4),(0.,0.0509696932076859,0.12445978428395),
 .UNSPECIFIED.);
#256=B_SPLINE_CURVE_WITH_KNOTS('',3,(#7109,#7110,#7111,#7112,#7113),
 .UNSPECIFIED.,.F.,.F.,(4,1,4),(0.,0.0404319523439902,0.0804540441895183),
 .UNSPECIFIED.);
#257=B_SPLINE_CURVE_WITH_KNOTS('',3,(#7126,#7127,#7128,#7129,#7130),
 .UNSPECIFIED.,.F.,.F.,(4,1,4),(0.,0.0371532619641763,0.0766842573735481),
 .UNSPECIFIED.);
#258=B_SPLINE_CURVE_WITH_KNOTS('',3,(#7143,#7144,#7145,#7146,#7147),
 .UNSPECIFIED.,.F.,.F.,(4,1,4),(0.,0.0735282566313268,0.127478435299357),
 .UNSPECIFIED.);
#259=B_SPLINE_CURVE_WITH_KNOTS('',3,(#7160,#7161,#7162,#7163,#7164),
 .UNSPECIFIED.,.F.,.F.,(4,1,4),(0.,0.0536539705588452,0.127228002079363),
 .UNSPECIFIED.);
#260=B_SPLINE_CURVE_WITH_KNOTS('',3,(#7177,#7178,#7179,#7180,#7181),
 .UNSPECIFIED.,.F.,.F.,(4,1,4),(0.,0.0396011570042172,0.0770653999360255),
 .UNSPECIFIED.);
#261=B_SPLINE_CURVE_WITH_KNOTS('',3,(#7193,#7194,#7195,#7196,#7197),
 .UNSPECIFIED.,.F.,.F.,(4,1,4),(0.,0.0371533087468396,0.0766843041562114),
 .UNSPECIFIED.);
#262=B_SPLINE_CURVE_WITH_KNOTS('',3,(#7211,#7212,#7213,#7214,#7215),
 .UNSPECIFIED.,.F.,.F.,(4,1,4),(0.,0.0175359039410527,0.0299114932180422),
 .UNSPECIFIED.);
#263=B_SPLINE_CURVE_WITH_KNOTS('',3,(#7228,#7229,#7230,#7231,#7232),
 .UNSPECIFIED.,.F.,.F.,(4,1,4),(0.,0.0445543043886178,0.072847022252089),
 .UNSPECIFIED.);
#264=B_SPLINE_CURVE_WITH_KNOTS('',3,(#7245,#7246,#7247,#7248,#7249),
 .UNSPECIFIED.,.F.,.F.,(4,1,4),(0.,0.0301057695832232,0.0752529258614944),
 .UNSPECIFIED.);
#265=B_SPLINE_CURVE_WITH_KNOTS('',3,(#7262,#7263,#7264,#7265,#7266),
 .UNSPECIFIED.,.F.,.F.,(4,1,4),(0.,0.0117896168501493,0.0273219499169156),
 .UNSPECIFIED.);
#266=B_SPLINE_CURVE_WITH_KNOTS('',3,(#7279,#7280,#7281,#7282,#7283),
 .UNSPECIFIED.,.F.,.F.,(4,1,4),(0.,0.0100128192786257,0.0200832469912475),
 .UNSPECIFIED.);
#267=B_SPLINE_CURVE_WITH_KNOTS('',3,(#7296,#7297,#7298,#7299,#7300),
 .UNSPECIFIED.,.F.,.F.,(4,1,4),(0.,0.00996581782733979,0.0199491976659447),
 .UNSPECIFIED.);
#268=B_SPLINE_CURVE_WITH_KNOTS('',3,(#7313,#7314,#7315,#7316,#7317),
 .UNSPECIFIED.,.F.,.F.,(4,1,4),(0.,0.017511871065151,0.0298259771461698),
 .UNSPECIFIED.);
#269=B_SPLINE_CURVE_WITH_KNOTS('',3,(#7330,#7331,#7332,#7333,#7334),
 .UNSPECIFIED.,.F.,.F.,(4,1,4),(0.,0.0445543043886178,0.072847022252089),
 .UNSPECIFIED.);
#270=B_SPLINE_CURVE_WITH_KNOTS('',3,(#7347,#7348,#7349,#7350,#7351),
 .UNSPECIFIED.,.F.,.F.,(4,1,4),(0.,0.0302575204372181,0.0754558196972519),
 .UNSPECIFIED.);
#271=B_SPLINE_CURVE_WITH_KNOTS('',3,(#7364,#7365,#7366,#7367,#7368),
 .UNSPECIFIED.,.F.,.F.,(4,1,4),(0.,0.0117896285862414,0.0273219824632107),
 .UNSPECIFIED.);
#272=B_SPLINE_CURVE_WITH_KNOTS('',3,(#7381,#7382,#7383,#7384,#7385),
 .UNSPECIFIED.,.F.,.F.,(4,1,4),(0.,0.0100128217530382,0.0200832420848399),
 .UNSPECIFIED.);
#273=B_SPLINE_CURVE_WITH_KNOTS('',3,(#7397,#7398,#7399,#7400,#7401),
 .UNSPECIFIED.,.F.,.F.,(4,1,4),(0.,0.0100038267523049,0.0199914046387718),
 .UNSPECIFIED.);
#274=B_SPLINE_CURVE_WITH_KNOTS('',3,(#7406,#7407,#7408,#7409,#7410),
 .UNSPECIFIED.,.F.,.F.,(4,1,4),(0.,0.0104190284222424,0.0198549171156403),
 .UNSPECIFIED.);
#275=B_SPLINE_CURVE_WITH_KNOTS('',3,(#7412,#7413,#7414,#7415,#7416),
 .UNSPECIFIED.,.F.,.F.,(4,1,4),(0.,0.0304228121576659,0.0478414596314648),
 .UNSPECIFIED.);
#276=B_SPLINE_CURVE_WITH_KNOTS('',3,(#7418,#7419,#7420,#7421,#7422),
 .UNSPECIFIED.,.F.,.F.,(4,1,4),(0.,0.0218425313288631,0.0537203989379657),
 .UNSPECIFIED.);
#277=B_SPLINE_CURVE_WITH_KNOTS('',3,(#7424,#7425,#7426,#7427,#7428),
 .UNSPECIFIED.,.F.,.F.,(4,1,4),(0.,0.0209688448001117,0.0448606968227832),
 .UNSPECIFIED.);
#278=B_SPLINE_CURVE_WITH_KNOTS('',3,(#7430,#7431,#7432,#7433,#7434),
 .UNSPECIFIED.,.F.,.F.,(4,1,4),(0.,0.0198564325118868,0.0394311496973839),
 .UNSPECIFIED.);
#279=B_SPLINE_CURVE_WITH_KNOTS('',3,(#7436,#7437,#7438,#7439,#7440),
 .UNSPECIFIED.,.F.,.F.,(4,1,4),(0.,0.0329178971239996,0.0662187283925008),
 .UNSPECIFIED.);
#280=B_SPLINE_CURVE_WITH_KNOTS('',3,(#7442,#7443,#7444,#7445,#7446),
 .UNSPECIFIED.,.F.,.F.,(4,1,4),(0.,0.0400979883540412,0.0751758049513696),
 .UNSPECIFIED.);
#281=B_SPLINE_CURVE_WITH_KNOTS('',3,(#7448,#7449,#7450,#7451,#7452),
 .UNSPECIFIED.,.F.,.F.,(4,1,4),(0.,0.0341141036405079,0.0716136884972078),
 .UNSPECIFIED.);
#282=B_SPLINE_CURVE_WITH_KNOTS('',3,(#7454,#7455,#7456,#7457,#7458),
 .UNSPECIFIED.,.F.,.F.,(4,1,4),(0.,0.0421270136099293,0.0769556400059689),
 .UNSPECIFIED.);
#283=B_SPLINE_CURVE_WITH_KNOTS('',3,(#7462,#7463,#7464,#7465,#7466),
 .UNSPECIFIED.,.F.,.F.,(4,1,4),(0.,0.0166893272027177,0.0386260177488858),
 .UNSPECIFIED.);
#284=B_SPLINE_CURVE_WITH_KNOTS('',3,(#7468,#7469,#7470,#7471,#7472),
 .UNSPECIFIED.,.F.,.F.,(4,1,4),(0.,0.0163922492207934,0.0312916437547321),
 .UNSPECIFIED.);
#285=B_SPLINE_CURVE_WITH_KNOTS('',3,(#7474,#7475,#7476,#7477,#7478),
 .UNSPECIFIED.,.F.,.F.,(4,1,4),(0.,0.0145416239505727,0.0309889800571911),
 .UNSPECIFIED.);
#286=B_SPLINE_CURVE_WITH_KNOTS('',3,(#7480,#7481,#7482,#7483,#7484),
 .UNSPECIFIED.,.F.,.F.,(4,1,4),(0.,0.0172056466500918,0.0319643374377239),
 .UNSPECIFIED.);
#287=B_SPLINE_CURVE_WITH_KNOTS('',3,(#7486,#7487,#7488,#7489,#7490),
 .UNSPECIFIED.,.F.,.F.,(4,1,4),(0.,0.0198135165164082,0.0375599276627044),
 .UNSPECIFIED.);
#288=B_SPLINE_CURVE_WITH_KNOTS('',3,(#7492,#7493,#7494,#7495,#7496),
 .UNSPECIFIED.,.F.,.F.,(4,1,4),(0.,0.0436690019762581,0.0685073490341404),
 .UNSPECIFIED.);
#289=B_SPLINE_CURVE_WITH_KNOTS('',3,(#7498,#7499,#7500,#7501,#7502),
 .UNSPECIFIED.,.F.,.F.,(4,1,4),(0.,0.0398469981127317,0.0969136065666913),
 .UNSPECIFIED.);
#290=B_SPLINE_CURVE_WITH_KNOTS('',3,(#7504,#7505,#7506,#7507,#7508),
 .UNSPECIFIED.,.F.,.F.,(4,1,4),(0.,0.030211738273067,0.0610396617554674),
 .UNSPECIFIED.);
#291=B_SPLINE_CURVE_WITH_KNOTS('',3,(#7527,#7528,#7529,#7530,#7531),
 .UNSPECIFIED.,.F.,.F.,(4,1,4),(0.,0.0104190284222424,0.0198549171156403),
 .UNSPECIFIED.);
#292=B_SPLINE_CURVE_WITH_KNOTS('',3,(#7544,#7545,#7546,#7547,#7548),
 .UNSPECIFIED.,.F.,.F.,(4,1,4),(0.,0.0304228121576659,0.0478414596314648),
 .UNSPECIFIED.);
#293=B_SPLINE_CURVE_WITH_KNOTS('',3,(#7561,#7562,#7563,#7564,#7565),
 .UNSPECIFIED.,.F.,.F.,(4,1,4),(0.,0.0218425313288631,0.0537203989379657),
 .UNSPECIFIED.);
#294=B_SPLINE_CURVE_WITH_KNOTS('',3,(#7578,#7579,#7580,#7581,#7582),
 .UNSPECIFIED.,.F.,.F.,(4,1,4),(0.,0.0209688448001117,0.0448606968227832),
 .UNSPECIFIED.);
#295=B_SPLINE_CURVE_WITH_KNOTS('',3,(#7595,#7596,#7597,#7598,#7599),
 .UNSPECIFIED.,.F.,.F.,(4,1,4),(0.,0.0198564325118868,0.0394311496973839),
 .UNSPECIFIED.);
#296=B_SPLINE_CURVE_WITH_KNOTS('',3,(#7612,#7613,#7614,#7615,#7616),
 .UNSPECIFIED.,.F.,.F.,(4,1,4),(0.,0.0329178971239996,0.0662187283925008),
 .UNSPECIFIED.);
#297=B_SPLINE_CURVE_WITH_KNOTS('',3,(#7629,#7630,#7631,#7632,#7633),
 .UNSPECIFIED.,.F.,.F.,(4,1,4),(0.,0.0400979883540412,0.0751758049513696),
 .UNSPECIFIED.);
#298=B_SPLINE_CURVE_WITH_KNOTS('',3,(#7646,#7647,#7648,#7649,#7650),
 .UNSPECIFIED.,.F.,.F.,(4,1,4),(0.,0.0341141036405079,0.0716136884972078),
 .UNSPECIFIED.);
#299=B_SPLINE_CURVE_WITH_KNOTS('',3,(#7663,#7664,#7665,#7666,#7667),
 .UNSPECIFIED.,.F.,.F.,(4,1,4),(0.,0.0421270136099293,0.0769556400059689),
 .UNSPECIFIED.);
#300=B_SPLINE_CURVE_WITH_KNOTS('',3,(#7684,#7685,#7686,#7687,#7688),
 .UNSPECIFIED.,.F.,.F.,(4,1,4),(0.,0.0166893272027177,0.0386260177488858),
 .UNSPECIFIED.);
#301=B_SPLINE_CURVE_WITH_KNOTS('',3,(#7701,#7702,#7703,#7704,#7705),
 .UNSPECIFIED.,.F.,.F.,(4,1,4),(0.,0.0163922492207934,0.0312916437547321),
 .UNSPECIFIED.);
#302=B_SPLINE_CURVE_WITH_KNOTS('',3,(#7718,#7719,#7720,#7721,#7722),
 .UNSPECIFIED.,.F.,.F.,(4,1,4),(0.,0.0145416239505727,0.0309889800571911),
 .UNSPECIFIED.);
#303=B_SPLINE_CURVE_WITH_KNOTS('',3,(#7735,#7736,#7737,#7738,#7739),
 .UNSPECIFIED.,.F.,.F.,(4,1,4),(0.,0.0172056466500918,0.0319643374377239),
 .UNSPECIFIED.);
#304=B_SPLINE_CURVE_WITH_KNOTS('',3,(#7752,#7753,#7754,#7755,#7756),
 .UNSPECIFIED.,.F.,.F.,(4,1,4),(0.,0.0198135165164082,0.0375599276627044),
 .UNSPECIFIED.);
#305=B_SPLINE_CURVE_WITH_KNOTS('',3,(#7769,#7770,#7771,#7772,#7773),
 .UNSPECIFIED.,.F.,.F.,(4,1,4),(0.,0.0436690019762581,0.0685073490341404),
 .UNSPECIFIED.);
#306=B_SPLINE_CURVE_WITH_KNOTS('',3,(#7786,#7787,#7788,#7789,#7790),
 .UNSPECIFIED.,.F.,.F.,(4,1,4),(0.,0.0398469981127317,0.0969136065666913),
 .UNSPECIFIED.);
#307=B_SPLINE_CURVE_WITH_KNOTS('',3,(#7803,#7804,#7805,#7806,#7807),
 .UNSPECIFIED.,.F.,.F.,(4,1,4),(0.,0.030211738273067,0.0610396617554674),
 .UNSPECIFIED.);
#308=B_SPLINE_CURVE_WITH_KNOTS('',3,(#7822,#7823,#7824,#7825,#7826),
 .UNSPECIFIED.,.F.,.F.,(4,1,4),(0.,0.0732228259811439,0.127079693103122),
 .UNSPECIFIED.);
#309=B_SPLINE_CURVE_WITH_KNOTS('',3,(#7828,#7829,#7830,#7831,#7832),
 .UNSPECIFIED.,.F.,.F.,(4,1,4),(0.,0.0509696814517264,0.12445977252799),
 .UNSPECIFIED.);
#310=B_SPLINE_CURVE_WITH_KNOTS('',3,(#7834,#7835,#7836,#7837,#7838),
 .UNSPECIFIED.,.F.,.F.,(4,1,4),(0.,0.0404319231944072,0.0804540381641051),
 .UNSPECIFIED.);
#311=B_SPLINE_CURVE_WITH_KNOTS('',3,(#7840,#7841,#7842,#7843,#7844),
 .UNSPECIFIED.,.F.,.F.,(4,1,4),(0.,0.0371532853555034,0.0766843100002633),
 .UNSPECIFIED.);
#312=B_SPLINE_CURVE_WITH_KNOTS('',3,(#7846,#7847,#7848,#7849,#7850),
 .UNSPECIFIED.,.F.,.F.,(4,1,4),(0.,0.0735282566313268,0.127478435299357),
 .UNSPECIFIED.);
#313=B_SPLINE_CURVE_WITH_KNOTS('',3,(#7852,#7853,#7854,#7855,#7856),
 .UNSPECIFIED.,.F.,.F.,(4,1,4),(0.,0.0536539949404714,0.12722802646099),
 .UNSPECIFIED.);
#314=B_SPLINE_CURVE_WITH_KNOTS('',3,(#7858,#7859,#7860,#7861,#7862),
 .UNSPECIFIED.,.F.,.F.,(4,1,4),(0.,0.0396011862263178,0.077065405838857),
 .UNSPECIFIED.);
#315=B_SPLINE_CURVE_WITH_KNOTS('',3,(#7863,#7864,#7865,#7866,#7867),
 .UNSPECIFIED.,.F.,.F.,(4,1,4),(0.,0.0371532853555034,0.0766842515294879),
 .UNSPECIFIED.);
#316=B_SPLINE_CURVE_WITH_KNOTS('',3,(#7870,#7871,#7872,#7873,#7874),
 .UNSPECIFIED.,.F.,.F.,(4,1,4),(0.,0.0175359039410527,0.0299114932180422),
 .UNSPECIFIED.);
#317=B_SPLINE_CURVE_WITH_KNOTS('',3,(#7876,#7877,#7878,#7879,#7880),
 .UNSPECIFIED.,.F.,.F.,(4,1,4),(0.,0.0445543043886178,0.072847022252089),
 .UNSPECIFIED.);
#318=B_SPLINE_CURVE_WITH_KNOTS('',3,(#7882,#7883,#7884,#7885,#7886),
 .UNSPECIFIED.,.F.,.F.,(4,1,4),(0.,0.0301057695832232,0.0752529258614944),
 .UNSPECIFIED.);
#319=B_SPLINE_CURVE_WITH_KNOTS('',3,(#7888,#7889,#7890,#7891,#7892),
 .UNSPECIFIED.,.F.,.F.,(4,1,4),(0.,0.0117896168501493,0.0273219707271186),
 .UNSPECIFIED.);
#320=B_SPLINE_CURVE_WITH_KNOTS('',3,(#7894,#7895,#7896,#7897,#7898),
 .UNSPECIFIED.,.F.,.F.,(4,1,4),(0.,0.0100128192786257,0.0200832469912475),
 .UNSPECIFIED.);
#321=B_SPLINE_CURVE_WITH_KNOTS('',3,(#7900,#7901,#7902,#7903,#7904),
 .UNSPECIFIED.,.F.,.F.,(4,1,4),(0.,0.00996579189538203,0.0199491423350932),
 .UNSPECIFIED.);
#322=B_SPLINE_CURVE_WITH_KNOTS('',3,(#7906,#7907,#7908,#7909,#7910),
 .UNSPECIFIED.,.F.,.F.,(4,1,4),(0.,0.017511871065151,0.0298260129287106),
 .UNSPECIFIED.);
#323=B_SPLINE_CURVE_WITH_KNOTS('',3,(#7912,#7913,#7914,#7915,#7916),
 .UNSPECIFIED.,.F.,.F.,(4,1,4),(0.,0.0445543043886178,0.072847022252089),
 .UNSPECIFIED.);
#324=B_SPLINE_CURVE_WITH_KNOTS('',3,(#7918,#7919,#7920,#7921,#7922),
 .UNSPECIFIED.,.F.,.F.,(4,1,4),(0.,0.0302575292050722,0.0754558284651061),
 .UNSPECIFIED.);
#325=B_SPLINE_CURVE_WITH_KNOTS('',3,(#7924,#7925,#7926,#7927,#7928),
 .UNSPECIFIED.,.F.,.F.,(4,1,4),(0.,0.0117896102223149,0.0273219536941576),
 .UNSPECIFIED.);
#326=B_SPLINE_CURVE_WITH_KNOTS('',3,(#7930,#7931,#7932,#7933,#7934),
 .UNSPECIFIED.,.F.,.F.,(4,1,4),(0.,0.0100128217530382,0.0200832420848399),
 .UNSPECIFIED.);
#327=B_SPLINE_CURVE_WITH_KNOTS('',3,(#7935,#7936,#7937,#7938,#7939),
 .UNSPECIFIED.,.F.,.F.,(4,1,4),(0.,0.0100038525856688,0.0199914598585858),
 .UNSPECIFIED.);
#328=B_SPLINE_CURVE_WITH_KNOTS('',3,(#7953,#7954,#7955,#7956,#7957),
 .UNSPECIFIED.,.F.,.F.,(4,1,4),(0.,0.0732228259811439,0.127079693103122),
 .UNSPECIFIED.);
#329=B_SPLINE_CURVE_WITH_KNOTS('',3,(#7970,#7971,#7972,#7973,#7974),
 .UNSPECIFIED.,.F.,.F.,(4,1,4),(0.,0.0509696814517264,0.12445977252799),
 .UNSPECIFIED.);
#330=B_SPLINE_CURVE_WITH_KNOTS('',3,(#7987,#7988,#7989,#7990,#7991),
 .UNSPECIFIED.,.F.,.F.,(4,1,4),(0.,0.0404319231944072,0.0804540381641051),
 .UNSPECIFIED.);
#331=B_SPLINE_CURVE_WITH_KNOTS('',3,(#8004,#8005,#8006,#8007,#8008),
 .UNSPECIFIED.,.F.,.F.,(4,1,4),(0.,0.0371532853555034,0.0766843100002633),
 .UNSPECIFIED.);
#332=B_SPLINE_CURVE_WITH_KNOTS('',3,(#8021,#8022,#8023,#8024,#8025),
 .UNSPECIFIED.,.F.,.F.,(4,1,4),(0.,0.0735282566313268,0.127478435299357),
 .UNSPECIFIED.);
#333=B_SPLINE_CURVE_WITH_KNOTS('',3,(#8038,#8039,#8040,#8041,#8042),
 .UNSPECIFIED.,.F.,.F.,(4,1,4),(0.,0.0536539949404714,0.12722802646099),
 .UNSPECIFIED.);
#334=B_SPLINE_CURVE_WITH_KNOTS('',3,(#8055,#8056,#8057,#8058,#8059),
 .UNSPECIFIED.,.F.,.F.,(4,1,4),(0.,0.0396011862263178,0.077065405838857),
 .UNSPECIFIED.);
#335=B_SPLINE_CURVE_WITH_KNOTS('',3,(#8071,#8072,#8073,#8074,#8075),
 .UNSPECIFIED.,.F.,.F.,(4,1,4),(0.,0.0371532853555034,0.0766842515294879),
 .UNSPECIFIED.);
#336=B_SPLINE_CURVE_WITH_KNOTS('',3,(#8089,#8090,#8091,#8092,#8093),
 .UNSPECIFIED.,.F.,.F.,(4,1,4),(0.,0.0175359039410527,0.0299114932180422),
 .UNSPECIFIED.);
#337=B_SPLINE_CURVE_WITH_KNOTS('',3,(#8106,#8107,#8108,#8109,#8110),
 .UNSPECIFIED.,.F.,.F.,(4,1,4),(0.,0.0445543043886178,0.072847022252089),
 .UNSPECIFIED.);
#338=B_SPLINE_CURVE_WITH_KNOTS('',3,(#8123,#8124,#8125,#8126,#8127),
 .UNSPECIFIED.,.F.,.F.,(4,1,4),(0.,0.0301057695832232,0.0752529258614944),
 .UNSPECIFIED.);
#339=B_SPLINE_CURVE_WITH_KNOTS('',3,(#8140,#8141,#8142,#8143,#8144),
 .UNSPECIFIED.,.F.,.F.,(4,1,4),(0.,0.0117896168501493,0.0273219707271186),
 .UNSPECIFIED.);
#340=B_SPLINE_CURVE_WITH_KNOTS('',3,(#8157,#8158,#8159,#8160,#8161),
 .UNSPECIFIED.,.F.,.F.,(4,1,4),(0.,0.0100128192786257,0.0200832469912475),
 .UNSPECIFIED.);
#341=B_SPLINE_CURVE_WITH_KNOTS('',3,(#8174,#8175,#8176,#8177,#8178),
 .UNSPECIFIED.,.F.,.F.,(4,1,4),(0.,0.00996579189538203,0.0199491423350932),
 .UNSPECIFIED.);
#342=B_SPLINE_CURVE_WITH_KNOTS('',3,(#8191,#8192,#8193,#8194,#8195),
 .UNSPECIFIED.,.F.,.F.,(4,1,4),(0.,0.017511871065151,0.0298260129287106),
 .UNSPECIFIED.);
#343=B_SPLINE_CURVE_WITH_KNOTS('',3,(#8208,#8209,#8210,#8211,#8212),
 .UNSPECIFIED.,.F.,.F.,(4,1,4),(0.,0.0445543043886178,0.072847022252089),
 .UNSPECIFIED.);
#344=B_SPLINE_CURVE_WITH_KNOTS('',3,(#8225,#8226,#8227,#8228,#8229),
 .UNSPECIFIED.,.F.,.F.,(4,1,4),(0.,0.0302575292050722,0.0754558284651061),
 .UNSPECIFIED.);
#345=B_SPLINE_CURVE_WITH_KNOTS('',3,(#8242,#8243,#8244,#8245,#8246),
 .UNSPECIFIED.,.F.,.F.,(4,1,4),(0.,0.0117896102223149,0.0273219536941576),
 .UNSPECIFIED.);
#346=B_SPLINE_CURVE_WITH_KNOTS('',3,(#8259,#8260,#8261,#8262,#8263),
 .UNSPECIFIED.,.F.,.F.,(4,1,4),(0.,0.0100128217530382,0.0200832420848399),
 .UNSPECIFIED.);
#347=B_SPLINE_CURVE_WITH_KNOTS('',3,(#8275,#8276,#8277,#8278,#8279),
 .UNSPECIFIED.,.F.,.F.,(4,1,4),(0.,0.0100038525856688,0.0199914598585858),
 .UNSPECIFIED.);
#348=B_SPLINE_CURVE_WITH_KNOTS('',3,(#8286,#8287,#8288,#8289,#8290),
 .UNSPECIFIED.,.F.,.F.,(4,1,4),(0.,0.0314906131115868,0.0607472735525927),
 .UNSPECIFIED.);
#349=B_SPLINE_CURVE_WITH_KNOTS('',3,(#8292,#8293,#8294,#8295,#8296),
 .UNSPECIFIED.,.F.,.F.,(4,1,4),(0.,0.0257914140358348,0.0565261737195298),
 .UNSPECIFIED.);
#350=B_SPLINE_CURVE_WITH_KNOTS('',3,(#8300,#8301,#8302,#8303,#8304),
 .UNSPECIFIED.,.F.,.F.,(4,1,4),(0.,0.0428411609249442,0.0866465298383252),
 .UNSPECIFIED.);
#351=B_SPLINE_CURVE_WITH_KNOTS('',3,(#8327,#8328,#8329,#8330,#8331),
 .UNSPECIFIED.,.F.,.F.,(4,1,4),(0.,0.0314906131115868,0.0607472735525927),
 .UNSPECIFIED.);
#352=B_SPLINE_CURVE_WITH_KNOTS('',3,(#8344,#8345,#8346,#8347,#8348),
 .UNSPECIFIED.,.F.,.F.,(4,1,4),(0.,0.0257914140358348,0.0565261737195298),
 .UNSPECIFIED.);
#353=B_SPLINE_CURVE_WITH_KNOTS('',3,(#8365,#8366,#8367,#8368,#8369),
 .UNSPECIFIED.,.F.,.F.,(4,1,4),(0.,0.0428411609249442,0.0866465298383252),
 .UNSPECIFIED.);
#354=B_SPLINE_CURVE_WITH_KNOTS('',3,(#8457,#8458,#8459,#8460,#8461),
 .UNSPECIFIED.,.F.,.F.,(4,1,4),(0.,0.0732228259811439,0.127079686988209),
 .UNSPECIFIED.);
#355=B_SPLINE_CURVE_WITH_KNOTS('',3,(#8463,#8464,#8465,#8466,#8467),
 .UNSPECIFIED.,.F.,.F.,(4,1,4),(0.,0.0509696814517264,0.124459773886898),
 .UNSPECIFIED.);
#356=B_SPLINE_CURVE_WITH_KNOTS('',3,(#8469,#8470,#8471,#8472,#8473),
 .UNSPECIFIED.,.F.,.F.,(4,1,4),(0.,0.0404319231944072,0.0804540381641051),
 .UNSPECIFIED.);
#357=B_SPLINE_CURVE_WITH_KNOTS('',3,(#8475,#8476,#8477,#8478,#8479),
 .UNSPECIFIED.,.F.,.F.,(4,1,4),(0.,0.0371532853555034,0.0766842807648752),
 .UNSPECIFIED.);
#358=B_SPLINE_CURVE_WITH_KNOTS('',3,(#8481,#8482,#8483,#8484,#8485),
 .UNSPECIFIED.,.F.,.F.,(4,1,4),(0.,0.073528250659384,0.127478453744743),
 .UNSPECIFIED.);
#359=B_SPLINE_CURVE_WITH_KNOTS('',3,(#8487,#8488,#8489,#8490,#8491),
 .UNSPECIFIED.,.F.,.F.,(4,1,4),(0.,0.0536539827496514,0.12722801427017),
 .UNSPECIFIED.);
#360=B_SPLINE_CURVE_WITH_KNOTS('',3,(#8493,#8494,#8495,#8496,#8497),
 .UNSPECIFIED.,.F.,.F.,(4,1,4),(0.,0.0396011570042172,0.0770653999360255),
 .UNSPECIFIED.);
#361=B_SPLINE_CURVE_WITH_KNOTS('',3,(#8498,#8499,#8500,#8501,#8502),
 .UNSPECIFIED.,.F.,.F.,(4,1,4),(0.,0.0371532853555034,0.0766842807648752),
 .UNSPECIFIED.);
#362=B_SPLINE_CURVE_WITH_KNOTS('',3,(#8505,#8506,#8507,#8508,#8509),
 .UNSPECIFIED.,.F.,.F.,(4,1,4),(0.,0.0175359141572088,0.029911485631739),
 .UNSPECIFIED.);
#363=B_SPLINE_CURVE_WITH_KNOTS('',3,(#8511,#8512,#8513,#8514,#8515),
 .UNSPECIFIED.,.F.,.F.,(4,1,4),(0.,0.0445543043886178,0.072847022252089),
 .UNSPECIFIED.);
#364=B_SPLINE_CURVE_WITH_KNOTS('',3,(#8517,#8518,#8519,#8520,#8521),
 .UNSPECIFIED.,.F.,.F.,(4,1,4),(0.,0.0301057651771829,0.0752529224348234),
 .UNSPECIFIED.);
#365=B_SPLINE_CURVE_WITH_KNOTS('',3,(#8523,#8524,#8525,#8526,#8527),
 .UNSPECIFIED.,.F.,.F.,(4,1,4),(0.,0.0117895984862045,0.0273219523631738),
 .UNSPECIFIED.);
#366=B_SPLINE_CURVE_WITH_KNOTS('',3,(#8529,#8530,#8531,#8532,#8533),
 .UNSPECIFIED.,.F.,.F.,(4,1,4),(0.,0.0100128192786257,0.0200832469912475),
 .UNSPECIFIED.);
#367=B_SPLINE_CURVE_WITH_KNOTS('',3,(#8535,#8536,#8537,#8538,#8539),
 .UNSPECIFIED.,.F.,.F.,(4,1,4),(0.,0.00996579189538203,0.0199491717339869),
 .UNSPECIFIED.);
#368=B_SPLINE_CURVE_WITH_KNOTS('',3,(#8541,#8542,#8543,#8544,#8545),
 .UNSPECIFIED.,.F.,.F.,(4,1,4),(0.,0.0175118812953275,0.0298259873763463),
 .UNSPECIFIED.);
#369=B_SPLINE_CURVE_WITH_KNOTS('',3,(#8547,#8548,#8549,#8550,#8551),
 .UNSPECIFIED.,.F.,.F.,(4,1,4),(0.,0.0445543043886178,0.072847022252089),
 .UNSPECIFIED.);
#370=B_SPLINE_CURVE_WITH_KNOTS('',3,(#8553,#8554,#8555,#8556,#8557),
 .UNSPECIFIED.,.F.,.F.,(4,1,4),(0.,0.0302575248211308,0.0754558240811647),
 .UNSPECIFIED.);
#371=B_SPLINE_CURVE_WITH_KNOTS('',3,(#8559,#8560,#8561,#8562,#8563),
 .UNSPECIFIED.,.F.,.F.,(4,1,4),(0.,0.0117896285862414,0.0273219720580841),
 .UNSPECIFIED.);
#372=B_SPLINE_CURVE_WITH_KNOTS('',3,(#8565,#8566,#8567,#8568,#8569),
 .UNSPECIFIED.,.F.,.F.,(4,1,4),(0.,0.0100128217530382,0.0200832420848399),
 .UNSPECIFIED.);
#373=B_SPLINE_CURVE_WITH_KNOTS('',3,(#8570,#8571,#8572,#8573,#8574),
 .UNSPECIFIED.,.F.,.F.,(4,1,4),(0.,0.0100038267523049,0.0199914340252219),
 .UNSPECIFIED.);
#374=B_SPLINE_CURVE_WITH_KNOTS('',3,(#8588,#8589,#8590,#8591,#8592),
 .UNSPECIFIED.,.F.,.F.,(4,1,4),(0.,0.0732228259811439,0.127079686988209),
 .UNSPECIFIED.);
#375=B_SPLINE_CURVE_WITH_KNOTS('',3,(#8605,#8606,#8607,#8608,#8609),
 .UNSPECIFIED.,.F.,.F.,(4,1,4),(0.,0.0509696814517264,0.124459773886898),
 .UNSPECIFIED.);
#376=B_SPLINE_CURVE_WITH_KNOTS('',3,(#8622,#8623,#8624,#8625,#8626),
 .UNSPECIFIED.,.F.,.F.,(4,1,4),(0.,0.0404319231944072,0.0804540381641051),
 .UNSPECIFIED.);
#377=B_SPLINE_CURVE_WITH_KNOTS('',3,(#8639,#8640,#8641,#8642,#8643),
 .UNSPECIFIED.,.F.,.F.,(4,1,4),(0.,0.0371532853555034,0.0766842807648752),
 .UNSPECIFIED.);
#378=B_SPLINE_CURVE_WITH_KNOTS('',3,(#8656,#8657,#8658,#8659,#8660),
 .UNSPECIFIED.,.F.,.F.,(4,1,4),(0.,0.073528250659384,0.127478453744743),
 .UNSPECIFIED.);
#379=B_SPLINE_CURVE_WITH_KNOTS('',3,(#8673,#8674,#8675,#8676,#8677),
 .UNSPECIFIED.,.F.,.F.,(4,1,4),(0.,0.0536539827496514,0.12722801427017),
 .UNSPECIFIED.);
#380=B_SPLINE_CURVE_WITH_KNOTS('',3,(#8690,#8691,#8692,#8693,#8694),
 .UNSPECIFIED.,.F.,.F.,(4,1,4),(0.,0.0396011570042172,0.0770653999360255),
 .UNSPECIFIED.);
#381=B_SPLINE_CURVE_WITH_KNOTS('',3,(#8706,#8707,#8708,#8709,#8710),
 .UNSPECIFIED.,.F.,.F.,(4,1,4),(0.,0.0371532853555034,0.0766842807648752),
 .UNSPECIFIED.);
#382=B_SPLINE_CURVE_WITH_KNOTS('',3,(#8724,#8725,#8726,#8727,#8728),
 .UNSPECIFIED.,.F.,.F.,(4,1,4),(0.,0.0175359141572088,0.029911485631739),
 .UNSPECIFIED.);
#383=B_SPLINE_CURVE_WITH_KNOTS('',3,(#8741,#8742,#8743,#8744,#8745),
 .UNSPECIFIED.,.F.,.F.,(4,1,4),(0.,0.0445543043886178,0.072847022252089),
 .UNSPECIFIED.);
#384=B_SPLINE_CURVE_WITH_KNOTS('',3,(#8758,#8759,#8760,#8761,#8762),
 .UNSPECIFIED.,.F.,.F.,(4,1,4),(0.,0.0301057651771829,0.0752529224348234),
 .UNSPECIFIED.);
#385=B_SPLINE_CURVE_WITH_KNOTS('',3,(#8775,#8776,#8777,#8778,#8779),
 .UNSPECIFIED.,.F.,.F.,(4,1,4),(0.,0.0117895984862045,0.0273219523631738),
 .UNSPECIFIED.);
#386=B_SPLINE_CURVE_WITH_KNOTS('',3,(#8792,#8793,#8794,#8795,#8796),
 .UNSPECIFIED.,.F.,.F.,(4,1,4),(0.,0.0100128192786257,0.0200832469912475),
 .UNSPECIFIED.);
#387=B_SPLINE_CURVE_WITH_KNOTS('',3,(#8809,#8810,#8811,#8812,#8813),
 .UNSPECIFIED.,.F.,.F.,(4,1,4),(0.,0.00996579189538203,0.0199491717339869),
 .UNSPECIFIED.);
#388=B_SPLINE_CURVE_WITH_KNOTS('',3,(#8826,#8827,#8828,#8829,#8830),
 .UNSPECIFIED.,.F.,.F.,(4,1,4),(0.,0.0175118812953275,0.0298259873763463),
 .UNSPECIFIED.);
#389=B_SPLINE_CURVE_WITH_KNOTS('',3,(#8843,#8844,#8845,#8846,#8847),
 .UNSPECIFIED.,.F.,.F.,(4,1,4),(0.,0.0445543043886178,0.072847022252089),
 .UNSPECIFIED.);
#390=B_SPLINE_CURVE_WITH_KNOTS('',3,(#8860,#8861,#8862,#8863,#8864),
 .UNSPECIFIED.,.F.,.F.,(4,1,4),(0.,0.0302575248211308,0.0754558240811647),
 .UNSPECIFIED.);
#391=B_SPLINE_CURVE_WITH_KNOTS('',3,(#8877,#8878,#8879,#8880,#8881),
 .UNSPECIFIED.,.F.,.F.,(4,1,4),(0.,0.0117896285862414,0.0273219720580841),
 .UNSPECIFIED.);
#392=B_SPLINE_CURVE_WITH_KNOTS('',3,(#8894,#8895,#8896,#8897,#8898),
 .UNSPECIFIED.,.F.,.F.,(4,1,4),(0.,0.0100128217530382,0.0200832420848399),
 .UNSPECIFIED.);
#393=B_SPLINE_CURVE_WITH_KNOTS('',3,(#8910,#8911,#8912,#8913,#8914),
 .UNSPECIFIED.,.F.,.F.,(4,1,4),(0.,0.0100038267523049,0.0199914340252219),
 .UNSPECIFIED.);
#394=FACE_BOUND('',#690,.T.);
#395=FACE_BOUND('',#706,.T.);
#396=FACE_BOUND('',#759,.T.);
#397=FACE_BOUND('',#804,.T.);
#398=FACE_BOUND('',#849,.T.);
#399=FACE_BOUND('',#913,.T.);
#400=FACE_BOUND('',#914,.T.);
#401=FACE_BOUND('',#915,.T.);
#402=FACE_BOUND('',#916,.T.);
#403=FACE_BOUND('',#917,.T.);
#404=FACE_BOUND('',#933,.T.);
#405=FACE_BOUND('',#934,.T.);
#406=FACE_BOUND('',#935,.T.);
#407=FACE_BOUND('',#951,.T.);
#408=FACE_BOUND('',#952,.T.);
#409=FACE_BOUND('',#953,.T.);
#410=FACE_BOUND('',#969,.T.);
#411=FACE_BOUND('',#971,.T.);
#412=FACE_BOUND('',#972,.T.);
#413=FACE_BOUND('',#973,.T.);
#414=FACE_OUTER_BOUND('',#689,.T.);
#415=FACE_OUTER_BOUND('',#691,.T.);
#416=FACE_OUTER_BOUND('',#692,.T.);
#417=FACE_OUTER_BOUND('',#693,.T.);
#418=FACE_OUTER_BOUND('',#694,.T.);
#419=FACE_OUTER_BOUND('',#695,.T.);
#420=FACE_OUTER_BOUND('',#696,.T.);
#421=FACE_OUTER_BOUND('',#697,.T.);
#422=FACE_OUTER_BOUND('',#698,.T.);
#423=FACE_OUTER_BOUND('',#699,.T.);
#424=FACE_OUTER_BOUND('',#700,.T.);
#425=FACE_OUTER_BOUND('',#701,.T.);
#426=FACE_OUTER_BOUND('',#702,.T.);
#427=FACE_OUTER_BOUND('',#703,.T.);
#428=FACE_OUTER_BOUND('',#704,.T.);
#429=FACE_OUTER_BOUND('',#705,.T.);
#430=FACE_OUTER_BOUND('',#707,.T.);
#431=FACE_OUTER_BOUND('',#708,.T.);
#432=FACE_OUTER_BOUND('',#709,.T.);
#433=FACE_OUTER_BOUND('',#710,.T.);
#434=FACE_OUTER_BOUND('',#711,.T.);
#435=FACE_OUTER_BOUND('',#712,.T.);
#436=FACE_OUTER_BOUND('',#713,.T.);
#437=FACE_OUTER_BOUND('',#714,.T.);
#438=FACE_OUTER_BOUND('',#715,.T.);
#439=FACE_OUTER_BOUND('',#716,.T.);
#440=FACE_OUTER_BOUND('',#717,.T.);
#441=FACE_OUTER_BOUND('',#718,.T.);
#442=FACE_OUTER_BOUND('',#719,.T.);
#443=FACE_OUTER_BOUND('',#720,.T.);
#444=FACE_OUTER_BOUND('',#721,.T.);
#445=FACE_OUTER_BOUND('',#722,.T.);
#446=FACE_OUTER_BOUND('',#723,.T.);
#447=FACE_OUTER_BOUND('',#724,.T.);
#448=FACE_OUTER_BOUND('',#725,.T.);
#449=FACE_OUTER_BOUND('',#726,.T.);
#450=FACE_OUTER_BOUND('',#727,.T.);
#451=FACE_OUTER_BOUND('',#728,.T.);
#452=FACE_OUTER_BOUND('',#729,.T.);
#453=FACE_OUTER_BOUND('',#730,.T.);
#454=FACE_OUTER_BOUND('',#731,.T.);
#455=FACE_OUTER_BOUND('',#732,.T.);
#456=FACE_OUTER_BOUND('',#733,.T.);
#457=FACE_OUTER_BOUND('',#734,.T.);
#458=FACE_OUTER_BOUND('',#735,.T.);
#459=FACE_OUTER_BOUND('',#736,.T.);
#460=FACE_OUTER_BOUND('',#737,.T.);
#461=FACE_OUTER_BOUND('',#738,.T.);
#462=FACE_OUTER_BOUND('',#739,.T.);
#463=FACE_OUTER_BOUND('',#740,.T.);
#464=FACE_OUTER_BOUND('',#741,.T.);
#465=FACE_OUTER_BOUND('',#742,.T.);
#466=FACE_OUTER_BOUND('',#743,.T.);
#467=FACE_OUTER_BOUND('',#744,.T.);
#468=FACE_OUTER_BOUND('',#745,.T.);
#469=FACE_OUTER_BOUND('',#746,.T.);
#470=FACE_OUTER_BOUND('',#747,.T.);
#471=FACE_OUTER_BOUND('',#748,.T.);
#472=FACE_OUTER_BOUND('',#749,.T.);
#473=FACE_OUTER_BOUND('',#750,.T.);
#474=FACE_OUTER_BOUND('',#751,.T.);
#475=FACE_OUTER_BOUND('',#752,.T.);
#476=FACE_OUTER_BOUND('',#753,.T.);
#477=FACE_OUTER_BOUND('',#754,.T.);
#478=FACE_OUTER_BOUND('',#755,.T.);
#479=FACE_OUTER_BOUND('',#756,.T.);
#480=FACE_OUTER_BOUND('',#757,.T.);
#481=FACE_OUTER_BOUND('',#758,.T.);
#482=FACE_OUTER_BOUND('',#760,.T.);
#483=FACE_OUTER_BOUND('',#761,.T.);
#484=FACE_OUTER_BOUND('',#762,.T.);
#485=FACE_OUTER_BOUND('',#763,.T.);
#486=FACE_OUTER_BOUND('',#764,.T.);
#487=FACE_OUTER_BOUND('',#765,.T.);
#488=FACE_OUTER_BOUND('',#766,.T.);
#489=FACE_OUTER_BOUND('',#767,.T.);
#490=FACE_OUTER_BOUND('',#768,.T.);
#491=FACE_OUTER_BOUND('',#769,.T.);
#492=FACE_OUTER_BOUND('',#770,.T.);
#493=FACE_OUTER_BOUND('',#771,.T.);
#494=FACE_OUTER_BOUND('',#772,.T.);
#495=FACE_OUTER_BOUND('',#773,.T.);
#496=FACE_OUTER_BOUND('',#774,.T.);
#497=FACE_OUTER_BOUND('',#775,.T.);
#498=FACE_OUTER_BOUND('',#776,.T.);
#499=FACE_OUTER_BOUND('',#777,.T.);
#500=FACE_OUTER_BOUND('',#778,.T.);
#501=FACE_OUTER_BOUND('',#779,.T.);
#502=FACE_OUTER_BOUND('',#780,.T.);
#503=FACE_OUTER_BOUND('',#781,.T.);
#504=FACE_OUTER_BOUND('',#782,.T.);
#505=FACE_OUTER_BOUND('',#783,.T.);
#506=FACE_OUTER_BOUND('',#784,.T.);
#507=FACE_OUTER_BOUND('',#785,.T.);
#508=FACE_OUTER_BOUND('',#786,.T.);
#509=FACE_OUTER_BOUND('',#787,.T.);
#510=FACE_OUTER_BOUND('',#788,.T.);
#511=FACE_OUTER_BOUND('',#789,.T.);
#512=FACE_OUTER_BOUND('',#790,.T.);
#513=FACE_OUTER_BOUND('',#791,.T.);
#514=FACE_OUTER_BOUND('',#792,.T.);
#515=FACE_OUTER_BOUND('',#793,.T.);
#516=FACE_OUTER_BOUND('',#794,.T.);
#517=FACE_OUTER_BOUND('',#795,.T.);
#518=FACE_OUTER_BOUND('',#796,.T.);
#519=FACE_OUTER_BOUND('',#797,.T.);
#520=FACE_OUTER_BOUND('',#798,.T.);
#521=FACE_OUTER_BOUND('',#799,.T.);
#522=FACE_OUTER_BOUND('',#800,.T.);
#523=FACE_OUTER_BOUND('',#801,.T.);
#524=FACE_OUTER_BOUND('',#802,.T.);
#525=FACE_OUTER_BOUND('',#803,.T.);
#526=FACE_OUTER_BOUND('',#805,.T.);
#527=FACE_OUTER_BOUND('',#806,.T.);
#528=FACE_OUTER_BOUND('',#807,.T.);
#529=FACE_OUTER_BOUND('',#808,.T.);
#530=FACE_OUTER_BOUND('',#809,.T.);
#531=FACE_OUTER_BOUND('',#810,.T.);
#532=FACE_OUTER_BOUND('',#811,.T.);
#533=FACE_OUTER_BOUND('',#812,.T.);
#534=FACE_OUTER_BOUND('',#813,.T.);
#535=FACE_OUTER_BOUND('',#814,.T.);
#536=FACE_OUTER_BOUND('',#815,.T.);
#537=FACE_OUTER_BOUND('',#816,.T.);
#538=FACE_OUTER_BOUND('',#817,.T.);
#539=FACE_OUTER_BOUND('',#818,.T.);
#540=FACE_OUTER_BOUND('',#819,.T.);
#541=FACE_OUTER_BOUND('',#820,.T.);
#542=FACE_OUTER_BOUND('',#821,.T.);
#543=FACE_OUTER_BOUND('',#822,.T.);
#544=FACE_OUTER_BOUND('',#823,.T.);
#545=FACE_OUTER_BOUND('',#824,.T.);
#546=FACE_OUTER_BOUND('',#825,.T.);
#547=FACE_OUTER_BOUND('',#826,.T.);
#548=FACE_OUTER_BOUND('',#827,.T.);
#549=FACE_OUTER_BOUND('',#828,.T.);
#550=FACE_OUTER_BOUND('',#829,.T.);
#551=FACE_OUTER_BOUND('',#830,.T.);
#552=FACE_OUTER_BOUND('',#831,.T.);
#553=FACE_OUTER_BOUND('',#832,.T.);
#554=FACE_OUTER_BOUND('',#833,.T.);
#555=FACE_OUTER_BOUND('',#834,.T.);
#556=FACE_OUTER_BOUND('',#835,.T.);
#557=FACE_OUTER_BOUND('',#836,.T.);
#558=FACE_OUTER_BOUND('',#837,.T.);
#559=FACE_OUTER_BOUND('',#838,.T.);
#560=FACE_OUTER_BOUND('',#839,.T.);
#561=FACE_OUTER_BOUND('',#840,.T.);
#562=FACE_OUTER_BOUND('',#841,.T.);
#563=FACE_OUTER_BOUND('',#842,.T.);
#564=FACE_OUTER_BOUND('',#843,.T.);
#565=FACE_OUTER_BOUND('',#844,.T.);
#566=FACE_OUTER_BOUND('',#845,.T.);
#567=FACE_OUTER_BOUND('',#846,.T.);
#568=FACE_OUTER_BOUND('',#847,.T.);
#569=FACE_OUTER_BOUND('',#848,.T.);
#570=FACE_OUTER_BOUND('',#850,.T.);
#571=FACE_OUTER_BOUND('',#851,.T.);
#572=FACE_OUTER_BOUND('',#852,.T.);
#573=FACE_OUTER_BOUND('',#853,.T.);
#574=FACE_OUTER_BOUND('',#854,.T.);
#575=FACE_OUTER_BOUND('',#855,.T.);
#576=FACE_OUTER_BOUND('',#856,.T.);
#577=FACE_OUTER_BOUND('',#857,.T.);
#578=FACE_OUTER_BOUND('',#858,.T.);
#579=FACE_OUTER_BOUND('',#859,.T.);
#580=FACE_OUTER_BOUND('',#860,.T.);
#581=FACE_OUTER_BOUND('',#861,.T.);
#582=FACE_OUTER_BOUND('',#862,.T.);
#583=FACE_OUTER_BOUND('',#863,.T.);
#584=FACE_OUTER_BOUND('',#864,.T.);
#585=FACE_OUTER_BOUND('',#865,.T.);
#586=FACE_OUTER_BOUND('',#866,.T.);
#587=FACE_OUTER_BOUND('',#867,.T.);
#588=FACE_OUTER_BOUND('',#868,.T.);
#589=FACE_OUTER_BOUND('',#869,.T.);
#590=FACE_OUTER_BOUND('',#870,.T.);
#591=FACE_OUTER_BOUND('',#871,.T.);
#592=FACE_OUTER_BOUND('',#872,.T.);
#593=FACE_OUTER_BOUND('',#873,.T.);
#594=FACE_OUTER_BOUND('',#874,.T.);
#595=FACE_OUTER_BOUND('',#875,.T.);
#596=FACE_OUTER_BOUND('',#876,.T.);
#597=FACE_OUTER_BOUND('',#877,.T.);
#598=FACE_OUTER_BOUND('',#878,.T.);
#599=FACE_OUTER_BOUND('',#879,.T.);
#600=FACE_OUTER_BOUND('',#880,.T.);
#601=FACE_OUTER_BOUND('',#881,.T.);
#602=FACE_OUTER_BOUND('',#882,.T.);
#603=FACE_OUTER_BOUND('',#883,.T.);
#604=FACE_OUTER_BOUND('',#884,.T.);
#605=FACE_OUTER_BOUND('',#885,.T.);
#606=FACE_OUTER_BOUND('',#886,.T.);
#607=FACE_OUTER_BOUND('',#887,.T.);
#608=FACE_OUTER_BOUND('',#888,.T.);
#609=FACE_OUTER_BOUND('',#889,.T.);
#610=FACE_OUTER_BOUND('',#890,.T.);
#611=FACE_OUTER_BOUND('',#891,.T.);
#612=FACE_OUTER_BOUND('',#892,.T.);
#613=FACE_OUTER_BOUND('',#893,.T.);
#614=FACE_OUTER_BOUND('',#894,.T.);
#615=FACE_OUTER_BOUND('',#895,.T.);
#616=FACE_OUTER_BOUND('',#896,.T.);
#617=FACE_OUTER_BOUND('',#897,.T.);
#618=FACE_OUTER_BOUND('',#898,.T.);
#619=FACE_OUTER_BOUND('',#899,.T.);
#620=FACE_OUTER_BOUND('',#900,.T.);
#621=FACE_OUTER_BOUND('',#901,.T.);
#622=FACE_OUTER_BOUND('',#902,.T.);
#623=FACE_OUTER_BOUND('',#903,.T.);
#624=FACE_OUTER_BOUND('',#904,.T.);
#625=FACE_OUTER_BOUND('',#905,.T.);
#626=FACE_OUTER_BOUND('',#906,.T.);
#627=FACE_OUTER_BOUND('',#907,.T.);
#628=FACE_OUTER_BOUND('',#908,.T.);
#629=FACE_OUTER_BOUND('',#909,.T.);
#630=FACE_OUTER_BOUND('',#910,.T.);
#631=FACE_OUTER_BOUND('',#911,.T.);
#632=FACE_OUTER_BOUND('',#912,.T.);
#633=FACE_OUTER_BOUND('',#918,.T.);
#634=FACE_OUTER_BOUND('',#919,.T.);
#635=FACE_OUTER_BOUND('',#920,.T.);
#636=FACE_OUTER_BOUND('',#921,.T.);
#637=FACE_OUTER_BOUND('',#922,.T.);
#638=FACE_OUTER_BOUND('',#923,.T.);
#639=FACE_OUTER_BOUND('',#924,.T.);
#640=FACE_OUTER_BOUND('',#925,.T.);
#641=FACE_OUTER_BOUND('',#926,.T.);
#642=FACE_OUTER_BOUND('',#927,.T.);
#643=FACE_OUTER_BOUND('',#928,.T.);
#644=FACE_OUTER_BOUND('',#929,.T.);
#645=FACE_OUTER_BOUND('',#930,.T.);
#646=FACE_OUTER_BOUND('',#931,.T.);
#647=FACE_OUTER_BOUND('',#932,.T.);
#648=FACE_OUTER_BOUND('',#936,.T.);
#649=FACE_OUTER_BOUND('',#937,.T.);
#650=FACE_OUTER_BOUND('',#938,.T.);
#651=FACE_OUTER_BOUND('',#939,.T.);
#652=FACE_OUTER_BOUND('',#940,.T.);
#653=FACE_OUTER_BOUND('',#941,.T.);
#654=FACE_OUTER_BOUND('',#942,.T.);
#655=FACE_OUTER_BOUND('',#943,.T.);
#656=FACE_OUTER_BOUND('',#944,.T.);
#657=FACE_OUTER_BOUND('',#945,.T.);
#658=FACE_OUTER_BOUND('',#946,.T.);
#659=FACE_OUTER_BOUND('',#947,.T.);
#660=FACE_OUTER_BOUND('',#948,.T.);
#661=FACE_OUTER_BOUND('',#949,.T.);
#662=FACE_OUTER_BOUND('',#950,.T.);
#663=FACE_OUTER_BOUND('',#954,.T.);
#664=FACE_OUTER_BOUND('',#955,.T.);
#665=FACE_OUTER_BOUND('',#956,.T.);
#666=FACE_OUTER_BOUND('',#957,.T.);
#667=FACE_OUTER_BOUND('',#958,.T.);
#668=FACE_OUTER_BOUND('',#959,.T.);
#669=FACE_OUTER_BOUND('',#960,.T.);
#670=FACE_OUTER_BOUND('',#961,.T.);
#671=FACE_OUTER_BOUND('',#962,.T.);
#672=FACE_OUTER_BOUND('',#963,.T.);
#673=FACE_OUTER_BOUND('',#964,.T.);
#674=FACE_OUTER_BOUND('',#965,.T.);
#675=FACE_OUTER_BOUND('',#966,.T.);
#676=FACE_OUTER_BOUND('',#967,.T.);
#677=FACE_OUTER_BOUND('',#968,.T.);
#678=FACE_OUTER_BOUND('',#970,.T.);
#679=FACE_OUTER_BOUND('',#974,.T.);
#680=FACE_OUTER_BOUND('',#975,.T.);
#681=FACE_OUTER_BOUND('',#976,.T.);
#682=FACE_OUTER_BOUND('',#977,.T.);
#683=FACE_OUTER_BOUND('',#978,.T.);
#684=FACE_OUTER_BOUND('',#979,.T.);
#685=FACE_OUTER_BOUND('',#980,.T.);
#686=FACE_OUTER_BOUND('',#981,.T.);
#687=FACE_OUTER_BOUND('',#982,.T.);
#688=FACE_OUTER_BOUND('',#983,.T.);
#689=EDGE_LOOP('',(#3043,#3044,#3045,#3046,#3047,#3048,#3049,#3050,#3051,
#3052,#3053));
#690=EDGE_LOOP('',(#3054,#3055,#3056));
#691=EDGE_LOOP('',(#3057,#3058,#3059,#3060));
#692=EDGE_LOOP('',(#3061,#3062,#3063,#3064));
#693=EDGE_LOOP('',(#3065,#3066,#3067,#3068));
#694=EDGE_LOOP('',(#3069,#3070,#3071,#3072));
#695=EDGE_LOOP('',(#3073,#3074,#3075,#3076));
#696=EDGE_LOOP('',(#3077,#3078,#3079,#3080));
#697=EDGE_LOOP('',(#3081,#3082,#3083,#3084));
#698=EDGE_LOOP('',(#3085,#3086,#3087,#3088));
#699=EDGE_LOOP('',(#3089,#3090,#3091,#3092));
#700=EDGE_LOOP('',(#3093,#3094,#3095,#3096));
#701=EDGE_LOOP('',(#3097,#3098,#3099,#3100));
#702=EDGE_LOOP('',(#3101,#3102,#3103,#3104));
#703=EDGE_LOOP('',(#3105,#3106,#3107,#3108));
#704=EDGE_LOOP('',(#3109,#3110,#3111,#3112));
#705=EDGE_LOOP('',(#3113,#3114,#3115,#3116,#3117,#3118,#3119,#3120));
#706=EDGE_LOOP('',(#3121,#3122,#3123,#3124,#3125,#3126,#3127,#3128,#3129,
#3130,#3131,#3132));
#707=EDGE_LOOP('',(#3133,#3134,#3135,#3136));
#708=EDGE_LOOP('',(#3137,#3138,#3139,#3140));
#709=EDGE_LOOP('',(#3141,#3142,#3143,#3144));
#710=EDGE_LOOP('',(#3145,#3146,#3147,#3148));
#711=EDGE_LOOP('',(#3149,#3150,#3151,#3152));
#712=EDGE_LOOP('',(#3153,#3154,#3155,#3156));
#713=EDGE_LOOP('',(#3157,#3158,#3159,#3160));
#714=EDGE_LOOP('',(#3161,#3162,#3163,#3164));
#715=EDGE_LOOP('',(#3165,#3166,#3167,#3168));
#716=EDGE_LOOP('',(#3169,#3170,#3171,#3172));
#717=EDGE_LOOP('',(#3173,#3174,#3175,#3176));
#718=EDGE_LOOP('',(#3177,#3178,#3179,#3180));
#719=EDGE_LOOP('',(#3181,#3182,#3183,#3184));
#720=EDGE_LOOP('',(#3185,#3186,#3187,#3188));
#721=EDGE_LOOP('',(#3189,#3190,#3191,#3192));
#722=EDGE_LOOP('',(#3193,#3194,#3195,#3196));
#723=EDGE_LOOP('',(#3197,#3198,#3199,#3200));
#724=EDGE_LOOP('',(#3201,#3202,#3203,#3204));
#725=EDGE_LOOP('',(#3205,#3206,#3207,#3208));
#726=EDGE_LOOP('',(#3209,#3210,#3211,#3212));
#727=EDGE_LOOP('',(#3213,#3214,#3215,#3216,#3217,#3218,#3219,#3220,#3221,
#3222,#3223,#3224));
#728=EDGE_LOOP('',(#3225,#3226,#3227));
#729=EDGE_LOOP('',(#3228,#3229,#3230,#3231,#3232,#3233,#3234,#3235,#3236,
#3237,#3238,#3239,#3240,#3241,#3242,#3243,#3244,#3245,#3246,#3247,#3248,
#3249,#3250,#3251,#3252,#3253,#3254,#3255));
#730=EDGE_LOOP('',(#3256,#3257,#3258,#3259));
#731=EDGE_LOOP('',(#3260,#3261,#3262,#3263));
#732=EDGE_LOOP('',(#3264,#3265,#3266,#3267));
#733=EDGE_LOOP('',(#3268,#3269,#3270,#3271));
#734=EDGE_LOOP('',(#3272,#3273,#3274,#3275));
#735=EDGE_LOOP('',(#3276,#3277,#3278,#3279));
#736=EDGE_LOOP('',(#3280,#3281,#3282,#3283));
#737=EDGE_LOOP('',(#3284,#3285,#3286,#3287));
#738=EDGE_LOOP('',(#3288,#3289,#3290,#3291));
#739=EDGE_LOOP('',(#3292,#3293,#3294,#3295));
#740=EDGE_LOOP('',(#3296,#3297,#3298,#3299));
#741=EDGE_LOOP('',(#3300,#3301,#3302,#3303));
#742=EDGE_LOOP('',(#3304,#3305,#3306,#3307));
#743=EDGE_LOOP('',(#3308,#3309,#3310,#3311));
#744=EDGE_LOOP('',(#3312,#3313,#3314,#3315));
#745=EDGE_LOOP('',(#3316,#3317,#3318,#3319));
#746=EDGE_LOOP('',(#3320,#3321,#3322,#3323));
#747=EDGE_LOOP('',(#3324,#3325,#3326,#3327));
#748=EDGE_LOOP('',(#3328,#3329,#3330,#3331));
#749=EDGE_LOOP('',(#3332,#3333,#3334,#3335));
#750=EDGE_LOOP('',(#3336,#3337,#3338,#3339));
#751=EDGE_LOOP('',(#3340,#3341,#3342,#3343));
#752=EDGE_LOOP('',(#3344,#3345,#3346,#3347));
#753=EDGE_LOOP('',(#3348,#3349,#3350,#3351));
#754=EDGE_LOOP('',(#3352,#3353,#3354,#3355));
#755=EDGE_LOOP('',(#3356,#3357,#3358,#3359));
#756=EDGE_LOOP('',(#3360,#3361,#3362,#3363));
#757=EDGE_LOOP('',(#3364,#3365,#3366,#3367));
#758=EDGE_LOOP('',(#3368,#3369,#3370,#3371,#3372,#3373,#3374,#3375));
#759=EDGE_LOOP('',(#3376,#3377,#3378,#3379,#3380,#3381,#3382,#3383,#3384,
#3385,#3386,#3387));
#760=EDGE_LOOP('',(#3388,#3389,#3390,#3391));
#761=EDGE_LOOP('',(#3392,#3393,#3394,#3395));
#762=EDGE_LOOP('',(#3396,#3397,#3398,#3399));
#763=EDGE_LOOP('',(#3400,#3401,#3402,#3403));
#764=EDGE_LOOP('',(#3404,#3405,#3406,#3407));
#765=EDGE_LOOP('',(#3408,#3409,#3410,#3411));
#766=EDGE_LOOP('',(#3412,#3413,#3414,#3415));
#767=EDGE_LOOP('',(#3416,#3417,#3418,#3419));
#768=EDGE_LOOP('',(#3420,#3421,#3422,#3423));
#769=EDGE_LOOP('',(#3424,#3425,#3426,#3427));
#770=EDGE_LOOP('',(#3428,#3429,#3430,#3431));
#771=EDGE_LOOP('',(#3432,#3433,#3434,#3435));
#772=EDGE_LOOP('',(#3436,#3437,#3438,#3439));
#773=EDGE_LOOP('',(#3440,#3441,#3442,#3443));
#774=EDGE_LOOP('',(#3444,#3445,#3446,#3447));
#775=EDGE_LOOP('',(#3448,#3449,#3450,#3451));
#776=EDGE_LOOP('',(#3452,#3453,#3454,#3455));
#777=EDGE_LOOP('',(#3456,#3457,#3458,#3459));
#778=EDGE_LOOP('',(#3460,#3461,#3462,#3463));
#779=EDGE_LOOP('',(#3464,#3465,#3466,#3467));
#780=EDGE_LOOP('',(#3468,#3469,#3470,#3471,#3472,#3473,#3474,#3475,#3476,
#3477,#3478,#3479));
#781=EDGE_LOOP('',(#3480,#3481,#3482,#3483,#3484,#3485,#3486,#3487,#3488,
#3489,#3490,#3491,#3492,#3493,#3494,#3495,#3496,#3497,#3498,#3499,#3500));
#782=EDGE_LOOP('',(#3501,#3502,#3503,#3504));
#783=EDGE_LOOP('',(#3505,#3506,#3507,#3508));
#784=EDGE_LOOP('',(#3509,#3510,#3511,#3512));
#785=EDGE_LOOP('',(#3513,#3514,#3515,#3516));
#786=EDGE_LOOP('',(#3517,#3518,#3519,#3520));
#787=EDGE_LOOP('',(#3521,#3522,#3523,#3524));
#788=EDGE_LOOP('',(#3525,#3526,#3527,#3528));
#789=EDGE_LOOP('',(#3529,#3530,#3531,#3532));
#790=EDGE_LOOP('',(#3533,#3534,#3535,#3536));
#791=EDGE_LOOP('',(#3537,#3538,#3539,#3540));
#792=EDGE_LOOP('',(#3541,#3542,#3543,#3544));
#793=EDGE_LOOP('',(#3545,#3546,#3547,#3548));
#794=EDGE_LOOP('',(#3549,#3550,#3551,#3552));
#795=EDGE_LOOP('',(#3553,#3554,#3555,#3556));
#796=EDGE_LOOP('',(#3557,#3558,#3559,#3560));
#797=EDGE_LOOP('',(#3561,#3562,#3563,#3564));
#798=EDGE_LOOP('',(#3565,#3566,#3567,#3568));
#799=EDGE_LOOP('',(#3569,#3570,#3571,#3572));
#800=EDGE_LOOP('',(#3573,#3574,#3575,#3576));
#801=EDGE_LOOP('',(#3577,#3578,#3579,#3580));
#802=EDGE_LOOP('',(#3581,#3582,#3583,#3584));
#803=EDGE_LOOP('',(#3585,#3586,#3587,#3588,#3589,#3590,#3591,#3592));
#804=EDGE_LOOP('',(#3593,#3594,#3595,#3596,#3597,#3598,#3599,#3600,#3601,
#3602,#3603,#3604));
#805=EDGE_LOOP('',(#3605,#3606,#3607,#3608));
#806=EDGE_LOOP('',(#3609,#3610,#3611,#3612));
#807=EDGE_LOOP('',(#3613,#3614,#3615,#3616));
#808=EDGE_LOOP('',(#3617,#3618,#3619,#3620));
#809=EDGE_LOOP('',(#3621,#3622,#3623,#3624));
#810=EDGE_LOOP('',(#3625,#3626,#3627,#3628));
#811=EDGE_LOOP('',(#3629,#3630,#3631,#3632));
#812=EDGE_LOOP('',(#3633,#3634,#3635,#3636));
#813=EDGE_LOOP('',(#3637,#3638,#3639,#3640));
#814=EDGE_LOOP('',(#3641,#3642,#3643,#3644));
#815=EDGE_LOOP('',(#3645,#3646,#3647,#3648));
#816=EDGE_LOOP('',(#3649,#3650,#3651,#3652));
#817=EDGE_LOOP('',(#3653,#3654,#3655,#3656));
#818=EDGE_LOOP('',(#3657,#3658,#3659,#3660));
#819=EDGE_LOOP('',(#3661,#3662,#3663,#3664));
#820=EDGE_LOOP('',(#3665,#3666,#3667,#3668));
#821=EDGE_LOOP('',(#3669,#3670,#3671,#3672));
#822=EDGE_LOOP('',(#3673,#3674,#3675,#3676));
#823=EDGE_LOOP('',(#3677,#3678,#3679,#3680));
#824=EDGE_LOOP('',(#3681,#3682,#3683,#3684));
#825=EDGE_LOOP('',(#3685,#3686,#3687,#3688,#3689,#3690,#3691,#3692,#3693,
#3694,#3695,#3696));
#826=EDGE_LOOP('',(#3697,#3698,#3699,#3700,#3701,#3702,#3703,#3704));
#827=EDGE_LOOP('',(#3705,#3706,#3707,#3708));
#828=EDGE_LOOP('',(#3709,#3710,#3711,#3712));
#829=EDGE_LOOP('',(#3713,#3714,#3715,#3716));
#830=EDGE_LOOP('',(#3717,#3718,#3719,#3720));
#831=EDGE_LOOP('',(#3721,#3722,#3723,#3724));
#832=EDGE_LOOP('',(#3725,#3726,#3727,#3728));
#833=EDGE_LOOP('',(#3729,#3730,#3731,#3732));
#834=EDGE_LOOP('',(#3733,#3734,#3735,#3736));
#835=EDGE_LOOP('',(#3737,#3738,#3739,#3740,#3741,#3742,#3743,#3744,#3745,
#3746,#3747,#3748));
#836=EDGE_LOOP('',(#3749,#3750,#3751,#3752));
#837=EDGE_LOOP('',(#3753,#3754,#3755,#3756));
#838=EDGE_LOOP('',(#3757,#3758,#3759,#3760));
#839=EDGE_LOOP('',(#3761,#3762,#3763,#3764));
#840=EDGE_LOOP('',(#3765,#3766,#3767,#3768));
#841=EDGE_LOOP('',(#3769,#3770,#3771,#3772));
#842=EDGE_LOOP('',(#3773,#3774,#3775,#3776));
#843=EDGE_LOOP('',(#3777,#3778,#3779,#3780));
#844=EDGE_LOOP('',(#3781,#3782,#3783,#3784));
#845=EDGE_LOOP('',(#3785,#3786,#3787,#3788));
#846=EDGE_LOOP('',(#3789,#3790,#3791,#3792));
#847=EDGE_LOOP('',(#3793,#3794,#3795,#3796));
#848=EDGE_LOOP('',(#3797,#3798,#3799,#3800,#3801,#3802,#3803,#3804));
#849=EDGE_LOOP('',(#3805,#3806,#3807,#3808,#3809,#3810,#3811,#3812,#3813,
#3814,#3815,#3816));
#850=EDGE_LOOP('',(#3817,#3818,#3819,#3820));
#851=EDGE_LOOP('',(#3821,#3822,#3823,#3824));
#852=EDGE_LOOP('',(#3825,#3826,#3827,#3828));
#853=EDGE_LOOP('',(#3829,#3830,#3831,#3832));
#854=EDGE_LOOP('',(#3833,#3834,#3835,#3836));
#855=EDGE_LOOP('',(#3837,#3838,#3839,#3840));
#856=EDGE_LOOP('',(#3841,#3842,#3843,#3844));
#857=EDGE_LOOP('',(#3845,#3846,#3847,#3848));
#858=EDGE_LOOP('',(#3849,#3850,#3851,#3852));
#859=EDGE_LOOP('',(#3853,#3854,#3855,#3856));
#860=EDGE_LOOP('',(#3857,#3858,#3859,#3860));
#861=EDGE_LOOP('',(#3861,#3862,#3863,#3864));
#862=EDGE_LOOP('',(#3865,#3866,#3867,#3868));
#863=EDGE_LOOP('',(#3869,#3870,#3871,#3872));
#864=EDGE_LOOP('',(#3873,#3874,#3875,#3876));
#865=EDGE_LOOP('',(#3877,#3878,#3879,#3880));
#866=EDGE_LOOP('',(#3881,#3882,#3883,#3884));
#867=EDGE_LOOP('',(#3885,#3886,#3887,#3888));
#868=EDGE_LOOP('',(#3889,#3890,#3891,#3892));
#869=EDGE_LOOP('',(#3893,#3894,#3895,#3896));
#870=EDGE_LOOP('',(#3897,#3898,#3899,#3900,#3901,#3902,#3903,#3904,#3905));
#871=EDGE_LOOP('',(#3906,#3907,#3908,#3909));
#872=EDGE_LOOP('',(#3910,#3911,#3912,#3913));
#873=EDGE_LOOP('',(#3914,#3915,#3916,#3917));
#874=EDGE_LOOP('',(#3918,#3919,#3920,#3921));
#875=EDGE_LOOP('',(#3922,#3923,#3924,#3925));
#876=EDGE_LOOP('',(#3926,#3927,#3928,#3929));
#877=EDGE_LOOP('',(#3930,#3931,#3932,#3933));
#878=EDGE_LOOP('',(#3934,#3935,#3936,#3937));
#879=EDGE_LOOP('',(#3938,#3939,#3940,#3941));
#880=EDGE_LOOP('',(#3942,#3943,#3944,#3945,#3946,#3947,#3948,#3949,#3950,
#3951,#3952,#3953));
#881=EDGE_LOOP('',(#3954,#3955,#3956,#3957));
#882=EDGE_LOOP('',(#3958,#3959,#3960));
#883=EDGE_LOOP('',(#3961,#3962,#3963));
#884=EDGE_LOOP('',(#3964,#3965,#3966));
#885=EDGE_LOOP('',(#3967,#3968,#3969));
#886=EDGE_LOOP('',(#3970,#3971,#3972,#3973));
#887=EDGE_LOOP('',(#3974,#3975,#3976,#3977));
#888=EDGE_LOOP('',(#3978,#3979,#3980));
#889=EDGE_LOOP('',(#3981,#3982,#3983,#3984));
#890=EDGE_LOOP('',(#3985,#3986,#3987,#3988));
#891=EDGE_LOOP('',(#3989,#3990,#3991,#3992));
#892=EDGE_LOOP('',(#3993,#3994,#3995,#3996));
#893=EDGE_LOOP('',(#3997,#3998,#3999,#4000));
#894=EDGE_LOOP('',(#4001,#4002,#4003,#4004));
#895=EDGE_LOOP('',(#4005,#4006,#4007,#4008));
#896=EDGE_LOOP('',(#4009,#4010,#4011,#4012));
#897=EDGE_LOOP('',(#4013,#4014,#4015,#4016));
#898=EDGE_LOOP('',(#4017,#4018,#4019));
#899=EDGE_LOOP('',(#4020,#4021,#4022));
#900=EDGE_LOOP('',(#4023,#4024,#4025,#4026));
#901=EDGE_LOOP('',(#4027,#4028,#4029,#4030));
#902=EDGE_LOOP('',(#4031,#4032,#4033));
#903=EDGE_LOOP('',(#4034,#4035,#4036,#4037));
#904=EDGE_LOOP('',(#4038,#4039,#4040));
#905=EDGE_LOOP('',(#4041,#4042,#4043,#4044));
#906=EDGE_LOOP('',(#4045,#4046,#4047,#4048));
#907=EDGE_LOOP('',(#4049,#4050,#4051,#4052));
#908=EDGE_LOOP('',(#4053,#4054,#4055,#4056));
#909=EDGE_LOOP('',(#4057,#4058,#4059,#4060));
#910=EDGE_LOOP('',(#4061,#4062,#4063,#4064));
#911=EDGE_LOOP('',(#4065,#4066,#4067,#4068));
#912=EDGE_LOOP('',(#4069,#4070,#4071,#4072));
#913=EDGE_LOOP('',(#4073,#4074,#4075,#4076,#4077,#4078,#4079,#4080));
#914=EDGE_LOOP('',(#4081,#4082,#4083,#4084,#4085,#4086,#4087,#4088,#4089));
#915=EDGE_LOOP('',(#4090,#4091,#4092,#4093,#4094,#4095,#4096,#4097));
#916=EDGE_LOOP('',(#4098,#4099,#4100,#4101,#4102,#4103,#4104,#4105,#4106,
#4107,#4108,#4109));
#917=EDGE_LOOP('',(#4110,#4111,#4112,#4113,#4114,#4115,#4116,#4117));
#918=EDGE_LOOP('',(#4118,#4119,#4120));
#919=EDGE_LOOP('',(#4121,#4122,#4123));
#920=EDGE_LOOP('',(#4124,#4125,#4126));
#921=EDGE_LOOP('',(#4127,#4128,#4129,#4130));
#922=EDGE_LOOP('',(#4131,#4132,#4133));
#923=EDGE_LOOP('',(#4134,#4135,#4136,#4137));
#924=EDGE_LOOP('',(#4138,#4139,#4140,#4141));
#925=EDGE_LOOP('',(#4142,#4143,#4144,#4145));
#926=EDGE_LOOP('',(#4146,#4147,#4148,#4149));
#927=EDGE_LOOP('',(#4150,#4151,#4152,#4153));
#928=EDGE_LOOP('',(#4154,#4155,#4156,#4157));
#929=EDGE_LOOP('',(#4158,#4159,#4160,#4161));
#930=EDGE_LOOP('',(#4162,#4163,#4164,#4165));
#931=EDGE_LOOP('',(#4166,#4167,#4168,#4169));
#932=EDGE_LOOP('',(#4170,#4171,#4172,#4173));
#933=EDGE_LOOP('',(#4174,#4175,#4176,#4177,#4178,#4179,#4180,#4181,#4182,
#4183,#4184,#4185,#4186,#4187,#4188,#4189,#4190,#4191,#4192,#4193,#4194));
#934=EDGE_LOOP('',(#4195,#4196,#4197,#4198,#4199,#4200,#4201,#4202));
#935=EDGE_LOOP('',(#4203,#4204,#4205,#4206,#4207,#4208,#4209,#4210));
#936=EDGE_LOOP('',(#4211,#4212,#4213));
#937=EDGE_LOOP('',(#4214,#4215,#4216,#4217));
#938=EDGE_LOOP('',(#4218,#4219,#4220));
#939=EDGE_LOOP('',(#4221,#4222,#4223,#4224));
#940=EDGE_LOOP('',(#4225,#4226,#4227));
#941=EDGE_LOOP('',(#4228,#4229,#4230,#4231));
#942=EDGE_LOOP('',(#4232,#4233,#4234,#4235));
#943=EDGE_LOOP('',(#4236,#4237,#4238));
#944=EDGE_LOOP('',(#4239,#4240,#4241,#4242));
#945=EDGE_LOOP('',(#4243,#4244,#4245,#4246));
#946=EDGE_LOOP('',(#4247,#4248,#4249,#4250));
#947=EDGE_LOOP('',(#4251,#4252,#4253,#4254));
#948=EDGE_LOOP('',(#4255,#4256,#4257,#4258));
#949=EDGE_LOOP('',(#4259,#4260,#4261,#4262));
#950=EDGE_LOOP('',(#4263,#4264,#4265,#4266));
#951=EDGE_LOOP('',(#4267,#4268,#4269,#4270,#4271,#4272,#4273,#4274,#4275,
#4276,#4277,#4278,#4279,#4280,#4281,#4282,#4283,#4284,#4285,#4286,#4287,
#4288,#4289,#4290,#4291,#4292,#4293,#4294));
#952=EDGE_LOOP('',(#4295,#4296,#4297,#4298,#4299,#4300,#4301,#4302));
#953=EDGE_LOOP('',(#4303,#4304,#4305,#4306,#4307,#4308,#4309,#4310));
#954=EDGE_LOOP('',(#4311,#4312,#4313,#4314));
#955=EDGE_LOOP('',(#4315,#4316,#4317,#4318));
#956=EDGE_LOOP('',(#4319,#4320,#4321,#4322));
#957=EDGE_LOOP('',(#4323,#4324,#4325,#4326));
#958=EDGE_LOOP('',(#4327,#4328,#4329,#4330));
#959=EDGE_LOOP('',(#4331,#4332,#4333,#4334));
#960=EDGE_LOOP('',(#4335,#4336,#4337,#4338));
#961=EDGE_LOOP('',(#4339,#4340,#4341,#4342));
#962=EDGE_LOOP('',(#4343,#4344,#4345,#4346));
#963=EDGE_LOOP('',(#4347,#4348,#4349,#4350));
#964=EDGE_LOOP('',(#4351,#4352,#4353,#4354));
#965=EDGE_LOOP('',(#4355,#4356,#4357,#4358));
#966=EDGE_LOOP('',(#4359,#4360,#4361,#4362));
#967=EDGE_LOOP('',(#4363,#4364,#4365,#4366));
#968=EDGE_LOOP('',(#4367,#4368,#4369,#4370,#4371,#4372,#4373,#4374));
#969=EDGE_LOOP('',(#4375));
#970=EDGE_LOOP('',(#4376,#4377,#4378,#4379,#4380,#4381,#4382,#4383));
#971=EDGE_LOOP('',(#4384,#4385,#4386,#4387,#4388,#4389,#4390,#4391));
#972=EDGE_LOOP('',(#4392,#4393,#4394,#4395,#4396,#4397,#4398,#4399));
#973=EDGE_LOOP('',(#4400,#4401,#4402,#4403,#4404,#4405,#4406,#4407,#4408,
#4409,#4410));
#974=EDGE_LOOP('',(#4411,#4412,#4413,#4414));
#975=EDGE_LOOP('',(#4415,#4416,#4417,#4418));
#976=EDGE_LOOP('',(#4419,#4420,#4421,#4422));
#977=EDGE_LOOP('',(#4423,#4424,#4425,#4426));
#978=EDGE_LOOP('',(#4427,#4428,#4429,#4430));
#979=EDGE_LOOP('',(#4431,#4432,#4433,#4434));
#980=EDGE_LOOP('',(#4435,#4436,#4437,#4438));
#981=EDGE_LOOP('',(#4439,#4440,#4441,#4442));
#982=EDGE_LOOP('',(#4443,#4444,#4445,#4446));
#983=EDGE_LOOP('',(#4447,#4448,#4449,#4450));
#984=LINE('',#5802,#1436);
#985=LINE('',#5804,#1437);
#986=LINE('',#5806,#1438);
#987=LINE('',#5808,#1439);
#988=LINE('',#5810,#1440);
#989=LINE('',#5812,#1441);
#990=LINE('',#5814,#1442);
#991=LINE('',#5816,#1443);
#992=LINE('',#5818,#1444);
#993=LINE('',#5820,#1445);
#994=LINE('',#5821,#1446);
#995=LINE('',#5824,#1447);
#996=LINE('',#5826,#1448);
#997=LINE('',#5827,#1449);
#998=LINE('',#5830,#1450);
#999=LINE('',#5832,#1451);
#1000=LINE('',#5833,#1452);
#1001=LINE('',#5836,#1453);
#1002=LINE('',#5837,#1454);
#1003=LINE('',#5840,#1455);
#1004=LINE('',#5841,#1456);
#1005=LINE('',#5844,#1457);
#1006=LINE('',#5845,#1458);
#1007=LINE('',#5848,#1459);
#1008=LINE('',#5849,#1460);
#1009=LINE('',#5852,#1461);
#1010=LINE('',#5853,#1462);
#1011=LINE('',#5856,#1463);
#1012=LINE('',#5857,#1464);
#1013=LINE('',#5860,#1465);
#1014=LINE('',#5861,#1466);
#1015=LINE('',#5864,#1467);
#1016=LINE('',#5865,#1468);
#1017=LINE('',#5868,#1469);
#1018=LINE('',#5869,#1470);
#1019=LINE('',#5871,#1471);
#1020=LINE('',#5874,#1472);
#1021=LINE('',#5876,#1473);
#1022=LINE('',#5877,#1474);
#1023=LINE('',#5880,#1475);
#1024=LINE('',#5881,#1476);
#1025=LINE('',#5883,#1477);
#1026=LINE('',#6016,#1478);
#1027=LINE('',#6023,#1479);
#1028=LINE('',#6040,#1480);
#1029=LINE('',#6057,#1481);
#1030=LINE('',#6074,#1482);
#1031=LINE('',#6091,#1483);
#1032=LINE('',#6108,#1484);
#1033=LINE('',#6125,#1485);
#1034=LINE('',#6152,#1486);
#1035=LINE('',#6159,#1487);
#1036=LINE('',#6176,#1488);
#1037=LINE('',#6193,#1489);
#1038=LINE('',#6210,#1490);
#1039=LINE('',#6227,#1491);
#1040=LINE('',#6244,#1492);
#1041=LINE('',#6261,#1493);
#1042=LINE('',#6278,#1494);
#1043=LINE('',#6295,#1495);
#1044=LINE('',#6312,#1496);
#1045=LINE('',#6329,#1497);
#1046=LINE('',#6416,#1498);
#1047=LINE('',#6454,#1499);
#1048=LINE('',#6498,#1500);
#1049=LINE('',#6515,#1501);
#1050=LINE('',#6522,#1502);
#1051=LINE('',#6539,#1503);
#1052=LINE('',#6556,#1504);
#1053=LINE('',#6573,#1505);
#1054=LINE('',#6590,#1506);
#1055=LINE('',#6607,#1507);
#1056=LINE('',#6624,#1508);
#1057=LINE('',#6641,#1509);
#1058=LINE('',#6658,#1510);
#1059=LINE('',#6675,#1511);
#1060=LINE('',#6692,#1512);
#1061=LINE('',#6695,#1513);
#1062=LINE('',#6696,#1514);
#1063=LINE('',#6713,#1515);
#1064=LINE('',#6730,#1516);
#1065=LINE('',#6747,#1517);
#1066=LINE('',#6764,#1518);
#1067=LINE('',#6781,#1519);
#1068=LINE('',#6798,#1520);
#1069=LINE('',#6801,#1521);
#1070=LINE('',#6802,#1522);
#1071=LINE('',#6819,#1523);
#1072=LINE('',#6836,#1524);
#1073=LINE('',#6853,#1525);
#1074=LINE('',#6870,#1526);
#1075=LINE('',#6887,#1527);
#1076=LINE('',#6904,#1528);
#1077=LINE('',#6921,#1529);
#1078=LINE('',#6924,#1530);
#1079=LINE('',#6925,#1531);
#1080=LINE('',#7073,#1532);
#1081=LINE('',#7080,#1533);
#1082=LINE('',#7097,#1534);
#1083=LINE('',#7114,#1535);
#1084=LINE('',#7131,#1536);
#1085=LINE('',#7148,#1537);
#1086=LINE('',#7165,#1538);
#1087=LINE('',#7182,#1539);
#1088=LINE('',#7209,#1540);
#1089=LINE('',#7216,#1541);
#1090=LINE('',#7233,#1542);
#1091=LINE('',#7250,#1543);
#1092=LINE('',#7267,#1544);
#1093=LINE('',#7284,#1545);
#1094=LINE('',#7301,#1546);
#1095=LINE('',#7318,#1547);
#1096=LINE('',#7335,#1548);
#1097=LINE('',#7352,#1549);
#1098=LINE('',#7369,#1550);
#1099=LINE('',#7386,#1551);
#1100=LINE('',#7460,#1552);
#1101=LINE('',#7510,#1553);
#1102=LINE('',#7512,#1554);
#1103=LINE('',#7513,#1555);
#1104=LINE('',#7525,#1556);
#1105=LINE('',#7532,#1557);
#1106=LINE('',#7549,#1558);
#1107=LINE('',#7566,#1559);
#1108=LINE('',#7583,#1560);
#1109=LINE('',#7600,#1561);
#1110=LINE('',#7617,#1562);
#1111=LINE('',#7634,#1563);
#1112=LINE('',#7651,#1564);
#1113=LINE('',#7668,#1565);
#1114=LINE('',#7671,#1566);
#1115=LINE('',#7672,#1567);
#1116=LINE('',#7689,#1568);
#1117=LINE('',#7706,#1569);
#1118=LINE('',#7723,#1570);
#1119=LINE('',#7740,#1571);
#1120=LINE('',#7757,#1572);
#1121=LINE('',#7774,#1573);
#1122=LINE('',#7791,#1574);
#1123=LINE('',#7808,#1575);
#1124=LINE('',#7811,#1576);
#1125=LINE('',#7812,#1577);
#1126=LINE('',#7815,#1578);
#1127=LINE('',#7816,#1579);
#1128=LINE('',#7818,#1580);
#1129=LINE('',#7951,#1581);
#1130=LINE('',#7958,#1582);
#1131=LINE('',#7975,#1583);
#1132=LINE('',#7992,#1584);
#1133=LINE('',#8009,#1585);
#1134=LINE('',#8026,#1586);
#1135=LINE('',#8043,#1587);
#1136=LINE('',#8060,#1588);
#1137=LINE('',#8087,#1589);
#1138=LINE('',#8094,#1590);
#1139=LINE('',#8111,#1591);
#1140=LINE('',#8128,#1592);
#1141=LINE('',#8145,#1593);
#1142=LINE('',#8162,#1594);
#1143=LINE('',#8179,#1595);
#1144=LINE('',#8196,#1596);
#1145=LINE('',#8213,#1597);
#1146=LINE('',#8230,#1598);
#1147=LINE('',#8247,#1599);
#1148=LINE('',#8264,#1600);
#1149=LINE('',#8284,#1601);
#1150=LINE('',#8298,#1602);
#1151=LINE('',#8306,#1603);
#1152=LINE('',#8308,#1604);
#1153=LINE('',#8309,#1605);
#1154=LINE('',#8312,#1606);
#1155=LINE('',#8314,#1607);
#1156=LINE('',#8315,#1608);
#1157=LINE('',#8332,#1609);
#1158=LINE('',#8349,#1610);
#1159=LINE('',#8352,#1611);
#1160=LINE('',#8353,#1612);
#1161=LINE('',#8370,#1613);
#1162=LINE('',#8373,#1614);
#1163=LINE('',#8374,#1615);
#1164=LINE('',#8377,#1616);
#1165=LINE('',#8378,#1617);
#1166=LINE('',#8380,#1618);
#1167=LINE('',#8384,#1619);
#1168=LINE('',#8386,#1620);
#1169=LINE('',#8388,#1621);
#1170=LINE('',#8390,#1622);
#1171=LINE('',#8392,#1623);
#1172=LINE('',#8394,#1624);
#1173=LINE('',#8396,#1625);
#1174=LINE('',#8398,#1626);
#1175=LINE('',#8400,#1627);
#1176=LINE('',#8402,#1628);
#1177=LINE('',#8404,#1629);
#1178=LINE('',#8405,#1630);
#1179=LINE('',#8408,#1631);
#1180=LINE('',#8410,#1632);
#1181=LINE('',#8411,#1633);
#1182=LINE('',#8414,#1634);
#1183=LINE('',#8415,#1635);
#1184=LINE('',#8418,#1636);
#1185=LINE('',#8419,#1637);
#1186=LINE('',#8422,#1638);
#1187=LINE('',#8423,#1639);
#1188=LINE('',#8426,#1640);
#1189=LINE('',#8427,#1641);
#1190=LINE('',#8430,#1642);
#1191=LINE('',#8431,#1643);
#1192=LINE('',#8434,#1644);
#1193=LINE('',#8435,#1645);
#1194=LINE('',#8438,#1646);
#1195=LINE('',#8439,#1647);
#1196=LINE('',#8442,#1648);
#1197=LINE('',#8443,#1649);
#1198=LINE('',#8446,#1650);
#1199=LINE('',#8447,#1651);
#1200=LINE('',#8450,#1652);
#1201=LINE('',#8451,#1653);
#1202=LINE('',#8453,#1654);
#1203=LINE('',#8586,#1655);
#1204=LINE('',#8593,#1656);
#1205=LINE('',#8610,#1657);
#1206=LINE('',#8627,#1658);
#1207=LINE('',#8644,#1659);
#1208=LINE('',#8661,#1660);
#1209=LINE('',#8678,#1661);
#1210=LINE('',#8695,#1662);
#1211=LINE('',#8722,#1663);
#1212=LINE('',#8729,#1664);
#1213=LINE('',#8746,#1665);
#1214=LINE('',#8763,#1666);
#1215=LINE('',#8780,#1667);
#1216=LINE('',#8797,#1668);
#1217=LINE('',#8814,#1669);
#1218=LINE('',#8831,#1670);
#1219=LINE('',#8848,#1671);
#1220=LINE('',#8865,#1672);
#1221=LINE('',#8882,#1673);
#1222=LINE('',#8899,#1674);
#1223=LINE('',#8918,#1675);
#1224=LINE('',#8920,#1676);
#1225=LINE('',#8922,#1677);
#1226=LINE('',#8924,#1678);
#1227=LINE('',#8926,#1679);
#1228=LINE('',#8928,#1680);
#1229=LINE('',#8930,#1681);
#1230=LINE('',#8932,#1682);
#1231=LINE('',#8933,#1683);
#1232=LINE('',#8936,#1684);
#1233=LINE('',#8938,#1685);
#1234=LINE('',#8939,#1686);
#1235=LINE('',#8942,#1687);
#1236=LINE('',#8943,#1688);
#1237=LINE('',#8946,#1689);
#1238=LINE('',#8947,#1690);
#1239=LINE('',#8950,#1691);
#1240=LINE('',#8951,#1692);
#1241=LINE('',#8954,#1693);
#1242=LINE('',#8955,#1694);
#1243=LINE('',#8958,#1695);
#1244=LINE('',#8959,#1696);
#1245=LINE('',#8962,#1697);
#1246=LINE('',#8963,#1698);
#1247=LINE('',#8966,#1699);
#1248=LINE('',#8967,#1700);
#1249=LINE('',#8969,#1701);
#1250=LINE('',#8975,#1702);
#1251=LINE('',#8979,#1703);
#1252=LINE('',#8983,#1704);
#1253=LINE('',#8985,#1705);
#1254=LINE('',#8986,#1706);
#1255=LINE('',#8990,#1707);
#1256=LINE('',#8992,#1708);
#1257=LINE('',#8993,#1709);
#1258=LINE('',#8997,#1710);
#1259=LINE('',#8999,#1711);
#1260=LINE('',#9000,#1712);
#1261=LINE('',#9002,#1713);
#1262=LINE('',#9003,#1714);
#1263=LINE('',#9007,#1715);
#1264=LINE('',#9008,#1716);
#1265=LINE('',#9009,#1717);
#1266=LINE('',#9013,#1718);
#1267=LINE('',#9015,#1719);
#1268=LINE('',#9016,#1720);
#1269=LINE('',#9020,#1721);
#1270=LINE('',#9021,#1722);
#1271=LINE('',#9022,#1723);
#1272=LINE('',#9024,#1724);
#1273=LINE('',#9025,#1725);
#1274=LINE('',#9027,#1726);
#1275=LINE('',#9028,#1727);
#1276=LINE('',#9032,#1728);
#1277=LINE('',#9033,#1729);
#1278=LINE('',#9034,#1730);
#1279=LINE('',#9036,#1731);
#1280=LINE('',#9037,#1732);
#1281=LINE('',#9041,#1733);
#1282=LINE('',#9042,#1734);
#1283=LINE('',#9043,#1735);
#1284=LINE('',#9045,#1736);
#1285=LINE('',#9047,#1737);
#1286=LINE('',#9052,#1738);
#1287=LINE('',#9054,#1739);
#1288=LINE('',#9055,#1740);
#1289=LINE('',#9059,#1741);
#1290=LINE('',#9061,#1742);
#1291=LINE('',#9062,#1743);
#1292=LINE('',#9066,#1744);
#1293=LINE('',#9067,#1745);
#1294=LINE('',#9068,#1746);
#1295=LINE('',#9070,#1747);
#1296=LINE('',#9071,#1748);
#1297=LINE('',#9075,#1749);
#1298=LINE('',#9077,#1750);
#1299=LINE('',#9078,#1751);
#1300=LINE('',#9082,#1752);
#1301=LINE('',#9083,#1753);
#1302=LINE('',#9084,#1754);
#1303=LINE('',#9088,#1755);
#1304=LINE('',#9090,#1756);
#1305=LINE('',#9091,#1757);
#1306=LINE('',#9093,#1758);
#1307=LINE('',#9094,#1759);
#1308=LINE('',#9098,#1760);
#1309=LINE('',#9099,#1761);
#1310=LINE('',#9100,#1762);
#1311=LINE('',#9102,#1763);
#1312=LINE('',#9103,#1764);
#1313=LINE('',#9105,#1765);
#1314=LINE('',#9106,#1766);
#1315=LINE('',#9110,#1767);
#1316=LINE('',#9111,#1768);
#1317=LINE('',#9112,#1769);
#1318=LINE('',#9114,#1770);
#1319=LINE('',#9116,#1771);
#1320=LINE('',#9118,#1772);
#1321=LINE('',#9119,#1773);
#1322=LINE('',#9123,#1774);
#1323=LINE('',#9125,#1775);
#1324=LINE('',#9126,#1776);
#1325=LINE('',#9130,#1777);
#1326=LINE('',#9132,#1778);
#1327=LINE('',#9133,#1779);
#1328=LINE('',#9137,#1780);
#1329=LINE('',#9139,#1781);
#1330=LINE('',#9140,#1782);
#1331=LINE('',#9142,#1783);
#1332=LINE('',#9143,#1784);
#1333=LINE('',#9147,#1785);
#1334=LINE('',#9149,#1786);
#1335=LINE('',#9150,#1787);
#1336=LINE('',#9152,#1788);
#1337=LINE('',#9153,#1789);
#1338=LINE('',#9155,#1790);
#1339=LINE('',#9156,#1791);
#1340=LINE('',#9160,#1792);
#1341=LINE('',#9161,#1793);
#1342=LINE('',#9162,#1794);
#1343=LINE('',#9166,#1795);
#1344=LINE('',#9167,#1796);
#1345=LINE('',#9168,#1797);
#1346=LINE('',#9170,#1798);
#1347=LINE('',#9171,#1799);
#1348=LINE('',#9175,#1800);
#1349=LINE('',#9176,#1801);
#1350=LINE('',#9177,#1802);
#1351=LINE('',#9181,#1803);
#1352=LINE('',#9182,#1804);
#1353=LINE('',#9183,#1805);
#1354=LINE('',#9185,#1806);
#1355=LINE('',#9187,#1807);
#1356=LINE('',#9189,#1808);
#1357=LINE('',#9190,#1809);
#1358=LINE('',#9194,#1810);
#1359=LINE('',#9196,#1811);
#1360=LINE('',#9197,#1812);
#1361=LINE('',#9201,#1813);
#1362=LINE('',#9202,#1814);
#1363=LINE('',#9203,#1815);
#1364=LINE('',#9207,#1816);
#1365=LINE('',#9209,#1817);
#1366=LINE('',#9210,#1818);
#1367=LINE('',#9214,#1819);
#1368=LINE('',#9215,#1820);
#1369=LINE('',#9216,#1821);
#1370=LINE('',#9220,#1822);
#1371=LINE('',#9222,#1823);
#1372=LINE('',#9223,#1824);
#1373=LINE('',#9227,#1825);
#1374=LINE('',#9228,#1826);
#1375=LINE('',#9229,#1827);
#1376=LINE('',#9231,#1828);
#1377=LINE('',#9232,#1829);
#1378=LINE('',#9236,#1830);
#1379=LINE('',#9238,#1831);
#1380=LINE('',#9239,#1832);
#1381=LINE('',#9243,#1833);
#1382=LINE('',#9244,#1834);
#1383=LINE('',#9245,#1835);
#1384=LINE('',#9247,#1836);
#1385=LINE('',#9248,#1837);
#1386=LINE('',#9250,#1838);
#1387=LINE('',#9251,#1839);
#1388=LINE('',#9253,#1840);
#1389=LINE('',#9254,#1841);
#1390=LINE('',#9256,#1842);
#1391=LINE('',#9258,#1843);
#1392=LINE('',#9260,#1844);
#1393=LINE('',#9261,#1845);
#1394=LINE('',#9265,#1846);
#1395=LINE('',#9267,#1847);
#1396=LINE('',#9269,#1848);
#1397=LINE('',#9270,#1849);
#1398=LINE('',#9274,#1850);
#1399=LINE('',#9275,#1851);
#1400=LINE('',#9276,#1852);
#1401=LINE('',#9280,#1853);
#1402=LINE('',#9282,#1854);
#1403=LINE('',#9284,#1855);
#1404=LINE('',#9285,#1856);
#1405=LINE('',#9289,#1857);
#1406=LINE('',#9290,#1858);
#1407=LINE('',#9291,#1859);
#1408=LINE('',#9295,#1860);
#1409=LINE('',#9297,#1861);
#1410=LINE('',#9299,#1862);
#1411=LINE('',#9300,#1863);
#1412=LINE('',#9304,#1864);
#1413=LINE('',#9305,#1865);
#1414=LINE('',#9306,#1866);
#1415=LINE('',#9308,#1867);
#1416=LINE('',#9309,#1868);
#1417=LINE('',#9313,#1869);
#1418=LINE('',#9315,#1870);
#1419=LINE('',#9317,#1871);
#1420=LINE('',#9318,#1872);
#1421=LINE('',#9322,#1873);
#1422=LINE('',#9323,#1874);
#1423=LINE('',#9324,#1875);
#1424=LINE('',#9326,#1876);
#1425=LINE('',#9327,#1877);
#1426=LINE('',#9329,#1878);
#1427=LINE('',#9330,#1879);
#1428=LINE('',#9332,#1880);
#1429=LINE('',#9333,#1881);
#1430=LINE('',#9335,#1882);
#1431=LINE('',#9337,#1883);
#1432=LINE('',#9339,#1884);
#1433=LINE('',#9340,#1885);
#1434=LINE('',#9342,#1886);
#1435=LINE('',#9343,#1887);
#1436=VECTOR('',#5044,10.);
#1437=VECTOR('',#5045,10.);
#1438=VECTOR('',#5046,10.);
#1439=VECTOR('',#5047,10.);
#1440=VECTOR('',#5048,10.);
#1441=VECTOR('',#5049,10.);
#1442=VECTOR('',#5050,10.);
#1443=VECTOR('',#5051,10.);
#1444=VECTOR('',#5052,10.);
#1445=VECTOR('',#5053,10.);
#1446=VECTOR('',#5054,10.);
#1447=VECTOR('',#5055,10.);
#1448=VECTOR('',#5056,10.);
#1449=VECTOR('',#5057,10.);
#1450=VECTOR('',#5060,10.);
#1451=VECTOR('',#5061,10.);
#1452=VECTOR('',#5062,10.);
#1453=VECTOR('',#5065,10.);
#1454=VECTOR('',#5066,10.);
#1455=VECTOR('',#5069,10.);
#1456=VECTOR('',#5070,10.);
#1457=VECTOR('',#5073,10.);
#1458=VECTOR('',#5074,10.);
#1459=VECTOR('',#5077,10.);
#1460=VECTOR('',#5078,10.);
#1461=VECTOR('',#5081,10.);
#1462=VECTOR('',#5082,10.);
#1463=VECTOR('',#5085,10.);
#1464=VECTOR('',#5086,10.);
#1465=VECTOR('',#5089,10.);
#1466=VECTOR('',#5090,10.);
#1467=VECTOR('',#5093,10.);
#1468=VECTOR('',#5094,10.);
#1469=VECTOR('',#5097,10.);
#1470=VECTOR('',#5098,10.);
#1471=VECTOR('',#5101,10.);
#1472=VECTOR('',#5104,10.);
#1473=VECTOR('',#5105,10.);
#1474=VECTOR('',#5106,10.);
#1475=VECTOR('',#5109,10.);
#1476=VECTOR('',#5110,10.);
#1477=VECTOR('',#5113,10.);
#1478=VECTOR('',#5116,10.);
#1479=VECTOR('',#5117,10.);
#1480=VECTOR('',#5118,10.);
#1481=VECTOR('',#5119,10.);
#1482=VECTOR('',#5120,10.);
#1483=VECTOR('',#5121,10.);
#1484=VECTOR('',#5122,10.);
#1485=VECTOR('',#5123,10.);
#1486=VECTOR('',#5124,10.);
#1487=VECTOR('',#5125,10.);
#1488=VECTOR('',#5126,10.);
#1489=VECTOR('',#5127,10.);
#1490=VECTOR('',#5128,10.);
#1491=VECTOR('',#5129,10.);
#1492=VECTOR('',#5130,10.);
#1493=VECTOR('',#5131,10.);
#1494=VECTOR('',#5132,10.);
#1495=VECTOR('',#5133,10.);
#1496=VECTOR('',#5134,10.);
#1497=VECTOR('',#5135,10.);
#1498=VECTOR('',#5142,10.);
#1499=VECTOR('',#5143,10.);
#1500=VECTOR('',#5144,10.);
#1501=VECTOR('',#5145,10.);
#1502=VECTOR('',#5146,10.);
#1503=VECTOR('',#5147,10.);
#1504=VECTOR('',#5148,10.);
#1505=VECTOR('',#5149,10.);
#1506=VECTOR('',#5150,10.);
#1507=VECTOR('',#5151,10.);
#1508=VECTOR('',#5152,10.);
#1509=VECTOR('',#5153,10.);
#1510=VECTOR('',#5154,10.);
#1511=VECTOR('',#5155,10.);
#1512=VECTOR('',#5156,10.);
#1513=VECTOR('',#5159,10.);
#1514=VECTOR('',#5160,10.);
#1515=VECTOR('',#5161,10.);
#1516=VECTOR('',#5162,10.);
#1517=VECTOR('',#5163,10.);
#1518=VECTOR('',#5164,10.);
#1519=VECTOR('',#5165,10.);
#1520=VECTOR('',#5166,10.);
#1521=VECTOR('',#5169,10.);
#1522=VECTOR('',#5170,10.);
#1523=VECTOR('',#5171,10.);
#1524=VECTOR('',#5172,10.);
#1525=VECTOR('',#5173,10.);
#1526=VECTOR('',#5174,10.);
#1527=VECTOR('',#5175,10.);
#1528=VECTOR('',#5176,10.);
#1529=VECTOR('',#5177,10.);
#1530=VECTOR('',#5180,10.);
#1531=VECTOR('',#5181,10.);
#1532=VECTOR('',#5184,10.);
#1533=VECTOR('',#5185,10.);
#1534=VECTOR('',#5186,10.);
#1535=VECTOR('',#5187,10.);
#1536=VECTOR('',#5188,10.);
#1537=VECTOR('',#5189,10.);
#1538=VECTOR('',#5190,10.);
#1539=VECTOR('',#5191,10.);
#1540=VECTOR('',#5192,10.);
#1541=VECTOR('',#5193,10.);
#1542=VECTOR('',#5194,10.);
#1543=VECTOR('',#5195,10.);
#1544=VECTOR('',#5196,10.);
#1545=VECTOR('',#5197,10.);
#1546=VECTOR('',#5198,10.);
#1547=VECTOR('',#5199,10.);
#1548=VECTOR('',#5200,10.);
#1549=VECTOR('',#5201,10.);
#1550=VECTOR('',#5202,10.);
#1551=VECTOR('',#5203,10.);
#1552=VECTOR('',#5208,10.);
#1553=VECTOR('',#5209,10.);
#1554=VECTOR('',#5210,10.);
#1555=VECTOR('',#5211,10.);
#1556=VECTOR('',#5212,10.);
#1557=VECTOR('',#5213,10.);
#1558=VECTOR('',#5214,10.);
#1559=VECTOR('',#5215,10.);
#1560=VECTOR('',#5216,10.);
#1561=VECTOR('',#5217,10.);
#1562=VECTOR('',#5218,10.);
#1563=VECTOR('',#5219,10.);
#1564=VECTOR('',#5220,10.);
#1565=VECTOR('',#5221,10.);
#1566=VECTOR('',#5224,10.);
#1567=VECTOR('',#5225,10.);
#1568=VECTOR('',#5226,10.);
#1569=VECTOR('',#5227,10.);
#1570=VECTOR('',#5228,10.);
#1571=VECTOR('',#5229,10.);
#1572=VECTOR('',#5230,10.);
#1573=VECTOR('',#5231,10.);
#1574=VECTOR('',#5232,10.);
#1575=VECTOR('',#5233,10.);
#1576=VECTOR('',#5236,10.);
#1577=VECTOR('',#5237,10.);
#1578=VECTOR('',#5240,10.);
#1579=VECTOR('',#5241,10.);
#1580=VECTOR('',#5244,10.);
#1581=VECTOR('',#5247,10.);
#1582=VECTOR('',#5248,10.);
#1583=VECTOR('',#5249,10.);
#1584=VECTOR('',#5250,10.);
#1585=VECTOR('',#5251,10.);
#1586=VECTOR('',#5252,10.);
#1587=VECTOR('',#5253,10.);
#1588=VECTOR('',#5254,10.);
#1589=VECTOR('',#5255,10.);
#1590=VECTOR('',#5256,10.);
#1591=VECTOR('',#5257,10.);
#1592=VECTOR('',#5258,10.);
#1593=VECTOR('',#5259,10.);
#1594=VECTOR('',#5260,10.);
#1595=VECTOR('',#5261,10.);
#1596=VECTOR('',#5262,10.);
#1597=VECTOR('',#5263,10.);
#1598=VECTOR('',#5264,10.);
#1599=VECTOR('',#5265,10.);
#1600=VECTOR('',#5266,10.);
#1601=VECTOR('',#5271,10.);
#1602=VECTOR('',#5272,10.);
#1603=VECTOR('',#5273,10.);
#1604=VECTOR('',#5274,10.);
#1605=VECTOR('',#5275,10.);
#1606=VECTOR('',#5278,10.);
#1607=VECTOR('',#5279,10.);
#1608=VECTOR('',#5280,10.);
#1609=VECTOR('',#5281,10.);
#1610=VECTOR('',#5282,10.);
#1611=VECTOR('',#5285,10.);
#1612=VECTOR('',#5286,10.);
#1613=VECTOR('',#5287,10.);
#1614=VECTOR('',#5290,10.);
#1615=VECTOR('',#5291,10.);
#1616=VECTOR('',#5294,10.);
#1617=VECTOR('',#5295,10.);
#1618=VECTOR('',#5298,10.);
#1619=VECTOR('',#5301,10.);
#1620=VECTOR('',#5302,10.);
#1621=VECTOR('',#5303,10.);
#1622=VECTOR('',#5304,10.);
#1623=VECTOR('',#5305,10.);
#1624=VECTOR('',#5306,10.);
#1625=VECTOR('',#5307,10.);
#1626=VECTOR('',#5308,10.);
#1627=VECTOR('',#5309,10.);
#1628=VECTOR('',#5310,10.);
#1629=VECTOR('',#5311,10.);
#1630=VECTOR('',#5312,10.);
#1631=VECTOR('',#5315,10.);
#1632=VECTOR('',#5316,10.);
#1633=VECTOR('',#5317,10.);
#1634=VECTOR('',#5320,10.);
#1635=VECTOR('',#5321,10.);
#1636=VECTOR('',#5324,10.);
#1637=VECTOR('',#5325,10.);
#1638=VECTOR('',#5328,10.);
#1639=VECTOR('',#5329,10.);
#1640=VECTOR('',#5332,10.);
#1641=VECTOR('',#5333,10.);
#1642=VECTOR('',#5336,10.);
#1643=VECTOR('',#5337,10.);
#1644=VECTOR('',#5340,10.);
#1645=VECTOR('',#5341,10.);
#1646=VECTOR('',#5344,10.);
#1647=VECTOR('',#5345,10.);
#1648=VECTOR('',#5348,10.);
#1649=VECTOR('',#5349,10.);
#1650=VECTOR('',#5352,10.);
#1651=VECTOR('',#5353,10.);
#1652=VECTOR('',#5356,10.);
#1653=VECTOR('',#5357,10.);
#1654=VECTOR('',#5360,10.);
#1655=VECTOR('',#5363,10.);
#1656=VECTOR('',#5364,10.);
#1657=VECTOR('',#5365,10.);
#1658=VECTOR('',#5366,10.);
#1659=VECTOR('',#5367,10.);
#1660=VECTOR('',#5368,10.);
#1661=VECTOR('',#5369,10.);
#1662=VECTOR('',#5370,10.);
#1663=VECTOR('',#5371,10.);
#1664=VECTOR('',#5372,10.);
#1665=VECTOR('',#5373,10.);
#1666=VECTOR('',#5374,10.);
#1667=VECTOR('',#5375,10.);
#1668=VECTOR('',#5376,10.);
#1669=VECTOR('',#5377,10.);
#1670=VECTOR('',#5378,10.);
#1671=VECTOR('',#5379,10.);
#1672=VECTOR('',#5380,10.);
#1673=VECTOR('',#5381,10.);
#1674=VECTOR('',#5382,10.);
#1675=VECTOR('',#5385,10.);
#1676=VECTOR('',#5386,10.);
#1677=VECTOR('',#5387,10.);
#1678=VECTOR('',#5388,10.);
#1679=VECTOR('',#5389,10.);
#1680=VECTOR('',#5390,10.);
#1681=VECTOR('',#5391,10.);
#1682=VECTOR('',#5392,10.);
#1683=VECTOR('',#5393,10.);
#1684=VECTOR('',#5396,10.);
#1685=VECTOR('',#5397,10.);
#1686=VECTOR('',#5398,10.);
#1687=VECTOR('',#5401,10.);
#1688=VECTOR('',#5402,10.);
#1689=VECTOR('',#5405,10.);
#1690=VECTOR('',#5406,10.);
#1691=VECTOR('',#5409,10.);
#1692=VECTOR('',#5410,10.);
#1693=VECTOR('',#5413,10.);
#1694=VECTOR('',#5414,10.);
#1695=VECTOR('',#5417,10.);
#1696=VECTOR('',#5418,10.);
#1697=VECTOR('',#5421,10.);
#1698=VECTOR('',#5422,10.);
#1699=VECTOR('',#5425,10.);
#1700=VECTOR('',#5426,10.);
#1701=VECTOR('',#5429,10.);
#1702=VECTOR('',#5436,15.);
#1703=VECTOR('',#5441,15.);
#1704=VECTOR('',#5444,10.);
#1705=VECTOR('',#5445,10.);
#1706=VECTOR('',#5446,10.);
#1707=VECTOR('',#5449,10.);
#1708=VECTOR('',#5450,10.);
#1709=VECTOR('',#5451,10.);
#1710=VECTOR('',#5454,10.);
#1711=VECTOR('',#5455,10.);
#1712=VECTOR('',#5456,10.);
#1713=VECTOR('',#5459,10.);
#1714=VECTOR('',#5460,10.);
#1715=VECTOR('',#5463,10.);
#1716=VECTOR('',#5464,10.);
#1717=VECTOR('',#5465,10.);
#1718=VECTOR('',#5468,10.);
#1719=VECTOR('',#5469,10.);
#1720=VECTOR('',#5470,10.);
#1721=VECTOR('',#5473,10.);
#1722=VECTOR('',#5474,10.);
#1723=VECTOR('',#5475,10.);
#1724=VECTOR('',#5478,10.);
#1725=VECTOR('',#5479,10.);
#1726=VECTOR('',#5482,10.);
#1727=VECTOR('',#5483,10.);
#1728=VECTOR('',#5486,10.);
#1729=VECTOR('',#5487,10.);
#1730=VECTOR('',#5488,10.);
#1731=VECTOR('',#5491,10.);
#1732=VECTOR('',#5492,10.);
#1733=VECTOR('',#5495,10.);
#1734=VECTOR('',#5496,10.);
#1735=VECTOR('',#5497,10.);
#1736=VECTOR('',#5500,10.);
#1737=VECTOR('',#5503,10.);
#1738=VECTOR('',#5508,10.);
#1739=VECTOR('',#5509,10.);
#1740=VECTOR('',#5510,10.);
#1741=VECTOR('',#5513,10.);
#1742=VECTOR('',#5514,10.);
#1743=VECTOR('',#5515,10.);
#1744=VECTOR('',#5518,10.);
#1745=VECTOR('',#5519,10.);
#1746=VECTOR('',#5520,10.);
#1747=VECTOR('',#5523,10.);
#1748=VECTOR('',#5524,10.);
#1749=VECTOR('',#5527,10.);
#1750=VECTOR('',#5528,10.);
#1751=VECTOR('',#5529,10.);
#1752=VECTOR('',#5532,10.);
#1753=VECTOR('',#5533,10.);
#1754=VECTOR('',#5534,10.);
#1755=VECTOR('',#5537,10.);
#1756=VECTOR('',#5538,10.);
#1757=VECTOR('',#5539,10.);
#1758=VECTOR('',#5542,10.);
#1759=VECTOR('',#5543,10.);
#1760=VECTOR('',#5546,10.);
#1761=VECTOR('',#5547,10.);
#1762=VECTOR('',#5548,10.);
#1763=VECTOR('',#5551,10.);
#1764=VECTOR('',#5552,10.);
#1765=VECTOR('',#5555,10.);
#1766=VECTOR('',#5556,10.);
#1767=VECTOR('',#5559,10.);
#1768=VECTOR('',#5560,10.);
#1769=VECTOR('',#5561,10.);
#1770=VECTOR('',#5564,10.);
#1771=VECTOR('',#5567,10.);
#1772=VECTOR('',#5570,10.);
#1773=VECTOR('',#5571,10.);
#1774=VECTOR('',#5574,10.);
#1775=VECTOR('',#5575,10.);
#1776=VECTOR('',#5576,10.);
#1777=VECTOR('',#5579,10.);
#1778=VECTOR('',#5580,10.);
#1779=VECTOR('',#5581,10.);
#1780=VECTOR('',#5584,10.);
#1781=VECTOR('',#5585,10.);
#1782=VECTOR('',#5586,10.);
#1783=VECTOR('',#5589,10.);
#1784=VECTOR('',#5590,10.);
#1785=VECTOR('',#5593,10.);
#1786=VECTOR('',#5594,10.);
#1787=VECTOR('',#5595,10.);
#1788=VECTOR('',#5598,10.);
#1789=VECTOR('',#5599,10.);
#1790=VECTOR('',#5602,10.);
#1791=VECTOR('',#5603,10.);
#1792=VECTOR('',#5606,10.);
#1793=VECTOR('',#5607,10.);
#1794=VECTOR('',#5608,10.);
#1795=VECTOR('',#5611,10.);
#1796=VECTOR('',#5612,10.);
#1797=VECTOR('',#5613,10.);
#1798=VECTOR('',#5616,10.);
#1799=VECTOR('',#5617,10.);
#1800=VECTOR('',#5620,10.);
#1801=VECTOR('',#5621,10.);
#1802=VECTOR('',#5622,10.);
#1803=VECTOR('',#5625,10.);
#1804=VECTOR('',#5626,10.);
#1805=VECTOR('',#5627,10.);
#1806=VECTOR('',#5630,10.);
#1807=VECTOR('',#5633,10.);
#1808=VECTOR('',#5636,10.);
#1809=VECTOR('',#5637,10.);
#1810=VECTOR('',#5640,10.);
#1811=VECTOR('',#5641,10.);
#1812=VECTOR('',#5642,10.);
#1813=VECTOR('',#5645,10.);
#1814=VECTOR('',#5646,10.);
#1815=VECTOR('',#5647,10.);
#1816=VECTOR('',#5650,10.);
#1817=VECTOR('',#5651,10.);
#1818=VECTOR('',#5652,10.);
#1819=VECTOR('',#5655,10.);
#1820=VECTOR('',#5656,10.);
#1821=VECTOR('',#5657,10.);
#1822=VECTOR('',#5660,10.);
#1823=VECTOR('',#5661,10.);
#1824=VECTOR('',#5662,10.);
#1825=VECTOR('',#5665,10.);
#1826=VECTOR('',#5666,10.);
#1827=VECTOR('',#5667,10.);
#1828=VECTOR('',#5670,10.);
#1829=VECTOR('',#5671,10.);
#1830=VECTOR('',#5674,10.);
#1831=VECTOR('',#5675,10.);
#1832=VECTOR('',#5676,10.);
#1833=VECTOR('',#5679,10.);
#1834=VECTOR('',#5680,10.);
#1835=VECTOR('',#5681,10.);
#1836=VECTOR('',#5684,10.);
#1837=VECTOR('',#5685,10.);
#1838=VECTOR('',#5688,10.);
#1839=VECTOR('',#5689,10.);
#1840=VECTOR('',#5692,10.);
#1841=VECTOR('',#5693,10.);
#1842=VECTOR('',#5696,10.);
#1843=VECTOR('',#5699,10.);
#1844=VECTOR('',#5702,10.);
#1845=VECTOR('',#5703,10.);
#1846=VECTOR('',#5706,10.);
#1847=VECTOR('',#5707,10.);
#1848=VECTOR('',#5708,10.);
#1849=VECTOR('',#5709,10.);
#1850=VECTOR('',#5712,10.);
#1851=VECTOR('',#5713,10.);
#1852=VECTOR('',#5714,10.);
#1853=VECTOR('',#5717,10.);
#1854=VECTOR('',#5718,10.);
#1855=VECTOR('',#5719,10.);
#1856=VECTOR('',#5720,10.);
#1857=VECTOR('',#5723,10.);
#1858=VECTOR('',#5724,10.);
#1859=VECTOR('',#5725,10.);
#1860=VECTOR('',#5728,10.);
#1861=VECTOR('',#5729,10.);
#1862=VECTOR('',#5730,10.);
#1863=VECTOR('',#5731,10.);
#1864=VECTOR('',#5734,10.);
#1865=VECTOR('',#5735,10.);
#1866=VECTOR('',#5736,10.);
#1867=VECTOR('',#5739,10.);
#1868=VECTOR('',#5740,10.);
#1869=VECTOR('',#5743,10.);
#1870=VECTOR('',#5744,10.);
#1871=VECTOR('',#5745,10.);
#1872=VECTOR('',#5746,10.);
#1873=VECTOR('',#5749,10.);
#1874=VECTOR('',#5750,10.);
#1875=VECTOR('',#5751,10.);
#1876=VECTOR('',#5754,10.);
#1877=VECTOR('',#5755,10.);
#1878=VECTOR('',#5758,10.);
#1879=VECTOR('',#5759,10.);
#1880=VECTOR('',#5762,10.);
#1881=VECTOR('',#5763,10.);
#1882=VECTOR('',#5766,10.);
#1883=VECTOR('',#5769,10.);
#1884=VECTOR('',#5772,10.);
#1885=VECTOR('',#5773,10.);
#1886=VECTOR('',#5776,10.);
#1887=VECTOR('',#5777,10.);
#1888=VERTEX_POINT('',#5800);
#1889=VERTEX_POINT('',#5801);
#1890=VERTEX_POINT('',#5803);
#1891=VERTEX_POINT('',#5805);
#1892=VERTEX_POINT('',#5807);
#1893=VERTEX_POINT('',#5809);
#1894=VERTEX_POINT('',#5811);
#1895=VERTEX_POINT('',#5813);
#1896=VERTEX_POINT('',#5815);
#1897=VERTEX_POINT('',#5817);
#1898=VERTEX_POINT('',#5819);
#1899=VERTEX_POINT('',#5822);
#1900=VERTEX_POINT('',#5823);
#1901=VERTEX_POINT('',#5825);
#1902=VERTEX_POINT('',#5829);
#1903=VERTEX_POINT('',#5831);
#1904=VERTEX_POINT('',#5835);
#1905=VERTEX_POINT('',#5839);
#1906=VERTEX_POINT('',#5843);
#1907=VERTEX_POINT('',#5847);
#1908=VERTEX_POINT('',#5851);
#1909=VERTEX_POINT('',#5855);
#1910=VERTEX_POINT('',#5859);
#1911=VERTEX_POINT('',#5863);
#1912=VERTEX_POINT('',#5867);
#1913=VERTEX_POINT('',#5873);
#1914=VERTEX_POINT('',#5875);
#1915=VERTEX_POINT('',#5879);
#1916=VERTEX_POINT('',#5885);
#1917=VERTEX_POINT('',#5886);
#1918=VERTEX_POINT('',#5892);
#1919=VERTEX_POINT('',#5898);
#1920=VERTEX_POINT('',#5904);
#1921=VERTEX_POINT('',#5910);
#1922=VERTEX_POINT('',#5916);
#1923=VERTEX_POINT('',#5922);
#1924=VERTEX_POINT('',#5933);
#1925=VERTEX_POINT('',#5934);
#1926=VERTEX_POINT('',#5940);
#1927=VERTEX_POINT('',#5946);
#1928=VERTEX_POINT('',#5952);
#1929=VERTEX_POINT('',#5958);
#1930=VERTEX_POINT('',#5964);
#1931=VERTEX_POINT('',#5970);
#1932=VERTEX_POINT('',#5976);
#1933=VERTEX_POINT('',#5982);
#1934=VERTEX_POINT('',#5988);
#1935=VERTEX_POINT('',#5994);
#1936=VERTEX_POINT('',#6015);
#1937=VERTEX_POINT('',#6017);
#1938=VERTEX_POINT('',#6034);
#1939=VERTEX_POINT('',#6051);
#1940=VERTEX_POINT('',#6068);
#1941=VERTEX_POINT('',#6085);
#1942=VERTEX_POINT('',#6102);
#1943=VERTEX_POINT('',#6119);
#1944=VERTEX_POINT('',#6151);
#1945=VERTEX_POINT('',#6153);
#1946=VERTEX_POINT('',#6170);
#1947=VERTEX_POINT('',#6187);
#1948=VERTEX_POINT('',#6204);
#1949=VERTEX_POINT('',#6221);
#1950=VERTEX_POINT('',#6238);
#1951=VERTEX_POINT('',#6255);
#1952=VERTEX_POINT('',#6272);
#1953=VERTEX_POINT('',#6289);
#1954=VERTEX_POINT('',#6306);
#1955=VERTEX_POINT('',#6323);
#1956=VERTEX_POINT('',#6348);
#1957=VERTEX_POINT('',#6349);
#1958=VERTEX_POINT('',#6355);
#1959=VERTEX_POINT('',#6361);
#1960=VERTEX_POINT('',#6367);
#1961=VERTEX_POINT('',#6373);
#1962=VERTEX_POINT('',#6379);
#1963=VERTEX_POINT('',#6385);
#1964=VERTEX_POINT('',#6391);
#1965=VERTEX_POINT('',#6397);
#1966=VERTEX_POINT('',#6403);
#1967=VERTEX_POINT('',#6409);
#1968=VERTEX_POINT('',#6415);
#1969=VERTEX_POINT('',#6417);
#1970=VERTEX_POINT('',#6423);
#1971=VERTEX_POINT('',#6429);
#1972=VERTEX_POINT('',#6435);
#1973=VERTEX_POINT('',#6441);
#1974=VERTEX_POINT('',#6447);
#1975=VERTEX_POINT('',#6453);
#1976=VERTEX_POINT('',#6455);
#1977=VERTEX_POINT('',#6461);
#1978=VERTEX_POINT('',#6467);
#1979=VERTEX_POINT('',#6473);
#1980=VERTEX_POINT('',#6479);
#1981=VERTEX_POINT('',#6485);
#1982=VERTEX_POINT('',#6491);
#1983=VERTEX_POINT('',#6497);
#1984=VERTEX_POINT('',#6514);
#1985=VERTEX_POINT('',#6516);
#1986=VERTEX_POINT('',#6533);
#1987=VERTEX_POINT('',#6550);
#1988=VERTEX_POINT('',#6567);
#1989=VERTEX_POINT('',#6584);
#1990=VERTEX_POINT('',#6601);
#1991=VERTEX_POINT('',#6618);
#1992=VERTEX_POINT('',#6635);
#1993=VERTEX_POINT('',#6652);
#1994=VERTEX_POINT('',#6669);
#1995=VERTEX_POINT('',#6686);
#1996=VERTEX_POINT('',#6694);
#1997=VERTEX_POINT('',#6707);
#1998=VERTEX_POINT('',#6724);
#1999=VERTEX_POINT('',#6741);
#2000=VERTEX_POINT('',#6758);
#2001=VERTEX_POINT('',#6775);
#2002=VERTEX_POINT('',#6792);
#2003=VERTEX_POINT('',#6800);
#2004=VERTEX_POINT('',#6813);
#2005=VERTEX_POINT('',#6830);
#2006=VERTEX_POINT('',#6847);
#2007=VERTEX_POINT('',#6864);
#2008=VERTEX_POINT('',#6881);
#2009=VERTEX_POINT('',#6898);
#2010=VERTEX_POINT('',#6915);
#2011=VERTEX_POINT('',#6923);
#2012=VERTEX_POINT('',#6942);
#2013=VERTEX_POINT('',#6943);
#2014=VERTEX_POINT('',#6949);
#2015=VERTEX_POINT('',#6955);
#2016=VERTEX_POINT('',#6961);
#2017=VERTEX_POINT('',#6967);
#2018=VERTEX_POINT('',#6973);
#2019=VERTEX_POINT('',#6979);
#2020=VERTEX_POINT('',#6990);
#2021=VERTEX_POINT('',#6991);
#2022=VERTEX_POINT('',#6997);
#2023=VERTEX_POINT('',#7003);
#2024=VERTEX_POINT('',#7009);
#2025=VERTEX_POINT('',#7015);
#2026=VERTEX_POINT('',#7021);
#2027=VERTEX_POINT('',#7027);
#2028=VERTEX_POINT('',#7033);
#2029=VERTEX_POINT('',#7039);
#2030=VERTEX_POINT('',#7045);
#2031=VERTEX_POINT('',#7051);
#2032=VERTEX_POINT('',#7072);
#2033=VERTEX_POINT('',#7074);
#2034=VERTEX_POINT('',#7091);
#2035=VERTEX_POINT('',#7108);
#2036=VERTEX_POINT('',#7125);
#2037=VERTEX_POINT('',#7142);
#2038=VERTEX_POINT('',#7159);
#2039=VERTEX_POINT('',#7176);
#2040=VERTEX_POINT('',#7208);
#2041=VERTEX_POINT('',#7210);
#2042=VERTEX_POINT('',#7227);
#2043=VERTEX_POINT('',#7244);
#2044=VERTEX_POINT('',#7261);
#2045=VERTEX_POINT('',#7278);
#2046=VERTEX_POINT('',#7295);
#2047=VERTEX_POINT('',#7312);
#2048=VERTEX_POINT('',#7329);
#2049=VERTEX_POINT('',#7346);
#2050=VERTEX_POINT('',#7363);
#2051=VERTEX_POINT('',#7380);
#2052=VERTEX_POINT('',#7404);
#2053=VERTEX_POINT('',#7405);
#2054=VERTEX_POINT('',#7411);
#2055=VERTEX_POINT('',#7417);
#2056=VERTEX_POINT('',#7423);
#2057=VERTEX_POINT('',#7429);
#2058=VERTEX_POINT('',#7435);
#2059=VERTEX_POINT('',#7441);
#2060=VERTEX_POINT('',#7447);
#2061=VERTEX_POINT('',#7453);
#2062=VERTEX_POINT('',#7459);
#2063=VERTEX_POINT('',#7461);
#2064=VERTEX_POINT('',#7467);
#2065=VERTEX_POINT('',#7473);
#2066=VERTEX_POINT('',#7479);
#2067=VERTEX_POINT('',#7485);
#2068=VERTEX_POINT('',#7491);
#2069=VERTEX_POINT('',#7497);
#2070=VERTEX_POINT('',#7503);
#2071=VERTEX_POINT('',#7509);
#2072=VERTEX_POINT('',#7511);
#2073=VERTEX_POINT('',#7524);
#2074=VERTEX_POINT('',#7526);
#2075=VERTEX_POINT('',#7543);
#2076=VERTEX_POINT('',#7560);
#2077=VERTEX_POINT('',#7577);
#2078=VERTEX_POINT('',#7594);
#2079=VERTEX_POINT('',#7611);
#2080=VERTEX_POINT('',#7628);
#2081=VERTEX_POINT('',#7645);
#2082=VERTEX_POINT('',#7662);
#2083=VERTEX_POINT('',#7670);
#2084=VERTEX_POINT('',#7683);
#2085=VERTEX_POINT('',#7700);
#2086=VERTEX_POINT('',#7717);
#2087=VERTEX_POINT('',#7734);
#2088=VERTEX_POINT('',#7751);
#2089=VERTEX_POINT('',#7768);
#2090=VERTEX_POINT('',#7785);
#2091=VERTEX_POINT('',#7802);
#2092=VERTEX_POINT('',#7810);
#2093=VERTEX_POINT('',#7814);
#2094=VERTEX_POINT('',#7820);
#2095=VERTEX_POINT('',#7821);
#2096=VERTEX_POINT('',#7827);
#2097=VERTEX_POINT('',#7833);
#2098=VERTEX_POINT('',#7839);
#2099=VERTEX_POINT('',#7845);
#2100=VERTEX_POINT('',#7851);
#2101=VERTEX_POINT('',#7857);
#2102=VERTEX_POINT('',#7868);
#2103=VERTEX_POINT('',#7869);
#2104=VERTEX_POINT('',#7875);
#2105=VERTEX_POINT('',#7881);
#2106=VERTEX_POINT('',#7887);
#2107=VERTEX_POINT('',#7893);
#2108=VERTEX_POINT('',#7899);
#2109=VERTEX_POINT('',#7905);
#2110=VERTEX_POINT('',#7911);
#2111=VERTEX_POINT('',#7917);
#2112=VERTEX_POINT('',#7923);
#2113=VERTEX_POINT('',#7929);
#2114=VERTEX_POINT('',#7950);
#2115=VERTEX_POINT('',#7952);
#2116=VERTEX_POINT('',#7969);
#2117=VERTEX_POINT('',#7986);
#2118=VERTEX_POINT('',#8003);
#2119=VERTEX_POINT('',#8020);
#2120=VERTEX_POINT('',#8037);
#2121=VERTEX_POINT('',#8054);
#2122=VERTEX_POINT('',#8086);
#2123=VERTEX_POINT('',#8088);
#2124=VERTEX_POINT('',#8105);
#2125=VERTEX_POINT('',#8122);
#2126=VERTEX_POINT('',#8139);
#2127=VERTEX_POINT('',#8156);
#2128=VERTEX_POINT('',#8173);
#2129=VERTEX_POINT('',#8190);
#2130=VERTEX_POINT('',#8207);
#2131=VERTEX_POINT('',#8224);
#2132=VERTEX_POINT('',#8241);
#2133=VERTEX_POINT('',#8258);
#2134=VERTEX_POINT('',#8282);
#2135=VERTEX_POINT('',#8283);
#2136=VERTEX_POINT('',#8285);
#2137=VERTEX_POINT('',#8291);
#2138=VERTEX_POINT('',#8297);
#2139=VERTEX_POINT('',#8299);
#2140=VERTEX_POINT('',#8305);
#2141=VERTEX_POINT('',#8307);
#2142=VERTEX_POINT('',#8311);
#2143=VERTEX_POINT('',#8313);
#2144=VERTEX_POINT('',#8326);
#2145=VERTEX_POINT('',#8343);
#2146=VERTEX_POINT('',#8351);
#2147=VERTEX_POINT('',#8364);
#2148=VERTEX_POINT('',#8372);
#2149=VERTEX_POINT('',#8376);
#2150=VERTEX_POINT('',#8382);
#2151=VERTEX_POINT('',#8383);
#2152=VERTEX_POINT('',#8385);
#2153=VERTEX_POINT('',#8387);
#2154=VERTEX_POINT('',#8389);
#2155=VERTEX_POINT('',#8391);
#2156=VERTEX_POINT('',#8393);
#2157=VERTEX_POINT('',#8395);
#2158=VERTEX_POINT('',#8397);
#2159=VERTEX_POINT('',#8399);
#2160=VERTEX_POINT('',#8401);
#2161=VERTEX_POINT('',#8403);
#2162=VERTEX_POINT('',#8407);
#2163=VERTEX_POINT('',#8409);
#2164=VERTEX_POINT('',#8413);
#2165=VERTEX_POINT('',#8417);
#2166=VERTEX_POINT('',#8421);
#2167=VERTEX_POINT('',#8425);
#2168=VERTEX_POINT('',#8429);
#2169=VERTEX_POINT('',#8433);
#2170=VERTEX_POINT('',#8437);
#2171=VERTEX_POINT('',#8441);
#2172=VERTEX_POINT('',#8445);
#2173=VERTEX_POINT('',#8449);
#2174=VERTEX_POINT('',#8455);
#2175=VERTEX_POINT('',#8456);
#2176=VERTEX_POINT('',#8462);
#2177=VERTEX_POINT('',#8468);
#2178=VERTEX_POINT('',#8474);
#2179=VERTEX_POINT('',#8480);
#2180=VERTEX_POINT('',#8486);
#2181=VERTEX_POINT('',#8492);
#2182=VERTEX_POINT('',#8503);
#2183=VERTEX_POINT('',#8504);
#2184=VERTEX_POINT('',#8510);
#2185=VERTEX_POINT('',#8516);
#2186=VERTEX_POINT('',#8522);
#2187=VERTEX_POINT('',#8528);
#2188=VERTEX_POINT('',#8534);
#2189=VERTEX_POINT('',#8540);
#2190=VERTEX_POINT('',#8546);
#2191=VERTEX_POINT('',#8552);
#2192=VERTEX_POINT('',#8558);
#2193=VERTEX_POINT('',#8564);
#2194=VERTEX_POINT('',#8585);
#2195=VERTEX_POINT('',#8587);
#2196=VERTEX_POINT('',#8604);
#2197=VERTEX_POINT('',#8621);
#2198=VERTEX_POINT('',#8638);
#2199=VERTEX_POINT('',#8655);
#2200=VERTEX_POINT('',#8672);
#2201=VERTEX_POINT('',#8689);
#2202=VERTEX_POINT('',#8721);
#2203=VERTEX_POINT('',#8723);
#2204=VERTEX_POINT('',#8740);
#2205=VERTEX_POINT('',#8757);
#2206=VERTEX_POINT('',#8774);
#2207=VERTEX_POINT('',#8791);
#2208=VERTEX_POINT('',#8808);
#2209=VERTEX_POINT('',#8825);
#2210=VERTEX_POINT('',#8842);
#2211=VERTEX_POINT('',#8859);
#2212=VERTEX_POINT('',#8876);
#2213=VERTEX_POINT('',#8893);
#2214=VERTEX_POINT('',#8916);
#2215=VERTEX_POINT('',#8917);
#2216=VERTEX_POINT('',#8919);
#2217=VERTEX_POINT('',#8921);
#2218=VERTEX_POINT('',#8923);
#2219=VERTEX_POINT('',#8925);
#2220=VERTEX_POINT('',#8927);
#2221=VERTEX_POINT('',#8929);
#2222=VERTEX_POINT('',#8931);
#2223=VERTEX_POINT('',#8935);
#2224=VERTEX_POINT('',#8937);
#2225=VERTEX_POINT('',#8941);
#2226=VERTEX_POINT('',#8945);
#2227=VERTEX_POINT('',#8949);
#2228=VERTEX_POINT('',#8953);
#2229=VERTEX_POINT('',#8957);
#2230=VERTEX_POINT('',#8961);
#2231=VERTEX_POINT('',#8965);
#2232=VERTEX_POINT('',#8972);
#2233=VERTEX_POINT('',#8974);
#2234=VERTEX_POINT('',#8978);
#2235=VERTEX_POINT('',#8981);
#2236=VERTEX_POINT('',#8982);
#2237=VERTEX_POINT('',#8984);
#2238=VERTEX_POINT('',#8988);
#2239=VERTEX_POINT('',#8989);
#2240=VERTEX_POINT('',#8991);
#2241=VERTEX_POINT('',#8995);
#2242=VERTEX_POINT('',#8996);
#2243=VERTEX_POINT('',#8998);
#2244=VERTEX_POINT('',#9005);
#2245=VERTEX_POINT('',#9006);
#2246=VERTEX_POINT('',#9011);
#2247=VERTEX_POINT('',#9012);
#2248=VERTEX_POINT('',#9014);
#2249=VERTEX_POINT('',#9018);
#2250=VERTEX_POINT('',#9019);
#2251=VERTEX_POINT('',#9030);
#2252=VERTEX_POINT('',#9031);
#2253=VERTEX_POINT('',#9039);
#2254=VERTEX_POINT('',#9040);
#2255=VERTEX_POINT('',#9050);
#2256=VERTEX_POINT('',#9051);
#2257=VERTEX_POINT('',#9053);
#2258=VERTEX_POINT('',#9057);
#2259=VERTEX_POINT('',#9058);
#2260=VERTEX_POINT('',#9060);
#2261=VERTEX_POINT('',#9064);
#2262=VERTEX_POINT('',#9065);
#2263=VERTEX_POINT('',#9073);
#2264=VERTEX_POINT('',#9074);
#2265=VERTEX_POINT('',#9076);
#2266=VERTEX_POINT('',#9080);
#2267=VERTEX_POINT('',#9081);
#2268=VERTEX_POINT('',#9086);
#2269=VERTEX_POINT('',#9087);
#2270=VERTEX_POINT('',#9089);
#2271=VERTEX_POINT('',#9096);
#2272=VERTEX_POINT('',#9097);
#2273=VERTEX_POINT('',#9108);
#2274=VERTEX_POINT('',#9109);
#2275=VERTEX_POINT('',#9121);
#2276=VERTEX_POINT('',#9122);
#2277=VERTEX_POINT('',#9124);
#2278=VERTEX_POINT('',#9128);
#2279=VERTEX_POINT('',#9129);
#2280=VERTEX_POINT('',#9131);
#2281=VERTEX_POINT('',#9135);
#2282=VERTEX_POINT('',#9136);
#2283=VERTEX_POINT('',#9138);
#2284=VERTEX_POINT('',#9145);
#2285=VERTEX_POINT('',#9146);
#2286=VERTEX_POINT('',#9148);
#2287=VERTEX_POINT('',#9158);
#2288=VERTEX_POINT('',#9159);
#2289=VERTEX_POINT('',#9164);
#2290=VERTEX_POINT('',#9165);
#2291=VERTEX_POINT('',#9173);
#2292=VERTEX_POINT('',#9174);
#2293=VERTEX_POINT('',#9179);
#2294=VERTEX_POINT('',#9180);
#2295=VERTEX_POINT('',#9192);
#2296=VERTEX_POINT('',#9193);
#2297=VERTEX_POINT('',#9195);
#2298=VERTEX_POINT('',#9199);
#2299=VERTEX_POINT('',#9200);
#2300=VERTEX_POINT('',#9205);
#2301=VERTEX_POINT('',#9206);
#2302=VERTEX_POINT('',#9208);
#2303=VERTEX_POINT('',#9212);
#2304=VERTEX_POINT('',#9213);
#2305=VERTEX_POINT('',#9218);
#2306=VERTEX_POINT('',#9219);
#2307=VERTEX_POINT('',#9221);
#2308=VERTEX_POINT('',#9225);
#2309=VERTEX_POINT('',#9226);
#2310=VERTEX_POINT('',#9234);
#2311=VERTEX_POINT('',#9235);
#2312=VERTEX_POINT('',#9237);
#2313=VERTEX_POINT('',#9241);
#2314=VERTEX_POINT('',#9242);
#2315=VERTEX_POINT('',#9263);
#2316=VERTEX_POINT('',#9264);
#2317=VERTEX_POINT('',#9266);
#2318=VERTEX_POINT('',#9268);
#2319=VERTEX_POINT('',#9272);
#2320=VERTEX_POINT('',#9273);
#2321=VERTEX_POINT('',#9278);
#2322=VERTEX_POINT('',#9279);
#2323=VERTEX_POINT('',#9281);
#2324=VERTEX_POINT('',#9283);
#2325=VERTEX_POINT('',#9287);
#2326=VERTEX_POINT('',#9288);
#2327=VERTEX_POINT('',#9293);
#2328=VERTEX_POINT('',#9294);
#2329=VERTEX_POINT('',#9296);
#2330=VERTEX_POINT('',#9298);
#2331=VERTEX_POINT('',#9302);
#2332=VERTEX_POINT('',#9303);
#2333=VERTEX_POINT('',#9311);
#2334=VERTEX_POINT('',#9312);
#2335=VERTEX_POINT('',#9314);
#2336=VERTEX_POINT('',#9316);
#2337=VERTEX_POINT('',#9320);
#2338=VERTEX_POINT('',#9321);
#2339=EDGE_CURVE('',#1888,#1889,#984,.T.);
#2340=EDGE_CURVE('',#1890,#1888,#985,.T.);
#2341=EDGE_CURVE('',#1891,#1890,#986,.T.);
#2342=EDGE_CURVE('',#1892,#1891,#987,.T.);
#2343=EDGE_CURVE('',#1893,#1892,#988,.T.);
#2344=EDGE_CURVE('',#1894,#1893,#989,.T.);
#2345=EDGE_CURVE('',#1895,#1894,#990,.T.);
#2346=EDGE_CURVE('',#1896,#1895,#991,.T.);
#2347=EDGE_CURVE('',#1897,#1896,#992,.T.);
#2348=EDGE_CURVE('',#1898,#1897,#993,.T.);
#2349=EDGE_CURVE('',#1889,#1898,#994,.T.);
#2350=EDGE_CURVE('',#1899,#1900,#995,.T.);
#2351=EDGE_CURVE('',#1901,#1899,#996,.T.);
#2352=EDGE_CURVE('',#1900,#1901,#997,.T.);
#2353=EDGE_CURVE('',#1889,#1902,#998,.T.);
#2354=EDGE_CURVE('',#1903,#1902,#999,.T.);
#2355=EDGE_CURVE('',#1888,#1903,#1000,.T.);
#2356=EDGE_CURVE('',#1904,#1903,#1001,.T.);
#2357=EDGE_CURVE('',#1890,#1904,#1002,.T.);
#2358=EDGE_CURVE('',#1905,#1904,#1003,.T.);
#2359=EDGE_CURVE('',#1891,#1905,#1004,.T.);
#2360=EDGE_CURVE('',#1906,#1905,#1005,.T.);
#2361=EDGE_CURVE('',#1892,#1906,#1006,.T.);
#2362=EDGE_CURVE('',#1907,#1906,#1007,.T.);
#2363=EDGE_CURVE('',#1893,#1907,#1008,.T.);
#2364=EDGE_CURVE('',#1908,#1907,#1009,.T.);
#2365=EDGE_CURVE('',#1894,#1908,#1010,.T.);
#2366=EDGE_CURVE('',#1909,#1908,#1011,.T.);
#2367=EDGE_CURVE('',#1895,#1909,#1012,.T.);
#2368=EDGE_CURVE('',#1910,#1909,#1013,.T.);
#2369=EDGE_CURVE('',#1896,#1910,#1014,.T.);
#2370=EDGE_CURVE('',#1911,#1910,#1015,.T.);
#2371=EDGE_CURVE('',#1897,#1911,#1016,.T.);
#2372=EDGE_CURVE('',#1912,#1911,#1017,.T.);
#2373=EDGE_CURVE('',#1898,#1912,#1018,.T.);
#2374=EDGE_CURVE('',#1902,#1912,#1019,.T.);
#2375=EDGE_CURVE('',#1900,#1913,#1020,.T.);
#2376=EDGE_CURVE('',#1914,#1913,#1021,.T.);
#2377=EDGE_CURVE('',#1899,#1914,#1022,.T.);
#2378=EDGE_CURVE('',#1915,#1914,#1023,.T.);
#2379=EDGE_CURVE('',#1901,#1915,#1024,.T.);
#2380=EDGE_CURVE('',#1913,#1915,#1025,.T.);
#2381=EDGE_CURVE('',#1916,#1917,#144,.T.);
#2382=EDGE_CURVE('',#1918,#1916,#145,.T.);
#2383=EDGE_CURVE('',#1919,#1918,#146,.T.);
#2384=EDGE_CURVE('',#1920,#1919,#147,.T.);
#2385=EDGE_CURVE('',#1921,#1920,#148,.T.);
#2386=EDGE_CURVE('',#1922,#1921,#149,.T.);
#2387=EDGE_CURVE('',#1923,#1922,#150,.T.);
#2388=EDGE_CURVE('',#1917,#1923,#151,.T.);
#2389=EDGE_CURVE('',#1924,#1925,#152,.T.);
#2390=EDGE_CURVE('',#1926,#1924,#153,.T.);
#2391=EDGE_CURVE('',#1927,#1926,#154,.T.);
#2392=EDGE_CURVE('',#1928,#1927,#155,.T.);
#2393=EDGE_CURVE('',#1929,#1928,#156,.T.);
#2394=EDGE_CURVE('',#1930,#1929,#157,.T.);
#2395=EDGE_CURVE('',#1931,#1930,#158,.T.);
#2396=EDGE_CURVE('',#1932,#1931,#159,.T.);
#2397=EDGE_CURVE('',#1933,#1932,#160,.T.);
#2398=EDGE_CURVE('',#1934,#1933,#161,.T.);
#2399=EDGE_CURVE('',#1935,#1934,#162,.T.);
#2400=EDGE_CURVE('',#1925,#1935,#163,.T.);
#2401=EDGE_CURVE('',#1917,#1936,#1026,.T.);
#2402=EDGE_CURVE('',#1937,#1936,#164,.T.);
#2403=EDGE_CURVE('',#1916,#1937,#1027,.T.);
#2404=EDGE_CURVE('',#1938,#1937,#165,.T.);
#2405=EDGE_CURVE('',#1918,#1938,#1028,.T.);
#2406=EDGE_CURVE('',#1939,#1938,#166,.T.);
#2407=EDGE_CURVE('',#1919,#1939,#1029,.T.);
#2408=EDGE_CURVE('',#1940,#1939,#167,.T.);
#2409=EDGE_CURVE('',#1920,#1940,#1030,.T.);
#2410=EDGE_CURVE('',#1941,#1940,#168,.T.);
#2411=EDGE_CURVE('',#1921,#1941,#1031,.T.);
#2412=EDGE_CURVE('',#1942,#1941,#169,.T.);
#2413=EDGE_CURVE('',#1922,#1942,#1032,.T.);
#2414=EDGE_CURVE('',#1943,#1942,#170,.T.);
#2415=EDGE_CURVE('',#1923,#1943,#1033,.T.);
#2416=EDGE_CURVE('',#1936,#1943,#171,.T.);
#2417=EDGE_CURVE('',#1925,#1944,#1034,.T.);
#2418=EDGE_CURVE('',#1945,#1944,#172,.T.);
#2419=EDGE_CURVE('',#1924,#1945,#1035,.T.);
#2420=EDGE_CURVE('',#1946,#1945,#173,.T.);
#2421=EDGE_CURVE('',#1926,#1946,#1036,.T.);
#2422=EDGE_CURVE('',#1947,#1946,#174,.T.);
#2423=EDGE_CURVE('',#1927,#1947,#1037,.T.);
#2424=EDGE_CURVE('',#1948,#1947,#175,.T.);
#2425=EDGE_CURVE('',#1928,#1948,#1038,.T.);
#2426=EDGE_CURVE('',#1949,#1948,#176,.T.);
#2427=EDGE_CURVE('',#1929,#1949,#1039,.T.);
#2428=EDGE_CURVE('',#1950,#1949,#177,.T.);
#2429=EDGE_CURVE('',#1930,#1950,#1040,.T.);
#2430=EDGE_CURVE('',#1951,#1950,#178,.T.);
#2431=EDGE_CURVE('',#1931,#1951,#1041,.T.);
#2432=EDGE_CURVE('',#1952,#1951,#179,.T.);
#2433=EDGE_CURVE('',#1932,#1952,#1042,.T.);
#2434=EDGE_CURVE('',#1953,#1952,#180,.T.);
#2435=EDGE_CURVE('',#1933,#1953,#1043,.T.);
#2436=EDGE_CURVE('',#1954,#1953,#181,.T.);
#2437=EDGE_CURVE('',#1934,#1954,#1044,.T.);
#2438=EDGE_CURVE('',#1955,#1954,#182,.T.);
#2439=EDGE_CURVE('',#1935,#1955,#1045,.T.);
#2440=EDGE_CURVE('',#1944,#1955,#183,.T.);
#2441=EDGE_CURVE('',#1956,#1957,#184,.T.);
#2442=EDGE_CURVE('',#1958,#1956,#185,.T.);
#2443=EDGE_CURVE('',#1959,#1958,#186,.T.);
#2444=EDGE_CURVE('',#1960,#1959,#187,.T.);
#2445=EDGE_CURVE('',#1961,#1960,#188,.T.);
#2446=EDGE_CURVE('',#1962,#1961,#189,.T.);
#2447=EDGE_CURVE('',#1963,#1962,#190,.T.);
#2448=EDGE_CURVE('',#1964,#1963,#191,.T.);
#2449=EDGE_CURVE('',#1965,#1964,#192,.T.);
#2450=EDGE_CURVE('',#1966,#1965,#193,.T.);
#2451=EDGE_CURVE('',#1967,#1966,#194,.T.);
#2452=EDGE_CURVE('',#1968,#1967,#1046,.T.);
#2453=EDGE_CURVE('',#1969,#1968,#195,.T.);
#2454=EDGE_CURVE('',#1970,#1969,#196,.T.);
#2455=EDGE_CURVE('',#1971,#1970,#197,.T.);
#2456=EDGE_CURVE('',#1972,#1971,#198,.T.);
#2457=EDGE_CURVE('',#1973,#1972,#199,.T.);
#2458=EDGE_CURVE('',#1974,#1973,#200,.T.);
#2459=EDGE_CURVE('',#1975,#1974,#1047,.T.);
#2460=EDGE_CURVE('',#1976,#1975,#201,.T.);
#2461=EDGE_CURVE('',#1977,#1976,#202,.T.);
#2462=EDGE_CURVE('',#1978,#1977,#203,.T.);
#2463=EDGE_CURVE('',#1979,#1978,#204,.T.);
#2464=EDGE_CURVE('',#1980,#1979,#205,.T.);
#2465=EDGE_CURVE('',#1981,#1980,#206,.T.);
#2466=EDGE_CURVE('',#1982,#1981,#207,.T.);
#2467=EDGE_CURVE('',#1983,#1982,#1048,.T.);
#2468=EDGE_CURVE('',#1957,#1983,#208,.T.);
#2469=EDGE_CURVE('',#1957,#1984,#1049,.T.);
#2470=EDGE_CURVE('',#1985,#1984,#209,.T.);
#2471=EDGE_CURVE('',#1956,#1985,#1050,.T.);
#2472=EDGE_CURVE('',#1986,#1985,#210,.T.);
#2473=EDGE_CURVE('',#1958,#1986,#1051,.T.);
#2474=EDGE_CURVE('',#1987,#1986,#211,.T.);
#2475=EDGE_CURVE('',#1959,#1987,#1052,.T.);
#2476=EDGE_CURVE('',#1988,#1987,#212,.T.);
#2477=EDGE_CURVE('',#1960,#1988,#1053,.T.);
#2478=EDGE_CURVE('',#1989,#1988,#213,.T.);
#2479=EDGE_CURVE('',#1961,#1989,#1054,.T.);
#2480=EDGE_CURVE('',#1990,#1989,#214,.T.);
#2481=EDGE_CURVE('',#1962,#1990,#1055,.T.);
#2482=EDGE_CURVE('',#1991,#1990,#215,.T.);
#2483=EDGE_CURVE('',#1963,#1991,#1056,.T.);
#2484=EDGE_CURVE('',#1992,#1991,#216,.T.);
#2485=EDGE_CURVE('',#1964,#1992,#1057,.T.);
#2486=EDGE_CURVE('',#1993,#1992,#217,.T.);
#2487=EDGE_CURVE('',#1965,#1993,#1058,.T.);
#2488=EDGE_CURVE('',#1994,#1993,#218,.T.);
#2489=EDGE_CURVE('',#1966,#1994,#1059,.T.);
#2490=EDGE_CURVE('',#1995,#1994,#219,.T.);
#2491=EDGE_CURVE('',#1967,#1995,#1060,.T.);
#2492=EDGE_CURVE('',#1996,#1995,#1061,.T.);
#2493=EDGE_CURVE('',#1968,#1996,#1062,.T.);
#2494=EDGE_CURVE('',#1997,#1996,#220,.T.);
#2495=EDGE_CURVE('',#1969,#1997,#1063,.T.);
#2496=EDGE_CURVE('',#1998,#1997,#221,.T.);
#2497=EDGE_CURVE('',#1970,#1998,#1064,.T.);
#2498=EDGE_CURVE('',#1999,#1998,#222,.T.);
#2499=EDGE_CURVE('',#1971,#1999,#1065,.T.);
#2500=EDGE_CURVE('',#2000,#1999,#223,.T.);
#2501=EDGE_CURVE('',#1972,#2000,#1066,.T.);
#2502=EDGE_CURVE('',#2001,#2000,#224,.T.);
#2503=EDGE_CURVE('',#1973,#2001,#1067,.T.);
#2504=EDGE_CURVE('',#2002,#2001,#225,.T.);
#2505=EDGE_CURVE('',#1974,#2002,#1068,.T.);
#2506=EDGE_CURVE('',#2003,#2002,#1069,.T.);
#2507=EDGE_CURVE('',#1975,#2003,#1070,.T.);
#2508=EDGE_CURVE('',#2004,#2003,#226,.T.);
#2509=EDGE_CURVE('',#1976,#2004,#1071,.T.);
#2510=EDGE_CURVE('',#2005,#2004,#227,.T.);
#2511=EDGE_CURVE('',#1977,#2005,#1072,.T.);
#2512=EDGE_CURVE('',#2006,#2005,#228,.T.);
#2513=EDGE_CURVE('',#1978,#2006,#1073,.T.);
#2514=EDGE_CURVE('',#2007,#2006,#229,.T.);
#2515=EDGE_CURVE('',#1979,#2007,#1074,.T.);
#2516=EDGE_CURVE('',#2008,#2007,#230,.T.);
#2517=EDGE_CURVE('',#1980,#2008,#1075,.T.);
#2518=EDGE_CURVE('',#2009,#2008,#231,.T.);
#2519=EDGE_CURVE('',#1981,#2009,#1076,.T.);
#2520=EDGE_CURVE('',#2010,#2009,#232,.T.);
#2521=EDGE_CURVE('',#1982,#2010,#1077,.T.);
#2522=EDGE_CURVE('',#2011,#2010,#1078,.T.);
#2523=EDGE_CURVE('',#1983,#2011,#1079,.T.);
#2524=EDGE_CURVE('',#1984,#2011,#233,.T.);
#2525=EDGE_CURVE('',#2012,#2013,#234,.T.);
#2526=EDGE_CURVE('',#2014,#2012,#235,.T.);
#2527=EDGE_CURVE('',#2015,#2014,#236,.T.);
#2528=EDGE_CURVE('',#2016,#2015,#237,.T.);
#2529=EDGE_CURVE('',#2017,#2016,#238,.T.);
#2530=EDGE_CURVE('',#2018,#2017,#239,.T.);
#2531=EDGE_CURVE('',#2019,#2018,#240,.T.);
#2532=EDGE_CURVE('',#2013,#2019,#241,.T.);
#2533=EDGE_CURVE('',#2020,#2021,#242,.T.);
#2534=EDGE_CURVE('',#2022,#2020,#243,.T.);
#2535=EDGE_CURVE('',#2023,#2022,#244,.T.);
#2536=EDGE_CURVE('',#2024,#2023,#245,.T.);
#2537=EDGE_CURVE('',#2025,#2024,#246,.T.);
#2538=EDGE_CURVE('',#2026,#2025,#247,.T.);
#2539=EDGE_CURVE('',#2027,#2026,#248,.T.);
#2540=EDGE_CURVE('',#2028,#2027,#249,.T.);
#2541=EDGE_CURVE('',#2029,#2028,#250,.T.);
#2542=EDGE_CURVE('',#2030,#2029,#251,.T.);
#2543=EDGE_CURVE('',#2031,#2030,#252,.T.);
#2544=EDGE_CURVE('',#2021,#2031,#253,.T.);
#2545=EDGE_CURVE('',#2013,#2032,#1080,.T.);
#2546=EDGE_CURVE('',#2033,#2032,#254,.T.);
#2547=EDGE_CURVE('',#2012,#2033,#1081,.T.);
#2548=EDGE_CURVE('',#2034,#2033,#255,.T.);
#2549=EDGE_CURVE('',#2014,#2034,#1082,.T.);
#2550=EDGE_CURVE('',#2035,#2034,#256,.T.);
#2551=EDGE_CURVE('',#2015,#2035,#1083,.T.);
#2552=EDGE_CURVE('',#2036,#2035,#257,.T.);
#2553=EDGE_CURVE('',#2016,#2036,#1084,.T.);
#2554=EDGE_CURVE('',#2037,#2036,#258,.T.);
#2555=EDGE_CURVE('',#2017,#2037,#1085,.T.);
#2556=EDGE_CURVE('',#2038,#2037,#259,.T.);
#2557=EDGE_CURVE('',#2018,#2038,#1086,.T.);
#2558=EDGE_CURVE('',#2039,#2038,#260,.T.);
#2559=EDGE_CURVE('',#2019,#2039,#1087,.T.);
#2560=EDGE_CURVE('',#2032,#2039,#261,.T.);
#2561=EDGE_CURVE('',#2021,#2040,#1088,.T.);
#2562=EDGE_CURVE('',#2041,#2040,#262,.T.);
#2563=EDGE_CURVE('',#2020,#2041,#1089,.T.);
#2564=EDGE_CURVE('',#2042,#2041,#263,.T.);
#2565=EDGE_CURVE('',#2022,#2042,#1090,.T.);
#2566=EDGE_CURVE('',#2043,#2042,#264,.T.);
#2567=EDGE_CURVE('',#2023,#2043,#1091,.T.);
#2568=EDGE_CURVE('',#2044,#2043,#265,.T.);
#2569=EDGE_CURVE('',#2024,#2044,#1092,.T.);
#2570=EDGE_CURVE('',#2045,#2044,#266,.T.);
#2571=EDGE_CURVE('',#2025,#2045,#1093,.T.);
#2572=EDGE_CURVE('',#2046,#2045,#267,.T.);
#2573=EDGE_CURVE('',#2026,#2046,#1094,.T.);
#2574=EDGE_CURVE('',#2047,#2046,#268,.T.);
#2575=EDGE_CURVE('',#2027,#2047,#1095,.T.);
#2576=EDGE_CURVE('',#2048,#2047,#269,.T.);
#2577=EDGE_CURVE('',#2028,#2048,#1096,.T.);
#2578=EDGE_CURVE('',#2049,#2048,#270,.T.);
#2579=EDGE_CURVE('',#2029,#2049,#1097,.T.);
#2580=EDGE_CURVE('',#2050,#2049,#271,.T.);
#2581=EDGE_CURVE('',#2030,#2050,#1098,.T.);
#2582=EDGE_CURVE('',#2051,#2050,#272,.T.);
#2583=EDGE_CURVE('',#2031,#2051,#1099,.T.);
#2584=EDGE_CURVE('',#2040,#2051,#273,.T.);
#2585=EDGE_CURVE('',#2052,#2053,#274,.T.);
#2586=EDGE_CURVE('',#2054,#2052,#275,.T.);
#2587=EDGE_CURVE('',#2055,#2054,#276,.T.);
#2588=EDGE_CURVE('',#2056,#2055,#277,.T.);
#2589=EDGE_CURVE('',#2057,#2056,#278,.T.);
#2590=EDGE_CURVE('',#2058,#2057,#279,.T.);
#2591=EDGE_CURVE('',#2059,#2058,#280,.T.);
#2592=EDGE_CURVE('',#2060,#2059,#281,.T.);
#2593=EDGE_CURVE('',#2061,#2060,#282,.T.);
#2594=EDGE_CURVE('',#2062,#2061,#1100,.T.);
#2595=EDGE_CURVE('',#2063,#2062,#283,.T.);
#2596=EDGE_CURVE('',#2064,#2063,#284,.T.);
#2597=EDGE_CURVE('',#2065,#2064,#285,.T.);
#2598=EDGE_CURVE('',#2066,#2065,#286,.T.);
#2599=EDGE_CURVE('',#2067,#2066,#287,.T.);
#2600=EDGE_CURVE('',#2068,#2067,#288,.T.);
#2601=EDGE_CURVE('',#2069,#2068,#289,.T.);
#2602=EDGE_CURVE('',#2070,#2069,#290,.T.);
#2603=EDGE_CURVE('',#2071,#2070,#1101,.T.);
#2604=EDGE_CURVE('',#2072,#2071,#1102,.T.);
#2605=EDGE_CURVE('',#2053,#2072,#1103,.T.);
#2606=EDGE_CURVE('',#2053,#2073,#1104,.T.);
#2607=EDGE_CURVE('',#2074,#2073,#291,.T.);
#2608=EDGE_CURVE('',#2052,#2074,#1105,.T.);
#2609=EDGE_CURVE('',#2075,#2074,#292,.T.);
#2610=EDGE_CURVE('',#2054,#2075,#1106,.T.);
#2611=EDGE_CURVE('',#2076,#2075,#293,.T.);
#2612=EDGE_CURVE('',#2055,#2076,#1107,.T.);
#2613=EDGE_CURVE('',#2077,#2076,#294,.T.);
#2614=EDGE_CURVE('',#2056,#2077,#1108,.T.);
#2615=EDGE_CURVE('',#2078,#2077,#295,.T.);
#2616=EDGE_CURVE('',#2057,#2078,#1109,.T.);
#2617=EDGE_CURVE('',#2079,#2078,#296,.T.);
#2618=EDGE_CURVE('',#2058,#2079,#1110,.T.);
#2619=EDGE_CURVE('',#2080,#2079,#297,.T.);
#2620=EDGE_CURVE('',#2059,#2080,#1111,.T.);
#2621=EDGE_CURVE('',#2081,#2080,#298,.T.);
#2622=EDGE_CURVE('',#2060,#2081,#1112,.T.);
#2623=EDGE_CURVE('',#2082,#2081,#299,.T.);
#2624=EDGE_CURVE('',#2061,#2082,#1113,.T.);
#2625=EDGE_CURVE('',#2083,#2082,#1114,.T.);
#2626=EDGE_CURVE('',#2062,#2083,#1115,.T.);
#2627=EDGE_CURVE('',#2084,#2083,#300,.T.);
#2628=EDGE_CURVE('',#2063,#2084,#1116,.T.);
#2629=EDGE_CURVE('',#2085,#2084,#301,.T.);
#2630=EDGE_CURVE('',#2064,#2085,#1117,.T.);
#2631=EDGE_CURVE('',#2086,#2085,#302,.T.);
#2632=EDGE_CURVE('',#2065,#2086,#1118,.T.);
#2633=EDGE_CURVE('',#2087,#2086,#303,.T.);
#2634=EDGE_CURVE('',#2066,#2087,#1119,.T.);
#2635=EDGE_CURVE('',#2088,#2087,#304,.T.);
#2636=EDGE_CURVE('',#2067,#2088,#1120,.T.);
#2637=EDGE_CURVE('',#2089,#2088,#305,.T.);
#2638=EDGE_CURVE('',#2068,#2089,#1121,.T.);
#2639=EDGE_CURVE('',#2090,#2089,#306,.T.);
#2640=EDGE_CURVE('',#2069,#2090,#1122,.T.);
#2641=EDGE_CURVE('',#2091,#2090,#307,.T.);
#2642=EDGE_CURVE('',#2070,#2091,#1123,.T.);
#2643=EDGE_CURVE('',#2092,#2091,#1124,.T.);
#2644=EDGE_CURVE('',#2071,#2092,#1125,.T.);
#2645=EDGE_CURVE('',#2093,#2092,#1126,.T.);
#2646=EDGE_CURVE('',#2072,#2093,#1127,.T.);
#2647=EDGE_CURVE('',#2073,#2093,#1128,.T.);
#2648=EDGE_CURVE('',#2094,#2095,#308,.T.);
#2649=EDGE_CURVE('',#2096,#2094,#309,.T.);
#2650=EDGE_CURVE('',#2097,#2096,#310,.T.);
#2651=EDGE_CURVE('',#2098,#2097,#311,.T.);
#2652=EDGE_CURVE('',#2099,#2098,#312,.T.);
#2653=EDGE_CURVE('',#2100,#2099,#313,.T.);
#2654=EDGE_CURVE('',#2101,#2100,#314,.T.);
#2655=EDGE_CURVE('',#2095,#2101,#315,.T.);
#2656=EDGE_CURVE('',#2102,#2103,#316,.T.);
#2657=EDGE_CURVE('',#2104,#2102,#317,.T.);
#2658=EDGE_CURVE('',#2105,#2104,#318,.T.);
#2659=EDGE_CURVE('',#2106,#2105,#319,.T.);
#2660=EDGE_CURVE('',#2107,#2106,#320,.T.);
#2661=EDGE_CURVE('',#2108,#2107,#321,.T.);
#2662=EDGE_CURVE('',#2109,#2108,#322,.T.);
#2663=EDGE_CURVE('',#2110,#2109,#323,.T.);
#2664=EDGE_CURVE('',#2111,#2110,#324,.T.);
#2665=EDGE_CURVE('',#2112,#2111,#325,.T.);
#2666=EDGE_CURVE('',#2113,#2112,#326,.T.);
#2667=EDGE_CURVE('',#2103,#2113,#327,.T.);
#2668=EDGE_CURVE('',#2095,#2114,#1129,.T.);
#2669=EDGE_CURVE('',#2115,#2114,#328,.T.);
#2670=EDGE_CURVE('',#2094,#2115,#1130,.T.);
#2671=EDGE_CURVE('',#2116,#2115,#329,.T.);
#2672=EDGE_CURVE('',#2096,#2116,#1131,.T.);
#2673=EDGE_CURVE('',#2117,#2116,#330,.T.);
#2674=EDGE_CURVE('',#2097,#2117,#1132,.T.);
#2675=EDGE_CURVE('',#2118,#2117,#331,.T.);
#2676=EDGE_CURVE('',#2098,#2118,#1133,.T.);
#2677=EDGE_CURVE('',#2119,#2118,#332,.T.);
#2678=EDGE_CURVE('',#2099,#2119,#1134,.T.);
#2679=EDGE_CURVE('',#2120,#2119,#333,.T.);
#2680=EDGE_CURVE('',#2100,#2120,#1135,.T.);
#2681=EDGE_CURVE('',#2121,#2120,#334,.T.);
#2682=EDGE_CURVE('',#2101,#2121,#1136,.T.);
#2683=EDGE_CURVE('',#2114,#2121,#335,.T.);
#2684=EDGE_CURVE('',#2103,#2122,#1137,.T.);
#2685=EDGE_CURVE('',#2123,#2122,#336,.T.);
#2686=EDGE_CURVE('',#2102,#2123,#1138,.T.);
#2687=EDGE_CURVE('',#2124,#2123,#337,.T.);
#2688=EDGE_CURVE('',#2104,#2124,#1139,.T.);
#2689=EDGE_CURVE('',#2125,#2124,#338,.T.);
#2690=EDGE_CURVE('',#2105,#2125,#1140,.T.);
#2691=EDGE_CURVE('',#2126,#2125,#339,.T.);
#2692=EDGE_CURVE('',#2106,#2126,#1141,.T.);
#2693=EDGE_CURVE('',#2127,#2126,#340,.T.);
#2694=EDGE_CURVE('',#2107,#2127,#1142,.T.);
#2695=EDGE_CURVE('',#2128,#2127,#341,.T.);
#2696=EDGE_CURVE('',#2108,#2128,#1143,.T.);
#2697=EDGE_CURVE('',#2129,#2128,#342,.T.);
#2698=EDGE_CURVE('',#2109,#2129,#1144,.T.);
#2699=EDGE_CURVE('',#2130,#2129,#343,.T.);
#2700=EDGE_CURVE('',#2110,#2130,#1145,.T.);
#2701=EDGE_CURVE('',#2131,#2130,#344,.T.);
#2702=EDGE_CURVE('',#2111,#2131,#1146,.T.);
#2703=EDGE_CURVE('',#2132,#2131,#345,.T.);
#2704=EDGE_CURVE('',#2112,#2132,#1147,.T.);
#2705=EDGE_CURVE('',#2133,#2132,#346,.T.);
#2706=EDGE_CURVE('',#2113,#2133,#1148,.T.);
#2707=EDGE_CURVE('',#2122,#2133,#347,.T.);
#2708=EDGE_CURVE('',#2134,#2135,#1149,.T.);
#2709=EDGE_CURVE('',#2136,#2134,#348,.T.);
#2710=EDGE_CURVE('',#2137,#2136,#349,.T.);
#2711=EDGE_CURVE('',#2138,#2137,#1150,.T.);
#2712=EDGE_CURVE('',#2139,#2138,#350,.T.);
#2713=EDGE_CURVE('',#2140,#2139,#1151,.T.);
#2714=EDGE_CURVE('',#2141,#2140,#1152,.T.);
#2715=EDGE_CURVE('',#2135,#2141,#1153,.T.);
#2716=EDGE_CURVE('',#2135,#2142,#1154,.T.);
#2717=EDGE_CURVE('',#2143,#2142,#1155,.T.);
#2718=EDGE_CURVE('',#2134,#2143,#1156,.T.);
#2719=EDGE_CURVE('',#2144,#2143,#351,.T.);
#2720=EDGE_CURVE('',#2136,#2144,#1157,.T.);
#2721=EDGE_CURVE('',#2145,#2144,#352,.T.);
#2722=EDGE_CURVE('',#2137,#2145,#1158,.T.);
#2723=EDGE_CURVE('',#2146,#2145,#1159,.T.);
#2724=EDGE_CURVE('',#2138,#2146,#1160,.T.);
#2725=EDGE_CURVE('',#2147,#2146,#353,.T.);
#2726=EDGE_CURVE('',#2139,#2147,#1161,.T.);
#2727=EDGE_CURVE('',#2148,#2147,#1162,.T.);
#2728=EDGE_CURVE('',#2140,#2148,#1163,.T.);
#2729=EDGE_CURVE('',#2149,#2148,#1164,.T.);
#2730=EDGE_CURVE('',#2141,#2149,#1165,.T.);
#2731=EDGE_CURVE('',#2142,#2149,#1166,.T.);
#2732=EDGE_CURVE('',#2150,#2151,#1167,.T.);
#2733=EDGE_CURVE('',#2152,#2150,#1168,.T.);
#2734=EDGE_CURVE('',#2153,#2152,#1169,.T.);
#2735=EDGE_CURVE('',#2154,#2153,#1170,.T.);
#2736=EDGE_CURVE('',#2155,#2154,#1171,.T.);
#2737=EDGE_CURVE('',#2156,#2155,#1172,.T.);
#2738=EDGE_CURVE('',#2157,#2156,#1173,.T.);
#2739=EDGE_CURVE('',#2158,#2157,#1174,.T.);
#2740=EDGE_CURVE('',#2159,#2158,#1175,.T.);
#2741=EDGE_CURVE('',#2160,#2159,#1176,.T.);
#2742=EDGE_CURVE('',#2161,#2160,#1177,.T.);
#2743=EDGE_CURVE('',#2151,#2161,#1178,.T.);
#2744=EDGE_CURVE('',#2151,#2162,#1179,.T.);
#2745=EDGE_CURVE('',#2163,#2162,#1180,.T.);
#2746=EDGE_CURVE('',#2150,#2163,#1181,.T.);
#2747=EDGE_CURVE('',#2164,#2163,#1182,.T.);
#2748=EDGE_CURVE('',#2152,#2164,#1183,.T.);
#2749=EDGE_CURVE('',#2165,#2164,#1184,.T.);
#2750=EDGE_CURVE('',#2153,#2165,#1185,.T.);
#2751=EDGE_CURVE('',#2166,#2165,#1186,.T.);
#2752=EDGE_CURVE('',#2154,#2166,#1187,.T.);
#2753=EDGE_CURVE('',#2167,#2166,#1188,.T.);
#2754=EDGE_CURVE('',#2155,#2167,#1189,.T.);
#2755=EDGE_CURVE('',#2168,#2167,#1190,.T.);
#2756=EDGE_CURVE('',#2156,#2168,#1191,.T.);
#2757=EDGE_CURVE('',#2169,#2168,#1192,.T.);
#2758=EDGE_CURVE('',#2157,#2169,#1193,.T.);
#2759=EDGE_CURVE('',#2170,#2169,#1194,.T.);
#2760=EDGE_CURVE('',#2158,#2170,#1195,.T.);
#2761=EDGE_CURVE('',#2171,#2170,#1196,.T.);
#2762=EDGE_CURVE('',#2159,#2171,#1197,.T.);
#2763=EDGE_CURVE('',#2172,#2171,#1198,.T.);
#2764=EDGE_CURVE('',#2160,#2172,#1199,.T.);
#2765=EDGE_CURVE('',#2173,#2172,#1200,.T.);
#2766=EDGE_CURVE('',#2161,#2173,#1201,.T.);
#2767=EDGE_CURVE('',#2162,#2173,#1202,.T.);
#2768=EDGE_CURVE('',#2174,#2175,#354,.T.);
#2769=EDGE_CURVE('',#2176,#2174,#355,.T.);
#2770=EDGE_CURVE('',#2177,#2176,#356,.T.);
#2771=EDGE_CURVE('',#2178,#2177,#357,.T.);
#2772=EDGE_CURVE('',#2179,#2178,#358,.T.);
#2773=EDGE_CURVE('',#2180,#2179,#359,.T.);
#2774=EDGE_CURVE('',#2181,#2180,#360,.T.);
#2775=EDGE_CURVE('',#2175,#2181,#361,.T.);
#2776=EDGE_CURVE('',#2182,#2183,#362,.T.);
#2777=EDGE_CURVE('',#2184,#2182,#363,.T.);
#2778=EDGE_CURVE('',#2185,#2184,#364,.T.);
#2779=EDGE_CURVE('',#2186,#2185,#365,.T.);
#2780=EDGE_CURVE('',#2187,#2186,#366,.T.);
#2781=EDGE_CURVE('',#2188,#2187,#367,.T.);
#2782=EDGE_CURVE('',#2189,#2188,#368,.T.);
#2783=EDGE_CURVE('',#2190,#2189,#369,.T.);
#2784=EDGE_CURVE('',#2191,#2190,#370,.T.);
#2785=EDGE_CURVE('',#2192,#2191,#371,.T.);
#2786=EDGE_CURVE('',#2193,#2192,#372,.T.);
#2787=EDGE_CURVE('',#2183,#2193,#373,.T.);
#2788=EDGE_CURVE('',#2175,#2194,#1203,.T.);
#2789=EDGE_CURVE('',#2195,#2194,#374,.T.);
#2790=EDGE_CURVE('',#2174,#2195,#1204,.T.);
#2791=EDGE_CURVE('',#2196,#2195,#375,.T.);
#2792=EDGE_CURVE('',#2176,#2196,#1205,.T.);
#2793=EDGE_CURVE('',#2197,#2196,#376,.T.);
#2794=EDGE_CURVE('',#2177,#2197,#1206,.T.);
#2795=EDGE_CURVE('',#2198,#2197,#377,.T.);
#2796=EDGE_CURVE('',#2178,#2198,#1207,.T.);
#2797=EDGE_CURVE('',#2199,#2198,#378,.T.);
#2798=EDGE_CURVE('',#2179,#2199,#1208,.T.);
#2799=EDGE_CURVE('',#2200,#2199,#379,.T.);
#2800=EDGE_CURVE('',#2180,#2200,#1209,.T.);
#2801=EDGE_CURVE('',#2201,#2200,#380,.T.);
#2802=EDGE_CURVE('',#2181,#2201,#1210,.T.);
#2803=EDGE_CURVE('',#2194,#2201,#381,.T.);
#2804=EDGE_CURVE('',#2183,#2202,#1211,.T.);
#2805=EDGE_CURVE('',#2203,#2202,#382,.T.);
#2806=EDGE_CURVE('',#2182,#2203,#1212,.T.);
#2807=EDGE_CURVE('',#2204,#2203,#383,.T.);
#2808=EDGE_CURVE('',#2184,#2204,#1213,.T.);
#2809=EDGE_CURVE('',#2205,#2204,#384,.T.);
#2810=EDGE_CURVE('',#2185,#2205,#1214,.T.);
#2811=EDGE_CURVE('',#2206,#2205,#385,.T.);
#2812=EDGE_CURVE('',#2186,#2206,#1215,.T.);
#2813=EDGE_CURVE('',#2207,#2206,#386,.T.);
#2814=EDGE_CURVE('',#2187,#2207,#1216,.T.);
#2815=EDGE_CURVE('',#2208,#2207,#387,.T.);
#2816=EDGE_CURVE('',#2188,#2208,#1217,.T.);
#2817=EDGE_CURVE('',#2209,#2208,#388,.T.);
#2818=EDGE_CURVE('',#2189,#2209,#1218,.T.);
#2819=EDGE_CURVE('',#2210,#2209,#389,.T.);
#2820=EDGE_CURVE('',#2190,#2210,#1219,.T.);
#2821=EDGE_CURVE('',#2211,#2210,#390,.T.);
#2822=EDGE_CURVE('',#2191,#2211,#1220,.T.);
#2823=EDGE_CURVE('',#2212,#2211,#391,.T.);
#2824=EDGE_CURVE('',#2192,#2212,#1221,.T.);
#2825=EDGE_CURVE('',#2213,#2212,#392,.T.);
#2826=EDGE_CURVE('',#2193,#2213,#1222,.T.);
#2827=EDGE_CURVE('',#2202,#2213,#393,.T.);
#2828=EDGE_CURVE('',#2214,#2215,#1223,.T.);
#2829=EDGE_CURVE('',#2216,#2214,#1224,.T.);
#2830=EDGE_CURVE('',#2217,#2216,#1225,.T.);
#2831=EDGE_CURVE('',#2218,#2217,#1226,.T.);
#2832=EDGE_CURVE('',#2219,#2218,#1227,.T.);
#2833=EDGE_CURVE('',#2220,#2219,#1228,.T.);
#2834=EDGE_CURVE('',#2221,#2220,#1229,.T.);
#2835=EDGE_CURVE('',#2222,#2221,#1230,.T.);
#2836=EDGE_CURVE('',#2215,#2222,#1231,.T.);
#2837=EDGE_CURVE('',#2215,#2223,#1232,.T.);
#2838=EDGE_CURVE('',#2224,#2223,#1233,.T.);
#2839=EDGE_CURVE('',#2214,#2224,#1234,.T.);
#2840=EDGE_CURVE('',#2225,#2224,#1235,.T.);
#2841=EDGE_CURVE('',#2216,#2225,#1236,.T.);
#2842=EDGE_CURVE('',#2226,#2225,#1237,.T.);
#2843=EDGE_CURVE('',#2217,#2226,#1238,.T.);
#2844=EDGE_CURVE('',#2227,#2226,#1239,.T.);
#2845=EDGE_CURVE('',#2218,#2227,#1240,.T.);
#2846=EDGE_CURVE('',#2228,#2227,#1241,.T.);
#2847=EDGE_CURVE('',#2219,#2228,#1242,.T.);
#2848=EDGE_CURVE('',#2229,#2228,#1243,.T.);
#2849=EDGE_CURVE('',#2220,#2229,#1244,.T.);
#2850=EDGE_CURVE('',#2230,#2229,#1245,.T.);
#2851=EDGE_CURVE('',#2221,#2230,#1246,.T.);
#2852=EDGE_CURVE('',#2231,#2230,#1247,.T.);
#2853=EDGE_CURVE('',#2222,#2231,#1248,.T.);
#2854=EDGE_CURVE('',#2223,#2231,#1249,.T.);
#2855=EDGE_CURVE('',#2232,#2232,#16,.T.);
#2856=EDGE_CURVE('',#2232,#2233,#1250,.T.);
#2857=EDGE_CURVE('',#2233,#2233,#17,.T.);
#2858=EDGE_CURVE('',#2233,#2234,#1251,.T.);
#2859=EDGE_CURVE('',#2235,#2236,#1252,.T.);
#2860=EDGE_CURVE('',#2237,#2235,#1253,.T.);
#2861=EDGE_CURVE('',#2236,#2237,#1254,.T.);
#2862=EDGE_CURVE('',#2238,#2239,#1255,.T.);
#2863=EDGE_CURVE('',#2240,#2238,#1256,.T.);
#2864=EDGE_CURVE('',#2239,#2240,#1257,.T.);
#2865=EDGE_CURVE('',#2241,#2242,#1258,.T.);
#2866=EDGE_CURVE('',#2243,#2241,#1259,.T.);
#2867=EDGE_CURVE('',#2242,#2243,#1260,.T.);
#2868=EDGE_CURVE('',#2236,#2243,#1261,.T.);
#2869=EDGE_CURVE('',#2241,#2235,#1262,.T.);
#2870=EDGE_CURVE('',#2244,#2245,#1263,.F.);
#2871=EDGE_CURVE('',#2245,#2242,#1264,.T.);
#2872=EDGE_CURVE('',#2243,#2244,#1265,.T.);
#2873=EDGE_CURVE('',#2246,#2247,#1266,.T.);
#2874=EDGE_CURVE('',#2248,#2246,#1267,.T.);
#2875=EDGE_CURVE('',#2247,#2248,#1268,.T.);
#2876=EDGE_CURVE('',#2249,#2250,#1269,.F.);
#2877=EDGE_CURVE('',#2250,#2248,#1270,.T.);
#2878=EDGE_CURVE('',#2246,#2249,#1271,.T.);
#2879=EDGE_CURVE('',#2248,#2240,#1272,.T.);
#2880=EDGE_CURVE('',#2238,#2247,#1273,.T.);
#2881=EDGE_CURVE('',#2242,#2246,#1274,.T.);
#2882=EDGE_CURVE('',#2247,#2241,#1275,.T.);
#2883=EDGE_CURVE('',#2251,#2252,#1276,.F.);
#2884=EDGE_CURVE('',#2252,#2239,#1277,.T.);
#2885=EDGE_CURVE('',#2240,#2251,#1278,.T.);
#2886=EDGE_CURVE('',#2239,#2237,#1279,.T.);
#2887=EDGE_CURVE('',#2235,#2238,#1280,.T.);
#2888=EDGE_CURVE('',#2253,#2254,#1281,.F.);
#2889=EDGE_CURVE('',#2254,#2236,#1282,.T.);
#2890=EDGE_CURVE('',#2237,#2253,#1283,.T.);
#2891=EDGE_CURVE('',#2249,#2245,#1284,.T.);
#2892=EDGE_CURVE('',#2244,#2254,#1285,.T.);
#2893=EDGE_CURVE('',#2255,#2256,#1286,.T.);
#2894=EDGE_CURVE('',#2257,#2255,#1287,.T.);
#2895=EDGE_CURVE('',#2256,#2257,#1288,.T.);
#2896=EDGE_CURVE('',#2258,#2259,#1289,.T.);
#2897=EDGE_CURVE('',#2260,#2258,#1290,.T.);
#2898=EDGE_CURVE('',#2259,#2260,#1291,.T.);
#2899=EDGE_CURVE('',#2261,#2262,#1292,.F.);
#2900=EDGE_CURVE('',#2262,#2260,#1293,.T.);
#2901=EDGE_CURVE('',#2258,#2261,#1294,.T.);
#2902=EDGE_CURVE('',#2260,#2257,#1295,.T.);
#2903=EDGE_CURVE('',#2255,#2259,#1296,.T.);
#2904=EDGE_CURVE('',#2263,#2264,#1297,.T.);
#2905=EDGE_CURVE('',#2265,#2263,#1298,.T.);
#2906=EDGE_CURVE('',#2264,#2265,#1299,.T.);
#2907=EDGE_CURVE('',#2266,#2267,#1300,.F.);
#2908=EDGE_CURVE('',#2267,#2265,#1301,.T.);
#2909=EDGE_CURVE('',#2263,#2266,#1302,.T.);
#2910=EDGE_CURVE('',#2268,#2269,#1303,.T.);
#2911=EDGE_CURVE('',#2270,#2268,#1304,.T.);
#2912=EDGE_CURVE('',#2269,#2270,#1305,.T.);
#2913=EDGE_CURVE('',#2265,#2270,#1306,.T.);
#2914=EDGE_CURVE('',#2268,#2264,#1307,.T.);
#2915=EDGE_CURVE('',#2271,#2272,#1308,.F.);
#2916=EDGE_CURVE('',#2272,#2269,#1309,.T.);
#2917=EDGE_CURVE('',#2270,#2271,#1310,.T.);
#2918=EDGE_CURVE('',#2269,#2258,#1311,.T.);
#2919=EDGE_CURVE('',#2259,#2268,#1312,.T.);
#2920=EDGE_CURVE('',#2256,#2263,#1313,.T.);
#2921=EDGE_CURVE('',#2264,#2255,#1314,.T.);
#2922=EDGE_CURVE('',#2273,#2274,#1315,.F.);
#2923=EDGE_CURVE('',#2274,#2256,#1316,.T.);
#2924=EDGE_CURVE('',#2257,#2273,#1317,.T.);
#2925=EDGE_CURVE('',#2271,#2267,#1318,.T.);
#2926=EDGE_CURVE('',#2266,#2274,#1319,.T.);
#2927=EDGE_CURVE('',#2251,#2250,#1320,.T.);
#2928=EDGE_CURVE('',#2253,#2252,#1321,.T.);
#2929=EDGE_CURVE('',#2275,#2276,#1322,.T.);
#2930=EDGE_CURVE('',#2277,#2275,#1323,.T.);
#2931=EDGE_CURVE('',#2276,#2277,#1324,.T.);
#2932=EDGE_CURVE('',#2278,#2279,#1325,.T.);
#2933=EDGE_CURVE('',#2280,#2278,#1326,.T.);
#2934=EDGE_CURVE('',#2279,#2280,#1327,.T.);
#2935=EDGE_CURVE('',#2281,#2282,#1328,.T.);
#2936=EDGE_CURVE('',#2283,#2281,#1329,.T.);
#2937=EDGE_CURVE('',#2282,#2283,#1330,.T.);
#2938=EDGE_CURVE('',#2277,#2283,#1331,.T.);
#2939=EDGE_CURVE('',#2281,#2276,#1332,.T.);
#2940=EDGE_CURVE('',#2284,#2285,#1333,.T.);
#2941=EDGE_CURVE('',#2286,#2284,#1334,.T.);
#2942=EDGE_CURVE('',#2285,#2286,#1335,.T.);
#2943=EDGE_CURVE('',#2283,#2286,#1336,.T.);
#2944=EDGE_CURVE('',#2284,#2282,#1337,.T.);
#2945=EDGE_CURVE('',#2286,#2280,#1338,.T.);
#2946=EDGE_CURVE('',#2278,#2285,#1339,.T.);
#2947=EDGE_CURVE('',#2287,#2288,#1340,.F.);
#2948=EDGE_CURVE('',#2288,#2284,#1341,.T.);
#2949=EDGE_CURVE('',#2285,#2287,#1342,.T.);
#2950=EDGE_CURVE('',#2289,#2290,#1343,.F.);
#2951=EDGE_CURVE('',#2290,#2281,#1344,.T.);
#2952=EDGE_CURVE('',#2282,#2289,#1345,.T.);
#2953=EDGE_CURVE('',#2280,#2277,#1346,.T.);
#2954=EDGE_CURVE('',#2275,#2279,#1347,.T.);
#2955=EDGE_CURVE('',#2291,#2292,#1348,.F.);
#2956=EDGE_CURVE('',#2292,#2278,#1349,.T.);
#2957=EDGE_CURVE('',#2279,#2291,#1350,.T.);
#2958=EDGE_CURVE('',#2293,#2294,#1351,.F.);
#2959=EDGE_CURVE('',#2294,#2275,#1352,.T.);
#2960=EDGE_CURVE('',#2276,#2293,#1353,.T.);
#2961=EDGE_CURVE('',#2292,#2287,#1354,.T.);
#2962=EDGE_CURVE('',#2294,#2291,#1355,.T.);
#2963=EDGE_CURVE('',#2273,#2262,#1356,.T.);
#2964=EDGE_CURVE('',#2261,#2272,#1357,.T.);
#2965=EDGE_CURVE('',#2295,#2296,#1358,.T.);
#2966=EDGE_CURVE('',#2297,#2295,#1359,.T.);
#2967=EDGE_CURVE('',#2296,#2297,#1360,.T.);
#2968=EDGE_CURVE('',#2298,#2299,#1361,.F.);
#2969=EDGE_CURVE('',#2299,#2297,#1362,.T.);
#2970=EDGE_CURVE('',#2295,#2298,#1363,.T.);
#2971=EDGE_CURVE('',#2300,#2301,#1364,.T.);
#2972=EDGE_CURVE('',#2302,#2300,#1365,.T.);
#2973=EDGE_CURVE('',#2301,#2302,#1366,.T.);
#2974=EDGE_CURVE('',#2303,#2304,#1367,.F.);
#2975=EDGE_CURVE('',#2304,#2302,#1368,.T.);
#2976=EDGE_CURVE('',#2300,#2303,#1369,.T.);
#2977=EDGE_CURVE('',#2305,#2306,#1370,.T.);
#2978=EDGE_CURVE('',#2307,#2305,#1371,.T.);
#2979=EDGE_CURVE('',#2306,#2307,#1372,.T.);
#2980=EDGE_CURVE('',#2308,#2309,#1373,.F.);
#2981=EDGE_CURVE('',#2309,#2307,#1374,.T.);
#2982=EDGE_CURVE('',#2305,#2308,#1375,.T.);
#2983=EDGE_CURVE('',#2296,#2306,#1376,.T.);
#2984=EDGE_CURVE('',#2307,#2295,#1377,.T.);
#2985=EDGE_CURVE('',#2310,#2311,#1378,.T.);
#2986=EDGE_CURVE('',#2312,#2310,#1379,.T.);
#2987=EDGE_CURVE('',#2311,#2312,#1380,.T.);
#2988=EDGE_CURVE('',#2313,#2314,#1381,.F.);
#2989=EDGE_CURVE('',#2314,#2312,#1382,.T.);
#2990=EDGE_CURVE('',#2310,#2313,#1383,.T.);
#2991=EDGE_CURVE('',#2306,#2311,#1384,.T.);
#2992=EDGE_CURVE('',#2312,#2305,#1385,.T.);
#2993=EDGE_CURVE('',#2311,#2301,#1386,.T.);
#2994=EDGE_CURVE('',#2302,#2310,#1387,.T.);
#2995=EDGE_CURVE('',#2301,#2296,#1388,.T.);
#2996=EDGE_CURVE('',#2297,#2300,#1389,.T.);
#2997=EDGE_CURVE('',#2309,#2298,#1390,.T.);
#2998=EDGE_CURVE('',#2314,#2308,#1391,.T.);
#2999=EDGE_CURVE('',#2290,#2293,#1392,.T.);
#3000=EDGE_CURVE('',#2288,#2289,#1393,.T.);
#3001=EDGE_CURVE('',#2315,#2316,#1394,.F.);
#3002=EDGE_CURVE('',#2317,#2315,#1395,.F.);
#3003=EDGE_CURVE('',#2318,#2317,#1396,.F.);
#3004=EDGE_CURVE('',#2318,#2316,#1397,.T.);
#3005=EDGE_CURVE('',#2319,#2320,#1398,.T.);
#3006=EDGE_CURVE('',#2320,#2317,#1399,.T.);
#3007=EDGE_CURVE('',#2315,#2319,#1400,.T.);
#3008=EDGE_CURVE('',#2321,#2322,#1401,.F.);
#3009=EDGE_CURVE('',#2323,#2321,#1402,.F.);
#3010=EDGE_CURVE('',#2324,#2323,#1403,.F.);
#3011=EDGE_CURVE('',#2324,#2322,#1404,.T.);
#3012=EDGE_CURVE('',#2325,#2326,#1405,.T.);
#3013=EDGE_CURVE('',#2326,#2323,#1406,.T.);
#3014=EDGE_CURVE('',#2321,#2325,#1407,.T.);
#3015=EDGE_CURVE('',#2327,#2328,#1408,.F.);
#3016=EDGE_CURVE('',#2329,#2327,#1409,.F.);
#3017=EDGE_CURVE('',#2330,#2329,#1410,.F.);
#3018=EDGE_CURVE('',#2330,#2328,#1411,.T.);
#3019=EDGE_CURVE('',#2331,#2332,#1412,.T.);
#3020=EDGE_CURVE('',#2332,#2329,#1413,.T.);
#3021=EDGE_CURVE('',#2327,#2331,#1414,.T.);
#3022=EDGE_CURVE('',#2316,#2330,#1415,.T.);
#3023=EDGE_CURVE('',#2329,#2315,#1416,.T.);
#3024=EDGE_CURVE('',#2333,#2334,#1417,.F.);
#3025=EDGE_CURVE('',#2335,#2333,#1418,.F.);
#3026=EDGE_CURVE('',#2336,#2335,#1419,.F.);
#3027=EDGE_CURVE('',#2336,#2334,#1420,.T.);
#3028=EDGE_CURVE('',#2337,#2338,#1421,.T.);
#3029=EDGE_CURVE('',#2338,#2335,#1422,.T.);
#3030=EDGE_CURVE('',#2333,#2337,#1423,.T.);
#3031=EDGE_CURVE('',#2328,#2336,#1424,.T.);
#3032=EDGE_CURVE('',#2335,#2327,#1425,.T.);
#3033=EDGE_CURVE('',#2334,#2324,#1426,.T.);
#3034=EDGE_CURVE('',#2323,#2333,#1427,.T.);
#3035=EDGE_CURVE('',#2322,#2318,#1428,.T.);
#3036=EDGE_CURVE('',#2317,#2321,#1429,.T.);
#3037=EDGE_CURVE('',#2332,#2319,#1430,.T.);
#3038=EDGE_CURVE('',#2338,#2331,#1431,.T.);
#3039=EDGE_CURVE('',#2326,#2337,#1432,.T.);
#3040=EDGE_CURVE('',#2320,#2325,#1433,.T.);
#3041=EDGE_CURVE('',#2299,#2303,#1434,.T.);
#3042=EDGE_CURVE('',#2304,#2313,#1435,.T.);
#3043=ORIENTED_EDGE('',*,*,#2339,.F.);
#3044=ORIENTED_EDGE('',*,*,#2340,.F.);
#3045=ORIENTED_EDGE('',*,*,#2341,.F.);
#3046=ORIENTED_EDGE('',*,*,#2342,.F.);
#3047=ORIENTED_EDGE('',*,*,#2343,.F.);
#3048=ORIENTED_EDGE('',*,*,#2344,.F.);
#3049=ORIENTED_EDGE('',*,*,#2345,.F.);
#3050=ORIENTED_EDGE('',*,*,#2346,.F.);
#3051=ORIENTED_EDGE('',*,*,#2347,.F.);
#3052=ORIENTED_EDGE('',*,*,#2348,.F.);
#3053=ORIENTED_EDGE('',*,*,#2349,.F.);
#3054=ORIENTED_EDGE('',*,*,#2350,.F.);
#3055=ORIENTED_EDGE('',*,*,#2351,.F.);
#3056=ORIENTED_EDGE('',*,*,#2352,.F.);
#3057=ORIENTED_EDGE('',*,*,#2339,.T.);
#3058=ORIENTED_EDGE('',*,*,#2353,.T.);
#3059=ORIENTED_EDGE('',*,*,#2354,.F.);
#3060=ORIENTED_EDGE('',*,*,#2355,.F.);
#3061=ORIENTED_EDGE('',*,*,#2340,.T.);
#3062=ORIENTED_EDGE('',*,*,#2355,.T.);
#3063=ORIENTED_EDGE('',*,*,#2356,.F.);
#3064=ORIENTED_EDGE('',*,*,#2357,.F.);
#3065=ORIENTED_EDGE('',*,*,#2341,.T.);
#3066=ORIENTED_EDGE('',*,*,#2357,.T.);
#3067=ORIENTED_EDGE('',*,*,#2358,.F.);
#3068=ORIENTED_EDGE('',*,*,#2359,.F.);
#3069=ORIENTED_EDGE('',*,*,#2342,.T.);
#3070=ORIENTED_EDGE('',*,*,#2359,.T.);
#3071=ORIENTED_EDGE('',*,*,#2360,.F.);
#3072=ORIENTED_EDGE('',*,*,#2361,.F.);
#3073=ORIENTED_EDGE('',*,*,#2343,.T.);
#3074=ORIENTED_EDGE('',*,*,#2361,.T.);
#3075=ORIENTED_EDGE('',*,*,#2362,.F.);
#3076=ORIENTED_EDGE('',*,*,#2363,.F.);
#3077=ORIENTED_EDGE('',*,*,#2344,.T.);
#3078=ORIENTED_EDGE('',*,*,#2363,.T.);
#3079=ORIENTED_EDGE('',*,*,#2364,.F.);
#3080=ORIENTED_EDGE('',*,*,#2365,.F.);
#3081=ORIENTED_EDGE('',*,*,#2345,.T.);
#3082=ORIENTED_EDGE('',*,*,#2365,.T.);
#3083=ORIENTED_EDGE('',*,*,#2366,.F.);
#3084=ORIENTED_EDGE('',*,*,#2367,.F.);
#3085=ORIENTED_EDGE('',*,*,#2346,.T.);
#3086=ORIENTED_EDGE('',*,*,#2367,.T.);
#3087=ORIENTED_EDGE('',*,*,#2368,.F.);
#3088=ORIENTED_EDGE('',*,*,#2369,.F.);
#3089=ORIENTED_EDGE('',*,*,#2347,.T.);
#3090=ORIENTED_EDGE('',*,*,#2369,.T.);
#3091=ORIENTED_EDGE('',*,*,#2370,.F.);
#3092=ORIENTED_EDGE('',*,*,#2371,.F.);
#3093=ORIENTED_EDGE('',*,*,#2348,.T.);
#3094=ORIENTED_EDGE('',*,*,#2371,.T.);
#3095=ORIENTED_EDGE('',*,*,#2372,.F.);
#3096=ORIENTED_EDGE('',*,*,#2373,.F.);
#3097=ORIENTED_EDGE('',*,*,#2349,.T.);
#3098=ORIENTED_EDGE('',*,*,#2373,.T.);
#3099=ORIENTED_EDGE('',*,*,#2374,.F.);
#3100=ORIENTED_EDGE('',*,*,#2353,.F.);
#3101=ORIENTED_EDGE('',*,*,#2350,.T.);
#3102=ORIENTED_EDGE('',*,*,#2375,.T.);
#3103=ORIENTED_EDGE('',*,*,#2376,.F.);
#3104=ORIENTED_EDGE('',*,*,#2377,.F.);
#3105=ORIENTED_EDGE('',*,*,#2351,.T.);
#3106=ORIENTED_EDGE('',*,*,#2377,.T.);
#3107=ORIENTED_EDGE('',*,*,#2378,.F.);
#3108=ORIENTED_EDGE('',*,*,#2379,.F.);
#3109=ORIENTED_EDGE('',*,*,#2352,.T.);
#3110=ORIENTED_EDGE('',*,*,#2379,.T.);
#3111=ORIENTED_EDGE('',*,*,#2380,.F.);
#3112=ORIENTED_EDGE('',*,*,#2375,.F.);
#3113=ORIENTED_EDGE('',*,*,#2381,.F.);
#3114=ORIENTED_EDGE('',*,*,#2382,.F.);
#3115=ORIENTED_EDGE('',*,*,#2383,.F.);
#3116=ORIENTED_EDGE('',*,*,#2384,.F.);
#3117=ORIENTED_EDGE('',*,*,#2385,.F.);
#3118=ORIENTED_EDGE('',*,*,#2386,.F.);
#3119=ORIENTED_EDGE('',*,*,#2387,.F.);
#3120=ORIENTED_EDGE('',*,*,#2388,.F.);
#3121=ORIENTED_EDGE('',*,*,#2389,.F.);
#3122=ORIENTED_EDGE('',*,*,#2390,.F.);
#3123=ORIENTED_EDGE('',*,*,#2391,.F.);
#3124=ORIENTED_EDGE('',*,*,#2392,.F.);
#3125=ORIENTED_EDGE('',*,*,#2393,.F.);
#3126=ORIENTED_EDGE('',*,*,#2394,.F.);
#3127=ORIENTED_EDGE('',*,*,#2395,.F.);
#3128=ORIENTED_EDGE('',*,*,#2396,.F.);
#3129=ORIENTED_EDGE('',*,*,#2397,.F.);
#3130=ORIENTED_EDGE('',*,*,#2398,.F.);
#3131=ORIENTED_EDGE('',*,*,#2399,.F.);
#3132=ORIENTED_EDGE('',*,*,#2400,.F.);
#3133=ORIENTED_EDGE('',*,*,#2381,.T.);
#3134=ORIENTED_EDGE('',*,*,#2401,.T.);
#3135=ORIENTED_EDGE('',*,*,#2402,.F.);
#3136=ORIENTED_EDGE('',*,*,#2403,.F.);
#3137=ORIENTED_EDGE('',*,*,#2382,.T.);
#3138=ORIENTED_EDGE('',*,*,#2403,.T.);
#3139=ORIENTED_EDGE('',*,*,#2404,.F.);
#3140=ORIENTED_EDGE('',*,*,#2405,.F.);
#3141=ORIENTED_EDGE('',*,*,#2383,.T.);
#3142=ORIENTED_EDGE('',*,*,#2405,.T.);
#3143=ORIENTED_EDGE('',*,*,#2406,.F.);
#3144=ORIENTED_EDGE('',*,*,#2407,.F.);
#3145=ORIENTED_EDGE('',*,*,#2384,.T.);
#3146=ORIENTED_EDGE('',*,*,#2407,.T.);
#3147=ORIENTED_EDGE('',*,*,#2408,.F.);
#3148=ORIENTED_EDGE('',*,*,#2409,.F.);
#3149=ORIENTED_EDGE('',*,*,#2385,.T.);
#3150=ORIENTED_EDGE('',*,*,#2409,.T.);
#3151=ORIENTED_EDGE('',*,*,#2410,.F.);
#3152=ORIENTED_EDGE('',*,*,#2411,.F.);
#3153=ORIENTED_EDGE('',*,*,#2386,.T.);
#3154=ORIENTED_EDGE('',*,*,#2411,.T.);
#3155=ORIENTED_EDGE('',*,*,#2412,.F.);
#3156=ORIENTED_EDGE('',*,*,#2413,.F.);
#3157=ORIENTED_EDGE('',*,*,#2387,.T.);
#3158=ORIENTED_EDGE('',*,*,#2413,.T.);
#3159=ORIENTED_EDGE('',*,*,#2414,.F.);
#3160=ORIENTED_EDGE('',*,*,#2415,.F.);
#3161=ORIENTED_EDGE('',*,*,#2388,.T.);
#3162=ORIENTED_EDGE('',*,*,#2415,.T.);
#3163=ORIENTED_EDGE('',*,*,#2416,.F.);
#3164=ORIENTED_EDGE('',*,*,#2401,.F.);
#3165=ORIENTED_EDGE('',*,*,#2389,.T.);
#3166=ORIENTED_EDGE('',*,*,#2417,.T.);
#3167=ORIENTED_EDGE('',*,*,#2418,.F.);
#3168=ORIENTED_EDGE('',*,*,#2419,.F.);
#3169=ORIENTED_EDGE('',*,*,#2390,.T.);
#3170=ORIENTED_EDGE('',*,*,#2419,.T.);
#3171=ORIENTED_EDGE('',*,*,#2420,.F.);
#3172=ORIENTED_EDGE('',*,*,#2421,.F.);
#3173=ORIENTED_EDGE('',*,*,#2391,.T.);
#3174=ORIENTED_EDGE('',*,*,#2421,.T.);
#3175=ORIENTED_EDGE('',*,*,#2422,.F.);
#3176=ORIENTED_EDGE('',*,*,#2423,.F.);
#3177=ORIENTED_EDGE('',*,*,#2392,.T.);
#3178=ORIENTED_EDGE('',*,*,#2423,.T.);
#3179=ORIENTED_EDGE('',*,*,#2424,.F.);
#3180=ORIENTED_EDGE('',*,*,#2425,.F.);
#3181=ORIENTED_EDGE('',*,*,#2393,.T.);
#3182=ORIENTED_EDGE('',*,*,#2425,.T.);
#3183=ORIENTED_EDGE('',*,*,#2426,.F.);
#3184=ORIENTED_EDGE('',*,*,#2427,.F.);
#3185=ORIENTED_EDGE('',*,*,#2394,.T.);
#3186=ORIENTED_EDGE('',*,*,#2427,.T.);
#3187=ORIENTED_EDGE('',*,*,#2428,.F.);
#3188=ORIENTED_EDGE('',*,*,#2429,.F.);
#3189=ORIENTED_EDGE('',*,*,#2395,.T.);
#3190=ORIENTED_EDGE('',*,*,#2429,.T.);
#3191=ORIENTED_EDGE('',*,*,#2430,.F.);
#3192=ORIENTED_EDGE('',*,*,#2431,.F.);
#3193=ORIENTED_EDGE('',*,*,#2396,.T.);
#3194=ORIENTED_EDGE('',*,*,#2431,.T.);
#3195=ORIENTED_EDGE('',*,*,#2432,.F.);
#3196=ORIENTED_EDGE('',*,*,#2433,.F.);
#3197=ORIENTED_EDGE('',*,*,#2397,.T.);
#3198=ORIENTED_EDGE('',*,*,#2433,.T.);
#3199=ORIENTED_EDGE('',*,*,#2434,.F.);
#3200=ORIENTED_EDGE('',*,*,#2435,.F.);
#3201=ORIENTED_EDGE('',*,*,#2398,.T.);
#3202=ORIENTED_EDGE('',*,*,#2435,.T.);
#3203=ORIENTED_EDGE('',*,*,#2436,.F.);
#3204=ORIENTED_EDGE('',*,*,#2437,.F.);
#3205=ORIENTED_EDGE('',*,*,#2399,.T.);
#3206=ORIENTED_EDGE('',*,*,#2437,.T.);
#3207=ORIENTED_EDGE('',*,*,#2438,.F.);
#3208=ORIENTED_EDGE('',*,*,#2439,.F.);
#3209=ORIENTED_EDGE('',*,*,#2400,.T.);
#3210=ORIENTED_EDGE('',*,*,#2439,.T.);
#3211=ORIENTED_EDGE('',*,*,#2440,.F.);
#3212=ORIENTED_EDGE('',*,*,#2417,.F.);
#3213=ORIENTED_EDGE('',*,*,#2418,.T.);
#3214=ORIENTED_EDGE('',*,*,#2440,.T.);
#3215=ORIENTED_EDGE('',*,*,#2438,.T.);
#3216=ORIENTED_EDGE('',*,*,#2436,.T.);
#3217=ORIENTED_EDGE('',*,*,#2434,.T.);
#3218=ORIENTED_EDGE('',*,*,#2432,.T.);
#3219=ORIENTED_EDGE('',*,*,#2430,.T.);
#3220=ORIENTED_EDGE('',*,*,#2428,.T.);
#3221=ORIENTED_EDGE('',*,*,#2426,.T.);
#3222=ORIENTED_EDGE('',*,*,#2424,.T.);
#3223=ORIENTED_EDGE('',*,*,#2422,.T.);
#3224=ORIENTED_EDGE('',*,*,#2420,.T.);
#3225=ORIENTED_EDGE('',*,*,#2376,.T.);
#3226=ORIENTED_EDGE('',*,*,#2380,.T.);
#3227=ORIENTED_EDGE('',*,*,#2378,.T.);
#3228=ORIENTED_EDGE('',*,*,#2441,.F.);
#3229=ORIENTED_EDGE('',*,*,#2442,.F.);
#3230=ORIENTED_EDGE('',*,*,#2443,.F.);
#3231=ORIENTED_EDGE('',*,*,#2444,.F.);
#3232=ORIENTED_EDGE('',*,*,#2445,.F.);
#3233=ORIENTED_EDGE('',*,*,#2446,.F.);
#3234=ORIENTED_EDGE('',*,*,#2447,.F.);
#3235=ORIENTED_EDGE('',*,*,#2448,.F.);
#3236=ORIENTED_EDGE('',*,*,#2449,.F.);
#3237=ORIENTED_EDGE('',*,*,#2450,.F.);
#3238=ORIENTED_EDGE('',*,*,#2451,.F.);
#3239=ORIENTED_EDGE('',*,*,#2452,.F.);
#3240=ORIENTED_EDGE('',*,*,#2453,.F.);
#3241=ORIENTED_EDGE('',*,*,#2454,.F.);
#3242=ORIENTED_EDGE('',*,*,#2455,.F.);
#3243=ORIENTED_EDGE('',*,*,#2456,.F.);
#3244=ORIENTED_EDGE('',*,*,#2457,.F.);
#3245=ORIENTED_EDGE('',*,*,#2458,.F.);
#3246=ORIENTED_EDGE('',*,*,#2459,.F.);
#3247=ORIENTED_EDGE('',*,*,#2460,.F.);
#3248=ORIENTED_EDGE('',*,*,#2461,.F.);
#3249=ORIENTED_EDGE('',*,*,#2462,.F.);
#3250=ORIENTED_EDGE('',*,*,#2463,.F.);
#3251=ORIENTED_EDGE('',*,*,#2464,.F.);
#3252=ORIENTED_EDGE('',*,*,#2465,.F.);
#3253=ORIENTED_EDGE('',*,*,#2466,.F.);
#3254=ORIENTED_EDGE('',*,*,#2467,.F.);
#3255=ORIENTED_EDGE('',*,*,#2468,.F.);
#3256=ORIENTED_EDGE('',*,*,#2441,.T.);
#3257=ORIENTED_EDGE('',*,*,#2469,.T.);
#3258=ORIENTED_EDGE('',*,*,#2470,.F.);
#3259=ORIENTED_EDGE('',*,*,#2471,.F.);
#3260=ORIENTED_EDGE('',*,*,#2442,.T.);
#3261=ORIENTED_EDGE('',*,*,#2471,.T.);
#3262=ORIENTED_EDGE('',*,*,#2472,.F.);
#3263=ORIENTED_EDGE('',*,*,#2473,.F.);
#3264=ORIENTED_EDGE('',*,*,#2443,.T.);
#3265=ORIENTED_EDGE('',*,*,#2473,.T.);
#3266=ORIENTED_EDGE('',*,*,#2474,.F.);
#3267=ORIENTED_EDGE('',*,*,#2475,.F.);
#3268=ORIENTED_EDGE('',*,*,#2444,.T.);
#3269=ORIENTED_EDGE('',*,*,#2475,.T.);
#3270=ORIENTED_EDGE('',*,*,#2476,.F.);
#3271=ORIENTED_EDGE('',*,*,#2477,.F.);
#3272=ORIENTED_EDGE('',*,*,#2445,.T.);
#3273=ORIENTED_EDGE('',*,*,#2477,.T.);
#3274=ORIENTED_EDGE('',*,*,#2478,.F.);
#3275=ORIENTED_EDGE('',*,*,#2479,.F.);
#3276=ORIENTED_EDGE('',*,*,#2446,.T.);
#3277=ORIENTED_EDGE('',*,*,#2479,.T.);
#3278=ORIENTED_EDGE('',*,*,#2480,.F.);
#3279=ORIENTED_EDGE('',*,*,#2481,.F.);
#3280=ORIENTED_EDGE('',*,*,#2447,.T.);
#3281=ORIENTED_EDGE('',*,*,#2481,.T.);
#3282=ORIENTED_EDGE('',*,*,#2482,.F.);
#3283=ORIENTED_EDGE('',*,*,#2483,.F.);
#3284=ORIENTED_EDGE('',*,*,#2448,.T.);
#3285=ORIENTED_EDGE('',*,*,#2483,.T.);
#3286=ORIENTED_EDGE('',*,*,#2484,.F.);
#3287=ORIENTED_EDGE('',*,*,#2485,.F.);
#3288=ORIENTED_EDGE('',*,*,#2449,.T.);
#3289=ORIENTED_EDGE('',*,*,#2485,.T.);
#3290=ORIENTED_EDGE('',*,*,#2486,.F.);
#3291=ORIENTED_EDGE('',*,*,#2487,.F.);
#3292=ORIENTED_EDGE('',*,*,#2450,.T.);
#3293=ORIENTED_EDGE('',*,*,#2487,.T.);
#3294=ORIENTED_EDGE('',*,*,#2488,.F.);
#3295=ORIENTED_EDGE('',*,*,#2489,.F.);
#3296=ORIENTED_EDGE('',*,*,#2451,.T.);
#3297=ORIENTED_EDGE('',*,*,#2489,.T.);
#3298=ORIENTED_EDGE('',*,*,#2490,.F.);
#3299=ORIENTED_EDGE('',*,*,#2491,.F.);
#3300=ORIENTED_EDGE('',*,*,#2452,.T.);
#3301=ORIENTED_EDGE('',*,*,#2491,.T.);
#3302=ORIENTED_EDGE('',*,*,#2492,.F.);
#3303=ORIENTED_EDGE('',*,*,#2493,.F.);
#3304=ORIENTED_EDGE('',*,*,#2453,.T.);
#3305=ORIENTED_EDGE('',*,*,#2493,.T.);
#3306=ORIENTED_EDGE('',*,*,#2494,.F.);
#3307=ORIENTED_EDGE('',*,*,#2495,.F.);
#3308=ORIENTED_EDGE('',*,*,#2454,.T.);
#3309=ORIENTED_EDGE('',*,*,#2495,.T.);
#3310=ORIENTED_EDGE('',*,*,#2496,.F.);
#3311=ORIENTED_EDGE('',*,*,#2497,.F.);
#3312=ORIENTED_EDGE('',*,*,#2455,.T.);
#3313=ORIENTED_EDGE('',*,*,#2497,.T.);
#3314=ORIENTED_EDGE('',*,*,#2498,.F.);
#3315=ORIENTED_EDGE('',*,*,#2499,.F.);
#3316=ORIENTED_EDGE('',*,*,#2456,.T.);
#3317=ORIENTED_EDGE('',*,*,#2499,.T.);
#3318=ORIENTED_EDGE('',*,*,#2500,.F.);
#3319=ORIENTED_EDGE('',*,*,#2501,.F.);
#3320=ORIENTED_EDGE('',*,*,#2457,.T.);
#3321=ORIENTED_EDGE('',*,*,#2501,.T.);
#3322=ORIENTED_EDGE('',*,*,#2502,.F.);
#3323=ORIENTED_EDGE('',*,*,#2503,.F.);
#3324=ORIENTED_EDGE('',*,*,#2458,.T.);
#3325=ORIENTED_EDGE('',*,*,#2503,.T.);
#3326=ORIENTED_EDGE('',*,*,#2504,.F.);
#3327=ORIENTED_EDGE('',*,*,#2505,.F.);
#3328=ORIENTED_EDGE('',*,*,#2459,.T.);
#3329=ORIENTED_EDGE('',*,*,#2505,.T.);
#3330=ORIENTED_EDGE('',*,*,#2506,.F.);
#3331=ORIENTED_EDGE('',*,*,#2507,.F.);
#3332=ORIENTED_EDGE('',*,*,#2460,.T.);
#3333=ORIENTED_EDGE('',*,*,#2507,.T.);
#3334=ORIENTED_EDGE('',*,*,#2508,.F.);
#3335=ORIENTED_EDGE('',*,*,#2509,.F.);
#3336=ORIENTED_EDGE('',*,*,#2461,.T.);
#3337=ORIENTED_EDGE('',*,*,#2509,.T.);
#3338=ORIENTED_EDGE('',*,*,#2510,.F.);
#3339=ORIENTED_EDGE('',*,*,#2511,.F.);
#3340=ORIENTED_EDGE('',*,*,#2462,.T.);
#3341=ORIENTED_EDGE('',*,*,#2511,.T.);
#3342=ORIENTED_EDGE('',*,*,#2512,.F.);
#3343=ORIENTED_EDGE('',*,*,#2513,.F.);
#3344=ORIENTED_EDGE('',*,*,#2463,.T.);
#3345=ORIENTED_EDGE('',*,*,#2513,.T.);
#3346=ORIENTED_EDGE('',*,*,#2514,.F.);
#3347=ORIENTED_EDGE('',*,*,#2515,.F.);
#3348=ORIENTED_EDGE('',*,*,#2464,.T.);
#3349=ORIENTED_EDGE('',*,*,#2515,.T.);
#3350=ORIENTED_EDGE('',*,*,#2516,.F.);
#3351=ORIENTED_EDGE('',*,*,#2517,.F.);
#3352=ORIENTED_EDGE('',*,*,#2465,.T.);
#3353=ORIENTED_EDGE('',*,*,#2517,.T.);
#3354=ORIENTED_EDGE('',*,*,#2518,.F.);
#3355=ORIENTED_EDGE('',*,*,#2519,.F.);
#3356=ORIENTED_EDGE('',*,*,#2466,.T.);
#3357=ORIENTED_EDGE('',*,*,#2519,.T.);
#3358=ORIENTED_EDGE('',*,*,#2520,.F.);
#3359=ORIENTED_EDGE('',*,*,#2521,.F.);
#3360=ORIENTED_EDGE('',*,*,#2467,.T.);
#3361=ORIENTED_EDGE('',*,*,#2521,.T.);
#3362=ORIENTED_EDGE('',*,*,#2522,.F.);
#3363=ORIENTED_EDGE('',*,*,#2523,.F.);
#3364=ORIENTED_EDGE('',*,*,#2468,.T.);
#3365=ORIENTED_EDGE('',*,*,#2523,.T.);
#3366=ORIENTED_EDGE('',*,*,#2524,.F.);
#3367=ORIENTED_EDGE('',*,*,#2469,.F.);
#3368=ORIENTED_EDGE('',*,*,#2525,.F.);
#3369=ORIENTED_EDGE('',*,*,#2526,.F.);
#3370=ORIENTED_EDGE('',*,*,#2527,.F.);
#3371=ORIENTED_EDGE('',*,*,#2528,.F.);
#3372=ORIENTED_EDGE('',*,*,#2529,.F.);
#3373=ORIENTED_EDGE('',*,*,#2530,.F.);
#3374=ORIENTED_EDGE('',*,*,#2531,.F.);
#3375=ORIENTED_EDGE('',*,*,#2532,.F.);
#3376=ORIENTED_EDGE('',*,*,#2533,.F.);
#3377=ORIENTED_EDGE('',*,*,#2534,.F.);
#3378=ORIENTED_EDGE('',*,*,#2535,.F.);
#3379=ORIENTED_EDGE('',*,*,#2536,.F.);
#3380=ORIENTED_EDGE('',*,*,#2537,.F.);
#3381=ORIENTED_EDGE('',*,*,#2538,.F.);
#3382=ORIENTED_EDGE('',*,*,#2539,.F.);
#3383=ORIENTED_EDGE('',*,*,#2540,.F.);
#3384=ORIENTED_EDGE('',*,*,#2541,.F.);
#3385=ORIENTED_EDGE('',*,*,#2542,.F.);
#3386=ORIENTED_EDGE('',*,*,#2543,.F.);
#3387=ORIENTED_EDGE('',*,*,#2544,.F.);
#3388=ORIENTED_EDGE('',*,*,#2525,.T.);
#3389=ORIENTED_EDGE('',*,*,#2545,.T.);
#3390=ORIENTED_EDGE('',*,*,#2546,.F.);
#3391=ORIENTED_EDGE('',*,*,#2547,.F.);
#3392=ORIENTED_EDGE('',*,*,#2526,.T.);
#3393=ORIENTED_EDGE('',*,*,#2547,.T.);
#3394=ORIENTED_EDGE('',*,*,#2548,.F.);
#3395=ORIENTED_EDGE('',*,*,#2549,.F.);
#3396=ORIENTED_EDGE('',*,*,#2527,.T.);
#3397=ORIENTED_EDGE('',*,*,#2549,.T.);
#3398=ORIENTED_EDGE('',*,*,#2550,.F.);
#3399=ORIENTED_EDGE('',*,*,#2551,.F.);
#3400=ORIENTED_EDGE('',*,*,#2528,.T.);
#3401=ORIENTED_EDGE('',*,*,#2551,.T.);
#3402=ORIENTED_EDGE('',*,*,#2552,.F.);
#3403=ORIENTED_EDGE('',*,*,#2553,.F.);
#3404=ORIENTED_EDGE('',*,*,#2529,.T.);
#3405=ORIENTED_EDGE('',*,*,#2553,.T.);
#3406=ORIENTED_EDGE('',*,*,#2554,.F.);
#3407=ORIENTED_EDGE('',*,*,#2555,.F.);
#3408=ORIENTED_EDGE('',*,*,#2530,.T.);
#3409=ORIENTED_EDGE('',*,*,#2555,.T.);
#3410=ORIENTED_EDGE('',*,*,#2556,.F.);
#3411=ORIENTED_EDGE('',*,*,#2557,.F.);
#3412=ORIENTED_EDGE('',*,*,#2531,.T.);
#3413=ORIENTED_EDGE('',*,*,#2557,.T.);
#3414=ORIENTED_EDGE('',*,*,#2558,.F.);
#3415=ORIENTED_EDGE('',*,*,#2559,.F.);
#3416=ORIENTED_EDGE('',*,*,#2532,.T.);
#3417=ORIENTED_EDGE('',*,*,#2559,.T.);
#3418=ORIENTED_EDGE('',*,*,#2560,.F.);
#3419=ORIENTED_EDGE('',*,*,#2545,.F.);
#3420=ORIENTED_EDGE('',*,*,#2533,.T.);
#3421=ORIENTED_EDGE('',*,*,#2561,.T.);
#3422=ORIENTED_EDGE('',*,*,#2562,.F.);
#3423=ORIENTED_EDGE('',*,*,#2563,.F.);
#3424=ORIENTED_EDGE('',*,*,#2534,.T.);
#3425=ORIENTED_EDGE('',*,*,#2563,.T.);
#3426=ORIENTED_EDGE('',*,*,#2564,.F.);
#3427=ORIENTED_EDGE('',*,*,#2565,.F.);
#3428=ORIENTED_EDGE('',*,*,#2535,.T.);
#3429=ORIENTED_EDGE('',*,*,#2565,.T.);
#3430=ORIENTED_EDGE('',*,*,#2566,.F.);
#3431=ORIENTED_EDGE('',*,*,#2567,.F.);
#3432=ORIENTED_EDGE('',*,*,#2536,.T.);
#3433=ORIENTED_EDGE('',*,*,#2567,.T.);
#3434=ORIENTED_EDGE('',*,*,#2568,.F.);
#3435=ORIENTED_EDGE('',*,*,#2569,.F.);
#3436=ORIENTED_EDGE('',*,*,#2537,.T.);
#3437=ORIENTED_EDGE('',*,*,#2569,.T.);
#3438=ORIENTED_EDGE('',*,*,#2570,.F.);
#3439=ORIENTED_EDGE('',*,*,#2571,.F.);
#3440=ORIENTED_EDGE('',*,*,#2538,.T.);
#3441=ORIENTED_EDGE('',*,*,#2571,.T.);
#3442=ORIENTED_EDGE('',*,*,#2572,.F.);
#3443=ORIENTED_EDGE('',*,*,#2573,.F.);
#3444=ORIENTED_EDGE('',*,*,#2539,.T.);
#3445=ORIENTED_EDGE('',*,*,#2573,.T.);
#3446=ORIENTED_EDGE('',*,*,#2574,.F.);
#3447=ORIENTED_EDGE('',*,*,#2575,.F.);
#3448=ORIENTED_EDGE('',*,*,#2540,.T.);
#3449=ORIENTED_EDGE('',*,*,#2575,.T.);
#3450=ORIENTED_EDGE('',*,*,#2576,.F.);
#3451=ORIENTED_EDGE('',*,*,#2577,.F.);
#3452=ORIENTED_EDGE('',*,*,#2541,.T.);
#3453=ORIENTED_EDGE('',*,*,#2577,.T.);
#3454=ORIENTED_EDGE('',*,*,#2578,.F.);
#3455=ORIENTED_EDGE('',*,*,#2579,.F.);
#3456=ORIENTED_EDGE('',*,*,#2542,.T.);
#3457=ORIENTED_EDGE('',*,*,#2579,.T.);
#3458=ORIENTED_EDGE('',*,*,#2580,.F.);
#3459=ORIENTED_EDGE('',*,*,#2581,.F.);
#3460=ORIENTED_EDGE('',*,*,#2543,.T.);
#3461=ORIENTED_EDGE('',*,*,#2581,.T.);
#3462=ORIENTED_EDGE('',*,*,#2582,.F.);
#3463=ORIENTED_EDGE('',*,*,#2583,.F.);
#3464=ORIENTED_EDGE('',*,*,#2544,.T.);
#3465=ORIENTED_EDGE('',*,*,#2583,.T.);
#3466=ORIENTED_EDGE('',*,*,#2584,.F.);
#3467=ORIENTED_EDGE('',*,*,#2561,.F.);
#3468=ORIENTED_EDGE('',*,*,#2562,.T.);
#3469=ORIENTED_EDGE('',*,*,#2584,.T.);
#3470=ORIENTED_EDGE('',*,*,#2582,.T.);
#3471=ORIENTED_EDGE('',*,*,#2580,.T.);
#3472=ORIENTED_EDGE('',*,*,#2578,.T.);
#3473=ORIENTED_EDGE('',*,*,#2576,.T.);
#3474=ORIENTED_EDGE('',*,*,#2574,.T.);
#3475=ORIENTED_EDGE('',*,*,#2572,.T.);
#3476=ORIENTED_EDGE('',*,*,#2570,.T.);
#3477=ORIENTED_EDGE('',*,*,#2568,.T.);
#3478=ORIENTED_EDGE('',*,*,#2566,.T.);
#3479=ORIENTED_EDGE('',*,*,#2564,.T.);
#3480=ORIENTED_EDGE('',*,*,#2585,.F.);
#3481=ORIENTED_EDGE('',*,*,#2586,.F.);
#3482=ORIENTED_EDGE('',*,*,#2587,.F.);
#3483=ORIENTED_EDGE('',*,*,#2588,.F.);
#3484=ORIENTED_EDGE('',*,*,#2589,.F.);
#3485=ORIENTED_EDGE('',*,*,#2590,.F.);
#3486=ORIENTED_EDGE('',*,*,#2591,.F.);
#3487=ORIENTED_EDGE('',*,*,#2592,.F.);
#3488=ORIENTED_EDGE('',*,*,#2593,.F.);
#3489=ORIENTED_EDGE('',*,*,#2594,.F.);
#3490=ORIENTED_EDGE('',*,*,#2595,.F.);
#3491=ORIENTED_EDGE('',*,*,#2596,.F.);
#3492=ORIENTED_EDGE('',*,*,#2597,.F.);
#3493=ORIENTED_EDGE('',*,*,#2598,.F.);
#3494=ORIENTED_EDGE('',*,*,#2599,.F.);
#3495=ORIENTED_EDGE('',*,*,#2600,.F.);
#3496=ORIENTED_EDGE('',*,*,#2601,.F.);
#3497=ORIENTED_EDGE('',*,*,#2602,.F.);
#3498=ORIENTED_EDGE('',*,*,#2603,.F.);
#3499=ORIENTED_EDGE('',*,*,#2604,.F.);
#3500=ORIENTED_EDGE('',*,*,#2605,.F.);
#3501=ORIENTED_EDGE('',*,*,#2585,.T.);
#3502=ORIENTED_EDGE('',*,*,#2606,.T.);
#3503=ORIENTED_EDGE('',*,*,#2607,.F.);
#3504=ORIENTED_EDGE('',*,*,#2608,.F.);
#3505=ORIENTED_EDGE('',*,*,#2586,.T.);
#3506=ORIENTED_EDGE('',*,*,#2608,.T.);
#3507=ORIENTED_EDGE('',*,*,#2609,.F.);
#3508=ORIENTED_EDGE('',*,*,#2610,.F.);
#3509=ORIENTED_EDGE('',*,*,#2587,.T.);
#3510=ORIENTED_EDGE('',*,*,#2610,.T.);
#3511=ORIENTED_EDGE('',*,*,#2611,.F.);
#3512=ORIENTED_EDGE('',*,*,#2612,.F.);
#3513=ORIENTED_EDGE('',*,*,#2588,.T.);
#3514=ORIENTED_EDGE('',*,*,#2612,.T.);
#3515=ORIENTED_EDGE('',*,*,#2613,.F.);
#3516=ORIENTED_EDGE('',*,*,#2614,.F.);
#3517=ORIENTED_EDGE('',*,*,#2589,.T.);
#3518=ORIENTED_EDGE('',*,*,#2614,.T.);
#3519=ORIENTED_EDGE('',*,*,#2615,.F.);
#3520=ORIENTED_EDGE('',*,*,#2616,.F.);
#3521=ORIENTED_EDGE('',*,*,#2590,.T.);
#3522=ORIENTED_EDGE('',*,*,#2616,.T.);
#3523=ORIENTED_EDGE('',*,*,#2617,.F.);
#3524=ORIENTED_EDGE('',*,*,#2618,.F.);
#3525=ORIENTED_EDGE('',*,*,#2591,.T.);
#3526=ORIENTED_EDGE('',*,*,#2618,.T.);
#3527=ORIENTED_EDGE('',*,*,#2619,.F.);
#3528=ORIENTED_EDGE('',*,*,#2620,.F.);
#3529=ORIENTED_EDGE('',*,*,#2592,.T.);
#3530=ORIENTED_EDGE('',*,*,#2620,.T.);
#3531=ORIENTED_EDGE('',*,*,#2621,.F.);
#3532=ORIENTED_EDGE('',*,*,#2622,.F.);
#3533=ORIENTED_EDGE('',*,*,#2593,.T.);
#3534=ORIENTED_EDGE('',*,*,#2622,.T.);
#3535=ORIENTED_EDGE('',*,*,#2623,.F.);
#3536=ORIENTED_EDGE('',*,*,#2624,.F.);
#3537=ORIENTED_EDGE('',*,*,#2594,.T.);
#3538=ORIENTED_EDGE('',*,*,#2624,.T.);
#3539=ORIENTED_EDGE('',*,*,#2625,.F.);
#3540=ORIENTED_EDGE('',*,*,#2626,.F.);
#3541=ORIENTED_EDGE('',*,*,#2595,.T.);
#3542=ORIENTED_EDGE('',*,*,#2626,.T.);
#3543=ORIENTED_EDGE('',*,*,#2627,.F.);
#3544=ORIENTED_EDGE('',*,*,#2628,.F.);
#3545=ORIENTED_EDGE('',*,*,#2596,.T.);
#3546=ORIENTED_EDGE('',*,*,#2628,.T.);
#3547=ORIENTED_EDGE('',*,*,#2629,.F.);
#3548=ORIENTED_EDGE('',*,*,#2630,.F.);
#3549=ORIENTED_EDGE('',*,*,#2597,.T.);
#3550=ORIENTED_EDGE('',*,*,#2630,.T.);
#3551=ORIENTED_EDGE('',*,*,#2631,.F.);
#3552=ORIENTED_EDGE('',*,*,#2632,.F.);
#3553=ORIENTED_EDGE('',*,*,#2598,.T.);
#3554=ORIENTED_EDGE('',*,*,#2632,.T.);
#3555=ORIENTED_EDGE('',*,*,#2633,.F.);
#3556=ORIENTED_EDGE('',*,*,#2634,.F.);
#3557=ORIENTED_EDGE('',*,*,#2599,.T.);
#3558=ORIENTED_EDGE('',*,*,#2634,.T.);
#3559=ORIENTED_EDGE('',*,*,#2635,.F.);
#3560=ORIENTED_EDGE('',*,*,#2636,.F.);
#3561=ORIENTED_EDGE('',*,*,#2600,.T.);
#3562=ORIENTED_EDGE('',*,*,#2636,.T.);
#3563=ORIENTED_EDGE('',*,*,#2637,.F.);
#3564=ORIENTED_EDGE('',*,*,#2638,.F.);
#3565=ORIENTED_EDGE('',*,*,#2601,.T.);
#3566=ORIENTED_EDGE('',*,*,#2638,.T.);
#3567=ORIENTED_EDGE('',*,*,#2639,.F.);
#3568=ORIENTED_EDGE('',*,*,#2640,.F.);
#3569=ORIENTED_EDGE('',*,*,#2602,.T.);
#3570=ORIENTED_EDGE('',*,*,#2640,.T.);
#3571=ORIENTED_EDGE('',*,*,#2641,.F.);
#3572=ORIENTED_EDGE('',*,*,#2642,.F.);
#3573=ORIENTED_EDGE('',*,*,#2603,.T.);
#3574=ORIENTED_EDGE('',*,*,#2642,.T.);
#3575=ORIENTED_EDGE('',*,*,#2643,.F.);
#3576=ORIENTED_EDGE('',*,*,#2644,.F.);
#3577=ORIENTED_EDGE('',*,*,#2604,.T.);
#3578=ORIENTED_EDGE('',*,*,#2644,.T.);
#3579=ORIENTED_EDGE('',*,*,#2645,.F.);
#3580=ORIENTED_EDGE('',*,*,#2646,.F.);
#3581=ORIENTED_EDGE('',*,*,#2605,.T.);
#3582=ORIENTED_EDGE('',*,*,#2646,.T.);
#3583=ORIENTED_EDGE('',*,*,#2647,.F.);
#3584=ORIENTED_EDGE('',*,*,#2606,.F.);
#3585=ORIENTED_EDGE('',*,*,#2648,.F.);
#3586=ORIENTED_EDGE('',*,*,#2649,.F.);
#3587=ORIENTED_EDGE('',*,*,#2650,.F.);
#3588=ORIENTED_EDGE('',*,*,#2651,.F.);
#3589=ORIENTED_EDGE('',*,*,#2652,.F.);
#3590=ORIENTED_EDGE('',*,*,#2653,.F.);
#3591=ORIENTED_EDGE('',*,*,#2654,.F.);
#3592=ORIENTED_EDGE('',*,*,#2655,.F.);
#3593=ORIENTED_EDGE('',*,*,#2656,.F.);
#3594=ORIENTED_EDGE('',*,*,#2657,.F.);
#3595=ORIENTED_EDGE('',*,*,#2658,.F.);
#3596=ORIENTED_EDGE('',*,*,#2659,.F.);
#3597=ORIENTED_EDGE('',*,*,#2660,.F.);
#3598=ORIENTED_EDGE('',*,*,#2661,.F.);
#3599=ORIENTED_EDGE('',*,*,#2662,.F.);
#3600=ORIENTED_EDGE('',*,*,#2663,.F.);
#3601=ORIENTED_EDGE('',*,*,#2664,.F.);
#3602=ORIENTED_EDGE('',*,*,#2665,.F.);
#3603=ORIENTED_EDGE('',*,*,#2666,.F.);
#3604=ORIENTED_EDGE('',*,*,#2667,.F.);
#3605=ORIENTED_EDGE('',*,*,#2648,.T.);
#3606=ORIENTED_EDGE('',*,*,#2668,.T.);
#3607=ORIENTED_EDGE('',*,*,#2669,.F.);
#3608=ORIENTED_EDGE('',*,*,#2670,.F.);
#3609=ORIENTED_EDGE('',*,*,#2649,.T.);
#3610=ORIENTED_EDGE('',*,*,#2670,.T.);
#3611=ORIENTED_EDGE('',*,*,#2671,.F.);
#3612=ORIENTED_EDGE('',*,*,#2672,.F.);
#3613=ORIENTED_EDGE('',*,*,#2650,.T.);
#3614=ORIENTED_EDGE('',*,*,#2672,.T.);
#3615=ORIENTED_EDGE('',*,*,#2673,.F.);
#3616=ORIENTED_EDGE('',*,*,#2674,.F.);
#3617=ORIENTED_EDGE('',*,*,#2651,.T.);
#3618=ORIENTED_EDGE('',*,*,#2674,.T.);
#3619=ORIENTED_EDGE('',*,*,#2675,.F.);
#3620=ORIENTED_EDGE('',*,*,#2676,.F.);
#3621=ORIENTED_EDGE('',*,*,#2652,.T.);
#3622=ORIENTED_EDGE('',*,*,#2676,.T.);
#3623=ORIENTED_EDGE('',*,*,#2677,.F.);
#3624=ORIENTED_EDGE('',*,*,#2678,.F.);
#3625=ORIENTED_EDGE('',*,*,#2653,.T.);
#3626=ORIENTED_EDGE('',*,*,#2678,.T.);
#3627=ORIENTED_EDGE('',*,*,#2679,.F.);
#3628=ORIENTED_EDGE('',*,*,#2680,.F.);
#3629=ORIENTED_EDGE('',*,*,#2654,.T.);
#3630=ORIENTED_EDGE('',*,*,#2680,.T.);
#3631=ORIENTED_EDGE('',*,*,#2681,.F.);
#3632=ORIENTED_EDGE('',*,*,#2682,.F.);
#3633=ORIENTED_EDGE('',*,*,#2655,.T.);
#3634=ORIENTED_EDGE('',*,*,#2682,.T.);
#3635=ORIENTED_EDGE('',*,*,#2683,.F.);
#3636=ORIENTED_EDGE('',*,*,#2668,.F.);
#3637=ORIENTED_EDGE('',*,*,#2656,.T.);
#3638=ORIENTED_EDGE('',*,*,#2684,.T.);
#3639=ORIENTED_EDGE('',*,*,#2685,.F.);
#3640=ORIENTED_EDGE('',*,*,#2686,.F.);
#3641=ORIENTED_EDGE('',*,*,#2657,.T.);
#3642=ORIENTED_EDGE('',*,*,#2686,.T.);
#3643=ORIENTED_EDGE('',*,*,#2687,.F.);
#3644=ORIENTED_EDGE('',*,*,#2688,.F.);
#3645=ORIENTED_EDGE('',*,*,#2658,.T.);
#3646=ORIENTED_EDGE('',*,*,#2688,.T.);
#3647=ORIENTED_EDGE('',*,*,#2689,.F.);
#3648=ORIENTED_EDGE('',*,*,#2690,.F.);
#3649=ORIENTED_EDGE('',*,*,#2659,.T.);
#3650=ORIENTED_EDGE('',*,*,#2690,.T.);
#3651=ORIENTED_EDGE('',*,*,#2691,.F.);
#3652=ORIENTED_EDGE('',*,*,#2692,.F.);
#3653=ORIENTED_EDGE('',*,*,#2660,.T.);
#3654=ORIENTED_EDGE('',*,*,#2692,.T.);
#3655=ORIENTED_EDGE('',*,*,#2693,.F.);
#3656=ORIENTED_EDGE('',*,*,#2694,.F.);
#3657=ORIENTED_EDGE('',*,*,#2661,.T.);
#3658=ORIENTED_EDGE('',*,*,#2694,.T.);
#3659=ORIENTED_EDGE('',*,*,#2695,.F.);
#3660=ORIENTED_EDGE('',*,*,#2696,.F.);
#3661=ORIENTED_EDGE('',*,*,#2662,.T.);
#3662=ORIENTED_EDGE('',*,*,#2696,.T.);
#3663=ORIENTED_EDGE('',*,*,#2697,.F.);
#3664=ORIENTED_EDGE('',*,*,#2698,.F.);
#3665=ORIENTED_EDGE('',*,*,#2663,.T.);
#3666=ORIENTED_EDGE('',*,*,#2698,.T.);
#3667=ORIENTED_EDGE('',*,*,#2699,.F.);
#3668=ORIENTED_EDGE('',*,*,#2700,.F.);
#3669=ORIENTED_EDGE('',*,*,#2664,.T.);
#3670=ORIENTED_EDGE('',*,*,#2700,.T.);
#3671=ORIENTED_EDGE('',*,*,#2701,.F.);
#3672=ORIENTED_EDGE('',*,*,#2702,.F.);
#3673=ORIENTED_EDGE('',*,*,#2665,.T.);
#3674=ORIENTED_EDGE('',*,*,#2702,.T.);
#3675=ORIENTED_EDGE('',*,*,#2703,.F.);
#3676=ORIENTED_EDGE('',*,*,#2704,.F.);
#3677=ORIENTED_EDGE('',*,*,#2666,.T.);
#3678=ORIENTED_EDGE('',*,*,#2704,.T.);
#3679=ORIENTED_EDGE('',*,*,#2705,.F.);
#3680=ORIENTED_EDGE('',*,*,#2706,.F.);
#3681=ORIENTED_EDGE('',*,*,#2667,.T.);
#3682=ORIENTED_EDGE('',*,*,#2706,.T.);
#3683=ORIENTED_EDGE('',*,*,#2707,.F.);
#3684=ORIENTED_EDGE('',*,*,#2684,.F.);
#3685=ORIENTED_EDGE('',*,*,#2685,.T.);
#3686=ORIENTED_EDGE('',*,*,#2707,.T.);
#3687=ORIENTED_EDGE('',*,*,#2705,.T.);
#3688=ORIENTED_EDGE('',*,*,#2703,.T.);
#3689=ORIENTED_EDGE('',*,*,#2701,.T.);
#3690=ORIENTED_EDGE('',*,*,#2699,.T.);
#3691=ORIENTED_EDGE('',*,*,#2697,.T.);
#3692=ORIENTED_EDGE('',*,*,#2695,.T.);
#3693=ORIENTED_EDGE('',*,*,#2693,.T.);
#3694=ORIENTED_EDGE('',*,*,#2691,.T.);
#3695=ORIENTED_EDGE('',*,*,#2689,.T.);
#3696=ORIENTED_EDGE('',*,*,#2687,.T.);
#3697=ORIENTED_EDGE('',*,*,#2708,.F.);
#3698=ORIENTED_EDGE('',*,*,#2709,.F.);
#3699=ORIENTED_EDGE('',*,*,#2710,.F.);
#3700=ORIENTED_EDGE('',*,*,#2711,.F.);
#3701=ORIENTED_EDGE('',*,*,#2712,.F.);
#3702=ORIENTED_EDGE('',*,*,#2713,.F.);
#3703=ORIENTED_EDGE('',*,*,#2714,.F.);
#3704=ORIENTED_EDGE('',*,*,#2715,.F.);
#3705=ORIENTED_EDGE('',*,*,#2708,.T.);
#3706=ORIENTED_EDGE('',*,*,#2716,.T.);
#3707=ORIENTED_EDGE('',*,*,#2717,.F.);
#3708=ORIENTED_EDGE('',*,*,#2718,.F.);
#3709=ORIENTED_EDGE('',*,*,#2709,.T.);
#3710=ORIENTED_EDGE('',*,*,#2718,.T.);
#3711=ORIENTED_EDGE('',*,*,#2719,.F.);
#3712=ORIENTED_EDGE('',*,*,#2720,.F.);
#3713=ORIENTED_EDGE('',*,*,#2710,.T.);
#3714=ORIENTED_EDGE('',*,*,#2720,.T.);
#3715=ORIENTED_EDGE('',*,*,#2721,.F.);
#3716=ORIENTED_EDGE('',*,*,#2722,.F.);
#3717=ORIENTED_EDGE('',*,*,#2711,.T.);
#3718=ORIENTED_EDGE('',*,*,#2722,.T.);
#3719=ORIENTED_EDGE('',*,*,#2723,.F.);
#3720=ORIENTED_EDGE('',*,*,#2724,.F.);
#3721=ORIENTED_EDGE('',*,*,#2712,.T.);
#3722=ORIENTED_EDGE('',*,*,#2724,.T.);
#3723=ORIENTED_EDGE('',*,*,#2725,.F.);
#3724=ORIENTED_EDGE('',*,*,#2726,.F.);
#3725=ORIENTED_EDGE('',*,*,#2713,.T.);
#3726=ORIENTED_EDGE('',*,*,#2726,.T.);
#3727=ORIENTED_EDGE('',*,*,#2727,.F.);
#3728=ORIENTED_EDGE('',*,*,#2728,.F.);
#3729=ORIENTED_EDGE('',*,*,#2714,.T.);
#3730=ORIENTED_EDGE('',*,*,#2728,.T.);
#3731=ORIENTED_EDGE('',*,*,#2729,.F.);
#3732=ORIENTED_EDGE('',*,*,#2730,.F.);
#3733=ORIENTED_EDGE('',*,*,#2715,.T.);
#3734=ORIENTED_EDGE('',*,*,#2730,.T.);
#3735=ORIENTED_EDGE('',*,*,#2731,.F.);
#3736=ORIENTED_EDGE('',*,*,#2716,.F.);
#3737=ORIENTED_EDGE('',*,*,#2732,.F.);
#3738=ORIENTED_EDGE('',*,*,#2733,.F.);
#3739=ORIENTED_EDGE('',*,*,#2734,.F.);
#3740=ORIENTED_EDGE('',*,*,#2735,.F.);
#3741=ORIENTED_EDGE('',*,*,#2736,.F.);
#3742=ORIENTED_EDGE('',*,*,#2737,.F.);
#3743=ORIENTED_EDGE('',*,*,#2738,.F.);
#3744=ORIENTED_EDGE('',*,*,#2739,.F.);
#3745=ORIENTED_EDGE('',*,*,#2740,.F.);
#3746=ORIENTED_EDGE('',*,*,#2741,.F.);
#3747=ORIENTED_EDGE('',*,*,#2742,.F.);
#3748=ORIENTED_EDGE('',*,*,#2743,.F.);
#3749=ORIENTED_EDGE('',*,*,#2732,.T.);
#3750=ORIENTED_EDGE('',*,*,#2744,.T.);
#3751=ORIENTED_EDGE('',*,*,#2745,.F.);
#3752=ORIENTED_EDGE('',*,*,#2746,.F.);
#3753=ORIENTED_EDGE('',*,*,#2733,.T.);
#3754=ORIENTED_EDGE('',*,*,#2746,.T.);
#3755=ORIENTED_EDGE('',*,*,#2747,.F.);
#3756=ORIENTED_EDGE('',*,*,#2748,.F.);
#3757=ORIENTED_EDGE('',*,*,#2734,.T.);
#3758=ORIENTED_EDGE('',*,*,#2748,.T.);
#3759=ORIENTED_EDGE('',*,*,#2749,.F.);
#3760=ORIENTED_EDGE('',*,*,#2750,.F.);
#3761=ORIENTED_EDGE('',*,*,#2735,.T.);
#3762=ORIENTED_EDGE('',*,*,#2750,.T.);
#3763=ORIENTED_EDGE('',*,*,#2751,.F.);
#3764=ORIENTED_EDGE('',*,*,#2752,.F.);
#3765=ORIENTED_EDGE('',*,*,#2736,.T.);
#3766=ORIENTED_EDGE('',*,*,#2752,.T.);
#3767=ORIENTED_EDGE('',*,*,#2753,.F.);
#3768=ORIENTED_EDGE('',*,*,#2754,.F.);
#3769=ORIENTED_EDGE('',*,*,#2737,.T.);
#3770=ORIENTED_EDGE('',*,*,#2754,.T.);
#3771=ORIENTED_EDGE('',*,*,#2755,.F.);
#3772=ORIENTED_EDGE('',*,*,#2756,.F.);
#3773=ORIENTED_EDGE('',*,*,#2738,.T.);
#3774=ORIENTED_EDGE('',*,*,#2756,.T.);
#3775=ORIENTED_EDGE('',*,*,#2757,.F.);
#3776=ORIENTED_EDGE('',*,*,#2758,.F.);
#3777=ORIENTED_EDGE('',*,*,#2739,.T.);
#3778=ORIENTED_EDGE('',*,*,#2758,.T.);
#3779=ORIENTED_EDGE('',*,*,#2759,.F.);
#3780=ORIENTED_EDGE('',*,*,#2760,.F.);
#3781=ORIENTED_EDGE('',*,*,#2740,.T.);
#3782=ORIENTED_EDGE('',*,*,#2760,.T.);
#3783=ORIENTED_EDGE('',*,*,#2761,.F.);
#3784=ORIENTED_EDGE('',*,*,#2762,.F.);
#3785=ORIENTED_EDGE('',*,*,#2741,.T.);
#3786=ORIENTED_EDGE('',*,*,#2762,.T.);
#3787=ORIENTED_EDGE('',*,*,#2763,.F.);
#3788=ORIENTED_EDGE('',*,*,#2764,.F.);
#3789=ORIENTED_EDGE('',*,*,#2742,.T.);
#3790=ORIENTED_EDGE('',*,*,#2764,.T.);
#3791=ORIENTED_EDGE('',*,*,#2765,.F.);
#3792=ORIENTED_EDGE('',*,*,#2766,.F.);
#3793=ORIENTED_EDGE('',*,*,#2743,.T.);
#3794=ORIENTED_EDGE('',*,*,#2766,.T.);
#3795=ORIENTED_EDGE('',*,*,#2767,.F.);
#3796=ORIENTED_EDGE('',*,*,#2744,.F.);
#3797=ORIENTED_EDGE('',*,*,#2768,.F.);
#3798=ORIENTED_EDGE('',*,*,#2769,.F.);
#3799=ORIENTED_EDGE('',*,*,#2770,.F.);
#3800=ORIENTED_EDGE('',*,*,#2771,.F.);
#3801=ORIENTED_EDGE('',*,*,#2772,.F.);
#3802=ORIENTED_EDGE('',*,*,#2773,.F.);
#3803=ORIENTED_EDGE('',*,*,#2774,.F.);
#3804=ORIENTED_EDGE('',*,*,#2775,.F.);
#3805=ORIENTED_EDGE('',*,*,#2776,.F.);
#3806=ORIENTED_EDGE('',*,*,#2777,.F.);
#3807=ORIENTED_EDGE('',*,*,#2778,.F.);
#3808=ORIENTED_EDGE('',*,*,#2779,.F.);
#3809=ORIENTED_EDGE('',*,*,#2780,.F.);
#3810=ORIENTED_EDGE('',*,*,#2781,.F.);
#3811=ORIENTED_EDGE('',*,*,#2782,.F.);
#3812=ORIENTED_EDGE('',*,*,#2783,.F.);
#3813=ORIENTED_EDGE('',*,*,#2784,.F.);
#3814=ORIENTED_EDGE('',*,*,#2785,.F.);
#3815=ORIENTED_EDGE('',*,*,#2786,.F.);
#3816=ORIENTED_EDGE('',*,*,#2787,.F.);
#3817=ORIENTED_EDGE('',*,*,#2768,.T.);
#3818=ORIENTED_EDGE('',*,*,#2788,.T.);
#3819=ORIENTED_EDGE('',*,*,#2789,.F.);
#3820=ORIENTED_EDGE('',*,*,#2790,.F.);
#3821=ORIENTED_EDGE('',*,*,#2769,.T.);
#3822=ORIENTED_EDGE('',*,*,#2790,.T.);
#3823=ORIENTED_EDGE('',*,*,#2791,.F.);
#3824=ORIENTED_EDGE('',*,*,#2792,.F.);
#3825=ORIENTED_EDGE('',*,*,#2770,.T.);
#3826=ORIENTED_EDGE('',*,*,#2792,.T.);
#3827=ORIENTED_EDGE('',*,*,#2793,.F.);
#3828=ORIENTED_EDGE('',*,*,#2794,.F.);
#3829=ORIENTED_EDGE('',*,*,#2771,.T.);
#3830=ORIENTED_EDGE('',*,*,#2794,.T.);
#3831=ORIENTED_EDGE('',*,*,#2795,.F.);
#3832=ORIENTED_EDGE('',*,*,#2796,.F.);
#3833=ORIENTED_EDGE('',*,*,#2772,.T.);
#3834=ORIENTED_EDGE('',*,*,#2796,.T.);
#3835=ORIENTED_EDGE('',*,*,#2797,.F.);
#3836=ORIENTED_EDGE('',*,*,#2798,.F.);
#3837=ORIENTED_EDGE('',*,*,#2773,.T.);
#3838=ORIENTED_EDGE('',*,*,#2798,.T.);
#3839=ORIENTED_EDGE('',*,*,#2799,.F.);
#3840=ORIENTED_EDGE('',*,*,#2800,.F.);
#3841=ORIENTED_EDGE('',*,*,#2774,.T.);
#3842=ORIENTED_EDGE('',*,*,#2800,.T.);
#3843=ORIENTED_EDGE('',*,*,#2801,.F.);
#3844=ORIENTED_EDGE('',*,*,#2802,.F.);
#3845=ORIENTED_EDGE('',*,*,#2775,.T.);
#3846=ORIENTED_EDGE('',*,*,#2802,.T.);
#3847=ORIENTED_EDGE('',*,*,#2803,.F.);
#3848=ORIENTED_EDGE('',*,*,#2788,.F.);
#3849=ORIENTED_EDGE('',*,*,#2776,.T.);
#3850=ORIENTED_EDGE('',*,*,#2804,.T.);
#3851=ORIENTED_EDGE('',*,*,#2805,.F.);
#3852=ORIENTED_EDGE('',*,*,#2806,.F.);
#3853=ORIENTED_EDGE('',*,*,#2777,.T.);
#3854=ORIENTED_EDGE('',*,*,#2806,.T.);
#3855=ORIENTED_EDGE('',*,*,#2807,.F.);
#3856=ORIENTED_EDGE('',*,*,#2808,.F.);
#3857=ORIENTED_EDGE('',*,*,#2778,.T.);
#3858=ORIENTED_EDGE('',*,*,#2808,.T.);
#3859=ORIENTED_EDGE('',*,*,#2809,.F.);
#3860=ORIENTED_EDGE('',*,*,#2810,.F.);
#3861=ORIENTED_EDGE('',*,*,#2779,.T.);
#3862=ORIENTED_EDGE('',*,*,#2810,.T.);
#3863=ORIENTED_EDGE('',*,*,#2811,.F.);
#3864=ORIENTED_EDGE('',*,*,#2812,.F.);
#3865=ORIENTED_EDGE('',*,*,#2780,.T.);
#3866=ORIENTED_EDGE('',*,*,#2812,.T.);
#3867=ORIENTED_EDGE('',*,*,#2813,.F.);
#3868=ORIENTED_EDGE('',*,*,#2814,.F.);
#3869=ORIENTED_EDGE('',*,*,#2781,.T.);
#3870=ORIENTED_EDGE('',*,*,#2814,.T.);
#3871=ORIENTED_EDGE('',*,*,#2815,.F.);
#3872=ORIENTED_EDGE('',*,*,#2816,.F.);
#3873=ORIENTED_EDGE('',*,*,#2782,.T.);
#3874=ORIENTED_EDGE('',*,*,#2816,.T.);
#3875=ORIENTED_EDGE('',*,*,#2817,.F.);
#3876=ORIENTED_EDGE('',*,*,#2818,.F.);
#3877=ORIENTED_EDGE('',*,*,#2783,.T.);
#3878=ORIENTED_EDGE('',*,*,#2818,.T.);
#3879=ORIENTED_EDGE('',*,*,#2819,.F.);
#3880=ORIENTED_EDGE('',*,*,#2820,.F.);
#3881=ORIENTED_EDGE('',*,*,#2784,.T.);
#3882=ORIENTED_EDGE('',*,*,#2820,.T.);
#3883=ORIENTED_EDGE('',*,*,#2821,.F.);
#3884=ORIENTED_EDGE('',*,*,#2822,.F.);
#3885=ORIENTED_EDGE('',*,*,#2785,.T.);
#3886=ORIENTED_EDGE('',*,*,#2822,.T.);
#3887=ORIENTED_EDGE('',*,*,#2823,.F.);
#3888=ORIENTED_EDGE('',*,*,#2824,.F.);
#3889=ORIENTED_EDGE('',*,*,#2786,.T.);
#3890=ORIENTED_EDGE('',*,*,#2824,.T.);
#3891=ORIENTED_EDGE('',*,*,#2825,.F.);
#3892=ORIENTED_EDGE('',*,*,#2826,.F.);
#3893=ORIENTED_EDGE('',*,*,#2787,.T.);
#3894=ORIENTED_EDGE('',*,*,#2826,.T.);
#3895=ORIENTED_EDGE('',*,*,#2827,.F.);
#3896=ORIENTED_EDGE('',*,*,#2804,.F.);
#3897=ORIENTED_EDGE('',*,*,#2828,.F.);
#3898=ORIENTED_EDGE('',*,*,#2829,.F.);
#3899=ORIENTED_EDGE('',*,*,#2830,.F.);
#3900=ORIENTED_EDGE('',*,*,#2831,.F.);
#3901=ORIENTED_EDGE('',*,*,#2832,.F.);
#3902=ORIENTED_EDGE('',*,*,#2833,.F.);
#3903=ORIENTED_EDGE('',*,*,#2834,.F.);
#3904=ORIENTED_EDGE('',*,*,#2835,.F.);
#3905=ORIENTED_EDGE('',*,*,#2836,.F.);
#3906=ORIENTED_EDGE('',*,*,#2828,.T.);
#3907=ORIENTED_EDGE('',*,*,#2837,.T.);
#3908=ORIENTED_EDGE('',*,*,#2838,.F.);
#3909=ORIENTED_EDGE('',*,*,#2839,.F.);
#3910=ORIENTED_EDGE('',*,*,#2829,.T.);
#3911=ORIENTED_EDGE('',*,*,#2839,.T.);
#3912=ORIENTED_EDGE('',*,*,#2840,.F.);
#3913=ORIENTED_EDGE('',*,*,#2841,.F.);
#3914=ORIENTED_EDGE('',*,*,#2830,.T.);
#3915=ORIENTED_EDGE('',*,*,#2841,.T.);
#3916=ORIENTED_EDGE('',*,*,#2842,.F.);
#3917=ORIENTED_EDGE('',*,*,#2843,.F.);
#3918=ORIENTED_EDGE('',*,*,#2831,.T.);
#3919=ORIENTED_EDGE('',*,*,#2843,.T.);
#3920=ORIENTED_EDGE('',*,*,#2844,.F.);
#3921=ORIENTED_EDGE('',*,*,#2845,.F.);
#3922=ORIENTED_EDGE('',*,*,#2832,.T.);
#3923=ORIENTED_EDGE('',*,*,#2845,.T.);
#3924=ORIENTED_EDGE('',*,*,#2846,.F.);
#3925=ORIENTED_EDGE('',*,*,#2847,.F.);
#3926=ORIENTED_EDGE('',*,*,#2833,.T.);
#3927=ORIENTED_EDGE('',*,*,#2847,.T.);
#3928=ORIENTED_EDGE('',*,*,#2848,.F.);
#3929=ORIENTED_EDGE('',*,*,#2849,.F.);
#3930=ORIENTED_EDGE('',*,*,#2834,.T.);
#3931=ORIENTED_EDGE('',*,*,#2849,.T.);
#3932=ORIENTED_EDGE('',*,*,#2850,.F.);
#3933=ORIENTED_EDGE('',*,*,#2851,.F.);
#3934=ORIENTED_EDGE('',*,*,#2835,.T.);
#3935=ORIENTED_EDGE('',*,*,#2851,.T.);
#3936=ORIENTED_EDGE('',*,*,#2852,.F.);
#3937=ORIENTED_EDGE('',*,*,#2853,.F.);
#3938=ORIENTED_EDGE('',*,*,#2836,.T.);
#3939=ORIENTED_EDGE('',*,*,#2853,.T.);
#3940=ORIENTED_EDGE('',*,*,#2854,.F.);
#3941=ORIENTED_EDGE('',*,*,#2837,.F.);
#3942=ORIENTED_EDGE('',*,*,#2805,.T.);
#3943=ORIENTED_EDGE('',*,*,#2827,.T.);
#3944=ORIENTED_EDGE('',*,*,#2825,.T.);
#3945=ORIENTED_EDGE('',*,*,#2823,.T.);
#3946=ORIENTED_EDGE('',*,*,#2821,.T.);
#3947=ORIENTED_EDGE('',*,*,#2819,.T.);
#3948=ORIENTED_EDGE('',*,*,#2817,.T.);
#3949=ORIENTED_EDGE('',*,*,#2815,.T.);
#3950=ORIENTED_EDGE('',*,*,#2813,.T.);
#3951=ORIENTED_EDGE('',*,*,#2811,.T.);
#3952=ORIENTED_EDGE('',*,*,#2809,.T.);
#3953=ORIENTED_EDGE('',*,*,#2807,.T.);
#3954=ORIENTED_EDGE('',*,*,#2855,.F.);
#3955=ORIENTED_EDGE('',*,*,#2856,.T.);
#3956=ORIENTED_EDGE('',*,*,#2857,.T.);
#3957=ORIENTED_EDGE('',*,*,#2856,.F.);
#3958=ORIENTED_EDGE('',*,*,#2857,.F.);
#3959=ORIENTED_EDGE('',*,*,#2858,.T.);
#3960=ORIENTED_EDGE('',*,*,#2858,.F.);
#3961=ORIENTED_EDGE('',*,*,#2859,.F.);
#3962=ORIENTED_EDGE('',*,*,#2860,.F.);
#3963=ORIENTED_EDGE('',*,*,#2861,.F.);
#3964=ORIENTED_EDGE('',*,*,#2862,.F.);
#3965=ORIENTED_EDGE('',*,*,#2863,.F.);
#3966=ORIENTED_EDGE('',*,*,#2864,.F.);
#3967=ORIENTED_EDGE('',*,*,#2865,.F.);
#3968=ORIENTED_EDGE('',*,*,#2866,.F.);
#3969=ORIENTED_EDGE('',*,*,#2867,.F.);
#3970=ORIENTED_EDGE('',*,*,#2859,.T.);
#3971=ORIENTED_EDGE('',*,*,#2868,.T.);
#3972=ORIENTED_EDGE('',*,*,#2866,.T.);
#3973=ORIENTED_EDGE('',*,*,#2869,.T.);
#3974=ORIENTED_EDGE('',*,*,#2870,.T.);
#3975=ORIENTED_EDGE('',*,*,#2871,.T.);
#3976=ORIENTED_EDGE('',*,*,#2867,.T.);
#3977=ORIENTED_EDGE('',*,*,#2872,.T.);
#3978=ORIENTED_EDGE('',*,*,#2873,.F.);
#3979=ORIENTED_EDGE('',*,*,#2874,.F.);
#3980=ORIENTED_EDGE('',*,*,#2875,.F.);
#3981=ORIENTED_EDGE('',*,*,#2876,.T.);
#3982=ORIENTED_EDGE('',*,*,#2877,.T.);
#3983=ORIENTED_EDGE('',*,*,#2874,.T.);
#3984=ORIENTED_EDGE('',*,*,#2878,.T.);
#3985=ORIENTED_EDGE('',*,*,#2875,.T.);
#3986=ORIENTED_EDGE('',*,*,#2879,.T.);
#3987=ORIENTED_EDGE('',*,*,#2863,.T.);
#3988=ORIENTED_EDGE('',*,*,#2880,.T.);
#3989=ORIENTED_EDGE('',*,*,#2865,.T.);
#3990=ORIENTED_EDGE('',*,*,#2881,.T.);
#3991=ORIENTED_EDGE('',*,*,#2873,.T.);
#3992=ORIENTED_EDGE('',*,*,#2882,.T.);
#3993=ORIENTED_EDGE('',*,*,#2883,.T.);
#3994=ORIENTED_EDGE('',*,*,#2884,.T.);
#3995=ORIENTED_EDGE('',*,*,#2864,.T.);
#3996=ORIENTED_EDGE('',*,*,#2885,.T.);
#3997=ORIENTED_EDGE('',*,*,#2862,.T.);
#3998=ORIENTED_EDGE('',*,*,#2886,.T.);
#3999=ORIENTED_EDGE('',*,*,#2860,.T.);
#4000=ORIENTED_EDGE('',*,*,#2887,.T.);
#4001=ORIENTED_EDGE('',*,*,#2888,.T.);
#4002=ORIENTED_EDGE('',*,*,#2889,.T.);
#4003=ORIENTED_EDGE('',*,*,#2861,.T.);
#4004=ORIENTED_EDGE('',*,*,#2890,.T.);
#4005=ORIENTED_EDGE('',*,*,#2878,.F.);
#4006=ORIENTED_EDGE('',*,*,#2881,.F.);
#4007=ORIENTED_EDGE('',*,*,#2871,.F.);
#4008=ORIENTED_EDGE('',*,*,#2891,.F.);
#4009=ORIENTED_EDGE('',*,*,#2872,.F.);
#4010=ORIENTED_EDGE('',*,*,#2868,.F.);
#4011=ORIENTED_EDGE('',*,*,#2889,.F.);
#4012=ORIENTED_EDGE('',*,*,#2892,.F.);
#4013=ORIENTED_EDGE('',*,*,#2880,.F.);
#4014=ORIENTED_EDGE('',*,*,#2887,.F.);
#4015=ORIENTED_EDGE('',*,*,#2869,.F.);
#4016=ORIENTED_EDGE('',*,*,#2882,.F.);
#4017=ORIENTED_EDGE('',*,*,#2893,.F.);
#4018=ORIENTED_EDGE('',*,*,#2894,.F.);
#4019=ORIENTED_EDGE('',*,*,#2895,.F.);
#4020=ORIENTED_EDGE('',*,*,#2896,.F.);
#4021=ORIENTED_EDGE('',*,*,#2897,.F.);
#4022=ORIENTED_EDGE('',*,*,#2898,.F.);
#4023=ORIENTED_EDGE('',*,*,#2899,.T.);
#4024=ORIENTED_EDGE('',*,*,#2900,.T.);
#4025=ORIENTED_EDGE('',*,*,#2897,.T.);
#4026=ORIENTED_EDGE('',*,*,#2901,.T.);
#4027=ORIENTED_EDGE('',*,*,#2898,.T.);
#4028=ORIENTED_EDGE('',*,*,#2902,.T.);
#4029=ORIENTED_EDGE('',*,*,#2894,.T.);
#4030=ORIENTED_EDGE('',*,*,#2903,.T.);
#4031=ORIENTED_EDGE('',*,*,#2904,.F.);
#4032=ORIENTED_EDGE('',*,*,#2905,.F.);
#4033=ORIENTED_EDGE('',*,*,#2906,.F.);
#4034=ORIENTED_EDGE('',*,*,#2907,.T.);
#4035=ORIENTED_EDGE('',*,*,#2908,.T.);
#4036=ORIENTED_EDGE('',*,*,#2905,.T.);
#4037=ORIENTED_EDGE('',*,*,#2909,.T.);
#4038=ORIENTED_EDGE('',*,*,#2910,.F.);
#4039=ORIENTED_EDGE('',*,*,#2911,.F.);
#4040=ORIENTED_EDGE('',*,*,#2912,.F.);
#4041=ORIENTED_EDGE('',*,*,#2906,.T.);
#4042=ORIENTED_EDGE('',*,*,#2913,.T.);
#4043=ORIENTED_EDGE('',*,*,#2911,.T.);
#4044=ORIENTED_EDGE('',*,*,#2914,.T.);
#4045=ORIENTED_EDGE('',*,*,#2915,.T.);
#4046=ORIENTED_EDGE('',*,*,#2916,.T.);
#4047=ORIENTED_EDGE('',*,*,#2912,.T.);
#4048=ORIENTED_EDGE('',*,*,#2917,.T.);
#4049=ORIENTED_EDGE('',*,*,#2910,.T.);
#4050=ORIENTED_EDGE('',*,*,#2918,.T.);
#4051=ORIENTED_EDGE('',*,*,#2896,.T.);
#4052=ORIENTED_EDGE('',*,*,#2919,.T.);
#4053=ORIENTED_EDGE('',*,*,#2893,.T.);
#4054=ORIENTED_EDGE('',*,*,#2920,.T.);
#4055=ORIENTED_EDGE('',*,*,#2904,.T.);
#4056=ORIENTED_EDGE('',*,*,#2921,.T.);
#4057=ORIENTED_EDGE('',*,*,#2922,.T.);
#4058=ORIENTED_EDGE('',*,*,#2923,.T.);
#4059=ORIENTED_EDGE('',*,*,#2895,.T.);
#4060=ORIENTED_EDGE('',*,*,#2924,.T.);
#4061=ORIENTED_EDGE('',*,*,#2917,.F.);
#4062=ORIENTED_EDGE('',*,*,#2913,.F.);
#4063=ORIENTED_EDGE('',*,*,#2908,.F.);
#4064=ORIENTED_EDGE('',*,*,#2925,.F.);
#4065=ORIENTED_EDGE('',*,*,#2909,.F.);
#4066=ORIENTED_EDGE('',*,*,#2920,.F.);
#4067=ORIENTED_EDGE('',*,*,#2923,.F.);
#4068=ORIENTED_EDGE('',*,*,#2926,.F.);
#4069=ORIENTED_EDGE('',*,*,#2914,.F.);
#4070=ORIENTED_EDGE('',*,*,#2919,.F.);
#4071=ORIENTED_EDGE('',*,*,#2903,.F.);
#4072=ORIENTED_EDGE('',*,*,#2921,.F.);
#4073=ORIENTED_EDGE('',*,*,#2927,.T.);
#4074=ORIENTED_EDGE('',*,*,#2876,.F.);
#4075=ORIENTED_EDGE('',*,*,#2891,.T.);
#4076=ORIENTED_EDGE('',*,*,#2870,.F.);
#4077=ORIENTED_EDGE('',*,*,#2892,.T.);
#4078=ORIENTED_EDGE('',*,*,#2888,.F.);
#4079=ORIENTED_EDGE('',*,*,#2928,.T.);
#4080=ORIENTED_EDGE('',*,*,#2883,.F.);
#4081=ORIENTED_EDGE('',*,*,#2838,.T.);
#4082=ORIENTED_EDGE('',*,*,#2854,.T.);
#4083=ORIENTED_EDGE('',*,*,#2852,.T.);
#4084=ORIENTED_EDGE('',*,*,#2850,.T.);
#4085=ORIENTED_EDGE('',*,*,#2848,.T.);
#4086=ORIENTED_EDGE('',*,*,#2846,.T.);
#4087=ORIENTED_EDGE('',*,*,#2844,.T.);
#4088=ORIENTED_EDGE('',*,*,#2842,.T.);
#4089=ORIENTED_EDGE('',*,*,#2840,.T.);
#4090=ORIENTED_EDGE('',*,*,#2789,.T.);
#4091=ORIENTED_EDGE('',*,*,#2803,.T.);
#4092=ORIENTED_EDGE('',*,*,#2801,.T.);
#4093=ORIENTED_EDGE('',*,*,#2799,.T.);
#4094=ORIENTED_EDGE('',*,*,#2797,.T.);
#4095=ORIENTED_EDGE('',*,*,#2795,.T.);
#4096=ORIENTED_EDGE('',*,*,#2793,.T.);
#4097=ORIENTED_EDGE('',*,*,#2791,.T.);
#4098=ORIENTED_EDGE('',*,*,#2745,.T.);
#4099=ORIENTED_EDGE('',*,*,#2767,.T.);
#4100=ORIENTED_EDGE('',*,*,#2765,.T.);
#4101=ORIENTED_EDGE('',*,*,#2763,.T.);
#4102=ORIENTED_EDGE('',*,*,#2761,.T.);
#4103=ORIENTED_EDGE('',*,*,#2759,.T.);
#4104=ORIENTED_EDGE('',*,*,#2757,.T.);
#4105=ORIENTED_EDGE('',*,*,#2755,.T.);
#4106=ORIENTED_EDGE('',*,*,#2753,.T.);
#4107=ORIENTED_EDGE('',*,*,#2751,.T.);
#4108=ORIENTED_EDGE('',*,*,#2749,.T.);
#4109=ORIENTED_EDGE('',*,*,#2747,.T.);
#4110=ORIENTED_EDGE('',*,*,#2717,.T.);
#4111=ORIENTED_EDGE('',*,*,#2731,.T.);
#4112=ORIENTED_EDGE('',*,*,#2729,.T.);
#4113=ORIENTED_EDGE('',*,*,#2727,.T.);
#4114=ORIENTED_EDGE('',*,*,#2725,.T.);
#4115=ORIENTED_EDGE('',*,*,#2723,.T.);
#4116=ORIENTED_EDGE('',*,*,#2721,.T.);
#4117=ORIENTED_EDGE('',*,*,#2719,.T.);
#4118=ORIENTED_EDGE('',*,*,#2929,.F.);
#4119=ORIENTED_EDGE('',*,*,#2930,.F.);
#4120=ORIENTED_EDGE('',*,*,#2931,.F.);
#4121=ORIENTED_EDGE('',*,*,#2932,.F.);
#4122=ORIENTED_EDGE('',*,*,#2933,.F.);
#4123=ORIENTED_EDGE('',*,*,#2934,.F.);
#4124=ORIENTED_EDGE('',*,*,#2935,.F.);
#4125=ORIENTED_EDGE('',*,*,#2936,.F.);
#4126=ORIENTED_EDGE('',*,*,#2937,.F.);
#4127=ORIENTED_EDGE('',*,*,#2931,.T.);
#4128=ORIENTED_EDGE('',*,*,#2938,.T.);
#4129=ORIENTED_EDGE('',*,*,#2936,.T.);
#4130=ORIENTED_EDGE('',*,*,#2939,.T.);
#4131=ORIENTED_EDGE('',*,*,#2940,.F.);
#4132=ORIENTED_EDGE('',*,*,#2941,.F.);
#4133=ORIENTED_EDGE('',*,*,#2942,.F.);
#4134=ORIENTED_EDGE('',*,*,#2937,.T.);
#4135=ORIENTED_EDGE('',*,*,#2943,.T.);
#4136=ORIENTED_EDGE('',*,*,#2941,.T.);
#4137=ORIENTED_EDGE('',*,*,#2944,.T.);
#4138=ORIENTED_EDGE('',*,*,#2942,.T.);
#4139=ORIENTED_EDGE('',*,*,#2945,.T.);
#4140=ORIENTED_EDGE('',*,*,#2933,.T.);
#4141=ORIENTED_EDGE('',*,*,#2946,.T.);
#4142=ORIENTED_EDGE('',*,*,#2947,.T.);
#4143=ORIENTED_EDGE('',*,*,#2948,.T.);
#4144=ORIENTED_EDGE('',*,*,#2940,.T.);
#4145=ORIENTED_EDGE('',*,*,#2949,.T.);
#4146=ORIENTED_EDGE('',*,*,#2950,.T.);
#4147=ORIENTED_EDGE('',*,*,#2951,.T.);
#4148=ORIENTED_EDGE('',*,*,#2935,.T.);
#4149=ORIENTED_EDGE('',*,*,#2952,.T.);
#4150=ORIENTED_EDGE('',*,*,#2934,.T.);
#4151=ORIENTED_EDGE('',*,*,#2953,.T.);
#4152=ORIENTED_EDGE('',*,*,#2930,.T.);
#4153=ORIENTED_EDGE('',*,*,#2954,.T.);
#4154=ORIENTED_EDGE('',*,*,#2955,.T.);
#4155=ORIENTED_EDGE('',*,*,#2956,.T.);
#4156=ORIENTED_EDGE('',*,*,#2932,.T.);
#4157=ORIENTED_EDGE('',*,*,#2957,.T.);
#4158=ORIENTED_EDGE('',*,*,#2958,.T.);
#4159=ORIENTED_EDGE('',*,*,#2959,.T.);
#4160=ORIENTED_EDGE('',*,*,#2929,.T.);
#4161=ORIENTED_EDGE('',*,*,#2960,.T.);
#4162=ORIENTED_EDGE('',*,*,#2949,.F.);
#4163=ORIENTED_EDGE('',*,*,#2946,.F.);
#4164=ORIENTED_EDGE('',*,*,#2956,.F.);
#4165=ORIENTED_EDGE('',*,*,#2961,.T.);
#4166=ORIENTED_EDGE('',*,*,#2957,.F.);
#4167=ORIENTED_EDGE('',*,*,#2954,.F.);
#4168=ORIENTED_EDGE('',*,*,#2959,.F.);
#4169=ORIENTED_EDGE('',*,*,#2962,.T.);
#4170=ORIENTED_EDGE('',*,*,#2938,.F.);
#4171=ORIENTED_EDGE('',*,*,#2953,.F.);
#4172=ORIENTED_EDGE('',*,*,#2945,.F.);
#4173=ORIENTED_EDGE('',*,*,#2943,.F.);
#4174=ORIENTED_EDGE('',*,*,#2607,.T.);
#4175=ORIENTED_EDGE('',*,*,#2647,.T.);
#4176=ORIENTED_EDGE('',*,*,#2645,.T.);
#4177=ORIENTED_EDGE('',*,*,#2643,.T.);
#4178=ORIENTED_EDGE('',*,*,#2641,.T.);
#4179=ORIENTED_EDGE('',*,*,#2639,.T.);
#4180=ORIENTED_EDGE('',*,*,#2637,.T.);
#4181=ORIENTED_EDGE('',*,*,#2635,.T.);
#4182=ORIENTED_EDGE('',*,*,#2633,.T.);
#4183=ORIENTED_EDGE('',*,*,#2631,.T.);
#4184=ORIENTED_EDGE('',*,*,#2629,.T.);
#4185=ORIENTED_EDGE('',*,*,#2627,.T.);
#4186=ORIENTED_EDGE('',*,*,#2625,.T.);
#4187=ORIENTED_EDGE('',*,*,#2623,.T.);
#4188=ORIENTED_EDGE('',*,*,#2621,.T.);
#4189=ORIENTED_EDGE('',*,*,#2619,.T.);
#4190=ORIENTED_EDGE('',*,*,#2617,.T.);
#4191=ORIENTED_EDGE('',*,*,#2615,.T.);
#4192=ORIENTED_EDGE('',*,*,#2613,.T.);
#4193=ORIENTED_EDGE('',*,*,#2611,.T.);
#4194=ORIENTED_EDGE('',*,*,#2609,.T.);
#4195=ORIENTED_EDGE('',*,*,#2669,.T.);
#4196=ORIENTED_EDGE('',*,*,#2683,.T.);
#4197=ORIENTED_EDGE('',*,*,#2681,.T.);
#4198=ORIENTED_EDGE('',*,*,#2679,.T.);
#4199=ORIENTED_EDGE('',*,*,#2677,.T.);
#4200=ORIENTED_EDGE('',*,*,#2675,.T.);
#4201=ORIENTED_EDGE('',*,*,#2673,.T.);
#4202=ORIENTED_EDGE('',*,*,#2671,.T.);
#4203=ORIENTED_EDGE('',*,*,#2963,.T.);
#4204=ORIENTED_EDGE('',*,*,#2899,.F.);
#4205=ORIENTED_EDGE('',*,*,#2964,.T.);
#4206=ORIENTED_EDGE('',*,*,#2915,.F.);
#4207=ORIENTED_EDGE('',*,*,#2925,.T.);
#4208=ORIENTED_EDGE('',*,*,#2907,.F.);
#4209=ORIENTED_EDGE('',*,*,#2926,.T.);
#4210=ORIENTED_EDGE('',*,*,#2922,.F.);
#4211=ORIENTED_EDGE('',*,*,#2965,.F.);
#4212=ORIENTED_EDGE('',*,*,#2966,.F.);
#4213=ORIENTED_EDGE('',*,*,#2967,.F.);
#4214=ORIENTED_EDGE('',*,*,#2968,.T.);
#4215=ORIENTED_EDGE('',*,*,#2969,.T.);
#4216=ORIENTED_EDGE('',*,*,#2966,.T.);
#4217=ORIENTED_EDGE('',*,*,#2970,.T.);
#4218=ORIENTED_EDGE('',*,*,#2971,.F.);
#4219=ORIENTED_EDGE('',*,*,#2972,.F.);
#4220=ORIENTED_EDGE('',*,*,#2973,.F.);
#4221=ORIENTED_EDGE('',*,*,#2974,.T.);
#4222=ORIENTED_EDGE('',*,*,#2975,.T.);
#4223=ORIENTED_EDGE('',*,*,#2972,.T.);
#4224=ORIENTED_EDGE('',*,*,#2976,.T.);
#4225=ORIENTED_EDGE('',*,*,#2977,.F.);
#4226=ORIENTED_EDGE('',*,*,#2978,.F.);
#4227=ORIENTED_EDGE('',*,*,#2979,.F.);
#4228=ORIENTED_EDGE('',*,*,#2980,.T.);
#4229=ORIENTED_EDGE('',*,*,#2981,.T.);
#4230=ORIENTED_EDGE('',*,*,#2978,.T.);
#4231=ORIENTED_EDGE('',*,*,#2982,.T.);
#4232=ORIENTED_EDGE('',*,*,#2965,.T.);
#4233=ORIENTED_EDGE('',*,*,#2983,.T.);
#4234=ORIENTED_EDGE('',*,*,#2979,.T.);
#4235=ORIENTED_EDGE('',*,*,#2984,.T.);
#4236=ORIENTED_EDGE('',*,*,#2985,.F.);
#4237=ORIENTED_EDGE('',*,*,#2986,.F.);
#4238=ORIENTED_EDGE('',*,*,#2987,.F.);
#4239=ORIENTED_EDGE('',*,*,#2988,.T.);
#4240=ORIENTED_EDGE('',*,*,#2989,.T.);
#4241=ORIENTED_EDGE('',*,*,#2986,.T.);
#4242=ORIENTED_EDGE('',*,*,#2990,.T.);
#4243=ORIENTED_EDGE('',*,*,#2977,.T.);
#4244=ORIENTED_EDGE('',*,*,#2991,.T.);
#4245=ORIENTED_EDGE('',*,*,#2987,.T.);
#4246=ORIENTED_EDGE('',*,*,#2992,.T.);
#4247=ORIENTED_EDGE('',*,*,#2985,.T.);
#4248=ORIENTED_EDGE('',*,*,#2993,.T.);
#4249=ORIENTED_EDGE('',*,*,#2973,.T.);
#4250=ORIENTED_EDGE('',*,*,#2994,.T.);
#4251=ORIENTED_EDGE('',*,*,#2971,.T.);
#4252=ORIENTED_EDGE('',*,*,#2995,.T.);
#4253=ORIENTED_EDGE('',*,*,#2967,.T.);
#4254=ORIENTED_EDGE('',*,*,#2996,.T.);
#4255=ORIENTED_EDGE('',*,*,#2970,.F.);
#4256=ORIENTED_EDGE('',*,*,#2984,.F.);
#4257=ORIENTED_EDGE('',*,*,#2981,.F.);
#4258=ORIENTED_EDGE('',*,*,#2997,.T.);
#4259=ORIENTED_EDGE('',*,*,#2982,.F.);
#4260=ORIENTED_EDGE('',*,*,#2992,.F.);
#4261=ORIENTED_EDGE('',*,*,#2989,.F.);
#4262=ORIENTED_EDGE('',*,*,#2998,.T.);
#4263=ORIENTED_EDGE('',*,*,#2983,.F.);
#4264=ORIENTED_EDGE('',*,*,#2995,.F.);
#4265=ORIENTED_EDGE('',*,*,#2993,.F.);
#4266=ORIENTED_EDGE('',*,*,#2991,.F.);
#4267=ORIENTED_EDGE('',*,*,#2470,.T.);
#4268=ORIENTED_EDGE('',*,*,#2524,.T.);
#4269=ORIENTED_EDGE('',*,*,#2522,.T.);
#4270=ORIENTED_EDGE('',*,*,#2520,.T.);
#4271=ORIENTED_EDGE('',*,*,#2518,.T.);
#4272=ORIENTED_EDGE('',*,*,#2516,.T.);
#4273=ORIENTED_EDGE('',*,*,#2514,.T.);
#4274=ORIENTED_EDGE('',*,*,#2512,.T.);
#4275=ORIENTED_EDGE('',*,*,#2510,.T.);
#4276=ORIENTED_EDGE('',*,*,#2508,.T.);
#4277=ORIENTED_EDGE('',*,*,#2506,.T.);
#4278=ORIENTED_EDGE('',*,*,#2504,.T.);
#4279=ORIENTED_EDGE('',*,*,#2502,.T.);
#4280=ORIENTED_EDGE('',*,*,#2500,.T.);
#4281=ORIENTED_EDGE('',*,*,#2498,.T.);
#4282=ORIENTED_EDGE('',*,*,#2496,.T.);
#4283=ORIENTED_EDGE('',*,*,#2494,.T.);
#4284=ORIENTED_EDGE('',*,*,#2492,.T.);
#4285=ORIENTED_EDGE('',*,*,#2490,.T.);
#4286=ORIENTED_EDGE('',*,*,#2488,.T.);
#4287=ORIENTED_EDGE('',*,*,#2486,.T.);
#4288=ORIENTED_EDGE('',*,*,#2484,.T.);
#4289=ORIENTED_EDGE('',*,*,#2482,.T.);
#4290=ORIENTED_EDGE('',*,*,#2480,.T.);
#4291=ORIENTED_EDGE('',*,*,#2478,.T.);
#4292=ORIENTED_EDGE('',*,*,#2476,.T.);
#4293=ORIENTED_EDGE('',*,*,#2474,.T.);
#4294=ORIENTED_EDGE('',*,*,#2472,.T.);
#4295=ORIENTED_EDGE('',*,*,#2546,.T.);
#4296=ORIENTED_EDGE('',*,*,#2560,.T.);
#4297=ORIENTED_EDGE('',*,*,#2558,.T.);
#4298=ORIENTED_EDGE('',*,*,#2556,.T.);
#4299=ORIENTED_EDGE('',*,*,#2554,.T.);
#4300=ORIENTED_EDGE('',*,*,#2552,.T.);
#4301=ORIENTED_EDGE('',*,*,#2550,.T.);
#4302=ORIENTED_EDGE('',*,*,#2548,.T.);
#4303=ORIENTED_EDGE('',*,*,#2958,.F.);
#4304=ORIENTED_EDGE('',*,*,#2999,.F.);
#4305=ORIENTED_EDGE('',*,*,#2950,.F.);
#4306=ORIENTED_EDGE('',*,*,#3000,.F.);
#4307=ORIENTED_EDGE('',*,*,#2947,.F.);
#4308=ORIENTED_EDGE('',*,*,#2961,.F.);
#4309=ORIENTED_EDGE('',*,*,#2955,.F.);
#4310=ORIENTED_EDGE('',*,*,#2962,.F.);
#4311=ORIENTED_EDGE('',*,*,#3001,.F.);
#4312=ORIENTED_EDGE('',*,*,#3002,.F.);
#4313=ORIENTED_EDGE('',*,*,#3003,.F.);
#4314=ORIENTED_EDGE('',*,*,#3004,.T.);
#4315=ORIENTED_EDGE('',*,*,#3005,.T.);
#4316=ORIENTED_EDGE('',*,*,#3006,.T.);
#4317=ORIENTED_EDGE('',*,*,#3002,.T.);
#4318=ORIENTED_EDGE('',*,*,#3007,.T.);
#4319=ORIENTED_EDGE('',*,*,#3008,.F.);
#4320=ORIENTED_EDGE('',*,*,#3009,.F.);
#4321=ORIENTED_EDGE('',*,*,#3010,.F.);
#4322=ORIENTED_EDGE('',*,*,#3011,.T.);
#4323=ORIENTED_EDGE('',*,*,#3012,.T.);
#4324=ORIENTED_EDGE('',*,*,#3013,.T.);
#4325=ORIENTED_EDGE('',*,*,#3009,.T.);
#4326=ORIENTED_EDGE('',*,*,#3014,.T.);
#4327=ORIENTED_EDGE('',*,*,#3015,.F.);
#4328=ORIENTED_EDGE('',*,*,#3016,.F.);
#4329=ORIENTED_EDGE('',*,*,#3017,.F.);
#4330=ORIENTED_EDGE('',*,*,#3018,.T.);
#4331=ORIENTED_EDGE('',*,*,#3019,.T.);
#4332=ORIENTED_EDGE('',*,*,#3020,.T.);
#4333=ORIENTED_EDGE('',*,*,#3016,.T.);
#4334=ORIENTED_EDGE('',*,*,#3021,.T.);
#4335=ORIENTED_EDGE('',*,*,#3001,.T.);
#4336=ORIENTED_EDGE('',*,*,#3022,.T.);
#4337=ORIENTED_EDGE('',*,*,#3017,.T.);
#4338=ORIENTED_EDGE('',*,*,#3023,.T.);
#4339=ORIENTED_EDGE('',*,*,#3024,.F.);
#4340=ORIENTED_EDGE('',*,*,#3025,.F.);
#4341=ORIENTED_EDGE('',*,*,#3026,.F.);
#4342=ORIENTED_EDGE('',*,*,#3027,.T.);
#4343=ORIENTED_EDGE('',*,*,#3028,.T.);
#4344=ORIENTED_EDGE('',*,*,#3029,.T.);
#4345=ORIENTED_EDGE('',*,*,#3025,.T.);
#4346=ORIENTED_EDGE('',*,*,#3030,.T.);
#4347=ORIENTED_EDGE('',*,*,#3015,.T.);
#4348=ORIENTED_EDGE('',*,*,#3031,.T.);
#4349=ORIENTED_EDGE('',*,*,#3026,.T.);
#4350=ORIENTED_EDGE('',*,*,#3032,.T.);
#4351=ORIENTED_EDGE('',*,*,#3024,.T.);
#4352=ORIENTED_EDGE('',*,*,#3033,.T.);
#4353=ORIENTED_EDGE('',*,*,#3010,.T.);
#4354=ORIENTED_EDGE('',*,*,#3034,.T.);
#4355=ORIENTED_EDGE('',*,*,#3008,.T.);
#4356=ORIENTED_EDGE('',*,*,#3035,.T.);
#4357=ORIENTED_EDGE('',*,*,#3003,.T.);
#4358=ORIENTED_EDGE('',*,*,#3036,.T.);
#4359=ORIENTED_EDGE('',*,*,#3007,.F.);
#4360=ORIENTED_EDGE('',*,*,#3023,.F.);
#4361=ORIENTED_EDGE('',*,*,#3020,.F.);
#4362=ORIENTED_EDGE('',*,*,#3037,.T.);
#4363=ORIENTED_EDGE('',*,*,#3021,.F.);
#4364=ORIENTED_EDGE('',*,*,#3032,.F.);
#4365=ORIENTED_EDGE('',*,*,#3029,.F.);
#4366=ORIENTED_EDGE('',*,*,#3038,.T.);
#4367=ORIENTED_EDGE('',*,*,#3005,.F.);
#4368=ORIENTED_EDGE('',*,*,#3037,.F.);
#4369=ORIENTED_EDGE('',*,*,#3019,.F.);
#4370=ORIENTED_EDGE('',*,*,#3038,.F.);
#4371=ORIENTED_EDGE('',*,*,#3028,.F.);
#4372=ORIENTED_EDGE('',*,*,#3039,.F.);
#4373=ORIENTED_EDGE('',*,*,#3012,.F.);
#4374=ORIENTED_EDGE('',*,*,#3040,.F.);
#4375=ORIENTED_EDGE('',*,*,#2855,.T.);
#4376=ORIENTED_EDGE('',*,*,#3027,.F.);
#4377=ORIENTED_EDGE('',*,*,#3031,.F.);
#4378=ORIENTED_EDGE('',*,*,#3018,.F.);
#4379=ORIENTED_EDGE('',*,*,#3022,.F.);
#4380=ORIENTED_EDGE('',*,*,#3004,.F.);
#4381=ORIENTED_EDGE('',*,*,#3035,.F.);
#4382=ORIENTED_EDGE('',*,*,#3011,.F.);
#4383=ORIENTED_EDGE('',*,*,#3033,.F.);
#4384=ORIENTED_EDGE('',*,*,#3041,.F.);
#4385=ORIENTED_EDGE('',*,*,#2968,.F.);
#4386=ORIENTED_EDGE('',*,*,#2997,.F.);
#4387=ORIENTED_EDGE('',*,*,#2980,.F.);
#4388=ORIENTED_EDGE('',*,*,#2998,.F.);
#4389=ORIENTED_EDGE('',*,*,#2988,.F.);
#4390=ORIENTED_EDGE('',*,*,#3042,.F.);
#4391=ORIENTED_EDGE('',*,*,#2974,.F.);
#4392=ORIENTED_EDGE('',*,*,#2402,.T.);
#4393=ORIENTED_EDGE('',*,*,#2416,.T.);
#4394=ORIENTED_EDGE('',*,*,#2414,.T.);
#4395=ORIENTED_EDGE('',*,*,#2412,.T.);
#4396=ORIENTED_EDGE('',*,*,#2410,.T.);
#4397=ORIENTED_EDGE('',*,*,#2408,.T.);
#4398=ORIENTED_EDGE('',*,*,#2406,.T.);
#4399=ORIENTED_EDGE('',*,*,#2404,.T.);
#4400=ORIENTED_EDGE('',*,*,#2354,.T.);
#4401=ORIENTED_EDGE('',*,*,#2374,.T.);
#4402=ORIENTED_EDGE('',*,*,#2372,.T.);
#4403=ORIENTED_EDGE('',*,*,#2370,.T.);
#4404=ORIENTED_EDGE('',*,*,#2368,.T.);
#4405=ORIENTED_EDGE('',*,*,#2366,.T.);
#4406=ORIENTED_EDGE('',*,*,#2364,.T.);
#4407=ORIENTED_EDGE('',*,*,#2362,.T.);
#4408=ORIENTED_EDGE('',*,*,#2360,.T.);
#4409=ORIENTED_EDGE('',*,*,#2358,.T.);
#4410=ORIENTED_EDGE('',*,*,#2356,.T.);
#4411=ORIENTED_EDGE('',*,*,#2948,.F.);
#4412=ORIENTED_EDGE('',*,*,#3000,.T.);
#4413=ORIENTED_EDGE('',*,*,#2952,.F.);
#4414=ORIENTED_EDGE('',*,*,#2944,.F.);
#4415=ORIENTED_EDGE('',*,*,#2877,.F.);
#4416=ORIENTED_EDGE('',*,*,#2927,.F.);
#4417=ORIENTED_EDGE('',*,*,#2885,.F.);
#4418=ORIENTED_EDGE('',*,*,#2879,.F.);
#4419=ORIENTED_EDGE('',*,*,#2900,.F.);
#4420=ORIENTED_EDGE('',*,*,#2963,.F.);
#4421=ORIENTED_EDGE('',*,*,#2924,.F.);
#4422=ORIENTED_EDGE('',*,*,#2902,.F.);
#4423=ORIENTED_EDGE('',*,*,#2951,.F.);
#4424=ORIENTED_EDGE('',*,*,#2999,.T.);
#4425=ORIENTED_EDGE('',*,*,#2960,.F.);
#4426=ORIENTED_EDGE('',*,*,#2939,.F.);
#4427=ORIENTED_EDGE('',*,*,#2969,.F.);
#4428=ORIENTED_EDGE('',*,*,#3041,.T.);
#4429=ORIENTED_EDGE('',*,*,#2976,.F.);
#4430=ORIENTED_EDGE('',*,*,#2996,.F.);
#4431=ORIENTED_EDGE('',*,*,#2884,.F.);
#4432=ORIENTED_EDGE('',*,*,#2928,.F.);
#4433=ORIENTED_EDGE('',*,*,#2890,.F.);
#4434=ORIENTED_EDGE('',*,*,#2886,.F.);
#4435=ORIENTED_EDGE('',*,*,#2975,.F.);
#4436=ORIENTED_EDGE('',*,*,#3042,.T.);
#4437=ORIENTED_EDGE('',*,*,#2990,.F.);
#4438=ORIENTED_EDGE('',*,*,#2994,.F.);
#4439=ORIENTED_EDGE('',*,*,#3006,.F.);
#4440=ORIENTED_EDGE('',*,*,#3040,.T.);
#4441=ORIENTED_EDGE('',*,*,#3014,.F.);
#4442=ORIENTED_EDGE('',*,*,#3036,.F.);
#4443=ORIENTED_EDGE('',*,*,#3013,.F.);
#4444=ORIENTED_EDGE('',*,*,#3039,.T.);
#4445=ORIENTED_EDGE('',*,*,#3030,.F.);
#4446=ORIENTED_EDGE('',*,*,#3034,.F.);
#4447=ORIENTED_EDGE('',*,*,#2916,.F.);
#4448=ORIENTED_EDGE('',*,*,#2964,.F.);
#4449=ORIENTED_EDGE('',*,*,#2901,.F.);
#4450=ORIENTED_EDGE('',*,*,#2918,.F.);
#4451=PLANE('',#4888);
#4452=PLANE('',#4889);
#4453=PLANE('',#4890);
#4454=PLANE('',#4891);
#4455=PLANE('',#4892);
#4456=PLANE('',#4893);
#4457=PLANE('',#4894);
#4458=PLANE('',#4895);
#4459=PLANE('',#4896);
#4460=PLANE('',#4897);
#4461=PLANE('',#4898);
#4462=PLANE('',#4899);
#4463=PLANE('',#4900);
#4464=PLANE('',#4901);
#4465=PLANE('',#4902);
#4466=PLANE('',#4903);
#4467=PLANE('',#4904);
#4468=PLANE('',#4905);
#4469=PLANE('',#4906);
#4470=PLANE('',#4907);
#4471=PLANE('',#4908);
#4472=PLANE('',#4909);
#4473=PLANE('',#4910);
#4474=PLANE('',#4911);
#4475=PLANE('',#4912);
#4476=PLANE('',#4913);
#4477=PLANE('',#4914);
#4478=PLANE('',#4915);
#4479=PLANE('',#4916);
#4480=PLANE('',#4917);
#4481=PLANE('',#4918);
#4482=PLANE('',#4919);
#4483=PLANE('',#4920);
#4484=PLANE('',#4921);
#4485=PLANE('',#4922);
#4486=PLANE('',#4923);
#4487=PLANE('',#4924);
#4488=PLANE('',#4925);
#4489=PLANE('',#4926);
#4490=PLANE('',#4927);
#4491=PLANE('',#4928);
#4492=PLANE('',#4929);
#4493=PLANE('',#4930);
#4494=PLANE('',#4931);
#4495=PLANE('',#4932);
#4496=PLANE('',#4933);
#4497=PLANE('',#4934);
#4498=PLANE('',#4935);
#4499=PLANE('',#4936);
#4500=PLANE('',#4937);
#4501=PLANE('',#4938);
#4502=PLANE('',#4939);
#4503=PLANE('',#4940);
#4504=PLANE('',#4941);
#4505=PLANE('',#4942);
#4506=PLANE('',#4943);
#4507=PLANE('',#4944);
#4508=PLANE('',#4945);
#4509=PLANE('',#4946);
#4510=PLANE('',#4947);
#4511=PLANE('',#4948);
#4512=PLANE('',#4949);
#4513=PLANE('',#4954);
#4514=PLANE('',#4955);
#4515=PLANE('',#4956);
#4516=PLANE('',#4957);
#4517=PLANE('',#4958);
#4518=PLANE('',#4959);
#4519=PLANE('',#4960);
#4520=PLANE('',#4961);
#4521=PLANE('',#4962);
#4522=PLANE('',#4963);
#4523=PLANE('',#4964);
#4524=PLANE('',#4965);
#4525=PLANE('',#4966);
#4526=PLANE('',#4967);
#4527=PLANE('',#4968);
#4528=PLANE('',#4969);
#4529=PLANE('',#4970);
#4530=PLANE('',#4971);
#4531=PLANE('',#4972);
#4532=PLANE('',#4973);
#4533=PLANE('',#4974);
#4534=PLANE('',#4975);
#4535=PLANE('',#4976);
#4536=PLANE('',#4977);
#4537=PLANE('',#4978);
#4538=PLANE('',#4979);
#4539=PLANE('',#4980);
#4540=PLANE('',#4981);
#4541=PLANE('',#4982);
#4542=PLANE('',#4983);
#4543=PLANE('',#4984);
#4544=PLANE('',#4985);
#4545=PLANE('',#4986);
#4546=PLANE('',#4987);
#4547=PLANE('',#4988);
#4548=PLANE('',#4989);
#4549=PLANE('',#4990);
#4550=PLANE('',#4991);
#4551=PLANE('',#4992);
#4552=PLANE('',#4993);
#4553=PLANE('',#4994);
#4554=PLANE('',#4995);
#4555=PLANE('',#4996);
#4556=PLANE('',#4997);
#4557=PLANE('',#4998);
#4558=PLANE('',#4999);
#4559=PLANE('',#5000);
#4560=PLANE('',#5001);
#4561=PLANE('',#5002);
#4562=PLANE('',#5003);
#4563=PLANE('',#5004);
#4564=PLANE('',#5005);
#4565=PLANE('',#5006);
#4566=PLANE('',#5007);
#4567=PLANE('',#5008);
#4568=PLANE('',#5009);
#4569=PLANE('',#5010);
#4570=PLANE('',#5011);
#4571=PLANE('',#5012);
#4572=PLANE('',#5013);
#4573=PLANE('',#5014);
#4574=PLANE('',#5015);
#4575=PLANE('',#5016);
#4576=PLANE('',#5017);
#4577=PLANE('',#5018);
#4578=PLANE('',#5019);
#4579=PLANE('',#5020);
#4580=PLANE('',#5021);
#4581=PLANE('',#5022);
#4582=PLANE('',#5023);
#4583=PLANE('',#5024);
#4584=PLANE('',#5025);
#4585=PLANE('',#5026);
#4586=PLANE('',#5027);
#4587=PLANE('',#5028);
#4588=PLANE('',#5029);
#4589=PLANE('',#5030);
#4590=PLANE('',#5031);
#4591=PLANE('',#5032);
#4592=PLANE('',#5033);
#4593=PLANE('',#5034);
#4594=PLANE('',#5035);
#4595=PLANE('',#5036);
#4596=PLANE('',#5037);
#4597=PLANE('',#5038);
#4598=PLANE('',#5039);
#4599=ADVANCED_FACE('',(#414,#394),#4451,.T.);
#4600=ADVANCED_FACE('',(#415),#4452,.T.);
#4601=ADVANCED_FACE('',(#416),#4453,.T.);
#4602=ADVANCED_FACE('',(#417),#4454,.T.);
#4603=ADVANCED_FACE('',(#418),#4455,.T.);
#4604=ADVANCED_FACE('',(#419),#4456,.T.);
#4605=ADVANCED_FACE('',(#420),#4457,.T.);
#4606=ADVANCED_FACE('',(#421),#4458,.T.);
#4607=ADVANCED_FACE('',(#422),#4459,.T.);
#4608=ADVANCED_FACE('',(#423),#4460,.T.);
#4609=ADVANCED_FACE('',(#424),#4461,.T.);
#4610=ADVANCED_FACE('',(#425),#4462,.T.);
#4611=ADVANCED_FACE('',(#426),#4463,.T.);
#4612=ADVANCED_FACE('',(#427),#4464,.T.);
#4613=ADVANCED_FACE('',(#428),#4465,.T.);
#4614=ADVANCED_FACE('',(#429,#395),#4466,.T.);
#4615=ADVANCED_FACE('',(#430),#19,.T.);
#4616=ADVANCED_FACE('',(#431),#20,.T.);
#4617=ADVANCED_FACE('',(#432),#21,.T.);
#4618=ADVANCED_FACE('',(#433),#22,.T.);
#4619=ADVANCED_FACE('',(#434),#23,.T.);
#4620=ADVANCED_FACE('',(#435),#24,.T.);
#4621=ADVANCED_FACE('',(#436),#25,.T.);
#4622=ADVANCED_FACE('',(#437),#26,.T.);
#4623=ADVANCED_FACE('',(#438),#27,.T.);
#4624=ADVANCED_FACE('',(#439),#28,.T.);
#4625=ADVANCED_FACE('',(#440),#29,.T.);
#4626=ADVANCED_FACE('',(#441),#30,.T.);
#4627=ADVANCED_FACE('',(#442),#31,.T.);
#4628=ADVANCED_FACE('',(#443),#32,.T.);
#4629=ADVANCED_FACE('',(#444),#33,.T.);
#4630=ADVANCED_FACE('',(#445),#34,.T.);
#4631=ADVANCED_FACE('',(#446),#35,.T.);
#4632=ADVANCED_FACE('',(#447),#36,.T.);
#4633=ADVANCED_FACE('',(#448),#37,.T.);
#4634=ADVANCED_FACE('',(#449),#38,.T.);
#4635=ADVANCED_FACE('',(#450),#4467,.T.);
#4636=ADVANCED_FACE('',(#451),#4468,.T.);
#4637=ADVANCED_FACE('',(#452),#4469,.T.);
#4638=ADVANCED_FACE('',(#453),#39,.T.);
#4639=ADVANCED_FACE('',(#454),#40,.T.);
#4640=ADVANCED_FACE('',(#455),#41,.T.);
#4641=ADVANCED_FACE('',(#456),#42,.T.);
#4642=ADVANCED_FACE('',(#457),#43,.T.);
#4643=ADVANCED_FACE('',(#458),#44,.T.);
#4644=ADVANCED_FACE('',(#459),#45,.T.);
#4645=ADVANCED_FACE('',(#460),#46,.T.);
#4646=ADVANCED_FACE('',(#461),#47,.T.);
#4647=ADVANCED_FACE('',(#462),#48,.T.);
#4648=ADVANCED_FACE('',(#463),#49,.T.);
#4649=ADVANCED_FACE('',(#464),#4470,.T.);
#4650=ADVANCED_FACE('',(#465),#50,.T.);
#4651=ADVANCED_FACE('',(#466),#51,.T.);
#4652=ADVANCED_FACE('',(#467),#52,.T.);
#4653=ADVANCED_FACE('',(#468),#53,.T.);
#4654=ADVANCED_FACE('',(#469),#54,.T.);
#4655=ADVANCED_FACE('',(#470),#55,.T.);
#4656=ADVANCED_FACE('',(#471),#4471,.T.);
#4657=ADVANCED_FACE('',(#472),#56,.T.);
#4658=ADVANCED_FACE('',(#473),#57,.T.);
#4659=ADVANCED_FACE('',(#474),#58,.T.);
#4660=ADVANCED_FACE('',(#475),#59,.T.);
#4661=ADVANCED_FACE('',(#476),#60,.T.);
#4662=ADVANCED_FACE('',(#477),#61,.T.);
#4663=ADVANCED_FACE('',(#478),#62,.T.);
#4664=ADVANCED_FACE('',(#479),#4472,.T.);
#4665=ADVANCED_FACE('',(#480),#63,.T.);
#4666=ADVANCED_FACE('',(#481,#396),#4473,.T.);
#4667=ADVANCED_FACE('',(#482),#64,.T.);
#4668=ADVANCED_FACE('',(#483),#65,.T.);
#4669=ADVANCED_FACE('',(#484),#66,.T.);
#4670=ADVANCED_FACE('',(#485),#67,.T.);
#4671=ADVANCED_FACE('',(#486),#68,.T.);
#4672=ADVANCED_FACE('',(#487),#69,.T.);
#4673=ADVANCED_FACE('',(#488),#70,.T.);
#4674=ADVANCED_FACE('',(#489),#71,.T.);
#4675=ADVANCED_FACE('',(#490),#72,.T.);
#4676=ADVANCED_FACE('',(#491),#73,.T.);
#4677=ADVANCED_FACE('',(#492),#74,.T.);
#4678=ADVANCED_FACE('',(#493),#75,.T.);
#4679=ADVANCED_FACE('',(#494),#76,.T.);
#4680=ADVANCED_FACE('',(#495),#77,.T.);
#4681=ADVANCED_FACE('',(#496),#78,.T.);
#4682=ADVANCED_FACE('',(#497),#79,.T.);
#4683=ADVANCED_FACE('',(#498),#80,.T.);
#4684=ADVANCED_FACE('',(#499),#81,.T.);
#4685=ADVANCED_FACE('',(#500),#82,.T.);
#4686=ADVANCED_FACE('',(#501),#83,.T.);
#4687=ADVANCED_FACE('',(#502),#4474,.T.);
#4688=ADVANCED_FACE('',(#503),#4475,.T.);
#4689=ADVANCED_FACE('',(#504),#84,.T.);
#4690=ADVANCED_FACE('',(#505),#85,.T.);
#4691=ADVANCED_FACE('',(#506),#86,.T.);
#4692=ADVANCED_FACE('',(#507),#87,.T.);
#4693=ADVANCED_FACE('',(#508),#88,.T.);
#4694=ADVANCED_FACE('',(#509),#89,.T.);
#4695=ADVANCED_FACE('',(#510),#90,.T.);
#4696=ADVANCED_FACE('',(#511),#91,.T.);
#4697=ADVANCED_FACE('',(#512),#92,.T.);
#4698=ADVANCED_FACE('',(#513),#4476,.T.);
#4699=ADVANCED_FACE('',(#514),#93,.T.);
#4700=ADVANCED_FACE('',(#515),#94,.T.);
#4701=ADVANCED_FACE('',(#516),#95,.T.);
#4702=ADVANCED_FACE('',(#517),#96,.T.);
#4703=ADVANCED_FACE('',(#518),#97,.T.);
#4704=ADVANCED_FACE('',(#519),#98,.T.);
#4705=ADVANCED_FACE('',(#520),#99,.T.);
#4706=ADVANCED_FACE('',(#521),#100,.T.);
#4707=ADVANCED_FACE('',(#522),#4477,.T.);
#4708=ADVANCED_FACE('',(#523),#4478,.T.);
#4709=ADVANCED_FACE('',(#524),#4479,.T.);
#4710=ADVANCED_FACE('',(#525,#397),#4480,.T.);
#4711=ADVANCED_FACE('',(#526),#101,.T.);
#4712=ADVANCED_FACE('',(#527),#102,.T.);
#4713=ADVANCED_FACE('',(#528),#103,.T.);
#4714=ADVANCED_FACE('',(#529),#104,.T.);
#4715=ADVANCED_FACE('',(#530),#105,.T.);
#4716=ADVANCED_FACE('',(#531),#106,.T.);
#4717=ADVANCED_FACE('',(#532),#107,.T.);
#4718=ADVANCED_FACE('',(#533),#108,.T.);
#4719=ADVANCED_FACE('',(#534),#109,.T.);
#4720=ADVANCED_FACE('',(#535),#110,.T.);
#4721=ADVANCED_FACE('',(#536),#111,.T.);
#4722=ADVANCED_FACE('',(#537),#112,.T.);
#4723=ADVANCED_FACE('',(#538),#113,.T.);
#4724=ADVANCED_FACE('',(#539),#114,.T.);
#4725=ADVANCED_FACE('',(#540),#115,.T.);
#4726=ADVANCED_FACE('',(#541),#116,.T.);
#4727=ADVANCED_FACE('',(#542),#117,.T.);
#4728=ADVANCED_FACE('',(#543),#118,.T.);
#4729=ADVANCED_FACE('',(#544),#119,.T.);
#4730=ADVANCED_FACE('',(#545),#120,.T.);
#4731=ADVANCED_FACE('',(#546),#4481,.T.);
#4732=ADVANCED_FACE('',(#547),#4482,.T.);
#4733=ADVANCED_FACE('',(#548),#4483,.T.);
#4734=ADVANCED_FACE('',(#549),#121,.T.);
#4735=ADVANCED_FACE('',(#550),#122,.T.);
#4736=ADVANCED_FACE('',(#551),#4484,.T.);
#4737=ADVANCED_FACE('',(#552),#123,.T.);
#4738=ADVANCED_FACE('',(#553),#4485,.T.);
#4739=ADVANCED_FACE('',(#554),#4486,.T.);
#4740=ADVANCED_FACE('',(#555),#4487,.T.);
#4741=ADVANCED_FACE('',(#556),#4488,.T.);
#4742=ADVANCED_FACE('',(#557),#4489,.T.);
#4743=ADVANCED_FACE('',(#558),#4490,.T.);
#4744=ADVANCED_FACE('',(#559),#4491,.T.);
#4745=ADVANCED_FACE('',(#560),#4492,.T.);
#4746=ADVANCED_FACE('',(#561),#4493,.T.);
#4747=ADVANCED_FACE('',(#562),#4494,.T.);
#4748=ADVANCED_FACE('',(#563),#4495,.T.);
#4749=ADVANCED_FACE('',(#564),#4496,.T.);
#4750=ADVANCED_FACE('',(#565),#4497,.T.);
#4751=ADVANCED_FACE('',(#566),#4498,.T.);
#4752=ADVANCED_FACE('',(#567),#4499,.T.);
#4753=ADVANCED_FACE('',(#568),#4500,.T.);
#4754=ADVANCED_FACE('',(#569,#398),#4501,.T.);
#4755=ADVANCED_FACE('',(#570),#124,.T.);
#4756=ADVANCED_FACE('',(#571),#125,.T.);
#4757=ADVANCED_FACE('',(#572),#126,.T.);
#4758=ADVANCED_FACE('',(#573),#127,.T.);
#4759=ADVANCED_FACE('',(#574),#128,.T.);
#4760=ADVANCED_FACE('',(#575),#129,.T.);
#4761=ADVANCED_FACE('',(#576),#130,.T.);
#4762=ADVANCED_FACE('',(#577),#131,.T.);
#4763=ADVANCED_FACE('',(#578),#132,.T.);
#4764=ADVANCED_FACE('',(#579),#133,.T.);
#4765=ADVANCED_FACE('',(#580),#134,.T.);
#4766=ADVANCED_FACE('',(#581),#135,.T.);
#4767=ADVANCED_FACE('',(#582),#136,.T.);
#4768=ADVANCED_FACE('',(#583),#137,.T.);
#4769=ADVANCED_FACE('',(#584),#138,.T.);
#4770=ADVANCED_FACE('',(#585),#139,.T.);
#4771=ADVANCED_FACE('',(#586),#140,.T.);
#4772=ADVANCED_FACE('',(#587),#141,.T.);
#4773=ADVANCED_FACE('',(#588),#142,.T.);
#4774=ADVANCED_FACE('',(#589),#143,.T.);
#4775=ADVANCED_FACE('',(#590),#4502,.T.);
#4776=ADVANCED_FACE('',(#591),#4503,.T.);
#4777=ADVANCED_FACE('',(#592),#4504,.T.);
#4778=ADVANCED_FACE('',(#593),#4505,.T.);
#4779=ADVANCED_FACE('',(#594),#4506,.T.);
#4780=ADVANCED_FACE('',(#595),#4507,.T.);
#4781=ADVANCED_FACE('',(#596),#4508,.T.);
#4782=ADVANCED_FACE('',(#597),#4509,.T.);
#4783=ADVANCED_FACE('',(#598),#4510,.T.);
#4784=ADVANCED_FACE('',(#599),#4511,.T.);
#4785=ADVANCED_FACE('',(#600),#4512,.T.);
#4786=ADVANCED_FACE('',(#601),#18,.F.);
#4787=ADVANCED_FACE('',(#602),#15,.F.);
#4788=ADVANCED_FACE('',(#603),#4513,.T.);
#4789=ADVANCED_FACE('',(#604),#4514,.T.);
#4790=ADVANCED_FACE('',(#605),#4515,.T.);
#4791=ADVANCED_FACE('',(#606),#4516,.T.);
#4792=ADVANCED_FACE('',(#607),#4517,.T.);
#4793=ADVANCED_FACE('',(#608),#4518,.T.);
#4794=ADVANCED_FACE('',(#609),#4519,.T.);
#4795=ADVANCED_FACE('',(#610),#4520,.T.);
#4796=ADVANCED_FACE('',(#611),#4521,.T.);
#4797=ADVANCED_FACE('',(#612),#4522,.T.);
#4798=ADVANCED_FACE('',(#613),#4523,.T.);
#4799=ADVANCED_FACE('',(#614),#4524,.T.);
#4800=ADVANCED_FACE('',(#615),#4525,.T.);
#4801=ADVANCED_FACE('',(#616),#4526,.T.);
#4802=ADVANCED_FACE('',(#617),#4527,.T.);
#4803=ADVANCED_FACE('',(#618),#4528,.T.);
#4804=ADVANCED_FACE('',(#619),#4529,.T.);
#4805=ADVANCED_FACE('',(#620),#4530,.T.);
#4806=ADVANCED_FACE('',(#621),#4531,.T.);
#4807=ADVANCED_FACE('',(#622),#4532,.T.);
#4808=ADVANCED_FACE('',(#623),#4533,.T.);
#4809=ADVANCED_FACE('',(#624),#4534,.T.);
#4810=ADVANCED_FACE('',(#625),#4535,.T.);
#4811=ADVANCED_FACE('',(#626),#4536,.T.);
#4812=ADVANCED_FACE('',(#627),#4537,.T.);
#4813=ADVANCED_FACE('',(#628),#4538,.T.);
#4814=ADVANCED_FACE('',(#629),#4539,.T.);
#4815=ADVANCED_FACE('',(#630),#4540,.T.);
#4816=ADVANCED_FACE('',(#631),#4541,.T.);
#4817=ADVANCED_FACE('',(#632,#399,#400,#401,#402,#403),#4542,.T.);
#4818=ADVANCED_FACE('',(#633),#4543,.T.);
#4819=ADVANCED_FACE('',(#634),#4544,.T.);
#4820=ADVANCED_FACE('',(#635),#4545,.T.);
#4821=ADVANCED_FACE('',(#636),#4546,.T.);
#4822=ADVANCED_FACE('',(#637),#4547,.T.);
#4823=ADVANCED_FACE('',(#638),#4548,.T.);
#4824=ADVANCED_FACE('',(#639),#4549,.T.);
#4825=ADVANCED_FACE('',(#640),#4550,.T.);
#4826=ADVANCED_FACE('',(#641),#4551,.T.);
#4827=ADVANCED_FACE('',(#642),#4552,.T.);
#4828=ADVANCED_FACE('',(#643),#4553,.T.);
#4829=ADVANCED_FACE('',(#644),#4554,.T.);
#4830=ADVANCED_FACE('',(#645),#4555,.T.);
#4831=ADVANCED_FACE('',(#646),#4556,.T.);
#4832=ADVANCED_FACE('',(#647,#404,#405,#406),#4557,.T.);
#4833=ADVANCED_FACE('',(#648),#4558,.T.);
#4834=ADVANCED_FACE('',(#649),#4559,.T.);
#4835=ADVANCED_FACE('',(#650),#4560,.T.);
#4836=ADVANCED_FACE('',(#651),#4561,.T.);
#4837=ADVANCED_FACE('',(#652),#4562,.T.);
#4838=ADVANCED_FACE('',(#653),#4563,.T.);
#4839=ADVANCED_FACE('',(#654),#4564,.T.);
#4840=ADVANCED_FACE('',(#655),#4565,.T.);
#4841=ADVANCED_FACE('',(#656),#4566,.T.);
#4842=ADVANCED_FACE('',(#657),#4567,.T.);
#4843=ADVANCED_FACE('',(#658),#4568,.T.);
#4844=ADVANCED_FACE('',(#659),#4569,.T.);
#4845=ADVANCED_FACE('',(#660),#4570,.T.);
#4846=ADVANCED_FACE('',(#661),#4571,.T.);
#4847=ADVANCED_FACE('',(#662,#407,#408,#409),#4572,.T.);
#4848=ADVANCED_FACE('',(#663),#4573,.T.);
#4849=ADVANCED_FACE('',(#664),#4574,.T.);
#4850=ADVANCED_FACE('',(#665),#4575,.T.);
#4851=ADVANCED_FACE('',(#666),#4576,.T.);
#4852=ADVANCED_FACE('',(#667),#4577,.T.);
#4853=ADVANCED_FACE('',(#668),#4578,.T.);
#4854=ADVANCED_FACE('',(#669),#4579,.T.);
#4855=ADVANCED_FACE('',(#670),#4580,.T.);
#4856=ADVANCED_FACE('',(#671),#4581,.T.);
#4857=ADVANCED_FACE('',(#672),#4582,.T.);
#4858=ADVANCED_FACE('',(#673),#4583,.T.);
#4859=ADVANCED_FACE('',(#674),#4584,.T.);
#4860=ADVANCED_FACE('',(#675),#4585,.T.);
#4861=ADVANCED_FACE('',(#676),#4586,.T.);
#4862=ADVANCED_FACE('',(#677,#410),#4587,.T.);
#4863=ADVANCED_FACE('',(#678,#411,#412,#413),#4588,.T.);
#4864=ADVANCED_FACE('',(#679),#4589,.T.);
#4865=ADVANCED_FACE('',(#680),#4590,.T.);
#4866=ADVANCED_FACE('',(#681),#4591,.T.);
#4867=ADVANCED_FACE('',(#682),#4592,.T.);
#4868=ADVANCED_FACE('',(#683),#4593,.T.);
#4869=ADVANCED_FACE('',(#684),#4594,.T.);
#4870=ADVANCED_FACE('',(#685),#4595,.T.);
#4871=ADVANCED_FACE('',(#686),#4596,.T.);
#4872=ADVANCED_FACE('',(#687),#4597,.T.);
#4873=ADVANCED_FACE('',(#688),#4598,.T.);
#4874=CLOSED_SHELL('',(#4599,#4600,#4601,#4602,#4603,#4604,#4605,#4606,
#4607,#4608,#4609,#4610,#4611,#4612,#4613,#4614,#4615,#4616,#4617,#4618,
#4619,#4620,#4621,#4622,#4623,#4624,#4625,#4626,#4627,#4628,#4629,#4630,
#4631,#4632,#4633,#4634,#4635,#4636,#4637,#4638,#4639,#4640,#4641,#4642,
#4643,#4644,#4645,#4646,#4647,#4648,#4649,#4650,#4651,#4652,#4653,#4654,
#4655,#4656,#4657,#4658,#4659,#4660,#4661,#4662,#4663,#4664,#4665,#4666,
#4667,#4668,#4669,#4670,#4671,#4672,#4673,#4674,#4675,#4676,#4677,#4678,
#4679,#4680,#4681,#4682,#4683,#4684,#4685,#4686,#4687,#4688,#4689,#4690,
#4691,#4692,#4693,#4694,#4695,#4696,#4697,#4698,#4699,#4700,#4701,#4702,
#4703,#4704,#4705,#4706,#4707,#4708,#4709,#4710,#4711,#4712,#4713,#4714,
#4715,#4716,#4717,#4718,#4719,#4720,#4721,#4722,#4723,#4724,#4725,#4726,
#4727,#4728,#4729,#4730,#4731,#4732,#4733,#4734,#4735,#4736,#4737,#4738,
#4739,#4740,#4741,#4742,#4743,#4744,#4745,#4746,#4747,#4748,#4749,#4750,
#4751,#4752,#4753,#4754,#4755,#4756,#4757,#4758,#4759,#4760,#4761,#4762,
#4763,#4764,#4765,#4766,#4767,#4768,#4769,#4770,#4771,#4772,#4773,#4774,
#4775,#4776,#4777,#4778,#4779,#4780,#4781,#4782,#4783,#4784,#4785,#4786,
#4787,#4788,#4789,#4790,#4791,#4792,#4793,#4794,#4795,#4796,#4797,#4798,
#4799,#4800,#4801,#4802,#4803,#4804,#4805,#4806,#4807,#4808,#4809,#4810,
#4811,#4812,#4813,#4814,#4815,#4816,#4817,#4818,#4819,#4820,#4821,#4822,
#4823,#4824,#4825,#4826,#4827,#4828,#4829,#4830,#4831,#4832,#4833,#4834,
#4835,#4836,#4837,#4838,#4839,#4840,#4841,#4842,#4843,#4844,#4845,#4846,
#4847,#4848,#4849,#4850,#4851,#4852,#4853,#4854,#4855,#4856,#4857,#4858,
#4859,#4860,#4861,#4862,#4863,#4864,#4865,#4866,#4867,#4868,#4869,#4870,
#4871,#4872,#4873));
#4875=DERIVED_UNIT_ELEMENT(#4877,1.);
#4876=DERIVED_UNIT_ELEMENT(#9359,-3.);
#4877=(
MASS_UNIT()
NAMED_UNIT(*)
SI_UNIT(.KILO.,.GRAM.)
);
#4878=DERIVED_UNIT((#4875,#4876));
#4879=MEASURE_REPRESENTATION_ITEM('density measure',
POSITIVE_RATIO_MEASURE(7850.),#4878);
#4880=PROPERTY_DEFINITION_REPRESENTATION(#4885,#4882);
#4881=PROPERTY_DEFINITION_REPRESENTATION(#4886,#4883);
#4882=REPRESENTATION('material name',(#4884),#9356);
#4883=REPRESENTATION('density',(#4879),#9356);
#4884=DESCRIPTIVE_REPRESENTATION_ITEM('Stahl','Stahl');
#4885=PROPERTY_DEFINITION('material property','material name',#9366);
#4886=PROPERTY_DEFINITION('material property','density of part',#9366);
#4887=AXIS2_PLACEMENT_3D('',#5798,#5040,#5041);
#4888=AXIS2_PLACEMENT_3D('',#5799,#5042,#5043);
#4889=AXIS2_PLACEMENT_3D('',#5828,#5058,#5059);
#4890=AXIS2_PLACEMENT_3D('',#5834,#5063,#5064);
#4891=AXIS2_PLACEMENT_3D('',#5838,#5067,#5068);
#4892=AXIS2_PLACEMENT_3D('',#5842,#5071,#5072);
#4893=AXIS2_PLACEMENT_3D('',#5846,#5075,#5076);
#4894=AXIS2_PLACEMENT_3D('',#5850,#5079,#5080);
#4895=AXIS2_PLACEMENT_3D('',#5854,#5083,#5084);
#4896=AXIS2_PLACEMENT_3D('',#5858,#5087,#5088);
#4897=AXIS2_PLACEMENT_3D('',#5862,#5091,#5092);
#4898=AXIS2_PLACEMENT_3D('',#5866,#5095,#5096);
#4899=AXIS2_PLACEMENT_3D('',#5870,#5099,#5100);
#4900=AXIS2_PLACEMENT_3D('',#5872,#5102,#5103);
#4901=AXIS2_PLACEMENT_3D('',#5878,#5107,#5108);
#4902=AXIS2_PLACEMENT_3D('',#5882,#5111,#5112);
#4903=AXIS2_PLACEMENT_3D('',#5884,#5114,#5115);
#4904=AXIS2_PLACEMENT_3D('',#6345,#5136,#5137);
#4905=AXIS2_PLACEMENT_3D('',#6346,#5138,#5139);
#4906=AXIS2_PLACEMENT_3D('',#6347,#5140,#5141);
#4907=AXIS2_PLACEMENT_3D('',#6693,#5157,#5158);
#4908=AXIS2_PLACEMENT_3D('',#6799,#5167,#5168);
#4909=AXIS2_PLACEMENT_3D('',#6922,#5178,#5179);
#4910=AXIS2_PLACEMENT_3D('',#6941,#5182,#5183);
#4911=AXIS2_PLACEMENT_3D('',#7402,#5204,#5205);
#4912=AXIS2_PLACEMENT_3D('',#7403,#5206,#5207);
#4913=AXIS2_PLACEMENT_3D('',#7669,#5222,#5223);
#4914=AXIS2_PLACEMENT_3D('',#7809,#5234,#5235);
#4915=AXIS2_PLACEMENT_3D('',#7813,#5238,#5239);
#4916=AXIS2_PLACEMENT_3D('',#7817,#5242,#5243);
#4917=AXIS2_PLACEMENT_3D('',#7819,#5245,#5246);
#4918=AXIS2_PLACEMENT_3D('',#8280,#5267,#5268);
#4919=AXIS2_PLACEMENT_3D('',#8281,#5269,#5270);
#4920=AXIS2_PLACEMENT_3D('',#8310,#5276,#5277);
#4921=AXIS2_PLACEMENT_3D('',#8350,#5283,#5284);
#4922=AXIS2_PLACEMENT_3D('',#8371,#5288,#5289);
#4923=AXIS2_PLACEMENT_3D('',#8375,#5292,#5293);
#4924=AXIS2_PLACEMENT_3D('',#8379,#5296,#5297);
#4925=AXIS2_PLACEMENT_3D('',#8381,#5299,#5300);
#4926=AXIS2_PLACEMENT_3D('',#8406,#5313,#5314);
#4927=AXIS2_PLACEMENT_3D('',#8412,#5318,#5319);
#4928=AXIS2_PLACEMENT_3D('',#8416,#5322,#5323);
#4929=AXIS2_PLACEMENT_3D('',#8420,#5326,#5327);
#4930=AXIS2_PLACEMENT_3D('',#8424,#5330,#5331);
#4931=AXIS2_PLACEMENT_3D('',#8428,#5334,#5335);
#4932=AXIS2_PLACEMENT_3D('',#8432,#5338,#5339);
#4933=AXIS2_PLACEMENT_3D('',#8436,#5342,#5343);
#4934=AXIS2_PLACEMENT_3D('',#8440,#5346,#5347);
#4935=AXIS2_PLACEMENT_3D('',#8444,#5350,#5351);
#4936=AXIS2_PLACEMENT_3D('',#8448,#5354,#5355);
#4937=AXIS2_PLACEMENT_3D('',#8452,#5358,#5359);
#4938=AXIS2_PLACEMENT_3D('',#8454,#5361,#5362);
#4939=AXIS2_PLACEMENT_3D('',#8915,#5383,#5384);
#4940=AXIS2_PLACEMENT_3D('',#8934,#5394,#5395);
#4941=AXIS2_PLACEMENT_3D('',#8940,#5399,#5400);
#4942=AXIS2_PLACEMENT_3D('',#8944,#5403,#5404);
#4943=AXIS2_PLACEMENT_3D('',#8948,#5407,#5408);
#4944=AXIS2_PLACEMENT_3D('',#8952,#5411,#5412);
#4945=AXIS2_PLACEMENT_3D('',#8956,#5415,#5416);
#4946=AXIS2_PLACEMENT_3D('',#8960,#5419,#5420);
#4947=AXIS2_PLACEMENT_3D('',#8964,#5423,#5424);
#4948=AXIS2_PLACEMENT_3D('',#8968,#5427,#5428);
#4949=AXIS2_PLACEMENT_3D('',#8970,#5430,#5431);
#4950=AXIS2_PLACEMENT_3D('',#8971,#5432,#5433);
#4951=AXIS2_PLACEMENT_3D('',#8973,#5434,#5435);
#4952=AXIS2_PLACEMENT_3D('',#8976,#5437,#5438);
#4953=AXIS2_PLACEMENT_3D('',#8977,#5439,#5440);
#4954=AXIS2_PLACEMENT_3D('',#8980,#5442,#5443);
#4955=AXIS2_PLACEMENT_3D('',#8987,#5447,#5448);
#4956=AXIS2_PLACEMENT_3D('',#8994,#5452,#5453);
#4957=AXIS2_PLACEMENT_3D('',#9001,#5457,#5458);
#4958=AXIS2_PLACEMENT_3D('',#9004,#5461,#5462);
#4959=AXIS2_PLACEMENT_3D('',#9010,#5466,#5467);
#4960=AXIS2_PLACEMENT_3D('',#9017,#5471,#5472);
#4961=AXIS2_PLACEMENT_3D('',#9023,#5476,#5477);
#4962=AXIS2_PLACEMENT_3D('',#9026,#5480,#5481);
#4963=AXIS2_PLACEMENT_3D('',#9029,#5484,#5485);
#4964=AXIS2_PLACEMENT_3D('',#9035,#5489,#5490);
#4965=AXIS2_PLACEMENT_3D('',#9038,#5493,#5494);
#4966=AXIS2_PLACEMENT_3D('',#9044,#5498,#5499);
#4967=AXIS2_PLACEMENT_3D('',#9046,#5501,#5502);
#4968=AXIS2_PLACEMENT_3D('',#9048,#5504,#5505);
#4969=AXIS2_PLACEMENT_3D('',#9049,#5506,#5507);
#4970=AXIS2_PLACEMENT_3D('',#9056,#5511,#5512);
#4971=AXIS2_PLACEMENT_3D('',#9063,#5516,#5517);
#4972=AXIS2_PLACEMENT_3D('',#9069,#5521,#5522);
#4973=AXIS2_PLACEMENT_3D('',#9072,#5525,#5526);
#4974=AXIS2_PLACEMENT_3D('',#9079,#5530,#5531);
#4975=AXIS2_PLACEMENT_3D('',#9085,#5535,#5536);
#4976=AXIS2_PLACEMENT_3D('',#9092,#5540,#5541);
#4977=AXIS2_PLACEMENT_3D('',#9095,#5544,#5545);
#4978=AXIS2_PLACEMENT_3D('',#9101,#5549,#5550);
#4979=AXIS2_PLACEMENT_3D('',#9104,#5553,#5554);
#4980=AXIS2_PLACEMENT_3D('',#9107,#5557,#5558);
#4981=AXIS2_PLACEMENT_3D('',#9113,#5562,#5563);
#4982=AXIS2_PLACEMENT_3D('',#9115,#5565,#5566);
#4983=AXIS2_PLACEMENT_3D('',#9117,#5568,#5569);
#4984=AXIS2_PLACEMENT_3D('',#9120,#5572,#5573);
#4985=AXIS2_PLACEMENT_3D('',#9127,#5577,#5578);
#4986=AXIS2_PLACEMENT_3D('',#9134,#5582,#5583);
#4987=AXIS2_PLACEMENT_3D('',#9141,#5587,#5588);
#4988=AXIS2_PLACEMENT_3D('',#9144,#5591,#5592);
#4989=AXIS2_PLACEMENT_3D('',#9151,#5596,#5597);
#4990=AXIS2_PLACEMENT_3D('',#9154,#5600,#5601);
#4991=AXIS2_PLACEMENT_3D('',#9157,#5604,#5605);
#4992=AXIS2_PLACEMENT_3D('',#9163,#5609,#5610);
#4993=AXIS2_PLACEMENT_3D('',#9169,#5614,#5615);
#4994=AXIS2_PLACEMENT_3D('',#9172,#5618,#5619);
#4995=AXIS2_PLACEMENT_3D('',#9178,#5623,#5624);
#4996=AXIS2_PLACEMENT_3D('',#9184,#5628,#5629);
#4997=AXIS2_PLACEMENT_3D('',#9186,#5631,#5632);
#4998=AXIS2_PLACEMENT_3D('',#9188,#5634,#5635);
#4999=AXIS2_PLACEMENT_3D('',#9191,#5638,#5639);
#5000=AXIS2_PLACEMENT_3D('',#9198,#5643,#5644);
#5001=AXIS2_PLACEMENT_3D('',#9204,#5648,#5649);
#5002=AXIS2_PLACEMENT_3D('',#9211,#5653,#5654);
#5003=AXIS2_PLACEMENT_3D('',#9217,#5658,#5659);
#5004=AXIS2_PLACEMENT_3D('',#9224,#5663,#5664);
#5005=AXIS2_PLACEMENT_3D('',#9230,#5668,#5669);
#5006=AXIS2_PLACEMENT_3D('',#9233,#5672,#5673);
#5007=AXIS2_PLACEMENT_3D('',#9240,#5677,#5678);
#5008=AXIS2_PLACEMENT_3D('',#9246,#5682,#5683);
#5009=AXIS2_PLACEMENT_3D('',#9249,#5686,#5687);
#5010=AXIS2_PLACEMENT_3D('',#9252,#5690,#5691);
#5011=AXIS2_PLACEMENT_3D('',#9255,#5694,#5695);
#5012=AXIS2_PLACEMENT_3D('',#9257,#5697,#5698);
#5013=AXIS2_PLACEMENT_3D('',#9259,#5700,#5701);
#5014=AXIS2_PLACEMENT_3D('',#9262,#5704,#5705);
#5015=AXIS2_PLACEMENT_3D('',#9271,#5710,#5711);
#5016=AXIS2_PLACEMENT_3D('',#9277,#5715,#5716);
#5017=AXIS2_PLACEMENT_3D('',#9286,#5721,#5722);
#5018=AXIS2_PLACEMENT_3D('',#9292,#5726,#5727);
#5019=AXIS2_PLACEMENT_3D('',#9301,#5732,#5733);
#5020=AXIS2_PLACEMENT_3D('',#9307,#5737,#5738);
#5021=AXIS2_PLACEMENT_3D('',#9310,#5741,#5742);
#5022=AXIS2_PLACEMENT_3D('',#9319,#5747,#5748);
#5023=AXIS2_PLACEMENT_3D('',#9325,#5752,#5753);
#5024=AXIS2_PLACEMENT_3D('',#9328,#5756,#5757);
#5025=AXIS2_PLACEMENT_3D('',#9331,#5760,#5761);
#5026=AXIS2_PLACEMENT_3D('',#9334,#5764,#5765);
#5027=AXIS2_PLACEMENT_3D('',#9336,#5767,#5768);
#5028=AXIS2_PLACEMENT_3D('',#9338,#5770,#5771);
#5029=AXIS2_PLACEMENT_3D('',#9341,#5774,#5775);
#5030=AXIS2_PLACEMENT_3D('',#9344,#5778,#5779);
#5031=AXIS2_PLACEMENT_3D('',#9345,#5780,#5781);
#5032=AXIS2_PLACEMENT_3D('',#9346,#5782,#5783);
#5033=AXIS2_PLACEMENT_3D('',#9347,#5784,#5785);
#5034=AXIS2_PLACEMENT_3D('',#9348,#5786,#5787);
#5035=AXIS2_PLACEMENT_3D('',#9349,#5788,#5789);
#5036=AXIS2_PLACEMENT_3D('',#9350,#5790,#5791);
#5037=AXIS2_PLACEMENT_3D('',#9351,#5792,#5793);
#5038=AXIS2_PLACEMENT_3D('',#9352,#5794,#5795);
#5039=AXIS2_PLACEMENT_3D('',#9353,#5796,#5797);
#5040=DIRECTION('axis',(0.,0.,1.));
#5041=DIRECTION('refdir',(1.,0.,0.));
#5042=DIRECTION('center_axis',(0.,2.22044604925031E-16,1.));
#5043=DIRECTION('ref_axis',(0.,-1.,2.22044604925031E-16));
#5044=DIRECTION('',(-1.14942562770161E-16,-1.,0.));
#5045=DIRECTION('',(-1.,0.,0.));
#5046=DIRECTION('',(-6.8639814476929E-17,-1.,0.));
#5047=DIRECTION('',(1.,0.,0.));
#5048=DIRECTION('',(-7.29205596711458E-17,-1.,0.));
#5049=DIRECTION('',(1.,0.,0.));
#5050=DIRECTION('',(0.564079657765132,0.825720376214352,0.));
#5051=DIRECTION('',(0.,1.,0.));
#5052=DIRECTION('',(-1.,0.,0.));
#5053=DIRECTION('',(0.,1.,0.));
#5054=DIRECTION('',(-1.,0.,0.));
#5055=DIRECTION('',(-0.558135244146292,-0.829749992010702,0.));
#5056=DIRECTION('',(1.35361518206283E-16,1.,0.));
#5057=DIRECTION('',(1.,0.,0.));
#5058=DIRECTION('center_axis',(-1.,1.14942562770161E-16,-2.5522375939371E-32));
#5059=DIRECTION('ref_axis',(-2.5522375939371E-32,0.,1.));
#5060=DIRECTION('',(0.,2.22044604925031E-16,1.));
#5061=DIRECTION('',(-1.14942562770161E-16,-1.,2.22044604925031E-16));
#5062=DIRECTION('',(0.,2.22044604925031E-16,1.));
#5063=DIRECTION('center_axis',(0.,1.,-2.22044604925031E-16));
#5064=DIRECTION('ref_axis',(0.,2.22044604925031E-16,1.));
#5065=DIRECTION('',(-1.,0.,0.));
#5066=DIRECTION('',(0.,2.22044604925031E-16,1.));
#5067=DIRECTION('center_axis',(-1.,6.8639814476929E-17,-1.52411004876571E-32));
#5068=DIRECTION('ref_axis',(-1.52411004876571E-32,0.,1.));
#5069=DIRECTION('',(-6.8639814476929E-17,-1.,2.22044604925031E-16));
#5070=DIRECTION('',(0.,2.22044604925031E-16,1.));
#5071=DIRECTION('center_axis',(0.,-1.,2.22044604925031E-16));
#5072=DIRECTION('ref_axis',(0.,-2.22044604925031E-16,-1.));
#5073=DIRECTION('',(1.,0.,0.));
#5074=DIRECTION('',(0.,2.22044604925031E-16,1.));
#5075=DIRECTION('center_axis',(-1.,7.29205596711458E-17,-1.61916168630917E-32));
#5076=DIRECTION('ref_axis',(-1.61916168630917E-32,0.,1.));
#5077=DIRECTION('',(-7.29205596711458E-17,-1.,2.22044604925031E-16));
#5078=DIRECTION('',(0.,2.22044604925031E-16,1.));
#5079=DIRECTION('center_axis',(0.,-1.,2.22044604925031E-16));
#5080=DIRECTION('ref_axis',(0.,-2.22044604925031E-16,-1.));
#5081=DIRECTION('',(1.,0.,0.));
#5082=DIRECTION('',(0.,2.22044604925031E-16,1.));
#5083=DIRECTION('center_axis',(0.825720376214352,-0.564079657765132,1.25250844754706E-16));
#5084=DIRECTION('ref_axis',(1.51686755423111E-16,0.,-1.));
#5085=DIRECTION('',(0.564079657765132,0.825720376214352,-1.83346754715064E-16));
#5086=DIRECTION('',(0.,2.22044604925031E-16,1.));
#5087=DIRECTION('center_axis',(1.,0.,0.));
#5088=DIRECTION('ref_axis',(0.,0.,-1.));
#5089=DIRECTION('',(0.,1.,-2.22044604925031E-16));
#5090=DIRECTION('',(0.,2.22044604925031E-16,1.));
#5091=DIRECTION('center_axis',(0.,1.,-2.22044604925031E-16));
#5092=DIRECTION('ref_axis',(0.,2.22044604925031E-16,1.));
#5093=DIRECTION('',(-1.,0.,0.));
#5094=DIRECTION('',(0.,2.22044604925031E-16,1.));
#5095=DIRECTION('center_axis',(1.,0.,0.));
#5096=DIRECTION('ref_axis',(0.,0.,-1.));
#5097=DIRECTION('',(0.,1.,-2.22044604925031E-16));
#5098=DIRECTION('',(0.,2.22044604925031E-16,1.));
#5099=DIRECTION('center_axis',(0.,1.,-2.22044604925031E-16));
#5100=DIRECTION('ref_axis',(0.,2.22044604925031E-16,1.));
#5101=DIRECTION('',(-1.,0.,0.));
#5102=DIRECTION('center_axis',(-0.829749992010702,0.558135244146292,-1.23930919781199E-16));
#5103=DIRECTION('ref_axis',(-1.49359350375987E-16,0.,1.));
#5104=DIRECTION('',(0.,2.22044604925031E-16,1.));
#5105=DIRECTION('',(-0.558135244146292,-0.829749992010702,1.84241509162564E-16));
#5106=DIRECTION('',(0.,2.22044604925031E-16,1.));
#5107=DIRECTION('center_axis',(1.,-1.35361518206283E-16,3.00562948321665E-32));
#5108=DIRECTION('ref_axis',(3.00562948321665E-32,0.,-1.));
#5109=DIRECTION('',(1.35361518206283E-16,1.,-2.22044604925031E-16));
#5110=DIRECTION('',(0.,2.22044604925031E-16,1.));
#5111=DIRECTION('center_axis',(0.,-1.,2.22044604925031E-16));
#5112=DIRECTION('ref_axis',(0.,-2.22044604925031E-16,-1.));
#5113=DIRECTION('',(1.,0.,0.));
#5114=DIRECTION('center_axis',(0.,2.22044604925031E-16,1.));
#5115=DIRECTION('ref_axis',(0.,-1.,2.22044604925031E-16));
#5116=DIRECTION('',(0.,2.22044604925031E-16,1.));
#5117=DIRECTION('',(0.,2.22044604925031E-16,1.));
#5118=DIRECTION('',(0.,2.22044604925031E-16,1.));
#5119=DIRECTION('',(0.,2.22044604925031E-16,1.));
#5120=DIRECTION('',(0.,2.22044604925031E-16,1.));
#5121=DIRECTION('',(0.,2.22044604925031E-16,1.));
#5122=DIRECTION('',(0.,2.22044604925031E-16,1.));
#5123=DIRECTION('',(0.,2.22044604925031E-16,1.));
#5124=DIRECTION('',(0.,2.22044604925031E-16,1.));
#5125=DIRECTION('',(0.,2.22044604925031E-16,1.));
#5126=DIRECTION('',(0.,2.22044604925031E-16,1.));
#5127=DIRECTION('',(0.,2.22044604925031E-16,1.));
#5128=DIRECTION('',(0.,2.22044604925031E-16,1.));
#5129=DIRECTION('',(0.,2.22044604925031E-16,1.));
#5130=DIRECTION('',(0.,2.22044604925031E-16,1.));
#5131=DIRECTION('',(0.,2.22044604925031E-16,1.));
#5132=DIRECTION('',(0.,2.22044604925031E-16,1.));
#5133=DIRECTION('',(0.,2.22044604925031E-16,1.));
#5134=DIRECTION('',(0.,2.22044604925031E-16,1.));
#5135=DIRECTION('',(0.,2.22044604925031E-16,1.));
#5136=DIRECTION('center_axis',(0.,2.22044604925031E-16,1.));
#5137=DIRECTION('ref_axis',(0.,-1.,2.22044604925031E-16));
#5138=DIRECTION('center_axis',(0.,2.22044604925031E-16,1.));
#5139=DIRECTION('ref_axis',(0.,-1.,2.22044604925031E-16));
#5140=DIRECTION('center_axis',(0.,4.44089209850063E-16,1.));
#5141=DIRECTION('ref_axis',(0.,-1.,4.44089209850063E-16));
#5142=DIRECTION('',(-0.985874730299391,0.167484375859668,0.));
#5143=DIRECTION('',(0.134147682160599,0.990961351098487,0.));
#5144=DIRECTION('',(0.992720527901846,0.120440663740617,0.));
#5145=DIRECTION('',(0.,4.44089209850063E-16,1.));
#5146=DIRECTION('',(0.,4.44089209850063E-16,1.));
#5147=DIRECTION('',(0.,4.44089209850063E-16,1.));
#5148=DIRECTION('',(0.,4.44089209850063E-16,1.));
#5149=DIRECTION('',(0.,4.44089209850063E-16,1.));
#5150=DIRECTION('',(0.,4.44089209850063E-16,1.));
#5151=DIRECTION('',(0.,4.44089209850063E-16,1.));
#5152=DIRECTION('',(0.,4.44089209850063E-16,1.));
#5153=DIRECTION('',(0.,4.44089209850063E-16,1.));
#5154=DIRECTION('',(0.,4.44089209850063E-16,1.));
#5155=DIRECTION('',(0.,4.44089209850063E-16,1.));
#5156=DIRECTION('',(0.,4.44089209850063E-16,1.));
#5157=DIRECTION('center_axis',(0.167484375859668,0.985874730299391,-4.378163299898E-16));
#5158=DIRECTION('ref_axis',(0.,4.44089209850063E-16,1.));
#5159=DIRECTION('',(-0.985874730299391,0.167484375859668,-7.43780041377507E-17));
#5160=DIRECTION('',(0.,4.44089209850063E-16,1.));
#5161=DIRECTION('',(0.,4.44089209850063E-16,1.));
#5162=DIRECTION('',(0.,4.44089209850063E-16,1.));
#5163=DIRECTION('',(0.,4.44089209850063E-16,1.));
#5164=DIRECTION('',(0.,4.44089209850063E-16,1.));
#5165=DIRECTION('',(0.,4.44089209850063E-16,1.));
#5166=DIRECTION('',(0.,4.44089209850063E-16,1.));
#5167=DIRECTION('center_axis',(0.990961351098487,-0.134147682160599,5.95735381739178E-17));
#5168=DIRECTION('ref_axis',(6.01169138512619E-17,0.,-1.));
#5169=DIRECTION('',(0.134147682160599,0.990961351098487,-4.40075243401278E-16));
#5170=DIRECTION('',(0.,4.44089209850063E-16,1.));
#5171=DIRECTION('',(0.,4.44089209850063E-16,1.));
#5172=DIRECTION('',(0.,4.44089209850063E-16,1.));
#5173=DIRECTION('',(0.,4.44089209850063E-16,1.));
#5174=DIRECTION('',(0.,4.44089209850063E-16,1.));
#5175=DIRECTION('',(0.,4.44089209850063E-16,1.));
#5176=DIRECTION('',(0.,4.44089209850063E-16,1.));
#5177=DIRECTION('',(0.,4.44089209850063E-16,1.));
#5178=DIRECTION('center_axis',(0.120440663740617,-0.992720527901846,4.40856474837868E-16));
#5179=DIRECTION('ref_axis',(0.,-4.44089209850063E-16,-1.));
#5180=DIRECTION('',(0.992720527901846,0.120440663740617,-5.34863991943877E-17));
#5181=DIRECTION('',(0.,4.44089209850063E-16,1.));
#5182=DIRECTION('center_axis',(0.,4.44089209850063E-16,1.));
#5183=DIRECTION('ref_axis',(0.,-1.,4.44089209850063E-16));
#5184=DIRECTION('',(0.,4.44089209850063E-16,1.));
#5185=DIRECTION('',(0.,4.44089209850063E-16,1.));
#5186=DIRECTION('',(0.,4.44089209850063E-16,1.));
#5187=DIRECTION('',(0.,4.44089209850063E-16,1.));
#5188=DIRECTION('',(0.,4.44089209850063E-16,1.));
#5189=DIRECTION('',(0.,4.44089209850063E-16,1.));
#5190=DIRECTION('',(0.,4.44089209850063E-16,1.));
#5191=DIRECTION('',(0.,4.44089209850063E-16,1.));
#5192=DIRECTION('',(0.,4.44089209850063E-16,1.));
#5193=DIRECTION('',(0.,4.44089209850063E-16,1.));
#5194=DIRECTION('',(0.,4.44089209850063E-16,1.));
#5195=DIRECTION('',(0.,4.44089209850063E-16,1.));
#5196=DIRECTION('',(0.,4.44089209850063E-16,1.));
#5197=DIRECTION('',(0.,4.44089209850063E-16,1.));
#5198=DIRECTION('',(0.,4.44089209850063E-16,1.));
#5199=DIRECTION('',(0.,4.44089209850063E-16,1.));
#5200=DIRECTION('',(0.,4.44089209850063E-16,1.));
#5201=DIRECTION('',(0.,4.44089209850063E-16,1.));
#5202=DIRECTION('',(0.,4.44089209850063E-16,1.));
#5203=DIRECTION('',(0.,4.44089209850063E-16,1.));
#5204=DIRECTION('center_axis',(0.,4.44089209850063E-16,1.));
#5205=DIRECTION('ref_axis',(0.,-1.,4.44089209850063E-16));
#5206=DIRECTION('center_axis',(-4.44089209850063E-16,0.,1.));
#5207=DIRECTION('ref_axis',(-1.,0.,-4.44089209850063E-16));
#5208=DIRECTION('',(-0.995037179641403,0.0995038247067993,0.));
#5209=DIRECTION('',(-1.,0.,0.));
#5210=DIRECTION('',(-6.49579624559665E-17,-1.,0.));
#5211=DIRECTION('',(1.,0.,0.));
#5212=DIRECTION('',(-4.44089209850063E-16,0.,1.));
#5213=DIRECTION('',(-4.44089209850063E-16,0.,1.));
#5214=DIRECTION('',(-4.44089209850063E-16,0.,1.));
#5215=DIRECTION('',(-4.44089209850063E-16,0.,1.));
#5216=DIRECTION('',(-4.44089209850063E-16,0.,1.));
#5217=DIRECTION('',(-4.44089209850063E-16,0.,1.));
#5218=DIRECTION('',(-4.44089209850063E-16,0.,1.));
#5219=DIRECTION('',(-4.44089209850063E-16,0.,1.));
#5220=DIRECTION('',(-4.44089209850063E-16,0.,1.));
#5221=DIRECTION('',(-4.44089209850063E-16,0.,1.));
#5222=DIRECTION('center_axis',(0.0995038247067993,0.995037179641403,4.41885748911017E-17));
#5223=DIRECTION('ref_axis',(0.,-4.44089686246966E-17,1.));
#5224=DIRECTION('',(-0.995037179641403,0.0995038247067993,-4.41885274878386E-16));
#5225=DIRECTION('',(-4.44089209850063E-16,0.,1.));
#5226=DIRECTION('',(-4.44089209850063E-16,0.,1.));
#5227=DIRECTION('',(-4.44089209850063E-16,0.,1.));
#5228=DIRECTION('',(-4.44089209850063E-16,0.,1.));
#5229=DIRECTION('',(-4.44089209850063E-16,0.,1.));
#5230=DIRECTION('',(-4.44089209850063E-16,0.,1.));
#5231=DIRECTION('',(-4.44089209850063E-16,0.,1.));
#5232=DIRECTION('',(-4.44089209850063E-16,0.,1.));
#5233=DIRECTION('',(-4.44089209850063E-16,0.,1.));
#5234=DIRECTION('center_axis',(0.,1.,0.));
#5235=DIRECTION('ref_axis',(0.,0.,1.));
#5236=DIRECTION('',(-1.,0.,-4.44089209850063E-16));
#5237=DIRECTION('',(-4.44089209850063E-16,0.,1.));
#5238=DIRECTION('center_axis',(-1.,6.49579624559665E-17,-4.44089209850063E-16));
#5239=DIRECTION('ref_axis',(-4.44089209850063E-16,0.,1.));
#5240=DIRECTION('',(-6.49579624559665E-17,-1.,-2.88471302205402E-32));
#5241=DIRECTION('',(-4.44089209850063E-16,0.,1.));
#5242=DIRECTION('center_axis',(0.,-1.,0.));
#5243=DIRECTION('ref_axis',(0.,0.,-1.));
#5244=DIRECTION('',(1.,0.,4.44089209850063E-16));
#5245=DIRECTION('center_axis',(-4.44089209850063E-16,0.,1.));
#5246=DIRECTION('ref_axis',(-1.,0.,-4.44089209850063E-16));
#5247=DIRECTION('',(-4.44089209850063E-16,0.,1.));
#5248=DIRECTION('',(-4.44089209850063E-16,0.,1.));
#5249=DIRECTION('',(-4.44089209850063E-16,0.,1.));
#5250=DIRECTION('',(-4.44089209850063E-16,0.,1.));
#5251=DIRECTION('',(-4.44089209850063E-16,0.,1.));
#5252=DIRECTION('',(-4.44089209850063E-16,0.,1.));
#5253=DIRECTION('',(-4.44089209850063E-16,0.,1.));
#5254=DIRECTION('',(-4.44089209850063E-16,0.,1.));
#5255=DIRECTION('',(-4.44089209850063E-16,0.,1.));
#5256=DIRECTION('',(-4.44089209850063E-16,0.,1.));
#5257=DIRECTION('',(-4.44089209850063E-16,0.,1.));
#5258=DIRECTION('',(-4.44089209850063E-16,0.,1.));
#5259=DIRECTION('',(-4.44089209850063E-16,0.,1.));
#5260=DIRECTION('',(-4.44089209850063E-16,0.,1.));
#5261=DIRECTION('',(-4.44089209850063E-16,0.,1.));
#5262=DIRECTION('',(-4.44089209850063E-16,0.,1.));
#5263=DIRECTION('',(-4.44089209850063E-16,0.,1.));
#5264=DIRECTION('',(-4.44089209850063E-16,0.,1.));
#5265=DIRECTION('',(-4.44089209850063E-16,0.,1.));
#5266=DIRECTION('',(-4.44089209850063E-16,0.,1.));
#5267=DIRECTION('center_axis',(-4.44089209850063E-16,0.,1.));
#5268=DIRECTION('ref_axis',(-1.,0.,-4.44089209850063E-16));
#5269=DIRECTION('center_axis',(0.,0.,1.));
#5270=DIRECTION('ref_axis',(-1.,0.,0.));
#5271=DIRECTION('',(1.,0.,0.));
#5272=DIRECTION('',(0.,1.,0.));
#5273=DIRECTION('',(1.28075772402159E-16,1.,0.));
#5274=DIRECTION('',(-1.,0.,0.));
#5275=DIRECTION('',(-9.21414694546489E-17,-1.,0.));
#5276=DIRECTION('center_axis',(0.,-1.,0.));
#5277=DIRECTION('ref_axis',(0.,0.,-1.));
#5278=DIRECTION('',(0.,0.,1.));
#5279=DIRECTION('',(1.,0.,0.));
#5280=DIRECTION('',(0.,0.,1.));
#5281=DIRECTION('',(0.,0.,1.));
#5282=DIRECTION('',(0.,0.,1.));
#5283=DIRECTION('center_axis',(1.,0.,0.));
#5284=DIRECTION('ref_axis',(0.,0.,-1.));
#5285=DIRECTION('',(0.,1.,0.));
#5286=DIRECTION('',(0.,0.,1.));
#5287=DIRECTION('',(0.,0.,1.));
#5288=DIRECTION('center_axis',(1.,-1.28075772402159E-16,0.));
#5289=DIRECTION('ref_axis',(0.,0.,-1.));
#5290=DIRECTION('',(1.28075772402159E-16,1.,0.));
#5291=DIRECTION('',(0.,0.,1.));
#5292=DIRECTION('center_axis',(0.,1.,0.));
#5293=DIRECTION('ref_axis',(0.,0.,1.));
#5294=DIRECTION('',(-1.,0.,0.));
#5295=DIRECTION('',(0.,0.,1.));
#5296=DIRECTION('center_axis',(-1.,9.2141469454649E-17,0.));
#5297=DIRECTION('ref_axis',(0.,0.,1.));
#5298=DIRECTION('',(-9.21414694546489E-17,-1.,0.));
#5299=DIRECTION('center_axis',(0.,0.,1.));
#5300=DIRECTION('ref_axis',(-1.,0.,0.));
#5301=DIRECTION('',(-0.541708506939202,-0.840566412313567,0.));
#5302=DIRECTION('',(-0.538797654615834,0.842435212571552,0.));
#5303=DIRECTION('',(-0.999999468274211,0.00103123774866736,0.));
#5304=DIRECTION('',(0.552565754024257,-0.833469308060953,0.));
#5305=DIRECTION('',(-0.540190245171135,-0.841542927616856,0.));
#5306=DIRECTION('',(0.999999468274211,-0.00103123774866739,0.));
#5307=DIRECTION('',(0.522549172514087,0.85260914978954,0.));
#5308=DIRECTION('',(0.528638056878407,-0.848847338936644,0.));
#5309=DIRECTION('',(0.999999468274211,-0.00103123774866769,0.));
#5310=DIRECTION('',(-0.542732883111837,0.839905362281438,0.));
#5311=DIRECTION('',(0.548730315872248,0.835999426101922,0.));
#5312=DIRECTION('',(-0.999999468274211,0.00103123774866736,0.));
#5313=DIRECTION('center_axis',(-0.840566412313567,0.541708506939202,0.));
#5314=DIRECTION('ref_axis',(0.,0.,1.));
#5315=DIRECTION('',(0.,0.,1.));
#5316=DIRECTION('',(-0.541708506939202,-0.840566412313567,0.));
#5317=DIRECTION('',(0.,0.,1.));
#5318=DIRECTION('center_axis',(0.842435212571552,0.538797654615834,0.));
#5319=DIRECTION('ref_axis',(0.,0.,-1.));
#5320=DIRECTION('',(-0.538797654615834,0.842435212571552,0.));
#5321=DIRECTION('',(0.,0.,1.));
#5322=DIRECTION('center_axis',(0.00103123774866736,0.999999468274211,0.));
#5323=DIRECTION('ref_axis',(0.,0.,1.));
#5324=DIRECTION('',(-0.999999468274211,0.00103123774866736,0.));
#5325=DIRECTION('',(0.,0.,1.));
#5326=DIRECTION('center_axis',(-0.833469308060953,-0.552565754024257,0.));
#5327=DIRECTION('ref_axis',(0.,0.,1.));
#5328=DIRECTION('',(0.552565754024257,-0.833469308060953,0.));
#5329=DIRECTION('',(0.,0.,1.));
#5330=DIRECTION('center_axis',(-0.841542927616856,0.540190245171135,0.));
#5331=DIRECTION('ref_axis',(0.,0.,1.));
#5332=DIRECTION('',(-0.540190245171135,-0.841542927616856,0.));
#5333=DIRECTION('',(0.,0.,1.));
#5334=DIRECTION('center_axis',(-0.00103123774866739,-0.999999468274211,
0.));
#5335=DIRECTION('ref_axis',(0.,0.,-1.));
#5336=DIRECTION('',(0.999999468274211,-0.00103123774866739,0.));
#5337=DIRECTION('',(0.,0.,1.));
#5338=DIRECTION('center_axis',(0.85260914978954,-0.522549172514087,0.));
#5339=DIRECTION('ref_axis',(0.,0.,-1.));
#5340=DIRECTION('',(0.522549172514087,0.85260914978954,0.));
#5341=DIRECTION('',(0.,0.,1.));
#5342=DIRECTION('center_axis',(-0.848847338936644,-0.528638056878407,0.));
#5343=DIRECTION('ref_axis',(0.,0.,1.));
#5344=DIRECTION('',(0.528638056878407,-0.848847338936644,0.));
#5345=DIRECTION('',(0.,0.,1.));
#5346=DIRECTION('center_axis',(-0.00103123774866769,-0.999999468274211,
0.));
#5347=DIRECTION('ref_axis',(0.,0.,-1.));
#5348=DIRECTION('',(0.999999468274211,-0.00103123774866769,0.));
#5349=DIRECTION('',(0.,0.,1.));
#5350=DIRECTION('center_axis',(0.839905362281438,0.542732883111837,0.));
#5351=DIRECTION('ref_axis',(0.,0.,-1.));
#5352=DIRECTION('',(-0.542732883111837,0.839905362281438,0.));
#5353=DIRECTION('',(0.,0.,1.));
#5354=DIRECTION('center_axis',(0.835999426101922,-0.548730315872248,0.));
#5355=DIRECTION('ref_axis',(0.,0.,-1.));
#5356=DIRECTION('',(0.548730315872248,0.835999426101922,0.));
#5357=DIRECTION('',(0.,0.,1.));
#5358=DIRECTION('center_axis',(0.00103123774866736,0.999999468274212,0.));
#5359=DIRECTION('ref_axis',(0.,0.,1.));
#5360=DIRECTION('',(-0.999999468274211,0.00103123774866736,0.));
#5361=DIRECTION('center_axis',(0.,0.,1.));
#5362=DIRECTION('ref_axis',(-1.,0.,0.));
#5363=DIRECTION('',(0.,0.,1.));
#5364=DIRECTION('',(0.,0.,1.));
#5365=DIRECTION('',(0.,0.,1.));
#5366=DIRECTION('',(0.,0.,1.));
#5367=DIRECTION('',(0.,0.,1.));
#5368=DIRECTION('',(0.,0.,1.));
#5369=DIRECTION('',(0.,0.,1.));
#5370=DIRECTION('',(0.,0.,1.));
#5371=DIRECTION('',(0.,0.,1.));
#5372=DIRECTION('',(0.,0.,1.));
#5373=DIRECTION('',(0.,0.,1.));
#5374=DIRECTION('',(0.,0.,1.));
#5375=DIRECTION('',(0.,0.,1.));
#5376=DIRECTION('',(0.,0.,1.));
#5377=DIRECTION('',(0.,0.,1.));
#5378=DIRECTION('',(0.,0.,1.));
#5379=DIRECTION('',(0.,0.,1.));
#5380=DIRECTION('',(0.,0.,1.));
#5381=DIRECTION('',(0.,0.,1.));
#5382=DIRECTION('',(0.,0.,1.));
#5383=DIRECTION('center_axis',(0.,0.,1.));
#5384=DIRECTION('ref_axis',(-1.,0.,0.));
#5385=DIRECTION('',(0.00990497798769884,-0.999950944502311,0.));
#5386=DIRECTION('',(-0.526681643917642,-0.850062612964604,0.));
#5387=DIRECTION('',(0.999950944502311,0.00990497798769832,0.));
#5388=DIRECTION('',(0.494917846620697,0.868939770695491,0.));
#5389=DIRECTION('',(0.519711010539096,-0.854342124400074,0.));
#5390=DIRECTION('',(0.999950944502311,0.00990497798769735,0.));
#5391=DIRECTION('',(-0.542899418819669,0.839797726268216,0.));
#5392=DIRECTION('',(-0.00990497798769851,0.999950944502311,0.));
#5393=DIRECTION('',(-0.999950944502311,-0.00990497798769741,0.));
#5394=DIRECTION('center_axis',(-0.999950944502311,-0.00990497798769884,
0.));
#5395=DIRECTION('ref_axis',(0.,0.,1.));
#5396=DIRECTION('',(0.,0.,1.));
#5397=DIRECTION('',(0.00990497798769884,-0.999950944502311,0.));
#5398=DIRECTION('',(0.,0.,1.));
#5399=DIRECTION('center_axis',(-0.850062612964604,0.526681643917642,0.));
#5400=DIRECTION('ref_axis',(0.,0.,1.));
#5401=DIRECTION('',(-0.526681643917642,-0.850062612964604,0.));
#5402=DIRECTION('',(0.,0.,1.));
#5403=DIRECTION('center_axis',(0.00990497798769832,-0.999950944502311,0.));
#5404=DIRECTION('ref_axis',(0.,0.,-1.));
#5405=DIRECTION('',(0.999950944502311,0.00990497798769832,0.));
#5406=DIRECTION('',(0.,0.,1.));
#5407=DIRECTION('center_axis',(0.868939770695491,-0.494917846620697,0.));
#5408=DIRECTION('ref_axis',(0.,0.,-1.));
#5409=DIRECTION('',(0.494917846620697,0.868939770695491,0.));
#5410=DIRECTION('',(0.,0.,1.));
#5411=DIRECTION('center_axis',(-0.854342124400074,-0.519711010539096,0.));
#5412=DIRECTION('ref_axis',(0.,0.,1.));
#5413=DIRECTION('',(0.519711010539096,-0.854342124400074,0.));
#5414=DIRECTION('',(0.,0.,1.));
#5415=DIRECTION('center_axis',(0.00990497798769735,-0.999950944502311,0.));
#5416=DIRECTION('ref_axis',(0.,0.,-1.));
#5417=DIRECTION('',(0.999950944502311,0.00990497798769735,0.));
#5418=DIRECTION('',(0.,0.,1.));
#5419=DIRECTION('center_axis',(0.839797726268216,0.542899418819669,0.));
#5420=DIRECTION('ref_axis',(0.,0.,-1.));
#5421=DIRECTION('',(-0.542899418819669,0.839797726268216,0.));
#5422=DIRECTION('',(0.,0.,1.));
#5423=DIRECTION('center_axis',(0.999950944502311,0.00990497798769851,0.));
#5424=DIRECTION('ref_axis',(0.,0.,-1.));
#5425=DIRECTION('',(-0.00990497798769851,0.999950944502311,0.));
#5426=DIRECTION('',(0.,0.,1.));
#5427=DIRECTION('center_axis',(-0.00990497798769741,0.999950944502311,0.));
#5428=DIRECTION('ref_axis',(0.,0.,1.));
#5429=DIRECTION('',(-0.999950944502311,-0.00990497798769741,0.));
#5430=DIRECTION('center_axis',(0.,0.,1.));
#5431=DIRECTION('ref_axis',(-1.,0.,0.));
#5432=DIRECTION('center_axis',(0.,0.,1.));
#5433=DIRECTION('ref_axis',(1.,0.,0.));
#5434=DIRECTION('center_axis',(0.,0.,1.));
#5435=DIRECTION('ref_axis',(1.,0.,0.));
#5436=DIRECTION('',(0.,0.,1.));
#5437=DIRECTION('center_axis',(0.,0.,1.));
#5438=DIRECTION('ref_axis',(1.,0.,0.));
#5439=DIRECTION('center_axis',(0.,0.,-1.));
#5440=DIRECTION('ref_axis',(1.,0.,0.));
#5441=DIRECTION('',(0.581238193719096,7.1181149348028E-17,0.813733471206735));
#5442=DIRECTION('center_axis',(-0.577350269189625,-0.577350269189626,0.577350269189626));
#5443=DIRECTION('ref_axis',(0.707106781186548,0.,0.707106781186547));
#5444=DIRECTION('',(-3.92523114670943E-16,-0.707106781186547,-0.707106781186547));
#5445=DIRECTION('',(0.707106781186548,7.85046229341886E-16,0.707106781186547));
#5446=DIRECTION('',(-0.707106781186548,0.707106781186547,0.));
#5447=DIRECTION('center_axis',(-0.577350269189626,0.577350269189625,0.577350269189626));
#5448=DIRECTION('ref_axis',(0.707106781186547,0.,0.707106781186548));
#5449=DIRECTION('',(-0.707106781186548,-7.85046229341886E-16,-0.707106781186547));
#5450=DIRECTION('',(1.57009245868377E-15,-0.707106781186547,0.707106781186548));
#5451=DIRECTION('',(0.707106781186547,0.707106781186548,0.));
#5452=DIRECTION('center_axis',(0.577350269189626,-0.577350269189626,0.577350269189626));
#5453=DIRECTION('ref_axis',(0.707106781186547,0.,-0.707106781186547));
#5454=DIRECTION('',(0.707106781186547,-1.57009245868377E-15,-0.707106781186548));
#5455=DIRECTION('',(0.,0.707106781186547,0.707106781186547));
#5456=DIRECTION('',(-0.707106781186547,-0.707106781186547,0.));
#5457=DIRECTION('center_axis',(0.,-0.707106781186548,0.707106781186548));
#5458=DIRECTION('ref_axis',(1.,0.,0.));
#5459=DIRECTION('',(1.,0.,0.));
#5460=DIRECTION('',(-1.,0.,0.));
#5461=DIRECTION('center_axis',(0.707106781186548,-0.707106781186548,-1.12149461334555E-16));
#5462=DIRECTION('ref_axis',(-1.58603289232165E-16,0.,-1.));
#5463=DIRECTION('',(-0.707106781186548,-0.707106781186548,0.));
#5464=DIRECTION('',(7.93016446160826E-17,-7.93016446160826E-17,1.));
#5465=DIRECTION('',(-7.93016446160826E-17,7.93016446160826E-17,-1.));
#5466=DIRECTION('center_axis',(0.577350269189626,0.577350269189627,0.577350269189625));
#5467=DIRECTION('ref_axis',(0.707106781186547,0.,-0.707106781186548));
#5468=DIRECTION('',(-0.707106781186547,-3.92523114670944E-16,0.707106781186548));
#5469=DIRECTION('',(0.707106781186548,-0.707106781186547,0.));
#5470=DIRECTION('',(-1.57009245868377E-15,0.707106781186547,-0.707106781186548));
#5471=DIRECTION('center_axis',(0.707106781186547,0.707106781186548,-1.12149461334555E-16));
#5472=DIRECTION('ref_axis',(-1.58603289232165E-16,0.,-1.));
#5473=DIRECTION('',(0.707106781186548,-0.707106781186547,0.));
#5474=DIRECTION('',(7.93016446160826E-17,7.93016446160826E-17,1.));
#5475=DIRECTION('',(-7.93016446160826E-17,-7.93016446160826E-17,-1.));
#5476=DIRECTION('center_axis',(0.,0.707106781186548,0.707106781186547));
#5477=DIRECTION('ref_axis',(1.,0.,0.));
#5478=DIRECTION('',(-1.,0.,0.));
#5479=DIRECTION('',(1.,0.,0.));
#5480=DIRECTION('center_axis',(0.707106781186548,0.,0.707106781186547));
#5481=DIRECTION('ref_axis',(0.707106781186547,0.,-0.707106781186548));
#5482=DIRECTION('',(0.,1.,0.));
#5483=DIRECTION('',(0.,-1.,0.));
#5484=DIRECTION('center_axis',(-0.707106781186548,0.707106781186547,-1.12149461334555E-16));
#5485=DIRECTION('ref_axis',(-1.58603289232165E-16,0.,1.));
#5486=DIRECTION('',(0.707106781186547,0.707106781186548,0.));
#5487=DIRECTION('',(-7.93016446160826E-17,7.93016446160826E-17,1.));
#5488=DIRECTION('',(7.93016446160826E-17,-7.93016446160826E-17,-1.));
#5489=DIRECTION('center_axis',(-0.707106781186547,0.,0.707106781186548));
#5490=DIRECTION('ref_axis',(0.707106781186548,0.,0.707106781186547));
#5491=DIRECTION('',(0.,-1.,0.));
#5492=DIRECTION('',(0.,1.,0.));
#5493=DIRECTION('center_axis',(-0.707106781186547,-0.707106781186548,-1.12149461334555E-16));
#5494=DIRECTION('ref_axis',(-1.58603289232165E-16,0.,1.));
#5495=DIRECTION('',(-0.707106781186548,0.707106781186547,0.));
#5496=DIRECTION('',(-7.93016446160826E-17,-7.93016446160826E-17,1.));
#5497=DIRECTION('',(7.93016446160826E-17,7.93016446160826E-17,-1.));
#5498=DIRECTION('center_axis',(1.,0.,-7.93016446160826E-17));
#5499=DIRECTION('ref_axis',(7.93016446160826E-17,0.,1.));
#5500=DIRECTION('',(0.,-1.,0.));
#5501=DIRECTION('center_axis',(0.,-1.,-7.93016446160826E-17));
#5502=DIRECTION('ref_axis',(0.,-7.93016446160826E-17,1.));
#5503=DIRECTION('',(-1.,0.,0.));
#5504=DIRECTION('center_axis',(0.,0.,1.));
#5505=DIRECTION('ref_axis',(0.,-1.,0.));
#5506=DIRECTION('center_axis',(-0.577350269189626,0.577350269189626,0.577350269189626));
#5507=DIRECTION('ref_axis',(0.707106781186548,0.,0.707106781186547));
#5508=DIRECTION('',(-0.707106781186547,0.,-0.707106781186548));
#5509=DIRECTION('',(1.57009245868377E-15,-0.707106781186547,0.707106781186548));
#5510=DIRECTION('',(0.707106781186548,0.707106781186548,0.));
#5511=DIRECTION('center_axis',(0.577350269189626,0.577350269189626,0.577350269189626));
#5512=DIRECTION('ref_axis',(0.707106781186548,0.,-0.707106781186547));
#5513=DIRECTION('',(-0.707106781186547,-7.85046229341887E-16,0.707106781186547));
#5514=DIRECTION('',(0.707106781186548,-0.707106781186548,0.));
#5515=DIRECTION('',(1.57009245868377E-15,0.707106781186547,-0.707106781186548));
#5516=DIRECTION('center_axis',(0.707106781186548,0.707106781186548,-2.24298922669111E-16));
#5517=DIRECTION('ref_axis',(-3.1720657846433E-16,0.,-1.));
#5518=DIRECTION('',(0.707106781186548,-0.707106781186548,3.14018491736755E-16));
#5519=DIRECTION('',(1.58603289232165E-16,1.58603289232165E-16,1.));
#5520=DIRECTION('',(-1.58603289232165E-16,-1.58603289232165E-16,-1.));
#5521=DIRECTION('center_axis',(0.,0.707106781186548,0.707106781186547));
#5522=DIRECTION('ref_axis',(1.,0.,0.));
#5523=DIRECTION('',(-1.,0.,0.));
#5524=DIRECTION('',(1.,0.,0.));
#5525=DIRECTION('center_axis',(-0.577350269189626,-0.577350269189626,0.577350269189625));
#5526=DIRECTION('ref_axis',(0.707106781186547,0.,0.707106781186548));
#5527=DIRECTION('',(0.707106781186547,7.85046229341887E-16,0.707106781186548));
#5528=DIRECTION('',(-0.707106781186548,0.707106781186548,0.));
#5529=DIRECTION('',(0.,-0.707106781186547,-0.707106781186548));
#5530=DIRECTION('center_axis',(-0.707106781186548,-0.707106781186548,-2.24298922669111E-16));
#5531=DIRECTION('ref_axis',(-3.1720657846433E-16,0.,1.));
#5532=DIRECTION('',(-0.707106781186548,0.707106781186548,-3.14018491736755E-16));
#5533=DIRECTION('',(-1.58603289232165E-16,-1.58603289232165E-16,1.));
#5534=DIRECTION('',(1.58603289232165E-16,1.58603289232165E-16,-1.));
#5535=DIRECTION('center_axis',(0.577350269189626,-0.577350269189626,0.577350269189626));
#5536=DIRECTION('ref_axis',(0.707106781186547,0.,-0.707106781186547));
#5537=DIRECTION('',(0.707106781186547,0.,-0.707106781186547));
#5538=DIRECTION('',(-7.85046229341887E-16,0.707106781186547,0.707106781186548));
#5539=DIRECTION('',(-0.707106781186547,-0.707106781186547,0.));
#5540=DIRECTION('center_axis',(0.,-0.707106781186548,0.707106781186547));
#5541=DIRECTION('ref_axis',(1.,0.,0.));
#5542=DIRECTION('',(1.,0.,0.));
#5543=DIRECTION('',(-1.,0.,0.));
#5544=DIRECTION('center_axis',(0.707106781186548,-0.707106781186548,-2.24298922669111E-16));
#5545=DIRECTION('ref_axis',(-3.1720657846433E-16,0.,-1.));
#5546=DIRECTION('',(-0.707106781186548,-0.707106781186548,-3.14018491736755E-16));
#5547=DIRECTION('',(1.58603289232165E-16,-1.58603289232165E-16,1.));
#5548=DIRECTION('',(-1.58603289232165E-16,1.58603289232165E-16,-1.));
#5549=DIRECTION('center_axis',(0.707106781186548,0.,0.707106781186548));
#5550=DIRECTION('ref_axis',(0.707106781186548,0.,-0.707106781186548));
#5551=DIRECTION('',(0.,1.,0.));
#5552=DIRECTION('',(0.,-1.,0.));
#5553=DIRECTION('center_axis',(-0.707106781186548,0.,0.707106781186547));
#5554=DIRECTION('ref_axis',(0.707106781186547,0.,0.707106781186548));
#5555=DIRECTION('',(0.,-1.,0.));
#5556=DIRECTION('',(0.,1.,0.));
#5557=DIRECTION('center_axis',(-0.707106781186548,0.707106781186548,-2.24298922669111E-16));
#5558=DIRECTION('ref_axis',(-3.1720657846433E-16,0.,1.));
#5559=DIRECTION('',(0.707106781186548,0.707106781186548,3.14018491736755E-16));
#5560=DIRECTION('',(-1.58603289232165E-16,1.58603289232165E-16,1.));
#5561=DIRECTION('',(1.58603289232165E-16,-1.58603289232165E-16,-1.));
#5562=DIRECTION('center_axis',(0.,-1.,-1.58603289232165E-16));
#5563=DIRECTION('ref_axis',(0.,-1.58603289232165E-16,1.));
#5564=DIRECTION('',(-1.,0.,0.));
#5565=DIRECTION('center_axis',(-1.,0.,-1.58603289232165E-16));
#5566=DIRECTION('ref_axis',(-1.58603289232165E-16,0.,1.));
#5567=DIRECTION('',(0.,1.,0.));
#5568=DIRECTION('center_axis',(0.,0.,1.));
#5569=DIRECTION('ref_axis',(-1.,0.,0.));
#5570=DIRECTION('',(1.,0.,0.));
#5571=DIRECTION('',(0.,1.,0.));
#5572=DIRECTION('center_axis',(-0.577350269189618,0.577350269189633,0.577350269189626));
#5573=DIRECTION('ref_axis',(0.707106781186552,0.,0.707106781186543));
#5574=DIRECTION('',(0.707106781186554,0.707106781186541,-4.71027737605127E-15));
#5575=DIRECTION('',(-0.707106781186552,0.,-0.707106781186543));
#5576=DIRECTION('',(-1.4130832128154E-14,-0.70710678118655,0.707106781186545));
#5577=DIRECTION('center_axis',(-0.577350269189629,-0.577350269189623,0.577350269189625));
#5578=DIRECTION('ref_axis',(0.707106781186545,0.,0.70710678118655));
#5579=DIRECTION('',(-0.707106781186541,0.707106781186554,6.28036983473502E-15));
#5580=DIRECTION('',(0.,-0.707106781186549,-0.707106781186546));
#5581=DIRECTION('',(0.707106781186552,-1.41308321281541E-14,0.707106781186543));
#5582=DIRECTION('center_axis',(0.577350269189634,0.57735026918962,0.577350269189623));
#5583=DIRECTION('ref_axis',(0.70710678118654,0.,-0.707106781186555));
#5584=DIRECTION('',(0.707106781186541,-0.707106781186554,-3.14018491736751E-15));
#5585=DIRECTION('',(-1.57009245868378E-15,0.70710678118655,-0.707106781186545));
#5586=DIRECTION('',(-0.707106781186547,1.4130832128154E-14,0.707106781186547));
#5587=DIRECTION('center_axis',(-3.14018491736756E-16,0.707106781186545,
0.70710678118655));
#5588=DIRECTION('ref_axis',(1.,0.,4.44089209850063E-16));
#5589=DIRECTION('',(1.,0.,4.44089209850063E-16));
#5590=DIRECTION('',(-1.,0.,-4.44089209850063E-16));
#5591=DIRECTION('center_axis',(0.577350269189623,-0.577350269189632,0.577350269189623));
#5592=DIRECTION('ref_axis',(0.707106781186548,0.,-0.707106781186548));
#5593=DIRECTION('',(-0.707106781186554,-0.707106781186541,3.14018491736751E-15));
#5594=DIRECTION('',(0.707106781186547,0.,-0.707106781186547));
#5595=DIRECTION('',(1.4130832128154E-14,0.707106781186549,0.707106781186546));
#5596=DIRECTION('center_axis',(0.707106781186548,0.,0.707106781186548));
#5597=DIRECTION('ref_axis',(0.707106781186548,0.,-0.707106781186548));
#5598=DIRECTION('',(0.,-1.,0.));
#5599=DIRECTION('',(0.,1.,0.));
#5600=DIRECTION('center_axis',(-3.14018491736756E-16,-0.707106781186546,
0.707106781186549));
#5601=DIRECTION('ref_axis',(1.,0.,4.44089209850063E-16));
#5602=DIRECTION('',(-1.,0.,-4.44089209850063E-16));
#5603=DIRECTION('',(1.,0.,4.44089209850063E-16));
#5604=DIRECTION('center_axis',(0.707106781186541,-0.707106781186554,0.));
#5605=DIRECTION('ref_axis',(0.,0.,-1.));
#5606=DIRECTION('',(-0.707106781186554,-0.707106781186541,3.14018491736752E-16));
#5607=DIRECTION('',(0.,0.,1.));
#5608=DIRECTION('',(0.,0.,-1.));
#5609=DIRECTION('center_axis',(0.707106781186554,0.707106781186541,0.));
#5610=DIRECTION('ref_axis',(0.,0.,-1.));
#5611=DIRECTION('',(0.707106781186541,-0.707106781186554,3.14018491736758E-16));
#5612=DIRECTION('',(0.,0.,1.));
#5613=DIRECTION('',(0.,0.,-1.));
#5614=DIRECTION('center_axis',(-0.707106781186543,0.,0.707106781186552));
#5615=DIRECTION('ref_axis',(0.707106781186552,0.,0.707106781186543));
#5616=DIRECTION('',(0.,1.,0.));
#5617=DIRECTION('',(0.,-1.,0.));
#5618=DIRECTION('center_axis',(-0.707106781186554,-0.707106781186541,0.));
#5619=DIRECTION('ref_axis',(0.,0.,1.));
#5620=DIRECTION('',(-0.707106781186541,0.707106781186554,-3.14018491736758E-16));
#5621=DIRECTION('',(0.,0.,1.));
#5622=DIRECTION('',(0.,0.,-1.));
#5623=DIRECTION('center_axis',(-0.707106781186541,0.707106781186554,0.));
#5624=DIRECTION('ref_axis',(0.,0.,1.));
#5625=DIRECTION('',(0.707106781186554,0.707106781186541,-3.14018491736752E-16));
#5626=DIRECTION('',(0.,0.,1.));
#5627=DIRECTION('',(0.,0.,-1.));
#5628=DIRECTION('center_axis',(0.,-1.,0.));
#5629=DIRECTION('ref_axis',(0.,0.,1.));
#5630=DIRECTION('',(1.,0.,0.));
#5631=DIRECTION('center_axis',(-1.,0.,0.));
#5632=DIRECTION('ref_axis',(0.,0.,1.));
#5633=DIRECTION('',(0.,-1.,0.));
#5634=DIRECTION('center_axis',(-4.44089209850063E-16,0.,1.));
#5635=DIRECTION('ref_axis',(-1.,0.,-4.44089209850063E-16));
#5636=DIRECTION('',(1.,0.,0.));
#5637=DIRECTION('',(0.,-1.,0.));
#5638=DIRECTION('center_axis',(0.577350269189636,0.57735026918962,0.577350269189621));
#5639=DIRECTION('ref_axis',(0.707106781186538,0.,-0.707106781186557));
#5640=DIRECTION('',(-0.707106781186545,1.25607396694701E-14,0.70710678118655));
#5641=DIRECTION('',(0.707106781186541,-0.707106781186554,-6.28036983473504E-15));
#5642=DIRECTION('',(0.,0.707106781186548,-0.707106781186547));
#5643=DIRECTION('center_axis',(0.707106781186554,0.707106781186541,4.48597845338221E-16));
#5644=DIRECTION('ref_axis',(6.34413156928655E-16,0.,-1.));
#5645=DIRECTION('',(0.707106781186541,-0.707106781186554,1.57009245868379E-16));
#5646=DIRECTION('',(-3.1720657846433E-16,-3.1720657846433E-16,1.));
#5647=DIRECTION('',(3.1720657846433E-16,3.1720657846433E-16,-1.));
#5648=DIRECTION('center_axis',(-0.577350269189625,0.577350269189631,0.577350269189621));
#5649=DIRECTION('ref_axis',(0.707106781186545,0.,0.70710678118655));
#5650=DIRECTION('',(-1.25607396694702E-14,-0.707106781186548,0.707106781186547));
#5651=DIRECTION('',(0.707106781186554,0.707106781186541,4.71027737605128E-15));
#5652=DIRECTION('',(-0.707106781186545,0.,-0.70710678118655));
#5653=DIRECTION('center_axis',(-0.707106781186541,0.707106781186554,4.48597845338221E-16));
#5654=DIRECTION('ref_axis',(6.34413156928666E-16,0.,1.));
#5655=DIRECTION('',(0.707106781186554,0.707106781186541,-1.57009245868376E-16));
#5656=DIRECTION('',(3.1720657846433E-16,-3.1720657846433E-16,1.));
#5657=DIRECTION('',(-3.1720657846433E-16,3.1720657846433E-16,-1.));
#5658=DIRECTION('center_axis',(0.577350269189622,-0.577350269189638,0.577350269189617));
#5659=DIRECTION('ref_axis',(0.707106781186544,0.,-0.707106781186551));
#5660=DIRECTION('',(1.25607396694701E-14,0.707106781186542,0.707106781186553));
#5661=DIRECTION('',(-0.707106781186554,-0.707106781186541,-6.28036983473504E-15));
#5662=DIRECTION('',(0.707106781186544,0.,-0.707106781186551));
#5663=DIRECTION('center_axis',(0.707106781186541,-0.707106781186554,4.48597845338221E-16));
#5664=DIRECTION('ref_axis',(6.34413156928666E-16,0.,-1.));
#5665=DIRECTION('',(-0.707106781186554,-0.707106781186541,1.57009245868376E-16));
#5666=DIRECTION('',(-3.1720657846433E-16,3.1720657846433E-16,1.));
#5667=DIRECTION('',(3.1720657846433E-16,-3.1720657846433E-16,-1.));
#5668=DIRECTION('center_axis',(0.707106781186551,3.14018491736754E-16,0.707106781186544));
#5669=DIRECTION('ref_axis',(0.707106781186544,0.,-0.707106781186551));
#5670=DIRECTION('',(-1.40868018789466E-31,-1.,4.44089209850063E-16));
#5671=DIRECTION('',(1.40868018789466E-31,1.,-4.44089209850063E-16));
#5672=DIRECTION('center_axis',(-0.577350269189632,-0.577350269189627,0.577350269189618));
#5673=DIRECTION('ref_axis',(0.707106781186539,0.,0.707106781186557));
#5674=DIRECTION('',(0.707106781186545,-1.25607396694701E-14,0.70710678118655));
#5675=DIRECTION('',(-0.707106781186541,0.707106781186554,6.28036983473504E-15));
#5676=DIRECTION('',(0.,-0.707106781186542,-0.707106781186553));
#5677=DIRECTION('center_axis',(-0.707106781186554,-0.707106781186541,4.48597845338221E-16));
#5678=DIRECTION('ref_axis',(6.34413156928655E-16,0.,1.));
#5679=DIRECTION('',(-0.707106781186541,0.707106781186554,-1.57009245868379E-16));
#5680=DIRECTION('',(3.1720657846433E-16,3.1720657846433E-16,1.));
#5681=DIRECTION('',(-3.1720657846433E-16,-3.1720657846433E-16,-1.));
#5682=DIRECTION('center_axis',(0.,-0.707106781186553,0.707106781186542));
#5683=DIRECTION('ref_axis',(1.,0.,0.));
#5684=DIRECTION('',(-1.,0.,0.));
#5685=DIRECTION('',(1.,0.,0.));
#5686=DIRECTION('center_axis',(-0.70710678118655,3.14018491736754E-16,0.707106781186545));
#5687=DIRECTION('ref_axis',(0.707106781186545,0.,0.70710678118655));
#5688=DIRECTION('',(-1.40868018789466E-31,1.,-4.44089209850063E-16));
#5689=DIRECTION('',(1.40868018789466E-31,-1.,4.44089209850063E-16));
#5690=DIRECTION('center_axis',(0.,0.707106781186547,0.707106781186548));
#5691=DIRECTION('ref_axis',(1.,0.,0.));
#5692=DIRECTION('',(1.,0.,0.));
#5693=DIRECTION('',(-1.,0.,0.));
#5694=DIRECTION('center_axis',(1.,0.,3.1720657846433E-16));
#5695=DIRECTION('ref_axis',(-3.1720657846433E-16,0.,1.));
#5696=DIRECTION('',(0.,1.,0.));
#5697=DIRECTION('center_axis',(0.,-1.,3.1720657846433E-16));
#5698=DIRECTION('ref_axis',(0.,3.1720657846433E-16,1.));
#5699=DIRECTION('',(1.,0.,0.));
#5700=DIRECTION('center_axis',(0.,4.44089209850063E-16,1.));
#5701=DIRECTION('ref_axis',(0.,-1.,4.44089209850063E-16));
#5702=DIRECTION('',(-1.,0.,0.));
#5703=DIRECTION('',(0.,1.,0.));
#5704=DIRECTION('center_axis',(-0.577350269189625,0.577350269189627,0.577350269189625));
#5705=DIRECTION('ref_axis',(0.707106781186547,0.,0.707106781186548));
#5706=DIRECTION('',(3.84592537276713E-15,0.707106781186548,-0.707106781186547));
#5707=DIRECTION('',(-0.707106781186549,-0.707106781186546,-9.61481343191784E-17));
#5708=DIRECTION('',(0.707106781186546,-2.88444402957534E-15,0.707106781186549));
#5709=DIRECTION('',(0.707106781186549,0.707106781186546,-1.57009245868377E-16));
#5710=DIRECTION('center_axis',(-0.707106781186546,0.707106781186549,0.));
#5711=DIRECTION('ref_axis',(0.,0.,1.));
#5712=DIRECTION('',(-0.707106781186549,-0.707106781186546,0.));
#5713=DIRECTION('',(0.,0.,1.));
#5714=DIRECTION('',(0.,0.,-1.));
#5715=DIRECTION('center_axis',(-0.577350269189628,-0.577350269189626,0.577350269189623));
#5716=DIRECTION('ref_axis',(0.707106781186544,0.,0.707106781186551));
#5717=DIRECTION('',(-0.707106781186546,2.98059216389452E-15,-0.707106781186549));
#5718=DIRECTION('',(0.707106781186546,-0.707106781186549,1.92296268638357E-16));
#5719=DIRECTION('',(3.65362910412875E-15,0.707106781186544,0.707106781186551));
#5720=DIRECTION('',(-0.707106781186546,0.707106781186549,-1.57009245868378E-16));
#5721=DIRECTION('center_axis',(-0.707106781186549,-0.707106781186546,0.));
#5722=DIRECTION('ref_axis',(0.,0.,1.));
#5723=DIRECTION('',(0.707106781186546,-0.707106781186549,0.));
#5724=DIRECTION('',(0.,0.,1.));
#5725=DIRECTION('',(0.,0.,-1.));
#5726=DIRECTION('center_axis',(0.577350269189628,0.577350269189625,0.577350269189625));
#5727=DIRECTION('ref_axis',(0.707106781186546,0.,-0.707106781186549));
#5728=DIRECTION('',(0.707106781186546,2.88444402957535E-16,-0.707106781186549));
#5729=DIRECTION('',(-0.707106781186546,0.707106781186549,5.7688880591507E-16));
#5730=DIRECTION('',(6.73036940234245E-16,-0.707106781186548,0.707106781186547));
#5731=DIRECTION('',(0.707106781186546,-0.707106781186549,1.57009245868378E-16));
#5732=DIRECTION('center_axis',(0.707106781186549,0.707106781186546,0.));
#5733=DIRECTION('ref_axis',(0.,0.,-1.));
#5734=DIRECTION('',(-0.707106781186546,0.707106781186549,0.));
#5735=DIRECTION('',(0.,0.,1.));
#5736=DIRECTION('',(0.,0.,-1.));
#5737=DIRECTION('center_axis',(0.,0.707106781186547,0.707106781186548));
#5738=DIRECTION('ref_axis',(1.,0.,0.));
#5739=DIRECTION('',(1.,0.,0.));
#5740=DIRECTION('',(-1.,0.,0.));
#5741=DIRECTION('center_axis',(0.577350269189627,-0.577350269189629,0.577350269189622));
#5742=DIRECTION('ref_axis',(0.707106781186544,0.,-0.707106781186551));
#5743=DIRECTION('',(-1.7306664177452E-15,-0.707106781186544,-0.707106781186551));
#5744=DIRECTION('',(0.707106781186549,0.707106781186546,-9.61481343191789E-17));
#5745=DIRECTION('',(-0.707106781186546,-3.4613328354904E-15,0.707106781186549));
#5746=DIRECTION('',(-0.707106781186549,-0.707106781186546,1.57009245868377E-16));
#5747=DIRECTION('center_axis',(0.707106781186546,-0.707106781186549,0.));
#5748=DIRECTION('ref_axis',(0.,0.,-1.));
#5749=DIRECTION('',(0.707106781186549,0.707106781186546,0.));
#5750=DIRECTION('',(0.,0.,1.));
#5751=DIRECTION('',(0.,0.,-1.));
#5752=DIRECTION('center_axis',(0.707106781186549,1.57009245868377E-16,0.707106781186546));
#5753=DIRECTION('ref_axis',(0.707106781186546,0.,-0.707106781186549));
#5754=DIRECTION('',(0.,-1.,2.22044604925031E-16));
#5755=DIRECTION('',(0.,1.,-2.22044604925031E-16));
#5756=DIRECTION('center_axis',(0.,-0.707106781186551,0.707106781186544));
#5757=DIRECTION('ref_axis',(1.,0.,0.));
#5758=DIRECTION('',(-1.,0.,0.));
#5759=DIRECTION('',(1.,0.,0.));
#5760=DIRECTION('center_axis',(-0.707106781186549,1.57009245868377E-16,
0.707106781186546));
#5761=DIRECTION('ref_axis',(0.707106781186546,0.,0.707106781186549));
#5762=DIRECTION('',(0.,1.,-2.22044604925031E-16));
#5763=DIRECTION('',(0.,-1.,2.22044604925031E-16));
#5764=DIRECTION('center_axis',(0.,1.,0.));
#5765=DIRECTION('ref_axis',(0.,0.,1.));
#5766=DIRECTION('',(-1.,0.,0.));
#5767=DIRECTION('center_axis',(1.,0.,0.));
#5768=DIRECTION('ref_axis',(0.,0.,1.));
#5769=DIRECTION('',(0.,1.,0.));
#5770=DIRECTION('center_axis',(0.,0.,-1.));
#5771=DIRECTION('ref_axis',(1.,0.,0.));
#5772=DIRECTION('',(1.,0.,0.));
#5773=DIRECTION('',(0.,-1.,0.));
#5774=DIRECTION('center_axis',(0.,2.22044604925031E-16,1.));
#5775=DIRECTION('ref_axis',(0.,-1.,2.22044604925031E-16));
#5776=DIRECTION('',(-1.,0.,0.));
#5777=DIRECTION('',(0.,-1.,0.));
#5778=DIRECTION('center_axis',(1.,0.,0.));
#5779=DIRECTION('ref_axis',(0.,0.,1.));
#5780=DIRECTION('center_axis',(0.,1.,-7.93016446160826E-17));
#5781=DIRECTION('ref_axis',(0.,7.93016446160826E-17,1.));
#5782=DIRECTION('center_axis',(0.,1.,-1.58603289232165E-16));
#5783=DIRECTION('ref_axis',(0.,1.58603289232165E-16,1.));
#5784=DIRECTION('center_axis',(0.,1.,0.));
#5785=DIRECTION('ref_axis',(0.,0.,1.));
#5786=DIRECTION('center_axis',(0.,1.,3.1720657846433E-16));
#5787=DIRECTION('ref_axis',(0.,-3.1720657846433E-16,1.));
#5788=DIRECTION('center_axis',(-1.,0.,-7.93016446160826E-17));
#5789=DIRECTION('ref_axis',(-7.93016446160826E-17,0.,1.));
#5790=DIRECTION('center_axis',(-1.,0.,3.1720657846433E-16));
#5791=DIRECTION('ref_axis',(3.1720657846433E-16,0.,1.));
#5792=DIRECTION('center_axis',(-1.,0.,0.));
#5793=DIRECTION('ref_axis',(0.,0.,1.));
#5794=DIRECTION('center_axis',(0.,-1.,0.));
#5795=DIRECTION('ref_axis',(0.,0.,1.));
#5796=DIRECTION('center_axis',(1.,0.,-1.58603289232165E-16));
#5797=DIRECTION('ref_axis',(1.58603289232165E-16,0.,1.));
#5798=CARTESIAN_POINT('',(0.,0.,0.));
#5799=CARTESIAN_POINT('Origin',(-12.5,25.,2.25));
#5800=CARTESIAN_POINT('',(-0.404160935431718,-22.8963164240122,2.25));
#5801=CARTESIAN_POINT('',(-0.404160935431718,-23.5000000149012,2.25));
#5802=CARTESIAN_POINT('',(-0.404160935431718,-22.8963164240122,2.25));
#5803=CARTESIAN_POINT('',(-0.031718928366899,-22.8963164240122,2.25));
#5804=CARTESIAN_POINT('',(-0.0317189283668989,-22.8963164240122,2.25));
#5805=CARTESIAN_POINT('',(-0.0317189283668989,-22.3908594995737,2.25));
#5806=CARTESIAN_POINT('',(-0.0317189283668989,-22.3908594995737,2.25));
#5807=CARTESIAN_POINT('',(-0.404160935431718,-22.3908594995737,2.25));
#5808=CARTESIAN_POINT('',(-0.404160935431718,-22.3908594995737,2.25));
#5809=CARTESIAN_POINT('',(-0.404160935431718,-20.4877216368914,2.25));
#5810=CARTESIAN_POINT('',(-0.404160935431718,-20.4877216368914,2.25));
#5811=CARTESIAN_POINT('',(-0.887107867747545,-20.4877216368914,2.25));
#5812=CARTESIAN_POINT('',(-0.887107867747545,-20.4877216368914,2.25));
#5813=CARTESIAN_POINT('',(-2.18860849738121,-22.3929057270288,2.25));
#5814=CARTESIAN_POINT('',(-2.18860849738121,-22.3929057270288,2.25));
#5815=CARTESIAN_POINT('',(-2.18860849738121,-22.8963164240122,2.25));
#5816=CARTESIAN_POINT('',(-2.18860849738121,-22.8963164240122,2.25));
#5817=CARTESIAN_POINT('',(-0.960777569562196,-22.8963164240122,2.25));
#5818=CARTESIAN_POINT('',(-0.960777569562196,-22.8963164240122,2.25));
#5819=CARTESIAN_POINT('',(-0.960777569562196,-23.5000000149012,2.25));
#5820=CARTESIAN_POINT('',(-0.960777569562196,-23.5000000149012,2.25));
#5821=CARTESIAN_POINT('',(-0.404160935431718,-23.5000000149012,2.25));
#5822=CARTESIAN_POINT('',(-0.960777569562196,-21.3656207174063,2.25));
#5823=CARTESIAN_POINT('',(-1.65040927007794,-22.3908594995737,2.25));
#5824=CARTESIAN_POINT('',(-0.960777569562196,-21.3656207174063,2.25));
#5825=CARTESIAN_POINT('',(-0.960777569562196,-22.3908594995737,2.25));
#5826=CARTESIAN_POINT('',(-0.960777569562196,-22.3908594995737,2.25));
#5827=CARTESIAN_POINT('',(-1.65040927007794,-22.3908594995737,2.25));
#5828=CARTESIAN_POINT('Origin',(-0.404160935431718,-23.1981582194567,3.));
#5829=CARTESIAN_POINT('',(-0.404160935431718,-23.5000000149012,3.));
#5830=CARTESIAN_POINT('',(-0.404160935431718,-23.5000000149012,3.));
#5831=CARTESIAN_POINT('',(-0.404160935431718,-22.8963164240122,3.));
#5832=CARTESIAN_POINT('',(-0.404160935431717,0.900920890271663,3.00000000000001));
#5833=CARTESIAN_POINT('',(-0.404160935431718,-22.8963164240122,3.));
#5834=CARTESIAN_POINT('Origin',(-0.217939931899309,-22.8963164240122,3.));
#5835=CARTESIAN_POINT('',(-0.031718928366899,-22.8963164240122,3.));
#5836=CARTESIAN_POINT('',(-6.35896996594965,-22.8963164240122,3.00000000000001));
#5837=CARTESIAN_POINT('',(-0.031718928366899,-22.8963164240122,3.));
#5838=CARTESIAN_POINT('Origin',(-0.0317189283668989,-22.6435879617929,3.));
#5839=CARTESIAN_POINT('',(-0.0317189283668989,-22.3908594995737,3.));
#5840=CARTESIAN_POINT('',(-0.0317189283668984,1.17820601910353,3.00000000000001));
#5841=CARTESIAN_POINT('',(-0.0317189283668989,-22.3908594995737,3.));
#5842=CARTESIAN_POINT('Origin',(-0.217939931899309,-22.3908594995737,3.));
#5843=CARTESIAN_POINT('',(-0.404160935431718,-22.3908594995737,3.));
#5844=CARTESIAN_POINT('',(-6.35896996594965,-22.3908594995737,3.00000000000001));
#5845=CARTESIAN_POINT('',(-0.404160935431718,-22.3908594995737,3.));
#5846=CARTESIAN_POINT('Origin',(-0.404160935431718,-21.4392905682325,3.));
#5847=CARTESIAN_POINT('',(-0.404160935431718,-20.4877216368914,3.));
#5848=CARTESIAN_POINT('',(-0.404160935431717,1.78035471588373,3.00000000000001));
#5849=CARTESIAN_POINT('',(-0.404160935431718,-20.4877216368914,3.));
#5850=CARTESIAN_POINT('Origin',(-0.645634401589631,-20.4877216368914,3.));
#5851=CARTESIAN_POINT('',(-0.887107867747545,-20.4877216368914,3.));
#5852=CARTESIAN_POINT('',(-6.57281720079482,-20.4877216368914,3.00000000000001));
#5853=CARTESIAN_POINT('',(-0.887107867747545,-20.4877216368914,3.));
#5854=CARTESIAN_POINT('Origin',(-1.53785818256438,-21.4403136819601,3.));
#5855=CARTESIAN_POINT('',(-2.18860849738121,-22.3929057270288,3.));
#5856=CARTESIAN_POINT('',(7.53344300806043,-8.16141214958966,3.00000000000001));
#5857=CARTESIAN_POINT('',(-2.18860849738121,-22.3929057270288,3.));
#5858=CARTESIAN_POINT('Origin',(-2.18860849738121,-22.6446110755205,3.));
#5859=CARTESIAN_POINT('',(-2.18860849738121,-22.8963164240122,3.));
#5860=CARTESIAN_POINT('',(-2.18860849738121,1.17769446223974,3.00000000000001));
#5861=CARTESIAN_POINT('',(-2.18860849738121,-22.8963164240122,3.));
#5862=CARTESIAN_POINT('Origin',(-1.5746930334717,-22.8963164240122,3.));
#5863=CARTESIAN_POINT('',(-0.960777569562196,-22.8963164240122,3.));
#5864=CARTESIAN_POINT('',(-7.03734651673585,-22.8963164240122,3.00000000000001));
#5865=CARTESIAN_POINT('',(-0.960777569562196,-22.8963164240122,3.));
#5866=CARTESIAN_POINT('Origin',(-0.960777569562196,-23.1981582194567,3.));
#5867=CARTESIAN_POINT('',(-0.960777569562196,-23.5000000149012,3.));
#5868=CARTESIAN_POINT('',(-0.960777569562197,0.900920890271664,3.00000000000001));
#5869=CARTESIAN_POINT('',(-0.960777569562196,-23.5000000149012,3.));
#5870=CARTESIAN_POINT('Origin',(-0.682469252496957,-23.5000000149012,3.));
#5871=CARTESIAN_POINT('',(-6.59123462624848,-23.5000000149012,3.00000000000001));
#5872=CARTESIAN_POINT('Origin',(-1.30559341982007,-21.87824010849,3.));
#5873=CARTESIAN_POINT('',(-1.65040927007794,-22.3908594995737,3.));
#5874=CARTESIAN_POINT('',(-1.65040927007794,-22.3908594995737,3.));
#5875=CARTESIAN_POINT('',(-0.960777569562196,-21.3656207174063,3.));
#5876=CARTESIAN_POINT('',(7.80574858367931,-8.33289239232102,3.00000000000001));
#5877=CARTESIAN_POINT('',(-0.960777569562196,-21.3656207174063,3.));
#5878=CARTESIAN_POINT('Origin',(-0.960777569562196,-21.87824010849,3.));
#5879=CARTESIAN_POINT('',(-0.960777569562196,-22.3908594995737,3.));
#5880=CARTESIAN_POINT('',(-0.960777569562193,1.560879945755,3.00000000000001));
#5881=CARTESIAN_POINT('',(-0.960777569562196,-22.3908594995737,3.));
#5882=CARTESIAN_POINT('Origin',(-1.30559341982007,-22.3908594995737,3.));
#5883=CARTESIAN_POINT('',(-6.90279670991004,-22.3908594995737,3.00000000000001));
#5884=CARTESIAN_POINT('Origin',(-12.5,25.,2.25));
#5885=CARTESIAN_POINT('',(0.240450035780669,-22.0143244415522,2.25));
#5886=CARTESIAN_POINT('',(0.535129439085723,-20.7946792989969,2.25));
#5887=CARTESIAN_POINT('Ctrl Pts',(0.240450035780669,-22.0143244415522,2.25));
#5888=CARTESIAN_POINT('Ctrl Pts',(0.243225402371126,-21.7656501327282,2.25));
#5889=CARTESIAN_POINT('Ctrl Pts',(0.248042106900989,-21.3340708689682,2.25));
#5890=CARTESIAN_POINT('Ctrl Pts',(0.449676153292041,-20.9552324715549,2.25));
#5891=CARTESIAN_POINT('Ctrl Pts',(0.535129439085723,-20.7946792989969,2.25));
#5892=CARTESIAN_POINT('',(0.508526396006346,-23.2145292311907,2.25));
#5893=CARTESIAN_POINT('Ctrl Pts',(0.508526396006346,-23.2145292311907,2.25));
#5894=CARTESIAN_POINT('Ctrl Pts',(0.430956849550303,-23.0610832251399,2.25));
#5895=CARTESIAN_POINT('Ctrl Pts',(0.241544478559286,-22.6863927292809,2.25));
#5896=CARTESIAN_POINT('Ctrl Pts',(0.240856354322125,-22.2638338830366,2.25));
#5897=CARTESIAN_POINT('Ctrl Pts',(0.240450035780669,-22.0143244415522,2.25));
#5898=CARTESIAN_POINT('',(1.2145291082561,-23.5511595755816,2.25));
#5899=CARTESIAN_POINT('Ctrl Pts',(1.2145291082561,-23.5511595755816,2.25));
#5900=CARTESIAN_POINT('Ctrl Pts',(1.07586109794404,-23.5374212879154,2.25));
#5901=CARTESIAN_POINT('Ctrl Pts',(0.799930582837352,-23.5100839605545,2.25));
#5902=CARTESIAN_POINT('Ctrl Pts',(0.605330714243907,-23.3127123574837,2.25));
#5903=CARTESIAN_POINT('Ctrl Pts',(0.508526396006346,-23.2145292311907,2.25));
#5904=CARTESIAN_POINT('',(1.89392877742648,-23.244201913476,2.25));
#5905=CARTESIAN_POINT('Ctrl Pts',(1.89392877742648,-23.244201913476,2.25));
#5906=CARTESIAN_POINT('Ctrl Pts',(1.80260865494835,-23.333707341162,2.25));
#5907=CARTESIAN_POINT('Ctrl Pts',(1.6141240354275,-23.5184464328829,2.25));
#5908=CARTESIAN_POINT('Ctrl Pts',(1.35045265175073,-23.5400320912916,2.25));
#5909=CARTESIAN_POINT('Ctrl Pts',(1.2145291082561,-23.5511595755816,2.25));
#5910=CARTESIAN_POINT('',(2.18860818073154,-22.020463719964,2.25));
#5911=CARTESIAN_POINT('Ctrl Pts',(2.18860818073154,-22.020463719964,2.25));
#5912=CARTESIAN_POINT('Ctrl Pts',(2.18592556115268,-22.2701720992631,2.25));
#5913=CARTESIAN_POINT('Ctrl Pts',(2.18127461197054,-22.703100044631,2.25));
#5914=CARTESIAN_POINT('Ctrl Pts',(1.97937484048706,-23.0832981562286,2.25));
#5915=CARTESIAN_POINT('Ctrl Pts',(1.89392877742648,-23.244201913476,2.25));
#5916=CARTESIAN_POINT('',(1.89597530290485,-20.7987720519304,2.25));
#5917=CARTESIAN_POINT('Ctrl Pts',(1.89597530290485,-20.7987720519304,2.25));
#5918=CARTESIAN_POINT('Ctrl Pts',(1.98080971801713,-20.9588587778619,2.25));
#5919=CARTESIAN_POINT('Ctrl Pts',(2.18197491812666,-21.3384674333147,2.25));
#5920=CARTESIAN_POINT('Ctrl Pts',(2.18617774796352,-21.7705797305194,2.25));
#5921=CARTESIAN_POINT('Ctrl Pts',(2.18860818073154,-22.020463719964,2.25));
#5922=CARTESIAN_POINT('',(1.2145291082561,-20.4877216368914,2.25));
#5923=CARTESIAN_POINT('Ctrl Pts',(1.2145291082561,-20.4877216368914,2.25));
#5924=CARTESIAN_POINT('Ctrl Pts',(1.3506805913557,-20.4991830783375,2.25));
#5925=CARTESIAN_POINT('Ctrl Pts',(1.6156367009925,-20.5214874915342,2.25));
#5926=CARTESIAN_POINT('Ctrl Pts',(1.8042726377937,-20.7080684063781,2.25));
#5927=CARTESIAN_POINT('Ctrl Pts',(1.89597530290485,-20.7987720519304,2.25));
#5928=CARTESIAN_POINT('Ctrl Pts',(0.535129439085723,-20.7946792989969,2.25));
#5929=CARTESIAN_POINT('Ctrl Pts',(0.626449764718518,-20.7051738692381,2.25));
#5930=CARTESIAN_POINT('Ctrl Pts',(0.814934537485362,-20.520435034016,2.25));
#5931=CARTESIAN_POINT('Ctrl Pts',(1.07860580498163,-20.4988491979839,2.25));
#5932=CARTESIAN_POINT('Ctrl Pts',(1.2145291082561,-20.4877216368914,2.25));
#5933=CARTESIAN_POINT('',(1.53376532718539,-21.2950203567743,2.25));
#5934=CARTESIAN_POINT('',(1.39972699806094,-21.0310367494822,2.25));
#5935=CARTESIAN_POINT('Ctrl Pts',(1.53376532718539,-21.2950203567743,2.25));
#5936=CARTESIAN_POINT('Ctrl Pts',(1.51808947347645,-21.2377542504702,2.25));
#5937=CARTESIAN_POINT('Ctrl Pts',(1.49135072117271,-21.1400738140299,2.25));
#5938=CARTESIAN_POINT('Ctrl Pts',(1.42654127557449,-21.0629471544378,2.25));
#5939=CARTESIAN_POINT('Ctrl Pts',(1.39972699806094,-21.0310367494822,2.25));
#5940=CARTESIAN_POINT('',(1.58697141334415,-22.020463719964,2.25));
#5941=CARTESIAN_POINT('Ctrl Pts',(1.58697141334415,-22.020463719964,2.25));
#5942=CARTESIAN_POINT('Ctrl Pts',(1.58758724910771,-21.8715818162771,2.25));
#5943=CARTESIAN_POINT('Ctrl Pts',(1.58859415066864,-21.6281574650339,2.25));
#5944=CARTESIAN_POINT('Ctrl Pts',(1.54910307984971,-21.3882117521971,2.25));
#5945=CARTESIAN_POINT('Ctrl Pts',(1.53376532718539,-21.2950203567743,2.25));
#5946=CARTESIAN_POINT('',(1.52762604877353,-22.7694407850504,2.25));
#5947=CARTESIAN_POINT('Ctrl Pts',(1.52762604877353,-22.7694407850504,2.25));
#5948=CARTESIAN_POINT('Ctrl Pts',(1.54477051610297,-22.6704007539207,2.25));
#5949=CARTESIAN_POINT('Ctrl Pts',(1.58762513655408,-22.4228385017975,2.25));
#5950=CARTESIAN_POINT('Ctrl Pts',(1.58721654394038,-22.1713446565466,2.25));
#5951=CARTESIAN_POINT('Ctrl Pts',(1.58697141334415,-22.020463719964,2.25));
#5952=CARTESIAN_POINT('',(1.40075011178851,-23.0078444629908,2.25));
#5953=CARTESIAN_POINT('Ctrl Pts',(1.40075011178851,-23.0078444629908,2.25));
#5954=CARTESIAN_POINT('Ctrl Pts',(1.42722987538439,-22.9781603265523,2.25));
#5955=CARTESIAN_POINT('Ctrl Pts',(1.48859573448479,-22.9093684535584,2.25));
#5956=CARTESIAN_POINT('Ctrl Pts',(1.51347968387697,-22.8201569500086,2.25));
#5957=CARTESIAN_POINT('Ctrl Pts',(1.52762604877353,-22.7694407850504,2.25));
#5958=CARTESIAN_POINT('',(1.2145291082561,-23.0743519216776,2.25));
#5959=CARTESIAN_POINT('Ctrl Pts',(1.2145291082561,-23.0743519216776,2.25));
#5960=CARTESIAN_POINT('Ctrl Pts',(1.2484186226279,-23.0715491924382,2.25));
#5961=CARTESIAN_POINT('Ctrl Pts',(1.31639263360352,-23.0659276085468,2.25));
#5962=CARTESIAN_POINT('Ctrl Pts',(1.37257723089012,-23.0272425006889,2.25));
#5963=CARTESIAN_POINT('Ctrl Pts',(1.40075011178851,-23.0078444629908,2.25));
#5964=CARTESIAN_POINT('',(1.02933121845126,-23.0088675767183,2.25));
#5965=CARTESIAN_POINT('Ctrl Pts',(1.02933121845126,-23.0088675767183,2.25));
#5966=CARTESIAN_POINT('Ctrl Pts',(1.05727113065904,-23.0279672103245,2.25));
#5967=CARTESIAN_POINT('Ctrl Pts',(1.11320026431109,-23.0662001851715,2.25));
#5968=CARTESIAN_POINT('Ctrl Pts',(1.18073298047674,-23.0716330795606,2.25));
#5969=CARTESIAN_POINT('Ctrl Pts',(1.2145291082561,-23.0743519216776,2.25));
#5970=CARTESIAN_POINT('',(0.895293187350036,-22.7459070831537,2.25));
#5971=CARTESIAN_POINT('Ctrl Pts',(0.895293187350036,-22.7459070831537,2.25));
#5972=CARTESIAN_POINT('Ctrl Pts',(0.910925527905848,-22.8031234174395,2.25));
#5973=CARTESIAN_POINT('Ctrl Pts',(0.937550330595764,-22.900573546904,2.25));
#5974=CARTESIAN_POINT('Ctrl Pts',(1.00251114157683,-22.9772220536413,2.25));
#5975=CARTESIAN_POINT('Ctrl Pts',(1.02933121845126,-23.0088675767183,2.25));
#5976=CARTESIAN_POINT('',(0.842087101191283,-22.020463719964,2.25));
#5977=CARTESIAN_POINT('Ctrl Pts',(0.842087101191283,-22.020463719964,2.25));
#5978=CARTESIAN_POINT('Ctrl Pts',(0.841471089277488,-22.1693456312004,2.25));
#5979=CARTESIAN_POINT('Ctrl Pts',(0.840463899642109,-22.4127700107211,2.25));
#5980=CARTESIAN_POINT('Ctrl Pts',(0.879955303685286,-22.6527156908342,2.25));
#5981=CARTESIAN_POINT('Ctrl Pts',(0.895293187350036,-22.7459070831537,2.25));
#5982=CARTESIAN_POINT('',(0.901432167738677,-21.2694405764341,2.25));
#5983=CARTESIAN_POINT('Ctrl Pts',(0.901432167738677,-21.2694405764341,2.25));
#5984=CARTESIAN_POINT('Ctrl Pts',(0.884285003879008,-21.3689927288564,2.25));
#5985=CARTESIAN_POINT('Ctrl Pts',(0.84152362840845,-21.6172545990683,2.25));
#5986=CARTESIAN_POINT('Ctrl Pts',(0.841876018380699,-21.8694173569725,2.25));
#5987=CARTESIAN_POINT('Ctrl Pts',(0.842087101191283,-22.020463719964,2.25));
#5988=CARTESIAN_POINT('',(1.02830810472369,-21.0310367494822,2.25));
#5989=CARTESIAN_POINT('Ctrl Pts',(1.02830810472369,-21.0310367494822,2.25));
#5990=CARTESIAN_POINT('Ctrl Pts',(1.00182820947722,-21.060720918378,2.25));
#5991=CARTESIAN_POINT('Ctrl Pts',(0.940462157719723,-21.1295127405466,2.25));
#5992=CARTESIAN_POINT('Ctrl Pts',(0.915578402548211,-21.2187243957788,2.25));
#5993=CARTESIAN_POINT('Ctrl Pts',(0.901432167738677,-21.2694405764341,2.25));
#5994=CARTESIAN_POINT('',(1.2145291082561,-20.9645292907953,2.25));
#5995=CARTESIAN_POINT('Ctrl Pts',(1.2145291082561,-20.9645292907953,2.25));
#5996=CARTESIAN_POINT('Ctrl Pts',(1.18063960048779,-20.9673320890133,2.25));
#5997=CARTESIAN_POINT('Ctrl Pts',(1.11266563616144,-20.9729538084962,2.25));
#5998=CARTESIAN_POINT('Ctrl Pts',(1.05648099423852,-21.011638786417,2.25));
#5999=CARTESIAN_POINT('Ctrl Pts',(1.02830810472369,-21.0310367494822,2.25));
#6000=CARTESIAN_POINT('Ctrl Pts',(1.39972699806094,-21.0310367494822,2.25));
#6001=CARTESIAN_POINT('Ctrl Pts',(1.37181652982479,-21.0116387443496,2.25));
#6002=CARTESIAN_POINT('Ctrl Pts',(1.31604084536209,-20.9728741846037,2.25));
#6003=CARTESIAN_POINT('Ctrl Pts',(1.24834804708485,-20.9673094171264,2.25));
#6004=CARTESIAN_POINT('Ctrl Pts',(1.2145291082561,-20.9645292907953,2.25));
#6005=CARTESIAN_POINT('Ctrl Pts',(0.240450035780669,-22.0143244415522,2.25));
#6006=CARTESIAN_POINT('Ctrl Pts',(0.240450035780669,-22.0143244415522,3.));
#6007=CARTESIAN_POINT('Ctrl Pts',(0.243225402371126,-21.7656501327282,2.25));
#6008=CARTESIAN_POINT('Ctrl Pts',(0.243225402371126,-21.7656501327282,3.));
#6009=CARTESIAN_POINT('Ctrl Pts',(0.248042106900989,-21.3340708689682,2.25));
#6010=CARTESIAN_POINT('Ctrl Pts',(0.248042106900989,-21.3340708689682,3.));
#6011=CARTESIAN_POINT('Ctrl Pts',(0.449676153292041,-20.9552324715549,2.25));
#6012=CARTESIAN_POINT('Ctrl Pts',(0.449676153292041,-20.9552324715549,3.));
#6013=CARTESIAN_POINT('Ctrl Pts',(0.535129439085723,-20.7946792989969,2.25));
#6014=CARTESIAN_POINT('Ctrl Pts',(0.535129439085723,-20.7946792989969,3.));
#6015=CARTESIAN_POINT('',(0.535129439085723,-20.7946792989969,3.));
#6016=CARTESIAN_POINT('',(0.535129439085723,-20.7946792989969,3.));
#6017=CARTESIAN_POINT('',(0.240450035780669,-22.0143244415522,3.));
#6018=CARTESIAN_POINT('Ctrl Pts',(0.240450035780669,-22.0143244415522,3.));
#6019=CARTESIAN_POINT('Ctrl Pts',(0.243225402371126,-21.7656501327282,3.));
#6020=CARTESIAN_POINT('Ctrl Pts',(0.248042106900989,-21.3340708689682,3.));
#6021=CARTESIAN_POINT('Ctrl Pts',(0.449676153292041,-20.9552324715549,3.));
#6022=CARTESIAN_POINT('Ctrl Pts',(0.535129439085723,-20.7946792989969,3.));
#6023=CARTESIAN_POINT('',(0.240450035780669,-22.0143244415522,3.));
#6024=CARTESIAN_POINT('Ctrl Pts',(0.508526396006346,-23.2145292311907,2.25));
#6025=CARTESIAN_POINT('Ctrl Pts',(0.508526396006346,-23.2145292311907,3.));
#6026=CARTESIAN_POINT('Ctrl Pts',(0.430956849550303,-23.0610832251399,2.25));
#6027=CARTESIAN_POINT('Ctrl Pts',(0.430956849550303,-23.0610832251399,3.));
#6028=CARTESIAN_POINT('Ctrl Pts',(0.241544478559286,-22.6863927292809,2.25));
#6029=CARTESIAN_POINT('Ctrl Pts',(0.241544478559286,-22.6863927292809,3.));
#6030=CARTESIAN_POINT('Ctrl Pts',(0.240856354322125,-22.2638338830366,2.25));
#6031=CARTESIAN_POINT('Ctrl Pts',(0.240856354322125,-22.2638338830366,3.));
#6032=CARTESIAN_POINT('Ctrl Pts',(0.240450035780669,-22.0143244415522,2.25));
#6033=CARTESIAN_POINT('Ctrl Pts',(0.240450035780669,-22.0143244415522,3.));
#6034=CARTESIAN_POINT('',(0.508526396006346,-23.2145292311907,3.));
#6035=CARTESIAN_POINT('Ctrl Pts',(0.508526396006346,-23.2145292311907,3.));
#6036=CARTESIAN_POINT('Ctrl Pts',(0.430956849550303,-23.0610832251399,3.));
#6037=CARTESIAN_POINT('Ctrl Pts',(0.241544478559286,-22.6863927292809,3.));
#6038=CARTESIAN_POINT('Ctrl Pts',(0.240856354322125,-22.2638338830366,3.));
#6039=CARTESIAN_POINT('Ctrl Pts',(0.240450035780669,-22.0143244415522,3.));
#6040=CARTESIAN_POINT('',(0.508526396006346,-23.2145292311907,3.));
#6041=CARTESIAN_POINT('Ctrl Pts',(1.2145291082561,-23.5511595755816,2.25));
#6042=CARTESIAN_POINT('Ctrl Pts',(1.2145291082561,-23.5511595755816,3.));
#6043=CARTESIAN_POINT('Ctrl Pts',(1.07586109794404,-23.5374212879154,2.25));
#6044=CARTESIAN_POINT('Ctrl Pts',(1.07586109794404,-23.5374212879154,3.));
#6045=CARTESIAN_POINT('Ctrl Pts',(0.799930582837352,-23.5100839605545,2.25));
#6046=CARTESIAN_POINT('Ctrl Pts',(0.799930582837352,-23.5100839605545,3.));
#6047=CARTESIAN_POINT('Ctrl Pts',(0.605330714243907,-23.3127123574837,2.25));
#6048=CARTESIAN_POINT('Ctrl Pts',(0.605330714243907,-23.3127123574837,3.));
#6049=CARTESIAN_POINT('Ctrl Pts',(0.508526396006346,-23.2145292311907,2.25));
#6050=CARTESIAN_POINT('Ctrl Pts',(0.508526396006346,-23.2145292311907,3.));
#6051=CARTESIAN_POINT('',(1.2145291082561,-23.5511595755816,3.));
#6052=CARTESIAN_POINT('Ctrl Pts',(1.2145291082561,-23.5511595755816,3.));
#6053=CARTESIAN_POINT('Ctrl Pts',(1.07586109794404,-23.5374212879154,3.));
#6054=CARTESIAN_POINT('Ctrl Pts',(0.799930582837352,-23.5100839605545,3.));
#6055=CARTESIAN_POINT('Ctrl Pts',(0.605330714243907,-23.3127123574837,3.));
#6056=CARTESIAN_POINT('Ctrl Pts',(0.508526396006346,-23.2145292311907,3.));
#6057=CARTESIAN_POINT('',(1.2145291082561,-23.5511595755816,3.));
#6058=CARTESIAN_POINT('Ctrl Pts',(1.89392877742648,-23.244201913476,2.25));
#6059=CARTESIAN_POINT('Ctrl Pts',(1.89392877742648,-23.244201913476,3.));
#6060=CARTESIAN_POINT('Ctrl Pts',(1.80260865494835,-23.333707341162,2.25));
#6061=CARTESIAN_POINT('Ctrl Pts',(1.80260865494835,-23.333707341162,3.));
#6062=CARTESIAN_POINT('Ctrl Pts',(1.6141240354275,-23.5184464328829,2.25));
#6063=CARTESIAN_POINT('Ctrl Pts',(1.6141240354275,-23.5184464328829,3.));
#6064=CARTESIAN_POINT('Ctrl Pts',(1.35045265175073,-23.5400320912916,2.25));
#6065=CARTESIAN_POINT('Ctrl Pts',(1.35045265175073,-23.5400320912916,3.));
#6066=CARTESIAN_POINT('Ctrl Pts',(1.2145291082561,-23.5511595755816,2.25));
#6067=CARTESIAN_POINT('Ctrl Pts',(1.2145291082561,-23.5511595755816,3.));
#6068=CARTESIAN_POINT('',(1.89392877742648,-23.244201913476,3.));
#6069=CARTESIAN_POINT('Ctrl Pts',(1.89392877742648,-23.244201913476,3.));
#6070=CARTESIAN_POINT('Ctrl Pts',(1.80260865494835,-23.333707341162,3.));
#6071=CARTESIAN_POINT('Ctrl Pts',(1.6141240354275,-23.5184464328829,3.));
#6072=CARTESIAN_POINT('Ctrl Pts',(1.35045265175073,-23.5400320912916,3.));
#6073=CARTESIAN_POINT('Ctrl Pts',(1.2145291082561,-23.5511595755816,3.));
#6074=CARTESIAN_POINT('',(1.89392877742648,-23.244201913476,3.));
#6075=CARTESIAN_POINT('Ctrl Pts',(2.18860818073154,-22.020463719964,2.25));
#6076=CARTESIAN_POINT('Ctrl Pts',(2.18860818073154,-22.020463719964,3.));
#6077=CARTESIAN_POINT('Ctrl Pts',(2.18592556115268,-22.2701720992631,2.25));
#6078=CARTESIAN_POINT('Ctrl Pts',(2.18592556115268,-22.2701720992631,3.));
#6079=CARTESIAN_POINT('Ctrl Pts',(2.18127461197054,-22.703100044631,2.25));
#6080=CARTESIAN_POINT('Ctrl Pts',(2.18127461197054,-22.703100044631,3.));
#6081=CARTESIAN_POINT('Ctrl Pts',(1.97937484048706,-23.0832981562286,2.25));
#6082=CARTESIAN_POINT('Ctrl Pts',(1.97937484048706,-23.0832981562286,3.));
#6083=CARTESIAN_POINT('Ctrl Pts',(1.89392877742648,-23.244201913476,2.25));
#6084=CARTESIAN_POINT('Ctrl Pts',(1.89392877742648,-23.244201913476,3.));
#6085=CARTESIAN_POINT('',(2.18860818073154,-22.020463719964,3.));
#6086=CARTESIAN_POINT('Ctrl Pts',(2.18860818073154,-22.020463719964,3.));
#6087=CARTESIAN_POINT('Ctrl Pts',(2.18592556115268,-22.2701720992631,3.));
#6088=CARTESIAN_POINT('Ctrl Pts',(2.18127461197054,-22.703100044631,3.));
#6089=CARTESIAN_POINT('Ctrl Pts',(1.97937484048706,-23.0832981562286,3.));
#6090=CARTESIAN_POINT('Ctrl Pts',(1.89392877742648,-23.244201913476,3.));
#6091=CARTESIAN_POINT('',(2.18860818073154,-22.020463719964,3.));
#6092=CARTESIAN_POINT('Ctrl Pts',(1.89597530290485,-20.7987720519304,2.25));
#6093=CARTESIAN_POINT('Ctrl Pts',(1.89597530290485,-20.7987720519304,3.));
#6094=CARTESIAN_POINT('Ctrl Pts',(1.98080971801713,-20.9588587778619,2.25));
#6095=CARTESIAN_POINT('Ctrl Pts',(1.98080971801713,-20.9588587778619,3.));
#6096=CARTESIAN_POINT('Ctrl Pts',(2.18197491812666,-21.3384674333147,2.25));
#6097=CARTESIAN_POINT('Ctrl Pts',(2.18197491812666,-21.3384674333147,3.));
#6098=CARTESIAN_POINT('Ctrl Pts',(2.18617774796352,-21.7705797305194,2.25));
#6099=CARTESIAN_POINT('Ctrl Pts',(2.18617774796352,-21.7705797305194,3.));
#6100=CARTESIAN_POINT('Ctrl Pts',(2.18860818073154,-22.020463719964,2.25));
#6101=CARTESIAN_POINT('Ctrl Pts',(2.18860818073154,-22.020463719964,3.));
#6102=CARTESIAN_POINT('',(1.89597530290485,-20.7987720519304,3.));
#6103=CARTESIAN_POINT('Ctrl Pts',(1.89597530290485,-20.7987720519304,3.));
#6104=CARTESIAN_POINT('Ctrl Pts',(1.98080971801713,-20.9588587778619,3.));
#6105=CARTESIAN_POINT('Ctrl Pts',(2.18197491812666,-21.3384674333147,3.));
#6106=CARTESIAN_POINT('Ctrl Pts',(2.18617774796352,-21.7705797305194,3.));
#6107=CARTESIAN_POINT('Ctrl Pts',(2.18860818073154,-22.020463719964,3.));
#6108=CARTESIAN_POINT('',(1.89597530290485,-20.7987720519304,3.));
#6109=CARTESIAN_POINT('Ctrl Pts',(1.2145291082561,-20.4877216368914,2.25));
#6110=CARTESIAN_POINT('Ctrl Pts',(1.2145291082561,-20.4877216368914,3.));
#6111=CARTESIAN_POINT('Ctrl Pts',(1.3506805913557,-20.4991830783375,2.25));
#6112=CARTESIAN_POINT('Ctrl Pts',(1.3506805913557,-20.4991830783375,3.));
#6113=CARTESIAN_POINT('Ctrl Pts',(1.6156367009925,-20.5214874915342,2.25));
#6114=CARTESIAN_POINT('Ctrl Pts',(1.6156367009925,-20.5214874915342,3.));
#6115=CARTESIAN_POINT('Ctrl Pts',(1.8042726377937,-20.7080684063781,2.25));
#6116=CARTESIAN_POINT('Ctrl Pts',(1.8042726377937,-20.7080684063781,3.));
#6117=CARTESIAN_POINT('Ctrl Pts',(1.89597530290485,-20.7987720519304,2.25));
#6118=CARTESIAN_POINT('Ctrl Pts',(1.89597530290485,-20.7987720519304,3.));
#6119=CARTESIAN_POINT('',(1.2145291082561,-20.4877216368914,3.));
#6120=CARTESIAN_POINT('Ctrl Pts',(1.2145291082561,-20.4877216368914,3.));
#6121=CARTESIAN_POINT('Ctrl Pts',(1.3506805913557,-20.4991830783375,3.));
#6122=CARTESIAN_POINT('Ctrl Pts',(1.6156367009925,-20.5214874915342,3.));
#6123=CARTESIAN_POINT('Ctrl Pts',(1.8042726377937,-20.7080684063781,3.));
#6124=CARTESIAN_POINT('Ctrl Pts',(1.89597530290485,-20.7987720519304,3.));
#6125=CARTESIAN_POINT('',(1.2145291082561,-20.4877216368914,3.));
#6126=CARTESIAN_POINT('Ctrl Pts',(0.535129439085723,-20.7946792989969,2.25));
#6127=CARTESIAN_POINT('Ctrl Pts',(0.535129439085723,-20.7946792989969,3.));
#6128=CARTESIAN_POINT('Ctrl Pts',(0.626449764718518,-20.7051738692381,2.25));
#6129=CARTESIAN_POINT('Ctrl Pts',(0.626449764718518,-20.7051738692381,3.));
#6130=CARTESIAN_POINT('Ctrl Pts',(0.814934537485362,-20.520435034016,2.25));
#6131=CARTESIAN_POINT('Ctrl Pts',(0.814934537485362,-20.520435034016,3.));
#6132=CARTESIAN_POINT('Ctrl Pts',(1.07860580498163,-20.4988491979839,2.25));
#6133=CARTESIAN_POINT('Ctrl Pts',(1.07860580498163,-20.4988491979839,3.));
#6134=CARTESIAN_POINT('Ctrl Pts',(1.2145291082561,-20.4877216368914,2.25));
#6135=CARTESIAN_POINT('Ctrl Pts',(1.2145291082561,-20.4877216368914,3.));
#6136=CARTESIAN_POINT('Ctrl Pts',(0.535129439085723,-20.7946792989969,3.));
#6137=CARTESIAN_POINT('Ctrl Pts',(0.626449764718518,-20.7051738692381,3.));
#6138=CARTESIAN_POINT('Ctrl Pts',(0.814934537485362,-20.520435034016,3.));
#6139=CARTESIAN_POINT('Ctrl Pts',(1.07860580498163,-20.4988491979839,3.));
#6140=CARTESIAN_POINT('Ctrl Pts',(1.2145291082561,-20.4877216368914,3.));
#6141=CARTESIAN_POINT('Ctrl Pts',(1.53376532718539,-21.2950203567743,2.25));
#6142=CARTESIAN_POINT('Ctrl Pts',(1.53376532718539,-21.2950203567743,3.));
#6143=CARTESIAN_POINT('Ctrl Pts',(1.51808947347645,-21.2377542504702,2.25));
#6144=CARTESIAN_POINT('Ctrl Pts',(1.51808947347645,-21.2377542504702,3.));
#6145=CARTESIAN_POINT('Ctrl Pts',(1.49135072117271,-21.1400738140299,2.25));
#6146=CARTESIAN_POINT('Ctrl Pts',(1.49135072117271,-21.1400738140299,3.));
#6147=CARTESIAN_POINT('Ctrl Pts',(1.42654127557449,-21.0629471544378,2.25));
#6148=CARTESIAN_POINT('Ctrl Pts',(1.42654127557449,-21.0629471544378,3.));
#6149=CARTESIAN_POINT('Ctrl Pts',(1.39972699806094,-21.0310367494822,2.25));
#6150=CARTESIAN_POINT('Ctrl Pts',(1.39972699806094,-21.0310367494822,3.));
#6151=CARTESIAN_POINT('',(1.39972699806094,-21.0310367494822,3.));
#6152=CARTESIAN_POINT('',(1.39972699806094,-21.0310367494822,3.));
#6153=CARTESIAN_POINT('',(1.53376532718539,-21.2950203567743,3.));
#6154=CARTESIAN_POINT('Ctrl Pts',(1.53376532718539,-21.2950203567743,3.));
#6155=CARTESIAN_POINT('Ctrl Pts',(1.51808947347645,-21.2377542504702,3.));
#6156=CARTESIAN_POINT('Ctrl Pts',(1.49135072117271,-21.1400738140299,3.));
#6157=CARTESIAN_POINT('Ctrl Pts',(1.42654127557449,-21.0629471544378,3.));
#6158=CARTESIAN_POINT('Ctrl Pts',(1.39972699806094,-21.0310367494822,3.));
#6159=CARTESIAN_POINT('',(1.53376532718539,-21.2950203567743,3.));
#6160=CARTESIAN_POINT('Ctrl Pts',(1.58697141334415,-22.020463719964,2.25));
#6161=CARTESIAN_POINT('Ctrl Pts',(1.58697141334415,-22.020463719964,3.));
#6162=CARTESIAN_POINT('Ctrl Pts',(1.58758724910771,-21.8715818162771,2.25));
#6163=CARTESIAN_POINT('Ctrl Pts',(1.58758724910771,-21.8715818162771,3.));
#6164=CARTESIAN_POINT('Ctrl Pts',(1.58859415066864,-21.6281574650339,2.25));
#6165=CARTESIAN_POINT('Ctrl Pts',(1.58859415066864,-21.6281574650339,3.));
#6166=CARTESIAN_POINT('Ctrl Pts',(1.54910307984971,-21.3882117521971,2.25));
#6167=CARTESIAN_POINT('Ctrl Pts',(1.54910307984971,-21.3882117521971,3.));
#6168=CARTESIAN_POINT('Ctrl Pts',(1.53376532718539,-21.2950203567743,2.25));
#6169=CARTESIAN_POINT('Ctrl Pts',(1.53376532718539,-21.2950203567743,3.));
#6170=CARTESIAN_POINT('',(1.58697141334415,-22.020463719964,3.));
#6171=CARTESIAN_POINT('Ctrl Pts',(1.58697141334415,-22.020463719964,3.));
#6172=CARTESIAN_POINT('Ctrl Pts',(1.58758724910771,-21.8715818162771,3.));
#6173=CARTESIAN_POINT('Ctrl Pts',(1.58859415066864,-21.6281574650339,3.));
#6174=CARTESIAN_POINT('Ctrl Pts',(1.54910307984971,-21.3882117521971,3.));
#6175=CARTESIAN_POINT('Ctrl Pts',(1.53376532718539,-21.2950203567743,3.));
#6176=CARTESIAN_POINT('',(1.58697141334415,-22.020463719964,3.));
#6177=CARTESIAN_POINT('Ctrl Pts',(1.52762604877353,-22.7694407850504,2.25));
#6178=CARTESIAN_POINT('Ctrl Pts',(1.52762604877353,-22.7694407850504,3.));
#6179=CARTESIAN_POINT('Ctrl Pts',(1.54477051610297,-22.6704007539207,2.25));
#6180=CARTESIAN_POINT('Ctrl Pts',(1.54477051610297,-22.6704007539207,3.));
#6181=CARTESIAN_POINT('Ctrl Pts',(1.58762513655408,-22.4228385017975,2.25));
#6182=CARTESIAN_POINT('Ctrl Pts',(1.58762513655408,-22.4228385017975,3.));
#6183=CARTESIAN_POINT('Ctrl Pts',(1.58721654394038,-22.1713446565466,2.25));
#6184=CARTESIAN_POINT('Ctrl Pts',(1.58721654394038,-22.1713446565466,3.));
#6185=CARTESIAN_POINT('Ctrl Pts',(1.58697141334415,-22.020463719964,2.25));
#6186=CARTESIAN_POINT('Ctrl Pts',(1.58697141334415,-22.020463719964,3.));
#6187=CARTESIAN_POINT('',(1.52762604877353,-22.7694407850504,3.));
#6188=CARTESIAN_POINT('Ctrl Pts',(1.52762604877353,-22.7694407850504,3.));
#6189=CARTESIAN_POINT('Ctrl Pts',(1.54477051610297,-22.6704007539207,3.));
#6190=CARTESIAN_POINT('Ctrl Pts',(1.58762513655408,-22.4228385017975,3.));
#6191=CARTESIAN_POINT('Ctrl Pts',(1.58721654394038,-22.1713446565466,3.));
#6192=CARTESIAN_POINT('Ctrl Pts',(1.58697141334415,-22.020463719964,3.));
#6193=CARTESIAN_POINT('',(1.52762604877353,-22.7694407850504,3.));
#6194=CARTESIAN_POINT('Ctrl Pts',(1.40075011178851,-23.0078444629908,2.25));
#6195=CARTESIAN_POINT('Ctrl Pts',(1.40075011178851,-23.0078444629908,3.));
#6196=CARTESIAN_POINT('Ctrl Pts',(1.42722987538439,-22.9781603265523,2.25));
#6197=CARTESIAN_POINT('Ctrl Pts',(1.42722987538439,-22.9781603265523,3.));
#6198=CARTESIAN_POINT('Ctrl Pts',(1.48859573448479,-22.9093684535584,2.25));
#6199=CARTESIAN_POINT('Ctrl Pts',(1.48859573448479,-22.9093684535584,3.));
#6200=CARTESIAN_POINT('Ctrl Pts',(1.51347968387697,-22.8201569500086,2.25));
#6201=CARTESIAN_POINT('Ctrl Pts',(1.51347968387697,-22.8201569500086,3.));
#6202=CARTESIAN_POINT('Ctrl Pts',(1.52762604877353,-22.7694407850504,2.25));
#6203=CARTESIAN_POINT('Ctrl Pts',(1.52762604877353,-22.7694407850504,3.));
#6204=CARTESIAN_POINT('',(1.40075011178851,-23.0078444629908,3.));
#6205=CARTESIAN_POINT('Ctrl Pts',(1.40075011178851,-23.0078444629908,3.));
#6206=CARTESIAN_POINT('Ctrl Pts',(1.42722987538439,-22.9781603265523,3.));
#6207=CARTESIAN_POINT('Ctrl Pts',(1.48859573448479,-22.9093684535584,3.));
#6208=CARTESIAN_POINT('Ctrl Pts',(1.51347968387697,-22.8201569500086,3.));
#6209=CARTESIAN_POINT('Ctrl Pts',(1.52762604877353,-22.7694407850504,3.));
#6210=CARTESIAN_POINT('',(1.40075011178851,-23.0078444629908,3.));
#6211=CARTESIAN_POINT('Ctrl Pts',(1.2145291082561,-23.0743519216776,2.25));
#6212=CARTESIAN_POINT('Ctrl Pts',(1.2145291082561,-23.0743519216776,3.));
#6213=CARTESIAN_POINT('Ctrl Pts',(1.2484186226279,-23.0715491924382,2.25));
#6214=CARTESIAN_POINT('Ctrl Pts',(1.2484186226279,-23.0715491924382,3.));
#6215=CARTESIAN_POINT('Ctrl Pts',(1.31639263360352,-23.0659276085468,2.25));
#6216=CARTESIAN_POINT('Ctrl Pts',(1.31639263360352,-23.0659276085468,3.));
#6217=CARTESIAN_POINT('Ctrl Pts',(1.37257723089012,-23.0272425006889,2.25));
#6218=CARTESIAN_POINT('Ctrl Pts',(1.37257723089012,-23.0272425006889,3.));
#6219=CARTESIAN_POINT('Ctrl Pts',(1.40075011178851,-23.0078444629908,2.25));
#6220=CARTESIAN_POINT('Ctrl Pts',(1.40075011178851,-23.0078444629908,3.));
#6221=CARTESIAN_POINT('',(1.2145291082561,-23.0743519216776,3.));
#6222=CARTESIAN_POINT('Ctrl Pts',(1.2145291082561,-23.0743519216776,3.));
#6223=CARTESIAN_POINT('Ctrl Pts',(1.2484186226279,-23.0715491924382,3.));
#6224=CARTESIAN_POINT('Ctrl Pts',(1.31639263360352,-23.0659276085468,3.));
#6225=CARTESIAN_POINT('Ctrl Pts',(1.37257723089012,-23.0272425006889,3.));
#6226=CARTESIAN_POINT('Ctrl Pts',(1.40075011178851,-23.0078444629908,3.));
#6227=CARTESIAN_POINT('',(1.2145291082561,-23.0743519216776,3.));
#6228=CARTESIAN_POINT('Ctrl Pts',(1.02933121845126,-23.0088675767183,2.25));
#6229=CARTESIAN_POINT('Ctrl Pts',(1.02933121845126,-23.0088675767183,3.));
#6230=CARTESIAN_POINT('Ctrl Pts',(1.05727113065904,-23.0279672103245,2.25));
#6231=CARTESIAN_POINT('Ctrl Pts',(1.05727113065904,-23.0279672103245,3.));
#6232=CARTESIAN_POINT('Ctrl Pts',(1.11320026431109,-23.0662001851715,2.25));
#6233=CARTESIAN_POINT('Ctrl Pts',(1.11320026431109,-23.0662001851715,3.));
#6234=CARTESIAN_POINT('Ctrl Pts',(1.18073298047674,-23.0716330795606,2.25));
#6235=CARTESIAN_POINT('Ctrl Pts',(1.18073298047674,-23.0716330795606,3.));
#6236=CARTESIAN_POINT('Ctrl Pts',(1.2145291082561,-23.0743519216776,2.25));
#6237=CARTESIAN_POINT('Ctrl Pts',(1.2145291082561,-23.0743519216776,3.));
#6238=CARTESIAN_POINT('',(1.02933121845126,-23.0088675767183,3.));
#6239=CARTESIAN_POINT('Ctrl Pts',(1.02933121845126,-23.0088675767183,3.));
#6240=CARTESIAN_POINT('Ctrl Pts',(1.05727113065904,-23.0279672103245,3.));
#6241=CARTESIAN_POINT('Ctrl Pts',(1.11320026431109,-23.0662001851715,3.));
#6242=CARTESIAN_POINT('Ctrl Pts',(1.18073298047674,-23.0716330795606,3.));
#6243=CARTESIAN_POINT('Ctrl Pts',(1.2145291082561,-23.0743519216776,3.));
#6244=CARTESIAN_POINT('',(1.02933121845126,-23.0088675767183,3.));
#6245=CARTESIAN_POINT('Ctrl Pts',(0.895293187350036,-22.7459070831537,2.25));
#6246=CARTESIAN_POINT('Ctrl Pts',(0.895293187350036,-22.7459070831537,3.));
#6247=CARTESIAN_POINT('Ctrl Pts',(0.910925527905848,-22.8031234174395,2.25));
#6248=CARTESIAN_POINT('Ctrl Pts',(0.910925527905848,-22.8031234174395,3.));
#6249=CARTESIAN_POINT('Ctrl Pts',(0.937550330595764,-22.900573546904,2.25));
#6250=CARTESIAN_POINT('Ctrl Pts',(0.937550330595764,-22.900573546904,3.));
#6251=CARTESIAN_POINT('Ctrl Pts',(1.00251114157683,-22.9772220536413,2.25));
#6252=CARTESIAN_POINT('Ctrl Pts',(1.00251114157683,-22.9772220536413,3.));
#6253=CARTESIAN_POINT('Ctrl Pts',(1.02933121845126,-23.0088675767183,2.25));
#6254=CARTESIAN_POINT('Ctrl Pts',(1.02933121845126,-23.0088675767183,3.));
#6255=CARTESIAN_POINT('',(0.895293187350036,-22.7459070831537,3.));
#6256=CARTESIAN_POINT('Ctrl Pts',(0.895293187350036,-22.7459070831537,3.));
#6257=CARTESIAN_POINT('Ctrl Pts',(0.910925527905848,-22.8031234174395,3.));
#6258=CARTESIAN_POINT('Ctrl Pts',(0.937550330595764,-22.900573546904,3.));
#6259=CARTESIAN_POINT('Ctrl Pts',(1.00251114157683,-22.9772220536413,3.));
#6260=CARTESIAN_POINT('Ctrl Pts',(1.02933121845126,-23.0088675767183,3.));
#6261=CARTESIAN_POINT('',(0.895293187350036,-22.7459070831537,3.));
#6262=CARTESIAN_POINT('Ctrl Pts',(0.842087101191283,-22.020463719964,2.25));
#6263=CARTESIAN_POINT('Ctrl Pts',(0.842087101191283,-22.020463719964,3.));
#6264=CARTESIAN_POINT('Ctrl Pts',(0.841471089277488,-22.1693456312004,2.25));
#6265=CARTESIAN_POINT('Ctrl Pts',(0.841471089277488,-22.1693456312004,3.));
#6266=CARTESIAN_POINT('Ctrl Pts',(0.840463899642109,-22.4127700107211,2.25));
#6267=CARTESIAN_POINT('Ctrl Pts',(0.840463899642109,-22.4127700107211,3.));
#6268=CARTESIAN_POINT('Ctrl Pts',(0.879955303685286,-22.6527156908342,2.25));
#6269=CARTESIAN_POINT('Ctrl Pts',(0.879955303685286,-22.6527156908342,3.));
#6270=CARTESIAN_POINT('Ctrl Pts',(0.895293187350036,-22.7459070831537,2.25));
#6271=CARTESIAN_POINT('Ctrl Pts',(0.895293187350036,-22.7459070831537,3.));
#6272=CARTESIAN_POINT('',(0.842087101191283,-22.020463719964,3.));
#6273=CARTESIAN_POINT('Ctrl Pts',(0.842087101191283,-22.020463719964,3.));
#6274=CARTESIAN_POINT('Ctrl Pts',(0.841471089277488,-22.1693456312004,3.));
#6275=CARTESIAN_POINT('Ctrl Pts',(0.840463899642109,-22.4127700107211,3.));
#6276=CARTESIAN_POINT('Ctrl Pts',(0.879955303685286,-22.6527156908342,3.));
#6277=CARTESIAN_POINT('Ctrl Pts',(0.895293187350036,-22.7459070831537,3.));
#6278=CARTESIAN_POINT('',(0.842087101191283,-22.020463719964,3.));
#6279=CARTESIAN_POINT('Ctrl Pts',(0.901432167738677,-21.2694405764341,2.25));
#6280=CARTESIAN_POINT('Ctrl Pts',(0.901432167738677,-21.2694405764341,3.));
#6281=CARTESIAN_POINT('Ctrl Pts',(0.884285003879008,-21.3689927288564,2.25));
#6282=CARTESIAN_POINT('Ctrl Pts',(0.884285003879008,-21.3689927288564,3.));
#6283=CARTESIAN_POINT('Ctrl Pts',(0.84152362840845,-21.6172545990683,2.25));
#6284=CARTESIAN_POINT('Ctrl Pts',(0.84152362840845,-21.6172545990683,3.));
#6285=CARTESIAN_POINT('Ctrl Pts',(0.841876018380699,-21.8694173569725,2.25));
#6286=CARTESIAN_POINT('Ctrl Pts',(0.841876018380699,-21.8694173569725,3.));
#6287=CARTESIAN_POINT('Ctrl Pts',(0.842087101191283,-22.020463719964,2.25));
#6288=CARTESIAN_POINT('Ctrl Pts',(0.842087101191283,-22.020463719964,3.));
#6289=CARTESIAN_POINT('',(0.901432167738677,-21.2694405764341,3.));
#6290=CARTESIAN_POINT('Ctrl Pts',(0.901432167738677,-21.2694405764341,3.));
#6291=CARTESIAN_POINT('Ctrl Pts',(0.884285003879008,-21.3689927288564,3.));
#6292=CARTESIAN_POINT('Ctrl Pts',(0.84152362840845,-21.6172545990683,3.));
#6293=CARTESIAN_POINT('Ctrl Pts',(0.841876018380699,-21.8694173569725,3.));
#6294=CARTESIAN_POINT('Ctrl Pts',(0.842087101191283,-22.020463719964,3.));
#6295=CARTESIAN_POINT('',(0.901432167738677,-21.2694405764341,3.));
#6296=CARTESIAN_POINT('Ctrl Pts',(1.02830810472369,-21.0310367494822,2.25));
#6297=CARTESIAN_POINT('Ctrl Pts',(1.02830810472369,-21.0310367494822,3.));
#6298=CARTESIAN_POINT('Ctrl Pts',(1.00182820947722,-21.060720918378,2.25));
#6299=CARTESIAN_POINT('Ctrl Pts',(1.00182820947722,-21.060720918378,3.));
#6300=CARTESIAN_POINT('Ctrl Pts',(0.940462157719723,-21.1295127405466,2.25));
#6301=CARTESIAN_POINT('Ctrl Pts',(0.940462157719723,-21.1295127405466,3.));
#6302=CARTESIAN_POINT('Ctrl Pts',(0.915578402548211,-21.2187243957788,2.25));
#6303=CARTESIAN_POINT('Ctrl Pts',(0.915578402548211,-21.2187243957788,3.));
#6304=CARTESIAN_POINT('Ctrl Pts',(0.901432167738677,-21.2694405764341,2.25));
#6305=CARTESIAN_POINT('Ctrl Pts',(0.901432167738677,-21.2694405764341,3.));
#6306=CARTESIAN_POINT('',(1.02830810472369,-21.0310367494822,3.));
#6307=CARTESIAN_POINT('Ctrl Pts',(1.02830810472369,-21.0310367494822,3.));
#6308=CARTESIAN_POINT('Ctrl Pts',(1.00182820947722,-21.060720918378,3.));
#6309=CARTESIAN_POINT('Ctrl Pts',(0.940462157719723,-21.1295127405466,3.));
#6310=CARTESIAN_POINT('Ctrl Pts',(0.915578402548211,-21.2187243957788,3.));
#6311=CARTESIAN_POINT('Ctrl Pts',(0.901432167738677,-21.2694405764341,3.));
#6312=CARTESIAN_POINT('',(1.02830810472369,-21.0310367494822,3.));
#6313=CARTESIAN_POINT('Ctrl Pts',(1.2145291082561,-20.9645292907953,2.25));
#6314=CARTESIAN_POINT('Ctrl Pts',(1.2145291082561,-20.9645292907953,3.));
#6315=CARTESIAN_POINT('Ctrl Pts',(1.18063960048779,-20.9673320890133,2.25));
#6316=CARTESIAN_POINT('Ctrl Pts',(1.18063960048779,-20.9673320890133,3.));
#6317=CARTESIAN_POINT('Ctrl Pts',(1.11266563616144,-20.9729538084962,2.25));
#6318=CARTESIAN_POINT('Ctrl Pts',(1.11266563616144,-20.9729538084962,3.));
#6319=CARTESIAN_POINT('Ctrl Pts',(1.05648099423852,-21.011638786417,2.25));
#6320=CARTESIAN_POINT('Ctrl Pts',(1.05648099423852,-21.011638786417,3.));
#6321=CARTESIAN_POINT('Ctrl Pts',(1.02830810472369,-21.0310367494822,2.25));
#6322=CARTESIAN_POINT('Ctrl Pts',(1.02830810472369,-21.0310367494822,3.));
#6323=CARTESIAN_POINT('',(1.2145291082561,-20.9645292907953,3.));
#6324=CARTESIAN_POINT('Ctrl Pts',(1.2145291082561,-20.9645292907953,3.));
#6325=CARTESIAN_POINT('Ctrl Pts',(1.18063960048779,-20.9673320890133,3.));
#6326=CARTESIAN_POINT('Ctrl Pts',(1.11266563616144,-20.9729538084962,3.));
#6327=CARTESIAN_POINT('Ctrl Pts',(1.05648099423852,-21.011638786417,3.));
#6328=CARTESIAN_POINT('Ctrl Pts',(1.02830810472369,-21.0310367494822,3.));
#6329=CARTESIAN_POINT('',(1.2145291082561,-20.9645292907953,3.));
#6330=CARTESIAN_POINT('Ctrl Pts',(1.39972699806094,-21.0310367494822,2.25));
#6331=CARTESIAN_POINT('Ctrl Pts',(1.39972699806094,-21.0310367494822,3.));
#6332=CARTESIAN_POINT('Ctrl Pts',(1.37181652982479,-21.0116387443496,2.25));
#6333=CARTESIAN_POINT('Ctrl Pts',(1.37181652982479,-21.0116387443496,3.));
#6334=CARTESIAN_POINT('Ctrl Pts',(1.31604084536209,-20.9728741846037,2.25));
#6335=CARTESIAN_POINT('Ctrl Pts',(1.31604084536209,-20.9728741846037,3.));
#6336=CARTESIAN_POINT('Ctrl Pts',(1.24834804708485,-20.9673094171264,2.25));
#6337=CARTESIAN_POINT('Ctrl Pts',(1.24834804708485,-20.9673094171264,3.));
#6338=CARTESIAN_POINT('Ctrl Pts',(1.2145291082561,-20.9645292907953,2.25));
#6339=CARTESIAN_POINT('Ctrl Pts',(1.2145291082561,-20.9645292907953,3.));
#6340=CARTESIAN_POINT('Ctrl Pts',(1.39972699806094,-21.0310367494822,3.));
#6341=CARTESIAN_POINT('Ctrl Pts',(1.37181652982479,-21.0116387443496,3.));
#6342=CARTESIAN_POINT('Ctrl Pts',(1.31604084536209,-20.9728741846037,3.));
#6343=CARTESIAN_POINT('Ctrl Pts',(1.24834804708485,-20.9673094171264,3.));
#6344=CARTESIAN_POINT('Ctrl Pts',(1.2145291082561,-20.9645292907953,3.));
#6345=CARTESIAN_POINT('Origin',(-12.5,25.,3.));
#6346=CARTESIAN_POINT('Origin',(-12.5,25.,3.));
#6347=CARTESIAN_POINT('Origin',(-12.5,20.,9.25));
#6348=CARTESIAN_POINT('',(-1.1623464897275,-18.5511595755816,9.25));
#6349=CARTESIAN_POINT('',(-1.83765344321728,-18.3168486505747,9.25));
#6350=CARTESIAN_POINT('Ctrl Pts',(-1.1623464897275,-18.5511595755816,9.25));
#6351=CARTESIAN_POINT('Ctrl Pts',(-1.29049823114744,-18.5429222300876,9.25));
#6352=CARTESIAN_POINT('Ctrl Pts',(-1.53767032131077,-18.5270344873182,9.25));
#6353=CARTESIAN_POINT('Ctrl Pts',(-1.74015253387835,-18.3851635280332,9.25));
#6354=CARTESIAN_POINT('Ctrl Pts',(-1.83765344321728,-18.3168486505747,9.25));
#6355=CARTESIAN_POINT('',(-0.444065518677234,-18.2728511840105,9.25));
#6356=CARTESIAN_POINT('Ctrl Pts',(-0.444065518677234,-18.2728511840105,
9.25));
#6357=CARTESIAN_POINT('Ctrl Pts',(-0.547470244320306,-18.3540158970186,
9.25));
#6358=CARTESIAN_POINT('Ctrl Pts',(-0.758372477586917,-18.5195578403813,
9.25));
#6359=CARTESIAN_POINT('Ctrl Pts',(-1.02595756136849,-18.5404902585742,9.25));
#6360=CARTESIAN_POINT('Ctrl Pts',(-1.1623464897275,-18.5511595755816,9.25));
#6361=CARTESIAN_POINT('',(-0.155525244772434,-17.599590793252,9.25));
#6362=CARTESIAN_POINT('Ctrl Pts',(-0.155525244772434,-17.599590793252,9.25));
#6363=CARTESIAN_POINT('Ctrl Pts',(-0.167749007163463,-17.7265749717538,
9.25));
#6364=CARTESIAN_POINT('Ctrl Pts',(-0.192299934587345,-17.9816175069938,
9.25));
#6365=CARTESIAN_POINT('Ctrl Pts',(-0.359908348446435,-18.1755010945523,
9.25));
#6366=CARTESIAN_POINT('Ctrl Pts',(-0.444065518677234,-18.2728511840105,
9.25));
#6367=CARTESIAN_POINT('',(-0.310027189552783,-17.1350613981485,9.25));
#6368=CARTESIAN_POINT('Ctrl Pts',(-0.310027189552783,-17.1350613981485,
9.25));
#6369=CARTESIAN_POINT('Ctrl Pts',(-0.264973131830918,-17.2036604772721,
9.25));
#6370=CARTESIAN_POINT('Ctrl Pts',(-0.172391013238315,-17.3446255401298,
9.25));
#6371=CARTESIAN_POINT('Ctrl Pts',(-0.161246437003779,-17.5131016879155,
9.25));
#6372=CARTESIAN_POINT('Ctrl Pts',(-0.155525244772434,-17.599590793252,9.25));
#6373=CARTESIAN_POINT('',(-0.722373761236667,-16.8874488025904,9.25));
#6374=CARTESIAN_POINT('Ctrl Pts',(-0.722373761236667,-16.8874488025904,
9.25));
#6375=CARTESIAN_POINT('Ctrl Pts',(-0.641219128511835,-16.9109793817299,
9.25));
#6376=CARTESIAN_POINT('Ctrl Pts',(-0.481803472050106,-16.9572015454501,
9.25));
#6377=CARTESIAN_POINT('Ctrl Pts',(-0.366588850169737,-17.0764965690612,
9.25));
#6378=CARTESIAN_POINT('Ctrl Pts',(-0.310027189552783,-17.1350613981485,
9.25));
#6379=CARTESIAN_POINT('',(-0.290586538612842,-16.2571623176336,9.25));
#6380=CARTESIAN_POINT('Ctrl Pts',(-0.290586538612842,-16.2571623176336,
9.25));
#6381=CARTESIAN_POINT('Ctrl Pts',(-0.312987329699994,-16.3844243141095,
9.25));
#6382=CARTESIAN_POINT('Ctrl Pts',(-0.361043124484837,-16.6574359395811,
9.25));
#6383=CARTESIAN_POINT('Ctrl Pts',(-0.596612827794145,-16.8073929495471,
9.25));
#6384=CARTESIAN_POINT('Ctrl Pts',(-0.722373761236667,-16.8874488025904,
9.25));
#6385=CARTESIAN_POINT('',(-0.501364208757876,-15.7578445225954,9.25));
#6386=CARTESIAN_POINT('Ctrl Pts',(-0.501364208757876,-15.7578445225954,
9.25));
#6387=CARTESIAN_POINT('Ctrl Pts',(-0.439899455465503,-15.8326403688623,
9.25));
#6388=CARTESIAN_POINT('Ctrl Pts',(-0.320072231850708,-15.9784569241398,
9.25));
#6389=CARTESIAN_POINT('Ctrl Pts',(-0.300243987697059,-16.1658779403104,
9.25));
#6390=CARTESIAN_POINT('Ctrl Pts',(-0.290586538612842,-16.2571623176336,
9.25));
#6391=CARTESIAN_POINT('',(-1.18076387792826,-15.4877216368914,9.25));
#6392=CARTESIAN_POINT('Ctrl Pts',(-1.18076387792826,-15.4877216368914,9.25));
#6393=CARTESIAN_POINT('Ctrl Pts',(-1.04825872923992,-15.4972299623274,9.25));
#6394=CARTESIAN_POINT('Ctrl Pts',(-0.792630601648262,-15.5155733659749,
9.25));
#6395=CARTESIAN_POINT('Ctrl Pts',(-0.596047987450853,-15.6790879302213,
9.25));
#6396=CARTESIAN_POINT('Ctrl Pts',(-0.501364208757876,-15.7578445225954,
9.25));
#6397=CARTESIAN_POINT('',(-1.62789899855852,-15.5808321386576,9.25));
#6398=CARTESIAN_POINT('Ctrl Pts',(-1.62789899855852,-15.5808321386576,9.25));
#6399=CARTESIAN_POINT('Ctrl Pts',(-1.55820399542434,-15.5536818996027,9.25));
#6400=CARTESIAN_POINT('Ctrl Pts',(-1.41444534681809,-15.4976795823585,9.25));
#6401=CARTESIAN_POINT('Ctrl Pts',(-1.26021993883553,-15.4911075242076,9.25));
#6402=CARTESIAN_POINT('Ctrl Pts',(-1.18076387792826,-15.4877216368914,9.25));
#6403=CARTESIAN_POINT('',(-1.93894948810339,-15.8366302400827,9.25));
#6404=CARTESIAN_POINT('Ctrl Pts',(-1.93894948810339,-15.8366302400827,9.25));
#6405=CARTESIAN_POINT('Ctrl Pts',(-1.89719179173049,-15.7848804880831,9.25));
#6406=CARTESIAN_POINT('Ctrl Pts',(-1.81118429540317,-15.6782925536027,9.25));
#6407=CARTESIAN_POINT('Ctrl Pts',(-1.69016297878439,-15.613940486427,9.25));
#6408=CARTESIAN_POINT('Ctrl Pts',(-1.62789899855852,-15.5808321386576,9.25));
#6409=CARTESIAN_POINT('',(-2.10572985932231,-16.2714869529009,9.25));
#6410=CARTESIAN_POINT('Ctrl Pts',(-2.10572985932231,-16.2714869529009,9.25));
#6411=CARTESIAN_POINT('Ctrl Pts',(-2.08686039559867,-16.1882198512716,9.25));
#6412=CARTESIAN_POINT('Ctrl Pts',(-2.05215005054841,-16.0350501655181,9.25));
#6413=CARTESIAN_POINT('Ctrl Pts',(-1.97442235007571,-15.8988076928754,9.25));
#6414=CARTESIAN_POINT('Ctrl Pts',(-1.93894948810339,-15.8366302400827,9.25));
#6415=CARTESIAN_POINT('',(-1.57571617513895,-16.3615278154612,9.25));
#6416=CARTESIAN_POINT('',(-1.57571617513895,-16.3615278154612,9.25));
#6417=CARTESIAN_POINT('',(-1.44884038716555,-16.0627556592226,9.25));
#6418=CARTESIAN_POINT('Ctrl Pts',(-1.44884038716555,-16.0627556592226,9.25));
#6419=CARTESIAN_POINT('Ctrl Pts',(-1.48043643470789,-16.1031042988052,9.25));
#6420=CARTESIAN_POINT('Ctrl Pts',(-1.54925258636628,-16.1909835848775,9.25));
#6421=CARTESIAN_POINT('Ctrl Pts',(-1.56642711148606,-16.3016645736638,9.25));
#6422=CARTESIAN_POINT('Ctrl Pts',(-1.57571617513895,-16.3615278154612,9.25));
#6423=CARTESIAN_POINT('',(-1.19713503867388,-15.9604365378618,9.25));
#6424=CARTESIAN_POINT('Ctrl Pts',(-1.19713503867388,-15.9604365378618,9.25));
#6425=CARTESIAN_POINT('Ctrl Pts',(-1.24441815843457,-15.9646611047317,9.25));
#6426=CARTESIAN_POINT('Ctrl Pts',(-1.33877124743212,-15.973091194283,9.25));
#6427=CARTESIAN_POINT('Ctrl Pts',(-1.41220597205771,-16.0329125511818,9.25));
#6428=CARTESIAN_POINT('Ctrl Pts',(-1.44884038716555,-16.0627556592226,9.25));
#6429=CARTESIAN_POINT('',(-0.957707948982715,-16.0504774004221,9.25));
#6430=CARTESIAN_POINT('Ctrl Pts',(-0.957707948982715,-16.0504774004221,
9.25));
#6431=CARTESIAN_POINT('Ctrl Pts',(-0.991222136495016,-16.0242298878857,
9.25));
#6432=CARTESIAN_POINT('Ctrl Pts',(-1.06138904078505,-15.9692768415282,9.25));
#6433=CARTESIAN_POINT('Ctrl Pts',(-1.15055689540211,-15.9634698864477,9.25));
#6434=CARTESIAN_POINT('Ctrl Pts',(-1.19713503867388,-15.9604365378618,9.25));
#6435=CARTESIAN_POINT('',(-0.867667086422443,-16.29195086658,9.25));
#6436=CARTESIAN_POINT('Ctrl Pts',(-0.867667086422443,-16.29195086658,9.25));
#6437=CARTESIAN_POINT('Ctrl Pts',(-0.870635027538875,-16.2448463234122,
9.25));
#6438=CARTESIAN_POINT('Ctrl Pts',(-0.876296236433755,-16.1549966099882,
9.25));
#6439=CARTESIAN_POINT('Ctrl Pts',(-0.931462912845813,-16.0841716975469,
9.25));
#6440=CARTESIAN_POINT('Ctrl Pts',(-0.957707948982715,-16.0504774004221,
9.25));
#6441=CARTESIAN_POINT('',(-0.990450121462344,-16.5774215012789,9.25));
#6442=CARTESIAN_POINT('Ctrl Pts',(-0.990450121462344,-16.5774215012789,
9.25));
#6443=CARTESIAN_POINT('Ctrl Pts',(-0.954644666110031,-16.5379584754141,
9.25));
#6444=CARTESIAN_POINT('Ctrl Pts',(-0.881196676607431,-16.4570076850683,
9.25));
#6445=CARTESIAN_POINT('Ctrl Pts',(-0.872251528405713,-16.3478796418021,
9.25));
#6446=CARTESIAN_POINT('Ctrl Pts',(-0.867667086422443,-16.29195086658,9.25));
#6447=CARTESIAN_POINT('',(-1.34652111679316,-16.6787175089121,9.25));
#6448=CARTESIAN_POINT('Ctrl Pts',(-1.34652111679316,-16.6787175089121,9.25));
#6449=CARTESIAN_POINT('Ctrl Pts',(-1.27590427442873,-16.6780684356894,9.25));
#6450=CARTESIAN_POINT('Ctrl Pts',(-1.14728391028495,-16.6768862243152,9.25));
#6451=CARTESIAN_POINT('Ctrl Pts',(-1.03919475048297,-16.6083355731854,9.25));
#6452=CARTESIAN_POINT('Ctrl Pts',(-0.990450121462344,-16.5774215012789,
9.25));
#6453=CARTESIAN_POINT('',(-1.40995908528566,-17.147339656949,9.25));
#6454=CARTESIAN_POINT('',(-1.40995908528566,-17.147339656949,9.25));
#6455=CARTESIAN_POINT('',(-1.14597532898188,-17.1043656021357,9.25));
#6456=CARTESIAN_POINT('Ctrl Pts',(-1.14597532898188,-17.1043656021357,9.25));
#6457=CARTESIAN_POINT('Ctrl Pts',(-1.18658174770269,-17.1067306990708,9.25));
#6458=CARTESIAN_POINT('Ctrl Pts',(-1.27600294104442,-17.1119389837944,9.25));
#6459=CARTESIAN_POINT('Ctrl Pts',(-1.36265562955994,-17.1348387434246,9.25));
#6460=CARTESIAN_POINT('Ctrl Pts',(-1.40995908528566,-17.147339656949,9.25));
#6461=CARTESIAN_POINT('',(-0.86152795702219,-17.2312412410975,9.25));
#6462=CARTESIAN_POINT('Ctrl Pts',(-0.86152795702219,-17.2312412410975,9.25));
#6463=CARTESIAN_POINT('Ctrl Pts',(-0.902325393957624,-17.1942364615167,
9.25));
#6464=CARTESIAN_POINT('Ctrl Pts',(-0.983304950281051,-17.1207850180588,
9.25));
#6465=CARTESIAN_POINT('Ctrl Pts',(-1.09202724234914,-17.1098109455335,9.25));
#6466=CARTESIAN_POINT('Ctrl Pts',(-1.14597532898188,-17.1043656021357,9.25));
#6467=CARTESIAN_POINT('',(-0.744884051382541,-17.575034275651,9.25));
#6468=CARTESIAN_POINT('Ctrl Pts',(-0.744884051382541,-17.575034275651,9.25));
#6469=CARTESIAN_POINT('Ctrl Pts',(-0.748384922907295,-17.5080367262346,
9.25));
#6470=CARTESIAN_POINT('Ctrl Pts',(-0.754968798959815,-17.3820385117725,
9.25));
#6471=CARTESIAN_POINT('Ctrl Pts',(-0.827543636635398,-17.2793341770146,
9.25));
#6472=CARTESIAN_POINT('Ctrl Pts',(-0.86152795702219,-17.2312412410975,9.25));
#6473=CARTESIAN_POINT('',(-0.866643972694873,-17.9392904788256,9.25));
#6474=CARTESIAN_POINT('Ctrl Pts',(-0.866643972694873,-17.9392904788256,
9.25));
#6475=CARTESIAN_POINT('Ctrl Pts',(-0.831169405238903,-17.8881765503149,
9.25));
#6476=CARTESIAN_POINT('Ctrl Pts',(-0.755394510414282,-17.7789954429828,
9.25));
#6477=CARTESIAN_POINT('Ctrl Pts',(-0.748533193135367,-17.6458478537657,
9.25));
#6478=CARTESIAN_POINT('Ctrl Pts',(-0.744884051382541,-17.575034275651,9.25));
#6479=CARTESIAN_POINT('',(-1.166439242661,-18.0743519216776,9.25));
#6480=CARTESIAN_POINT('Ctrl Pts',(-1.166439242661,-18.0743519216776,9.25));
#6481=CARTESIAN_POINT('Ctrl Pts',(-1.10931798307453,-18.0685897511987,9.25));
#6482=CARTESIAN_POINT('Ctrl Pts',(-0.994381328460078,-18.0569953885577,
9.25));
#6483=CARTESIAN_POINT('Ctrl Pts',(-0.909394178545869,-17.9786830988667,
9.25));
#6484=CARTESIAN_POINT('Ctrl Pts',(-0.866643972694873,-17.9392904788256,
9.25));
#6485=CARTESIAN_POINT('',(-1.44884038716555,-17.9618007689714,9.25));
#6486=CARTESIAN_POINT('Ctrl Pts',(-1.44884038716555,-17.9618007689714,9.25));
#6487=CARTESIAN_POINT('Ctrl Pts',(-1.40774208969651,-17.9946279360108,9.25));
#6488=CARTESIAN_POINT('Ctrl Pts',(-1.3250287542051,-18.0606950153736,9.25));
#6489=CARTESIAN_POINT('Ctrl Pts',(-1.21952212604744,-18.0697806990432,9.25));
#6490=CARTESIAN_POINT('Ctrl Pts',(-1.166439242661,-18.0743519216776,9.25));
#6491=CARTESIAN_POINT('',(-1.59208726137876,-17.6364255696535,9.25));
#6492=CARTESIAN_POINT('Ctrl Pts',(-1.59208726137876,-17.6364255696535,9.25));
#6493=CARTESIAN_POINT('Ctrl Pts',(-1.58113586685094,-17.7014825444286,9.25));
#6494=CARTESIAN_POINT('Ctrl Pts',(-1.56077579891429,-17.8224319288023,9.25));
#6495=CARTESIAN_POINT('Ctrl Pts',(-1.48421856186915,-17.9177520171179,9.25));
#6496=CARTESIAN_POINT('Ctrl Pts',(-1.44884038716555,-17.9618007689714,9.25));
#6497=CARTESIAN_POINT('',(-2.14870393276215,-17.7039564400911,9.25));
#6498=CARTESIAN_POINT('',(-2.14870393276215,-17.7039564400911,9.25));
#6499=CARTESIAN_POINT('Ctrl Pts',(-1.83765344321728,-18.3168486505747,9.25));
#6500=CARTESIAN_POINT('Ctrl Pts',(-1.91775601653973,-18.231588506202,9.25));
#6501=CARTESIAN_POINT('Ctrl Pts',(-2.0810267391773,-18.0578052579676,9.25));
#6502=CARTESIAN_POINT('Ctrl Pts',(-2.12586424478316,-17.8233732800034,9.25));
#6503=CARTESIAN_POINT('Ctrl Pts',(-2.14870393276215,-17.7039564400911,9.25));
#6504=CARTESIAN_POINT('Ctrl Pts',(-1.1623464897275,-18.5511595755816,9.25));
#6505=CARTESIAN_POINT('Ctrl Pts',(-1.1623464897275,-18.5511595755816,10.));
#6506=CARTESIAN_POINT('Ctrl Pts',(-1.29049823114744,-18.5429222300876,9.25));
#6507=CARTESIAN_POINT('Ctrl Pts',(-1.29049823114744,-18.5429222300876,10.));
#6508=CARTESIAN_POINT('Ctrl Pts',(-1.53767032131077,-18.5270344873182,9.25));
#6509=CARTESIAN_POINT('Ctrl Pts',(-1.53767032131077,-18.5270344873182,10.));
#6510=CARTESIAN_POINT('Ctrl Pts',(-1.74015253387835,-18.3851635280332,9.25));
#6511=CARTESIAN_POINT('Ctrl Pts',(-1.74015253387835,-18.3851635280332,10.));
#6512=CARTESIAN_POINT('Ctrl Pts',(-1.83765344321728,-18.3168486505747,9.25));
#6513=CARTESIAN_POINT('Ctrl Pts',(-1.83765344321728,-18.3168486505747,10.));
#6514=CARTESIAN_POINT('',(-1.83765344321728,-18.3168486505747,10.));
#6515=CARTESIAN_POINT('',(-1.83765344321728,-18.3168486505747,10.));
#6516=CARTESIAN_POINT('',(-1.1623464897275,-18.5511595755816,10.));
#6517=CARTESIAN_POINT('Ctrl Pts',(-1.1623464897275,-18.5511595755816,10.));
#6518=CARTESIAN_POINT('Ctrl Pts',(-1.29049823114744,-18.5429222300876,10.));
#6519=CARTESIAN_POINT('Ctrl Pts',(-1.53767032131077,-18.5270344873182,10.));
#6520=CARTESIAN_POINT('Ctrl Pts',(-1.74015253387835,-18.3851635280332,10.));
#6521=CARTESIAN_POINT('Ctrl Pts',(-1.83765344321728,-18.3168486505747,10.));
#6522=CARTESIAN_POINT('',(-1.1623464897275,-18.5511595755816,10.));
#6523=CARTESIAN_POINT('Ctrl Pts',(-0.444065518677234,-18.2728511840105,
9.25));
#6524=CARTESIAN_POINT('Ctrl Pts',(-0.444065518677234,-18.2728511840105,
10.));
#6525=CARTESIAN_POINT('Ctrl Pts',(-0.547470244320306,-18.3540158970186,
9.25));
#6526=CARTESIAN_POINT('Ctrl Pts',(-0.547470244320306,-18.3540158970186,
10.));
#6527=CARTESIAN_POINT('Ctrl Pts',(-0.758372477586917,-18.5195578403813,
9.25));
#6528=CARTESIAN_POINT('Ctrl Pts',(-0.758372477586917,-18.5195578403813,
10.));
#6529=CARTESIAN_POINT('Ctrl Pts',(-1.02595756136849,-18.5404902585742,9.25));
#6530=CARTESIAN_POINT('Ctrl Pts',(-1.02595756136849,-18.5404902585742,10.));
#6531=CARTESIAN_POINT('Ctrl Pts',(-1.1623464897275,-18.5511595755816,9.25));
#6532=CARTESIAN_POINT('Ctrl Pts',(-1.1623464897275,-18.5511595755816,10.));
#6533=CARTESIAN_POINT('',(-0.444065518677234,-18.2728511840105,10.));
#6534=CARTESIAN_POINT('Ctrl Pts',(-0.444065518677234,-18.2728511840105,
10.));
#6535=CARTESIAN_POINT('Ctrl Pts',(-0.547470244320306,-18.3540158970186,
10.));
#6536=CARTESIAN_POINT('Ctrl Pts',(-0.758372477586917,-18.5195578403813,
10.));
#6537=CARTESIAN_POINT('Ctrl Pts',(-1.02595756136849,-18.5404902585742,10.));
#6538=CARTESIAN_POINT('Ctrl Pts',(-1.1623464897275,-18.5511595755816,10.));
#6539=CARTESIAN_POINT('',(-0.444065518677234,-18.2728511840105,10.));
#6540=CARTESIAN_POINT('Ctrl Pts',(-0.155525244772434,-17.599590793252,9.25));
#6541=CARTESIAN_POINT('Ctrl Pts',(-0.155525244772434,-17.599590793252,10.));
#6542=CARTESIAN_POINT('Ctrl Pts',(-0.167749007163463,-17.7265749717538,
9.25));
#6543=CARTESIAN_POINT('Ctrl Pts',(-0.167749007163463,-17.7265749717538,
10.));
#6544=CARTESIAN_POINT('Ctrl Pts',(-0.192299934587345,-17.9816175069938,
9.25));
#6545=CARTESIAN_POINT('Ctrl Pts',(-0.192299934587345,-17.9816175069938,
10.));
#6546=CARTESIAN_POINT('Ctrl Pts',(-0.359908348446435,-18.1755010945523,
9.25));
#6547=CARTESIAN_POINT('Ctrl Pts',(-0.359908348446435,-18.1755010945523,
10.));
#6548=CARTESIAN_POINT('Ctrl Pts',(-0.444065518677234,-18.2728511840105,
9.25));
#6549=CARTESIAN_POINT('Ctrl Pts',(-0.444065518677234,-18.2728511840105,
10.));
#6550=CARTESIAN_POINT('',(-0.155525244772434,-17.599590793252,10.));
#6551=CARTESIAN_POINT('Ctrl Pts',(-0.155525244772434,-17.599590793252,10.));
#6552=CARTESIAN_POINT('Ctrl Pts',(-0.167749007163463,-17.7265749717538,
10.));
#6553=CARTESIAN_POINT('Ctrl Pts',(-0.192299934587345,-17.9816175069938,
10.));
#6554=CARTESIAN_POINT('Ctrl Pts',(-0.359908348446435,-18.1755010945523,
10.));
#6555=CARTESIAN_POINT('Ctrl Pts',(-0.444065518677234,-18.2728511840105,
10.));
#6556=CARTESIAN_POINT('',(-0.155525244772434,-17.599590793252,10.));
#6557=CARTESIAN_POINT('Ctrl Pts',(-0.310027189552783,-17.1350613981485,
9.25));
#6558=CARTESIAN_POINT('Ctrl Pts',(-0.310027189552783,-17.1350613981485,
10.));
#6559=CARTESIAN_POINT('Ctrl Pts',(-0.264973131830918,-17.2036604772721,
9.25));
#6560=CARTESIAN_POINT('Ctrl Pts',(-0.264973131830918,-17.2036604772721,
10.));
#6561=CARTESIAN_POINT('Ctrl Pts',(-0.172391013238315,-17.3446255401298,
9.25));
#6562=CARTESIAN_POINT('Ctrl Pts',(-0.172391013238315,-17.3446255401298,
10.));
#6563=CARTESIAN_POINT('Ctrl Pts',(-0.161246437003779,-17.5131016879155,
9.25));
#6564=CARTESIAN_POINT('Ctrl Pts',(-0.161246437003779,-17.5131016879155,
10.));
#6565=CARTESIAN_POINT('Ctrl Pts',(-0.155525244772434,-17.599590793252,9.25));
#6566=CARTESIAN_POINT('Ctrl Pts',(-0.155525244772434,-17.599590793252,10.));
#6567=CARTESIAN_POINT('',(-0.310027189552783,-17.1350613981485,10.));
#6568=CARTESIAN_POINT('Ctrl Pts',(-0.310027189552783,-17.1350613981485,
10.));
#6569=CARTESIAN_POINT('Ctrl Pts',(-0.264973131830918,-17.2036604772721,
10.));
#6570=CARTESIAN_POINT('Ctrl Pts',(-0.172391013238315,-17.3446255401298,
10.));
#6571=CARTESIAN_POINT('Ctrl Pts',(-0.161246437003779,-17.5131016879155,
10.));
#6572=CARTESIAN_POINT('Ctrl Pts',(-0.155525244772434,-17.599590793252,10.));
#6573=CARTESIAN_POINT('',(-0.310027189552783,-17.1350613981485,10.));
#6574=CARTESIAN_POINT('Ctrl Pts',(-0.722373761236667,-16.8874488025904,
9.25));
#6575=CARTESIAN_POINT('Ctrl Pts',(-0.722373761236667,-16.8874488025904,
10.));
#6576=CARTESIAN_POINT('Ctrl Pts',(-0.641219128511835,-16.9109793817299,
9.25));
#6577=CARTESIAN_POINT('Ctrl Pts',(-0.641219128511835,-16.9109793817299,
10.));
#6578=CARTESIAN_POINT('Ctrl Pts',(-0.481803472050106,-16.9572015454501,
9.25));
#6579=CARTESIAN_POINT('Ctrl Pts',(-0.481803472050106,-16.9572015454501,
10.));
#6580=CARTESIAN_POINT('Ctrl Pts',(-0.366588850169737,-17.0764965690612,
9.25));
#6581=CARTESIAN_POINT('Ctrl Pts',(-0.366588850169737,-17.0764965690612,
10.));
#6582=CARTESIAN_POINT('Ctrl Pts',(-0.310027189552783,-17.1350613981485,
9.25));
#6583=CARTESIAN_POINT('Ctrl Pts',(-0.310027189552783,-17.1350613981485,
10.));
#6584=CARTESIAN_POINT('',(-0.722373761236667,-16.8874488025904,10.));
#6585=CARTESIAN_POINT('Ctrl Pts',(-0.722373761236667,-16.8874488025904,
10.));
#6586=CARTESIAN_POINT('Ctrl Pts',(-0.641219128511835,-16.9109793817299,
10.));
#6587=CARTESIAN_POINT('Ctrl Pts',(-0.481803472050106,-16.9572015454501,
10.));
#6588=CARTESIAN_POINT('Ctrl Pts',(-0.366588850169737,-17.0764965690612,
10.));
#6589=CARTESIAN_POINT('Ctrl Pts',(-0.310027189552783,-17.1350613981485,
10.));
#6590=CARTESIAN_POINT('',(-0.722373761236667,-16.8874488025904,10.));
#6591=CARTESIAN_POINT('Ctrl Pts',(-0.290586538612842,-16.2571623176336,
9.25));
#6592=CARTESIAN_POINT('Ctrl Pts',(-0.290586538612842,-16.2571623176336,
10.));
#6593=CARTESIAN_POINT('Ctrl Pts',(-0.312987329699994,-16.3844243141095,
9.25));
#6594=CARTESIAN_POINT('Ctrl Pts',(-0.312987329699994,-16.3844243141095,
10.));
#6595=CARTESIAN_POINT('Ctrl Pts',(-0.361043124484837,-16.6574359395811,
9.25));
#6596=CARTESIAN_POINT('Ctrl Pts',(-0.361043124484837,-16.6574359395811,
10.));
#6597=CARTESIAN_POINT('Ctrl Pts',(-0.596612827794145,-16.8073929495471,
9.25));
#6598=CARTESIAN_POINT('Ctrl Pts',(-0.596612827794145,-16.8073929495471,
10.));
#6599=CARTESIAN_POINT('Ctrl Pts',(-0.722373761236667,-16.8874488025904,
9.25));
#6600=CARTESIAN_POINT('Ctrl Pts',(-0.722373761236667,-16.8874488025904,
10.));
#6601=CARTESIAN_POINT('',(-0.290586538612842,-16.2571623176336,10.));
#6602=CARTESIAN_POINT('Ctrl Pts',(-0.290586538612842,-16.2571623176336,
10.));
#6603=CARTESIAN_POINT('Ctrl Pts',(-0.312987329699994,-16.3844243141095,
10.));
#6604=CARTESIAN_POINT('Ctrl Pts',(-0.361043124484837,-16.6574359395811,
10.));
#6605=CARTESIAN_POINT('Ctrl Pts',(-0.596612827794145,-16.8073929495471,
10.));
#6606=CARTESIAN_POINT('Ctrl Pts',(-0.722373761236667,-16.8874488025904,
10.));
#6607=CARTESIAN_POINT('',(-0.290586538612842,-16.2571623176336,10.));
#6608=CARTESIAN_POINT('Ctrl Pts',(-0.501364208757876,-15.7578445225954,
9.25));
#6609=CARTESIAN_POINT('Ctrl Pts',(-0.501364208757876,-15.7578445225954,
10.));
#6610=CARTESIAN_POINT('Ctrl Pts',(-0.439899455465503,-15.8326403688623,
9.25));
#6611=CARTESIAN_POINT('Ctrl Pts',(-0.439899455465503,-15.8326403688623,
10.));
#6612=CARTESIAN_POINT('Ctrl Pts',(-0.320072231850708,-15.9784569241398,
9.25));
#6613=CARTESIAN_POINT('Ctrl Pts',(-0.320072231850708,-15.9784569241398,
10.));
#6614=CARTESIAN_POINT('Ctrl Pts',(-0.300243987697059,-16.1658779403104,
9.25));
#6615=CARTESIAN_POINT('Ctrl Pts',(-0.300243987697059,-16.1658779403104,
10.));
#6616=CARTESIAN_POINT('Ctrl Pts',(-0.290586538612842,-16.2571623176336,
9.25));
#6617=CARTESIAN_POINT('Ctrl Pts',(-0.290586538612842,-16.2571623176336,
10.));
#6618=CARTESIAN_POINT('',(-0.501364208757876,-15.7578445225954,10.));
#6619=CARTESIAN_POINT('Ctrl Pts',(-0.501364208757876,-15.7578445225954,
10.));
#6620=CARTESIAN_POINT('Ctrl Pts',(-0.439899455465503,-15.8326403688623,
10.));
#6621=CARTESIAN_POINT('Ctrl Pts',(-0.320072231850708,-15.9784569241398,
10.));
#6622=CARTESIAN_POINT('Ctrl Pts',(-0.300243987697059,-16.1658779403104,
10.));
#6623=CARTESIAN_POINT('Ctrl Pts',(-0.290586538612842,-16.2571623176336,
10.));
#6624=CARTESIAN_POINT('',(-0.501364208757876,-15.7578445225954,10.));
#6625=CARTESIAN_POINT('Ctrl Pts',(-1.18076387792826,-15.4877216368914,9.25));
#6626=CARTESIAN_POINT('Ctrl Pts',(-1.18076387792826,-15.4877216368914,10.));
#6627=CARTESIAN_POINT('Ctrl Pts',(-1.04825872923992,-15.4972299623274,9.25));
#6628=CARTESIAN_POINT('Ctrl Pts',(-1.04825872923992,-15.4972299623274,10.));
#6629=CARTESIAN_POINT('Ctrl Pts',(-0.792630601648262,-15.5155733659749,
9.25));
#6630=CARTESIAN_POINT('Ctrl Pts',(-0.792630601648262,-15.5155733659749,
10.));
#6631=CARTESIAN_POINT('Ctrl Pts',(-0.596047987450853,-15.6790879302213,
9.25));
#6632=CARTESIAN_POINT('Ctrl Pts',(-0.596047987450853,-15.6790879302213,
10.));
#6633=CARTESIAN_POINT('Ctrl Pts',(-0.501364208757876,-15.7578445225954,
9.25));
#6634=CARTESIAN_POINT('Ctrl Pts',(-0.501364208757876,-15.7578445225954,
10.));
#6635=CARTESIAN_POINT('',(-1.18076387792826,-15.4877216368914,10.));
#6636=CARTESIAN_POINT('Ctrl Pts',(-1.18076387792826,-15.4877216368914,10.));
#6637=CARTESIAN_POINT('Ctrl Pts',(-1.04825872923992,-15.4972299623274,10.));
#6638=CARTESIAN_POINT('Ctrl Pts',(-0.792630601648262,-15.5155733659749,
10.));
#6639=CARTESIAN_POINT('Ctrl Pts',(-0.596047987450853,-15.6790879302213,
10.));
#6640=CARTESIAN_POINT('Ctrl Pts',(-0.501364208757876,-15.7578445225954,
10.));
#6641=CARTESIAN_POINT('',(-1.18076387792826,-15.4877216368914,10.));
#6642=CARTESIAN_POINT('Ctrl Pts',(-1.62789899855852,-15.5808321386576,9.25));
#6643=CARTESIAN_POINT('Ctrl Pts',(-1.62789899855852,-15.5808321386576,10.));
#6644=CARTESIAN_POINT('Ctrl Pts',(-1.55820399542434,-15.5536818996027,9.25));
#6645=CARTESIAN_POINT('Ctrl Pts',(-1.55820399542434,-15.5536818996027,10.));
#6646=CARTESIAN_POINT('Ctrl Pts',(-1.41444534681809,-15.4976795823585,9.25));
#6647=CARTESIAN_POINT('Ctrl Pts',(-1.41444534681809,-15.4976795823585,10.));
#6648=CARTESIAN_POINT('Ctrl Pts',(-1.26021993883553,-15.4911075242076,9.25));
#6649=CARTESIAN_POINT('Ctrl Pts',(-1.26021993883553,-15.4911075242076,10.));
#6650=CARTESIAN_POINT('Ctrl Pts',(-1.18076387792826,-15.4877216368914,9.25));
#6651=CARTESIAN_POINT('Ctrl Pts',(-1.18076387792826,-15.4877216368914,10.));
#6652=CARTESIAN_POINT('',(-1.62789899855852,-15.5808321386576,10.));
#6653=CARTESIAN_POINT('Ctrl Pts',(-1.62789899855852,-15.5808321386576,10.));
#6654=CARTESIAN_POINT('Ctrl Pts',(-1.55820399542434,-15.5536818996027,10.));
#6655=CARTESIAN_POINT('Ctrl Pts',(-1.41444534681809,-15.4976795823585,10.));
#6656=CARTESIAN_POINT('Ctrl Pts',(-1.26021993883553,-15.4911075242076,10.));
#6657=CARTESIAN_POINT('Ctrl Pts',(-1.18076387792826,-15.4877216368914,10.));
#6658=CARTESIAN_POINT('',(-1.62789899855852,-15.5808321386576,10.));
#6659=CARTESIAN_POINT('Ctrl Pts',(-1.93894948810339,-15.8366302400827,9.25));
#6660=CARTESIAN_POINT('Ctrl Pts',(-1.93894948810339,-15.8366302400827,10.));
#6661=CARTESIAN_POINT('Ctrl Pts',(-1.89719179173049,-15.7848804880831,9.25));
#6662=CARTESIAN_POINT('Ctrl Pts',(-1.89719179173049,-15.7848804880831,10.));
#6663=CARTESIAN_POINT('Ctrl Pts',(-1.81118429540317,-15.6782925536027,9.25));
#6664=CARTESIAN_POINT('Ctrl Pts',(-1.81118429540317,-15.6782925536027,10.));
#6665=CARTESIAN_POINT('Ctrl Pts',(-1.69016297878439,-15.613940486427,9.25));
#6666=CARTESIAN_POINT('Ctrl Pts',(-1.69016297878439,-15.613940486427,10.));
#6667=CARTESIAN_POINT('Ctrl Pts',(-1.62789899855852,-15.5808321386576,9.25));
#6668=CARTESIAN_POINT('Ctrl Pts',(-1.62789899855852,-15.5808321386576,10.));
#6669=CARTESIAN_POINT('',(-1.93894948810339,-15.8366302400827,10.));
#6670=CARTESIAN_POINT('Ctrl Pts',(-1.93894948810339,-15.8366302400827,10.));
#6671=CARTESIAN_POINT('Ctrl Pts',(-1.89719179173049,-15.7848804880831,10.));
#6672=CARTESIAN_POINT('Ctrl Pts',(-1.81118429540317,-15.6782925536027,10.));
#6673=CARTESIAN_POINT('Ctrl Pts',(-1.69016297878439,-15.613940486427,10.));
#6674=CARTESIAN_POINT('Ctrl Pts',(-1.62789899855852,-15.5808321386576,10.));
#6675=CARTESIAN_POINT('',(-1.93894948810339,-15.8366302400827,10.));
#6676=CARTESIAN_POINT('Ctrl Pts',(-2.10572985932231,-16.2714869529009,9.25));
#6677=CARTESIAN_POINT('Ctrl Pts',(-2.10572985932231,-16.2714869529009,10.));
#6678=CARTESIAN_POINT('Ctrl Pts',(-2.08686039559867,-16.1882198512716,9.25));
#6679=CARTESIAN_POINT('Ctrl Pts',(-2.08686039559867,-16.1882198512716,10.));
#6680=CARTESIAN_POINT('Ctrl Pts',(-2.05215005054841,-16.0350501655181,9.25));
#6681=CARTESIAN_POINT('Ctrl Pts',(-2.05215005054841,-16.0350501655181,10.));
#6682=CARTESIAN_POINT('Ctrl Pts',(-1.97442235007571,-15.8988076928754,9.25));
#6683=CARTESIAN_POINT('Ctrl Pts',(-1.97442235007571,-15.8988076928754,10.));
#6684=CARTESIAN_POINT('Ctrl Pts',(-1.93894948810339,-15.8366302400827,9.25));
#6685=CARTESIAN_POINT('Ctrl Pts',(-1.93894948810339,-15.8366302400827,10.));
#6686=CARTESIAN_POINT('',(-2.10572985932231,-16.2714869529009,10.));
#6687=CARTESIAN_POINT('Ctrl Pts',(-2.10572985932231,-16.2714869529009,10.));
#6688=CARTESIAN_POINT('Ctrl Pts',(-2.08686039559867,-16.1882198512716,10.));
#6689=CARTESIAN_POINT('Ctrl Pts',(-2.05215005054841,-16.0350501655181,10.));
#6690=CARTESIAN_POINT('Ctrl Pts',(-1.97442235007571,-15.8988076928754,10.));
#6691=CARTESIAN_POINT('Ctrl Pts',(-1.93894948810339,-15.8366302400827,10.));
#6692=CARTESIAN_POINT('',(-2.10572985932231,-16.2714869529009,10.));
#6693=CARTESIAN_POINT('Origin',(-1.84072301723063,-16.316507384181,10.));
#6694=CARTESIAN_POINT('',(-1.57571617513895,-16.3615278154612,10.));
#6695=CARTESIAN_POINT('',(-10.0191254133016,-14.9271273963004,10.));
#6696=CARTESIAN_POINT('',(-1.57571617513895,-16.3615278154612,10.));
#6697=CARTESIAN_POINT('Ctrl Pts',(-1.44884038716555,-16.0627556592226,9.25));
#6698=CARTESIAN_POINT('Ctrl Pts',(-1.44884038716555,-16.0627556592226,10.));
#6699=CARTESIAN_POINT('Ctrl Pts',(-1.48043643470789,-16.1031042988052,9.25));
#6700=CARTESIAN_POINT('Ctrl Pts',(-1.48043643470789,-16.1031042988052,10.));
#6701=CARTESIAN_POINT('Ctrl Pts',(-1.54925258636628,-16.1909835848775,9.25));
#6702=CARTESIAN_POINT('Ctrl Pts',(-1.54925258636628,-16.1909835848775,10.));
#6703=CARTESIAN_POINT('Ctrl Pts',(-1.56642711148606,-16.3016645736638,9.25));
#6704=CARTESIAN_POINT('Ctrl Pts',(-1.56642711148606,-16.3016645736638,10.));
#6705=CARTESIAN_POINT('Ctrl Pts',(-1.57571617513895,-16.3615278154612,9.25));
#6706=CARTESIAN_POINT('Ctrl Pts',(-1.57571617513895,-16.3615278154612,10.));
#6707=CARTESIAN_POINT('',(-1.44884038716555,-16.0627556592226,10.));
#6708=CARTESIAN_POINT('Ctrl Pts',(-1.44884038716555,-16.0627556592226,10.));
#6709=CARTESIAN_POINT('Ctrl Pts',(-1.48043643470789,-16.1031042988052,10.));
#6710=CARTESIAN_POINT('Ctrl Pts',(-1.54925258636628,-16.1909835848775,10.));
#6711=CARTESIAN_POINT('Ctrl Pts',(-1.56642711148606,-16.3016645736638,10.));
#6712=CARTESIAN_POINT('Ctrl Pts',(-1.57571617513895,-16.3615278154612,10.));
#6713=CARTESIAN_POINT('',(-1.44884038716555,-16.0627556592226,10.));
#6714=CARTESIAN_POINT('Ctrl Pts',(-1.19713503867388,-15.9604365378618,9.25));
#6715=CARTESIAN_POINT('Ctrl Pts',(-1.19713503867388,-15.9604365378618,10.));
#6716=CARTESIAN_POINT('Ctrl Pts',(-1.24441815843457,-15.9646611047317,9.25));
#6717=CARTESIAN_POINT('Ctrl Pts',(-1.24441815843457,-15.9646611047317,10.));
#6718=CARTESIAN_POINT('Ctrl Pts',(-1.33877124743212,-15.973091194283,9.25));
#6719=CARTESIAN_POINT('Ctrl Pts',(-1.33877124743212,-15.973091194283,10.));
#6720=CARTESIAN_POINT('Ctrl Pts',(-1.41220597205771,-16.0329125511818,9.25));
#6721=CARTESIAN_POINT('Ctrl Pts',(-1.41220597205771,-16.0329125511818,10.));
#6722=CARTESIAN_POINT('Ctrl Pts',(-1.44884038716555,-16.0627556592226,9.25));
#6723=CARTESIAN_POINT('Ctrl Pts',(-1.44884038716555,-16.0627556592226,10.));
#6724=CARTESIAN_POINT('',(-1.19713503867388,-15.9604365378618,10.));
#6725=CARTESIAN_POINT('Ctrl Pts',(-1.19713503867388,-15.9604365378618,10.));
#6726=CARTESIAN_POINT('Ctrl Pts',(-1.24441815843457,-15.9646611047317,10.));
#6727=CARTESIAN_POINT('Ctrl Pts',(-1.33877124743212,-15.973091194283,10.));
#6728=CARTESIAN_POINT('Ctrl Pts',(-1.41220597205771,-16.0329125511818,10.));
#6729=CARTESIAN_POINT('Ctrl Pts',(-1.44884038716555,-16.0627556592226,10.));
#6730=CARTESIAN_POINT('',(-1.19713503867388,-15.9604365378618,10.));
#6731=CARTESIAN_POINT('Ctrl Pts',(-0.957707948982715,-16.0504774004221,
9.25));
#6732=CARTESIAN_POINT('Ctrl Pts',(-0.957707948982715,-16.0504774004221,
10.));
#6733=CARTESIAN_POINT('Ctrl Pts',(-0.991222136495016,-16.0242298878857,
9.25));
#6734=CARTESIAN_POINT('Ctrl Pts',(-0.991222136495016,-16.0242298878857,
10.));
#6735=CARTESIAN_POINT('Ctrl Pts',(-1.06138904078505,-15.9692768415282,9.25));
#6736=CARTESIAN_POINT('Ctrl Pts',(-1.06138904078505,-15.9692768415282,10.));
#6737=CARTESIAN_POINT('Ctrl Pts',(-1.15055689540211,-15.9634698864477,9.25));
#6738=CARTESIAN_POINT('Ctrl Pts',(-1.15055689540211,-15.9634698864477,10.));
#6739=CARTESIAN_POINT('Ctrl Pts',(-1.19713503867388,-15.9604365378618,9.25));
#6740=CARTESIAN_POINT('Ctrl Pts',(-1.19713503867388,-15.9604365378618,10.));
#6741=CARTESIAN_POINT('',(-0.957707948982715,-16.0504774004221,10.));
#6742=CARTESIAN_POINT('Ctrl Pts',(-0.957707948982715,-16.0504774004221,
10.));
#6743=CARTESIAN_POINT('Ctrl Pts',(-0.991222136495016,-16.0242298878857,
10.));
#6744=CARTESIAN_POINT('Ctrl Pts',(-1.06138904078505,-15.9692768415282,10.));
#6745=CARTESIAN_POINT('Ctrl Pts',(-1.15055689540211,-15.9634698864477,10.));
#6746=CARTESIAN_POINT('Ctrl Pts',(-1.19713503867388,-15.9604365378618,10.));
#6747=CARTESIAN_POINT('',(-0.957707948982715,-16.0504774004221,10.));
#6748=CARTESIAN_POINT('Ctrl Pts',(-0.867667086422443,-16.29195086658,9.25));
#6749=CARTESIAN_POINT('Ctrl Pts',(-0.867667086422443,-16.29195086658,10.));
#6750=CARTESIAN_POINT('Ctrl Pts',(-0.870635027538875,-16.2448463234122,
9.25));
#6751=CARTESIAN_POINT('Ctrl Pts',(-0.870635027538875,-16.2448463234122,
10.));
#6752=CARTESIAN_POINT('Ctrl Pts',(-0.876296236433755,-16.1549966099882,
9.25));
#6753=CARTESIAN_POINT('Ctrl Pts',(-0.876296236433755,-16.1549966099882,
10.));
#6754=CARTESIAN_POINT('Ctrl Pts',(-0.931462912845813,-16.0841716975469,
9.25));
#6755=CARTESIAN_POINT('Ctrl Pts',(-0.931462912845813,-16.0841716975469,
10.));
#6756=CARTESIAN_POINT('Ctrl Pts',(-0.957707948982715,-16.0504774004221,
9.25));
#6757=CARTESIAN_POINT('Ctrl Pts',(-0.957707948982715,-16.0504774004221,
10.));
#6758=CARTESIAN_POINT('',(-0.867667086422443,-16.29195086658,10.));
#6759=CARTESIAN_POINT('Ctrl Pts',(-0.867667086422443,-16.29195086658,10.));
#6760=CARTESIAN_POINT('Ctrl Pts',(-0.870635027538875,-16.2448463234122,
10.));
#6761=CARTESIAN_POINT('Ctrl Pts',(-0.876296236433755,-16.1549966099882,
10.));
#6762=CARTESIAN_POINT('Ctrl Pts',(-0.931462912845813,-16.0841716975469,
10.));
#6763=CARTESIAN_POINT('Ctrl Pts',(-0.957707948982715,-16.0504774004221,
10.));
#6764=CARTESIAN_POINT('',(-0.867667086422443,-16.29195086658,10.));
#6765=CARTESIAN_POINT('Ctrl Pts',(-0.990450121462344,-16.5774215012789,
9.25));
#6766=CARTESIAN_POINT('Ctrl Pts',(-0.990450121462344,-16.5774215012789,
10.));
#6767=CARTESIAN_POINT('Ctrl Pts',(-0.954644666110031,-16.5379584754141,
9.25));
#6768=CARTESIAN_POINT('Ctrl Pts',(-0.954644666110031,-16.5379584754141,
10.));
#6769=CARTESIAN_POINT('Ctrl Pts',(-0.881196676607431,-16.4570076850683,
9.25));
#6770=CARTESIAN_POINT('Ctrl Pts',(-0.881196676607431,-16.4570076850683,
10.));
#6771=CARTESIAN_POINT('Ctrl Pts',(-0.872251528405713,-16.3478796418021,
9.25));
#6772=CARTESIAN_POINT('Ctrl Pts',(-0.872251528405713,-16.3478796418021,
10.));
#6773=CARTESIAN_POINT('Ctrl Pts',(-0.867667086422443,-16.29195086658,9.25));
#6774=CARTESIAN_POINT('Ctrl Pts',(-0.867667086422443,-16.29195086658,10.));
#6775=CARTESIAN_POINT('',(-0.990450121462344,-16.5774215012789,10.));
#6776=CARTESIAN_POINT('Ctrl Pts',(-0.990450121462344,-16.5774215012789,
10.));
#6777=CARTESIAN_POINT('Ctrl Pts',(-0.954644666110031,-16.5379584754141,
10.));
#6778=CARTESIAN_POINT('Ctrl Pts',(-0.881196676607431,-16.4570076850683,
10.));
#6779=CARTESIAN_POINT('Ctrl Pts',(-0.872251528405713,-16.3478796418021,
10.));
#6780=CARTESIAN_POINT('Ctrl Pts',(-0.867667086422443,-16.29195086658,10.));
#6781=CARTESIAN_POINT('',(-0.990450121462344,-16.5774215012789,10.));
#6782=CARTESIAN_POINT('Ctrl Pts',(-1.34652111679316,-16.6787175089121,9.25));
#6783=CARTESIAN_POINT('Ctrl Pts',(-1.34652111679316,-16.6787175089121,10.));
#6784=CARTESIAN_POINT('Ctrl Pts',(-1.27590427442873,-16.6780684356894,9.25));
#6785=CARTESIAN_POINT('Ctrl Pts',(-1.27590427442873,-16.6780684356894,10.));
#6786=CARTESIAN_POINT('Ctrl Pts',(-1.14728391028495,-16.6768862243152,9.25));
#6787=CARTESIAN_POINT('Ctrl Pts',(-1.14728391028495,-16.6768862243152,10.));
#6788=CARTESIAN_POINT('Ctrl Pts',(-1.03919475048297,-16.6083355731854,9.25));
#6789=CARTESIAN_POINT('Ctrl Pts',(-1.03919475048297,-16.6083355731854,10.));
#6790=CARTESIAN_POINT('Ctrl Pts',(-0.990450121462344,-16.5774215012789,
9.25));
#6791=CARTESIAN_POINT('Ctrl Pts',(-0.990450121462344,-16.5774215012789,
10.));
#6792=CARTESIAN_POINT('',(-1.34652111679316,-16.6787175089121,10.));
#6793=CARTESIAN_POINT('Ctrl Pts',(-1.34652111679316,-16.6787175089121,10.));
#6794=CARTESIAN_POINT('Ctrl Pts',(-1.27590427442873,-16.6780684356894,10.));
#6795=CARTESIAN_POINT('Ctrl Pts',(-1.14728391028495,-16.6768862243152,10.));
#6796=CARTESIAN_POINT('Ctrl Pts',(-1.03919475048297,-16.6083355731854,10.));
#6797=CARTESIAN_POINT('Ctrl Pts',(-0.990450121462344,-16.5774215012789,
10.));
#6798=CARTESIAN_POINT('',(-1.34652111679316,-16.6787175089121,10.));
#6799=CARTESIAN_POINT('Origin',(-1.37824010103941,-16.9130285829306,10.));
#6800=CARTESIAN_POINT('',(-1.40995908528566,-17.147339656949,10.));
#6801=CARTESIAN_POINT('',(0.975208358929305,0.472113136023713,10.));
#6802=CARTESIAN_POINT('',(-1.40995908528566,-17.147339656949,10.));
#6803=CARTESIAN_POINT('Ctrl Pts',(-1.14597532898188,-17.1043656021357,9.25));
#6804=CARTESIAN_POINT('Ctrl Pts',(-1.14597532898188,-17.1043656021357,10.));
#6805=CARTESIAN_POINT('Ctrl Pts',(-1.18658174770269,-17.1067306990708,9.25));
#6806=CARTESIAN_POINT('Ctrl Pts',(-1.18658174770269,-17.1067306990708,10.));
#6807=CARTESIAN_POINT('Ctrl Pts',(-1.27600294104442,-17.1119389837944,9.25));
#6808=CARTESIAN_POINT('Ctrl Pts',(-1.27600294104442,-17.1119389837944,10.));
#6809=CARTESIAN_POINT('Ctrl Pts',(-1.36265562955994,-17.1348387434246,9.25));
#6810=CARTESIAN_POINT('Ctrl Pts',(-1.36265562955994,-17.1348387434246,10.));
#6811=CARTESIAN_POINT('Ctrl Pts',(-1.40995908528566,-17.147339656949,9.25));
#6812=CARTESIAN_POINT('Ctrl Pts',(-1.40995908528566,-17.147339656949,10.));
#6813=CARTESIAN_POINT('',(-1.14597532898188,-17.1043656021357,10.));
#6814=CARTESIAN_POINT('Ctrl Pts',(-1.14597532898188,-17.1043656021357,10.));
#6815=CARTESIAN_POINT('Ctrl Pts',(-1.18658174770269,-17.1067306990708,10.));
#6816=CARTESIAN_POINT('Ctrl Pts',(-1.27600294104442,-17.1119389837944,10.));
#6817=CARTESIAN_POINT('Ctrl Pts',(-1.36265562955994,-17.1348387434246,10.));
#6818=CARTESIAN_POINT('Ctrl Pts',(-1.40995908528566,-17.147339656949,10.));
#6819=CARTESIAN_POINT('',(-1.14597532898188,-17.1043656021357,10.));
#6820=CARTESIAN_POINT('Ctrl Pts',(-0.86152795702219,-17.2312412410975,9.25));
#6821=CARTESIAN_POINT('Ctrl Pts',(-0.86152795702219,-17.2312412410975,10.));
#6822=CARTESIAN_POINT('Ctrl Pts',(-0.902325393957624,-17.1942364615167,
9.25));
#6823=CARTESIAN_POINT('Ctrl Pts',(-0.902325393957624,-17.1942364615167,
10.));
#6824=CARTESIAN_POINT('Ctrl Pts',(-0.983304950281051,-17.1207850180588,
9.25));
#6825=CARTESIAN_POINT('Ctrl Pts',(-0.983304950281051,-17.1207850180588,
10.));
#6826=CARTESIAN_POINT('Ctrl Pts',(-1.09202724234914,-17.1098109455335,9.25));
#6827=CARTESIAN_POINT('Ctrl Pts',(-1.09202724234914,-17.1098109455335,10.));
#6828=CARTESIAN_POINT('Ctrl Pts',(-1.14597532898188,-17.1043656021357,9.25));
#6829=CARTESIAN_POINT('Ctrl Pts',(-1.14597532898188,-17.1043656021357,10.));
#6830=CARTESIAN_POINT('',(-0.86152795702219,-17.2312412410975,10.));
#6831=CARTESIAN_POINT('Ctrl Pts',(-0.86152795702219,-17.2312412410975,10.));
#6832=CARTESIAN_POINT('Ctrl Pts',(-0.902325393957624,-17.1942364615167,
10.));
#6833=CARTESIAN_POINT('Ctrl Pts',(-0.983304950281051,-17.1207850180588,
10.));
#6834=CARTESIAN_POINT('Ctrl Pts',(-1.09202724234914,-17.1098109455335,10.));
#6835=CARTESIAN_POINT('Ctrl Pts',(-1.14597532898188,-17.1043656021357,10.));
#6836=CARTESIAN_POINT('',(-0.86152795702219,-17.2312412410975,10.));
#6837=CARTESIAN_POINT('Ctrl Pts',(-0.744884051382541,-17.575034275651,9.25));
#6838=CARTESIAN_POINT('Ctrl Pts',(-0.744884051382541,-17.575034275651,10.));
#6839=CARTESIAN_POINT('Ctrl Pts',(-0.748384922907295,-17.5080367262346,
9.25));
#6840=CARTESIAN_POINT('Ctrl Pts',(-0.748384922907295,-17.5080367262346,
10.));
#6841=CARTESIAN_POINT('Ctrl Pts',(-0.754968798959815,-17.3820385117725,
9.25));
#6842=CARTESIAN_POINT('Ctrl Pts',(-0.754968798959815,-17.3820385117725,
10.));
#6843=CARTESIAN_POINT('Ctrl Pts',(-0.827543636635398,-17.2793341770146,
9.25));
#6844=CARTESIAN_POINT('Ctrl Pts',(-0.827543636635398,-17.2793341770146,
10.));
#6845=CARTESIAN_POINT('Ctrl Pts',(-0.86152795702219,-17.2312412410975,9.25));
#6846=CARTESIAN_POINT('Ctrl Pts',(-0.86152795702219,-17.2312412410975,10.));
#6847=CARTESIAN_POINT('',(-0.744884051382541,-17.575034275651,10.));
#6848=CARTESIAN_POINT('Ctrl Pts',(-0.744884051382541,-17.575034275651,10.));
#6849=CARTESIAN_POINT('Ctrl Pts',(-0.748384922907295,-17.5080367262346,
10.));
#6850=CARTESIAN_POINT('Ctrl Pts',(-0.754968798959815,-17.3820385117725,
10.));
#6851=CARTESIAN_POINT('Ctrl Pts',(-0.827543636635398,-17.2793341770146,
10.));
#6852=CARTESIAN_POINT('Ctrl Pts',(-0.86152795702219,-17.2312412410975,10.));
#6853=CARTESIAN_POINT('',(-0.744884051382541,-17.575034275651,10.));
#6854=CARTESIAN_POINT('Ctrl Pts',(-0.866643972694873,-17.9392904788256,
9.25));
#6855=CARTESIAN_POINT('Ctrl Pts',(-0.866643972694873,-17.9392904788256,
10.));
#6856=CARTESIAN_POINT('Ctrl Pts',(-0.831169405238903,-17.8881765503149,
9.25));
#6857=CARTESIAN_POINT('Ctrl Pts',(-0.831169405238903,-17.8881765503149,
10.));
#6858=CARTESIAN_POINT('Ctrl Pts',(-0.755394510414282,-17.7789954429828,
9.25));
#6859=CARTESIAN_POINT('Ctrl Pts',(-0.755394510414282,-17.7789954429828,
10.));
#6860=CARTESIAN_POINT('Ctrl Pts',(-0.748533193135367,-17.6458478537657,
9.25));
#6861=CARTESIAN_POINT('Ctrl Pts',(-0.748533193135367,-17.6458478537657,
10.));
#6862=CARTESIAN_POINT('Ctrl Pts',(-0.744884051382541,-17.575034275651,9.25));
#6863=CARTESIAN_POINT('Ctrl Pts',(-0.744884051382541,-17.575034275651,10.));
#6864=CARTESIAN_POINT('',(-0.866643972694873,-17.9392904788256,10.));
#6865=CARTESIAN_POINT('Ctrl Pts',(-0.866643972694873,-17.9392904788256,
10.));
#6866=CARTESIAN_POINT('Ctrl Pts',(-0.831169405238903,-17.8881765503149,
10.));
#6867=CARTESIAN_POINT('Ctrl Pts',(-0.755394510414282,-17.7789954429828,
10.));
#6868=CARTESIAN_POINT('Ctrl Pts',(-0.748533193135367,-17.6458478537657,
10.));
#6869=CARTESIAN_POINT('Ctrl Pts',(-0.744884051382541,-17.575034275651,10.));
#6870=CARTESIAN_POINT('',(-0.866643972694873,-17.9392904788256,10.));
#6871=CARTESIAN_POINT('Ctrl Pts',(-1.166439242661,-18.0743519216776,9.25));
#6872=CARTESIAN_POINT('Ctrl Pts',(-1.166439242661,-18.0743519216776,10.));
#6873=CARTESIAN_POINT('Ctrl Pts',(-1.10931798307453,-18.0685897511987,9.25));
#6874=CARTESIAN_POINT('Ctrl Pts',(-1.10931798307453,-18.0685897511987,10.));
#6875=CARTESIAN_POINT('Ctrl Pts',(-0.994381328460078,-18.0569953885577,
9.25));
#6876=CARTESIAN_POINT('Ctrl Pts',(-0.994381328460078,-18.0569953885577,
10.));
#6877=CARTESIAN_POINT('Ctrl Pts',(-0.909394178545869,-17.9786830988667,
9.25));
#6878=CARTESIAN_POINT('Ctrl Pts',(-0.909394178545869,-17.9786830988667,
10.));
#6879=CARTESIAN_POINT('Ctrl Pts',(-0.866643972694873,-17.9392904788256,
9.25));
#6880=CARTESIAN_POINT('Ctrl Pts',(-0.866643972694873,-17.9392904788256,
10.));
#6881=CARTESIAN_POINT('',(-1.166439242661,-18.0743519216776,10.));
#6882=CARTESIAN_POINT('Ctrl Pts',(-1.166439242661,-18.0743519216776,10.));
#6883=CARTESIAN_POINT('Ctrl Pts',(-1.10931798307453,-18.0685897511987,10.));
#6884=CARTESIAN_POINT('Ctrl Pts',(-0.994381328460078,-18.0569953885577,
10.));
#6885=CARTESIAN_POINT('Ctrl Pts',(-0.909394178545869,-17.9786830988667,
10.));
#6886=CARTESIAN_POINT('Ctrl Pts',(-0.866643972694873,-17.9392904788256,
10.));
#6887=CARTESIAN_POINT('',(-1.166439242661,-18.0743519216776,10.));
#6888=CARTESIAN_POINT('Ctrl Pts',(-1.44884038716555,-17.9618007689714,9.25));
#6889=CARTESIAN_POINT('Ctrl Pts',(-1.44884038716555,-17.9618007689714,10.));
#6890=CARTESIAN_POINT('Ctrl Pts',(-1.40774208969651,-17.9946279360108,9.25));
#6891=CARTESIAN_POINT('Ctrl Pts',(-1.40774208969651,-17.9946279360108,10.));
#6892=CARTESIAN_POINT('Ctrl Pts',(-1.3250287542051,-18.0606950153736,9.25));
#6893=CARTESIAN_POINT('Ctrl Pts',(-1.3250287542051,-18.0606950153736,10.));
#6894=CARTESIAN_POINT('Ctrl Pts',(-1.21952212604744,-18.0697806990432,9.25));
#6895=CARTESIAN_POINT('Ctrl Pts',(-1.21952212604744,-18.0697806990432,10.));
#6896=CARTESIAN_POINT('Ctrl Pts',(-1.166439242661,-18.0743519216776,9.25));
#6897=CARTESIAN_POINT('Ctrl Pts',(-1.166439242661,-18.0743519216776,10.));
#6898=CARTESIAN_POINT('',(-1.44884038716555,-17.9618007689714,10.));
#6899=CARTESIAN_POINT('Ctrl Pts',(-1.44884038716555,-17.9618007689714,10.));
#6900=CARTESIAN_POINT('Ctrl Pts',(-1.40774208969651,-17.9946279360108,10.));
#6901=CARTESIAN_POINT('Ctrl Pts',(-1.3250287542051,-18.0606950153736,10.));
#6902=CARTESIAN_POINT('Ctrl Pts',(-1.21952212604744,-18.0697806990432,10.));
#6903=CARTESIAN_POINT('Ctrl Pts',(-1.166439242661,-18.0743519216776,10.));
#6904=CARTESIAN_POINT('',(-1.44884038716555,-17.9618007689714,10.));
#6905=CARTESIAN_POINT('Ctrl Pts',(-1.59208726137876,-17.6364255696535,9.25));
#6906=CARTESIAN_POINT('Ctrl Pts',(-1.59208726137876,-17.6364255696535,10.));
#6907=CARTESIAN_POINT('Ctrl Pts',(-1.58113586685094,-17.7014825444286,9.25));
#6908=CARTESIAN_POINT('Ctrl Pts',(-1.58113586685094,-17.7014825444286,10.));
#6909=CARTESIAN_POINT('Ctrl Pts',(-1.56077579891429,-17.8224319288023,9.25));
#6910=CARTESIAN_POINT('Ctrl Pts',(-1.56077579891429,-17.8224319288023,10.));
#6911=CARTESIAN_POINT('Ctrl Pts',(-1.48421856186915,-17.9177520171179,9.25));
#6912=CARTESIAN_POINT('Ctrl Pts',(-1.48421856186915,-17.9177520171179,10.));
#6913=CARTESIAN_POINT('Ctrl Pts',(-1.44884038716555,-17.9618007689714,9.25));
#6914=CARTESIAN_POINT('Ctrl Pts',(-1.44884038716555,-17.9618007689714,10.));
#6915=CARTESIAN_POINT('',(-1.59208726137876,-17.6364255696535,10.));
#6916=CARTESIAN_POINT('Ctrl Pts',(-1.59208726137876,-17.6364255696535,10.));
#6917=CARTESIAN_POINT('Ctrl Pts',(-1.58113586685094,-17.7014825444286,10.));
#6918=CARTESIAN_POINT('Ctrl Pts',(-1.56077579891429,-17.8224319288023,10.));
#6919=CARTESIAN_POINT('Ctrl Pts',(-1.48421856186915,-17.9177520171179,10.));
#6920=CARTESIAN_POINT('Ctrl Pts',(-1.44884038716555,-17.9618007689714,10.));
#6921=CARTESIAN_POINT('',(-1.59208726137876,-17.6364255696535,10.));
#6922=CARTESIAN_POINT('Origin',(-1.87039559707046,-17.6701910048723,10.));
#6923=CARTESIAN_POINT('',(-2.14870393276215,-17.7039564400911,10.));
#6924=CARTESIAN_POINT('',(-4.8561036865712,-18.0324285671349,10.));
#6925=CARTESIAN_POINT('',(-2.14870393276215,-17.7039564400911,10.));
#6926=CARTESIAN_POINT('Ctrl Pts',(-1.83765344321728,-18.3168486505747,9.25));
#6927=CARTESIAN_POINT('Ctrl Pts',(-1.83765344321728,-18.3168486505747,10.));
#6928=CARTESIAN_POINT('Ctrl Pts',(-1.91775601653973,-18.231588506202,9.25));
#6929=CARTESIAN_POINT('Ctrl Pts',(-1.91775601653973,-18.231588506202,10.));
#6930=CARTESIAN_POINT('Ctrl Pts',(-2.0810267391773,-18.0578052579676,9.25));
#6931=CARTESIAN_POINT('Ctrl Pts',(-2.0810267391773,-18.0578052579676,10.));
#6932=CARTESIAN_POINT('Ctrl Pts',(-2.12586424478316,-17.8233732800034,9.25));
#6933=CARTESIAN_POINT('Ctrl Pts',(-2.12586424478316,-17.8233732800034,10.));
#6934=CARTESIAN_POINT('Ctrl Pts',(-2.14870393276215,-17.7039564400911,9.25));
#6935=CARTESIAN_POINT('Ctrl Pts',(-2.14870393276215,-17.7039564400911,10.));
#6936=CARTESIAN_POINT('Ctrl Pts',(-1.83765344321728,-18.3168486505747,10.));
#6937=CARTESIAN_POINT('Ctrl Pts',(-1.91775601653973,-18.231588506202,10.));
#6938=CARTESIAN_POINT('Ctrl Pts',(-2.0810267391773,-18.0578052579676,10.));
#6939=CARTESIAN_POINT('Ctrl Pts',(-2.12586424478316,-17.8233732800034,10.));
#6940=CARTESIAN_POINT('Ctrl Pts',(-2.14870393276215,-17.7039564400911,10.));
#6941=CARTESIAN_POINT('Origin',(-12.5,20.,9.25));
#6942=CARTESIAN_POINT('',(0.200545601546765,-17.0143244415522,9.25));
#6943=CARTESIAN_POINT('',(0.495224855840207,-15.7946792989969,9.25));
#6944=CARTESIAN_POINT('Ctrl Pts',(0.200545601546765,-17.0143244415522,9.25));
#6945=CARTESIAN_POINT('Ctrl Pts',(0.203320983268434,-16.765650139728,9.25));
#6946=CARTESIAN_POINT('Ctrl Pts',(0.208137713827045,-16.3340709088835,9.25));
#6947=CARTESIAN_POINT('Ctrl Pts',(0.409771630578676,-15.9552324760588,9.25));
#6948=CARTESIAN_POINT('Ctrl Pts',(0.495224855840207,-15.7946792989969,9.25));
#6949=CARTESIAN_POINT('',(0.468622110784054,-18.2145292311907,9.25));
#6950=CARTESIAN_POINT('Ctrl Pts',(0.468622110784054,-18.2145292311907,9.25));
#6951=CARTESIAN_POINT('Ctrl Pts',(0.391052436829839,-18.0610832341648,9.25));
#6952=CARTESIAN_POINT('Ctrl Pts',(0.201639782373009,-17.6863928154631,9.25));
#6953=CARTESIAN_POINT('Ctrl Pts',(0.20095182281075,-17.2638338990263,9.25));
#6954=CARTESIAN_POINT('Ctrl Pts',(0.200545601546765,-17.0143244415522,9.25));
#6955=CARTESIAN_POINT('',(1.17462482303381,-18.5511595755816,9.25));
#6956=CARTESIAN_POINT('Ctrl Pts',(1.17462482303381,-18.5511595755816,9.25));
#6957=CARTESIAN_POINT('Ctrl Pts',(1.03595669290426,-18.5374213249085,9.25));
#6958=CARTESIAN_POINT('Ctrl Pts',(0.7600261176453,-18.5100840888201,9.25));
#6959=CARTESIAN_POINT('Ctrl Pts',(0.565426327042807,-18.3127123572995,9.25));
#6960=CARTESIAN_POINT('Ctrl Pts',(0.468622110784054,-18.2145292311907,9.25));
#6961=CARTESIAN_POINT('',(1.85402419418097,-18.244201913476,9.25));
#6962=CARTESIAN_POINT('Ctrl Pts',(1.85402419418097,-18.244201913476,9.25));
#6963=CARTESIAN_POINT('Ctrl Pts',(1.76270407309337,-18.3337073417219,9.25));
#6964=CARTESIAN_POINT('Ctrl Pts',(1.57421952830111,-18.5184463641677,9.25));
#6965=CARTESIAN_POINT('Ctrl Pts',(1.31054825891049,-18.5400320705488,9.25));
#6966=CARTESIAN_POINT('Ctrl Pts',(1.17462482303381,-18.5511595755816,9.25));
#6967=CARTESIAN_POINT('',(2.14870359748602,-17.020463719964,9.25));
#6968=CARTESIAN_POINT('Ctrl Pts',(2.14870359748602,-17.020463719964,9.25));
#6969=CARTESIAN_POINT('Ctrl Pts',(2.14602082106985,-17.2701720827134,9.25));
#6970=CARTESIAN_POINT('Ctrl Pts',(2.14136960049887,-17.7030999504863,9.25));
#6971=CARTESIAN_POINT('Ctrl Pts',(1.93947012066021,-18.0832981456383,9.25));
#6972=CARTESIAN_POINT('Ctrl Pts',(1.85402419418097,-18.244201913476,9.25));
#6973=CARTESIAN_POINT('',(1.85607101768255,-15.7987720519304,9.25));
#6974=CARTESIAN_POINT('Ctrl Pts',(1.85607101768255,-15.7987720519304,9.25));
#6975=CARTESIAN_POINT('Ctrl Pts',(1.94090531182478,-15.9588587867968,9.25));
#6976=CARTESIAN_POINT('Ctrl Pts',(2.14207025151345,-16.3384675133146,9.25));
#6977=CARTESIAN_POINT('Ctrl Pts',(2.14627313402446,-16.7705797446608,9.25));
#6978=CARTESIAN_POINT('Ctrl Pts',(2.14870359748602,-17.020463719964,9.25));
#6979=CARTESIAN_POINT('',(1.17462482303381,-15.4877216368914,9.25));
#6980=CARTESIAN_POINT('Ctrl Pts',(1.17462482303381,-15.4877216368914,9.25));
#6981=CARTESIAN_POINT('Ctrl Pts',(1.31077630613341,-15.4991830783375,9.25));
#6982=CARTESIAN_POINT('Ctrl Pts',(1.57573241577021,-15.5214874915342,9.25));
#6983=CARTESIAN_POINT('Ctrl Pts',(1.76436835257141,-15.7080684063781,9.25));
#6984=CARTESIAN_POINT('Ctrl Pts',(1.85607101768255,-15.7987720519304,9.25));
#6985=CARTESIAN_POINT('Ctrl Pts',(0.495224855840207,-15.7946792989969,9.25));
#6986=CARTESIAN_POINT('Ctrl Pts',(0.586545182863528,-15.7051738697979,9.25));
#6987=CARTESIAN_POINT('Ctrl Pts',(0.775030030359024,-15.5204349653008,9.25));
#6988=CARTESIAN_POINT('Ctrl Pts',(1.03870141214141,-15.4988491772412,9.25));
#6989=CARTESIAN_POINT('Ctrl Pts',(1.17462482303381,-15.4877216368914,9.25));
#6990=CARTESIAN_POINT('',(1.49386074393988,-16.2950203567743,9.25));
#6991=CARTESIAN_POINT('',(1.35982241481543,-16.0310367494822,9.25));
#6992=CARTESIAN_POINT('Ctrl Pts',(1.49386074393988,-16.2950203567743,9.25));
#6993=CARTESIAN_POINT('Ctrl Pts',(1.47818489023094,-16.2377542504702,9.25));
#6994=CARTESIAN_POINT('Ctrl Pts',(1.4514461379272,-16.1400738140299,9.25));
#6995=CARTESIAN_POINT('Ctrl Pts',(1.38663669232897,-16.0629471544378,9.25));
#6996=CARTESIAN_POINT('Ctrl Pts',(1.35982241481543,-16.0310367494822,9.25));
#6997=CARTESIAN_POINT('',(1.54706683009863,-17.020463719964,9.25));
#6998=CARTESIAN_POINT('Ctrl Pts',(1.54706683009863,-17.020463719964,9.25));
#6999=CARTESIAN_POINT('Ctrl Pts',(1.54768284201242,-16.8715818087276,9.25));
#7000=CARTESIAN_POINT('Ctrl Pts',(1.5486900316478,-16.628157429207,9.25));
#7001=CARTESIAN_POINT('Ctrl Pts',(1.50919862760463,-16.3882117490938,9.25));
#7002=CARTESIAN_POINT('Ctrl Pts',(1.49386074393988,-16.2950203567743,9.25));
#7003=CARTESIAN_POINT('',(1.48772146552801,-17.7694407850504,9.25));
#7004=CARTESIAN_POINT('Ctrl Pts',(1.48772146552801,-17.7694407850504,9.25));
#7005=CARTESIAN_POINT('Ctrl Pts',(1.50486593285746,-17.6704007539207,9.25));
#7006=CARTESIAN_POINT('Ctrl Pts',(1.54772055330857,-17.4228385017975,9.25));
#7007=CARTESIAN_POINT('Ctrl Pts',(1.54731196069486,-17.1713446565466,9.25));
#7008=CARTESIAN_POINT('Ctrl Pts',(1.54706683009863,-17.020463719964,9.25));
#7009=CARTESIAN_POINT('',(1.36084582656622,-18.0078444629908,9.25));
#7010=CARTESIAN_POINT('Ctrl Pts',(1.36084582656622,-18.0078444629908,9.25));
#7011=CARTESIAN_POINT('Ctrl Pts',(1.38732573862595,-17.9781603516608,9.25));
#7012=CARTESIAN_POINT('Ctrl Pts',(1.4486918407051,-17.9093686501668,9.25));
#7013=CARTESIAN_POINT('Ctrl Pts',(1.47357536180132,-17.820156980842,9.25));
#7014=CARTESIAN_POINT('Ctrl Pts',(1.48772146552801,-17.7694407850504,9.25));
#7015=CARTESIAN_POINT('',(1.17462482303381,-18.0743519216776,9.25));
#7016=CARTESIAN_POINT('Ctrl Pts',(1.17462482303381,-18.0743519216776,9.25));
#7017=CARTESIAN_POINT('Ctrl Pts',(1.20851433740561,-18.0715491924382,9.25));
#7018=CARTESIAN_POINT('Ctrl Pts',(1.27648834838123,-18.0659276085468,9.25));
#7019=CARTESIAN_POINT('Ctrl Pts',(1.33267294566783,-18.0272425006889,9.25));
#7020=CARTESIAN_POINT('Ctrl Pts',(1.36084582656622,-18.0078444629908,9.25));
#7021=CARTESIAN_POINT('',(0.989426635205747,-18.0088675767183,9.25));
#7022=CARTESIAN_POINT('Ctrl Pts',(0.989426635205747,-18.0088675767183,9.25));
#7023=CARTESIAN_POINT('Ctrl Pts',(1.01736664901237,-18.0279672103371,9.25));
#7024=CARTESIAN_POINT('Ctrl Pts',(1.0732959132107,-18.0662001354225,9.25));
#7025=CARTESIAN_POINT('Ctrl Pts',(1.14082870256132,-18.0716330653233,9.25));
#7026=CARTESIAN_POINT('Ctrl Pts',(1.17462482303381,-18.0743519216776,9.25));
#7027=CARTESIAN_POINT('',(0.855388902127744,-17.7459070831537,9.25));
#7028=CARTESIAN_POINT('Ctrl Pts',(0.855388902127744,-17.7459070831537,9.25));
#7029=CARTESIAN_POINT('Ctrl Pts',(0.871021266567404,-17.8031233989614,9.25));
#7030=CARTESIAN_POINT('Ctrl Pts',(0.897646093964962,-17.9005734384986,9.25));
#7031=CARTESIAN_POINT('Ctrl Pts',(0.962606675811762,-17.97722204107,9.25));
#7032=CARTESIAN_POINT('Ctrl Pts',(0.989426635205747,-18.0088675767183,9.25));
#7033=CARTESIAN_POINT('',(0.802182815968991,-17.020463719964,9.25));
#7034=CARTESIAN_POINT('Ctrl Pts',(0.802182815968991,-17.020463719964,9.25));
#7035=CARTESIAN_POINT('Ctrl Pts',(0.801566804055196,-17.1693456312005,9.25));
#7036=CARTESIAN_POINT('Ctrl Pts',(0.800559614419817,-17.4127700107211,9.25));
#7037=CARTESIAN_POINT('Ctrl Pts',(0.840051018462994,-17.6527156908342,9.25));
#7038=CARTESIAN_POINT('Ctrl Pts',(0.855388902127744,-17.7459070831537,9.25));
#7039=CARTESIAN_POINT('',(0.861527584493161,-16.2694405764341,9.25));
#7040=CARTESIAN_POINT('Ctrl Pts',(0.861527584493161,-16.2694405764341,9.25));
#7041=CARTESIAN_POINT('Ctrl Pts',(0.844380539996662,-16.3689927318029,9.25));
#7042=CARTESIAN_POINT('Ctrl Pts',(0.801619458481298,-16.6172546309086,9.25));
#7043=CARTESIAN_POINT('Ctrl Pts',(0.801971776341507,-16.869417363412,9.25));
#7044=CARTESIAN_POINT('Ctrl Pts',(0.802182815968991,-17.020463719964,9.25));
#7045=CARTESIAN_POINT('',(0.988403819501401,-16.0310367494822,9.25));
#7046=CARTESIAN_POINT('Ctrl Pts',(0.988403819501401,-16.0310367494822,9.25));
#7047=CARTESIAN_POINT('Ctrl Pts',(0.961923939402746,-16.0607209241832,9.25));
#7048=CARTESIAN_POINT('Ctrl Pts',(0.900557899379426,-16.1295127860034,9.25));
#7049=CARTESIAN_POINT('Ctrl Pts',(0.875673939670166,-16.2187244029076,9.25));
#7050=CARTESIAN_POINT('Ctrl Pts',(0.861527584493161,-16.2694405764341,9.25));
#7051=CARTESIAN_POINT('',(1.17462482303381,-15.9645292907953,9.25));
#7052=CARTESIAN_POINT('Ctrl Pts',(1.17462482303381,-15.9645292907953,9.25));
#7053=CARTESIAN_POINT('Ctrl Pts',(1.1407353152655,-15.9673320890133,9.25));
#7054=CARTESIAN_POINT('Ctrl Pts',(1.07276135093915,-15.9729538084962,9.25));
#7055=CARTESIAN_POINT('Ctrl Pts',(1.01657670901622,-16.011638786417,9.25));
#7056=CARTESIAN_POINT('Ctrl Pts',(0.988403819501401,-16.0310367494822,9.25));
#7057=CARTESIAN_POINT('Ctrl Pts',(1.35982241481543,-16.0310367494822,9.25));
#7058=CARTESIAN_POINT('Ctrl Pts',(1.33191194735148,-16.0116387443629,9.25));
#7059=CARTESIAN_POINT('Ctrl Pts',(1.27613634641952,-15.9728742416255,9.25));
#7060=CARTESIAN_POINT('Ctrl Pts',(1.20844365745673,-15.9673094333937,9.25));
#7061=CARTESIAN_POINT('Ctrl Pts',(1.17462482303381,-15.9645292907953,9.25));
#7062=CARTESIAN_POINT('Ctrl Pts',(0.200545601546765,-17.0143244415522,9.25));
#7063=CARTESIAN_POINT('Ctrl Pts',(0.200545601546765,-17.0143244415522,10.));
#7064=CARTESIAN_POINT('Ctrl Pts',(0.203320983268434,-16.765650139728,9.25));
#7065=CARTESIAN_POINT('Ctrl Pts',(0.203320983268434,-16.765650139728,10.));
#7066=CARTESIAN_POINT('Ctrl Pts',(0.208137713827045,-16.3340709088835,9.25));
#7067=CARTESIAN_POINT('Ctrl Pts',(0.208137713827045,-16.3340709088835,10.));
#7068=CARTESIAN_POINT('Ctrl Pts',(0.409771630578676,-15.9552324760588,9.25));
#7069=CARTESIAN_POINT('Ctrl Pts',(0.409771630578676,-15.9552324760588,10.));
#7070=CARTESIAN_POINT('Ctrl Pts',(0.495224855840207,-15.7946792989969,9.25));
#7071=CARTESIAN_POINT('Ctrl Pts',(0.495224855840207,-15.7946792989969,10.));
#7072=CARTESIAN_POINT('',(0.495224855840207,-15.7946792989969,10.));
#7073=CARTESIAN_POINT('',(0.495224855840207,-15.7946792989969,10.));
#7074=CARTESIAN_POINT('',(0.200545601546765,-17.0143244415522,10.));
#7075=CARTESIAN_POINT('Ctrl Pts',(0.200545601546765,-17.0143244415522,10.));
#7076=CARTESIAN_POINT('Ctrl Pts',(0.203320983268434,-16.765650139728,10.));
#7077=CARTESIAN_POINT('Ctrl Pts',(0.208137713827045,-16.3340709088835,10.));
#7078=CARTESIAN_POINT('Ctrl Pts',(0.409771630578676,-15.9552324760588,10.));
#7079=CARTESIAN_POINT('Ctrl Pts',(0.495224855840207,-15.7946792989969,10.));
#7080=CARTESIAN_POINT('',(0.200545601546765,-17.0143244415522,10.));
#7081=CARTESIAN_POINT('Ctrl Pts',(0.468622110784054,-18.2145292311907,9.25));
#7082=CARTESIAN_POINT('Ctrl Pts',(0.468622110784054,-18.2145292311907,10.));
#7083=CARTESIAN_POINT('Ctrl Pts',(0.391052436829839,-18.0610832341648,9.25));
#7084=CARTESIAN_POINT('Ctrl Pts',(0.391052436829839,-18.0610832341648,10.));
#7085=CARTESIAN_POINT('Ctrl Pts',(0.201639782373009,-17.6863928154631,9.25));
#7086=CARTESIAN_POINT('Ctrl Pts',(0.201639782373009,-17.6863928154631,10.));
#7087=CARTESIAN_POINT('Ctrl Pts',(0.20095182281075,-17.2638338990263,9.25));
#7088=CARTESIAN_POINT('Ctrl Pts',(0.20095182281075,-17.2638338990263,10.));
#7089=CARTESIAN_POINT('Ctrl Pts',(0.200545601546765,-17.0143244415522,9.25));
#7090=CARTESIAN_POINT('Ctrl Pts',(0.200545601546765,-17.0143244415522,10.));
#7091=CARTESIAN_POINT('',(0.468622110784054,-18.2145292311907,10.));
#7092=CARTESIAN_POINT('Ctrl Pts',(0.468622110784054,-18.2145292311907,10.));
#7093=CARTESIAN_POINT('Ctrl Pts',(0.391052436829839,-18.0610832341648,10.));
#7094=CARTESIAN_POINT('Ctrl Pts',(0.201639782373009,-17.6863928154631,10.));
#7095=CARTESIAN_POINT('Ctrl Pts',(0.20095182281075,-17.2638338990263,10.));
#7096=CARTESIAN_POINT('Ctrl Pts',(0.200545601546765,-17.0143244415522,10.));
#7097=CARTESIAN_POINT('',(0.468622110784054,-18.2145292311907,10.));
#7098=CARTESIAN_POINT('Ctrl Pts',(1.17462482303381,-18.5511595755816,9.25));
#7099=CARTESIAN_POINT('Ctrl Pts',(1.17462482303381,-18.5511595755816,10.));
#7100=CARTESIAN_POINT('Ctrl Pts',(1.03595669290426,-18.5374213249085,9.25));
#7101=CARTESIAN_POINT('Ctrl Pts',(1.03595669290426,-18.5374213249085,10.));
#7102=CARTESIAN_POINT('Ctrl Pts',(0.7600261176453,-18.5100840888201,9.25));
#7103=CARTESIAN_POINT('Ctrl Pts',(0.7600261176453,-18.5100840888201,10.));
#7104=CARTESIAN_POINT('Ctrl Pts',(0.565426327042807,-18.3127123572995,9.25));
#7105=CARTESIAN_POINT('Ctrl Pts',(0.565426327042807,-18.3127123572995,10.));
#7106=CARTESIAN_POINT('Ctrl Pts',(0.468622110784054,-18.2145292311907,9.25));
#7107=CARTESIAN_POINT('Ctrl Pts',(0.468622110784054,-18.2145292311907,10.));
#7108=CARTESIAN_POINT('',(1.17462482303381,-18.5511595755816,10.));
#7109=CARTESIAN_POINT('Ctrl Pts',(1.17462482303381,-18.5511595755816,10.));
#7110=CARTESIAN_POINT('Ctrl Pts',(1.03595669290426,-18.5374213249085,10.));
#7111=CARTESIAN_POINT('Ctrl Pts',(0.7600261176453,-18.5100840888201,10.));
#7112=CARTESIAN_POINT('Ctrl Pts',(0.565426327042807,-18.3127123572995,10.));
#7113=CARTESIAN_POINT('Ctrl Pts',(0.468622110784054,-18.2145292311907,10.));
#7114=CARTESIAN_POINT('',(1.17462482303381,-18.5511595755816,10.));
#7115=CARTESIAN_POINT('Ctrl Pts',(1.85402419418097,-18.244201913476,9.25));
#7116=CARTESIAN_POINT('Ctrl Pts',(1.85402419418097,-18.244201913476,10.));
#7117=CARTESIAN_POINT('Ctrl Pts',(1.76270407309337,-18.3337073417219,9.25));
#7118=CARTESIAN_POINT('Ctrl Pts',(1.76270407309337,-18.3337073417219,10.));
#7119=CARTESIAN_POINT('Ctrl Pts',(1.57421952830111,-18.5184463641677,9.25));
#7120=CARTESIAN_POINT('Ctrl Pts',(1.57421952830111,-18.5184463641677,10.));
#7121=CARTESIAN_POINT('Ctrl Pts',(1.31054825891049,-18.5400320705488,9.25));
#7122=CARTESIAN_POINT('Ctrl Pts',(1.31054825891049,-18.5400320705488,10.));
#7123=CARTESIAN_POINT('Ctrl Pts',(1.17462482303381,-18.5511595755816,9.25));
#7124=CARTESIAN_POINT('Ctrl Pts',(1.17462482303381,-18.5511595755816,10.));
#7125=CARTESIAN_POINT('',(1.85402419418097,-18.244201913476,10.));
#7126=CARTESIAN_POINT('Ctrl Pts',(1.85402419418097,-18.244201913476,10.));
#7127=CARTESIAN_POINT('Ctrl Pts',(1.76270407309337,-18.3337073417219,10.));
#7128=CARTESIAN_POINT('Ctrl Pts',(1.57421952830111,-18.5184463641677,10.));
#7129=CARTESIAN_POINT('Ctrl Pts',(1.31054825891049,-18.5400320705488,10.));
#7130=CARTESIAN_POINT('Ctrl Pts',(1.17462482303381,-18.5511595755816,10.));
#7131=CARTESIAN_POINT('',(1.85402419418097,-18.244201913476,10.));
#7132=CARTESIAN_POINT('Ctrl Pts',(2.14870359748602,-17.020463719964,9.25));
#7133=CARTESIAN_POINT('Ctrl Pts',(2.14870359748602,-17.020463719964,10.));
#7134=CARTESIAN_POINT('Ctrl Pts',(2.14602082106985,-17.2701720827134,9.25));
#7135=CARTESIAN_POINT('Ctrl Pts',(2.14602082106985,-17.2701720827134,10.));
#7136=CARTESIAN_POINT('Ctrl Pts',(2.14136960049887,-17.7030999504863,9.25));
#7137=CARTESIAN_POINT('Ctrl Pts',(2.14136960049887,-17.7030999504863,10.));
#7138=CARTESIAN_POINT('Ctrl Pts',(1.93947012066021,-18.0832981456383,9.25));
#7139=CARTESIAN_POINT('Ctrl Pts',(1.93947012066021,-18.0832981456383,10.));
#7140=CARTESIAN_POINT('Ctrl Pts',(1.85402419418097,-18.244201913476,9.25));
#7141=CARTESIAN_POINT('Ctrl Pts',(1.85402419418097,-18.244201913476,10.));
#7142=CARTESIAN_POINT('',(2.14870359748602,-17.020463719964,10.));
#7143=CARTESIAN_POINT('Ctrl Pts',(2.14870359748602,-17.020463719964,10.));
#7144=CARTESIAN_POINT('Ctrl Pts',(2.14602082106985,-17.2701720827134,10.));
#7145=CARTESIAN_POINT('Ctrl Pts',(2.14136960049887,-17.7030999504863,10.));
#7146=CARTESIAN_POINT('Ctrl Pts',(1.93947012066021,-18.0832981456383,10.));
#7147=CARTESIAN_POINT('Ctrl Pts',(1.85402419418097,-18.244201913476,10.));
#7148=CARTESIAN_POINT('',(2.14870359748602,-17.020463719964,10.));
#7149=CARTESIAN_POINT('Ctrl Pts',(1.85607101768255,-15.7987720519304,9.25));
#7150=CARTESIAN_POINT('Ctrl Pts',(1.85607101768255,-15.7987720519304,10.));
#7151=CARTESIAN_POINT('Ctrl Pts',(1.94090531182478,-15.9588587867968,9.25));
#7152=CARTESIAN_POINT('Ctrl Pts',(1.94090531182478,-15.9588587867968,10.));
#7153=CARTESIAN_POINT('Ctrl Pts',(2.14207025151345,-16.3384675133146,9.25));
#7154=CARTESIAN_POINT('Ctrl Pts',(2.14207025151345,-16.3384675133146,10.));
#7155=CARTESIAN_POINT('Ctrl Pts',(2.14627313402446,-16.7705797446608,9.25));
#7156=CARTESIAN_POINT('Ctrl Pts',(2.14627313402446,-16.7705797446608,10.));
#7157=CARTESIAN_POINT('Ctrl Pts',(2.14870359748602,-17.020463719964,9.25));
#7158=CARTESIAN_POINT('Ctrl Pts',(2.14870359748602,-17.020463719964,10.));
#7159=CARTESIAN_POINT('',(1.85607101768255,-15.7987720519304,10.));
#7160=CARTESIAN_POINT('Ctrl Pts',(1.85607101768255,-15.7987720519304,10.));
#7161=CARTESIAN_POINT('Ctrl Pts',(1.94090531182478,-15.9588587867968,10.));
#7162=CARTESIAN_POINT('Ctrl Pts',(2.14207025151345,-16.3384675133146,10.));
#7163=CARTESIAN_POINT('Ctrl Pts',(2.14627313402446,-16.7705797446608,10.));
#7164=CARTESIAN_POINT('Ctrl Pts',(2.14870359748602,-17.020463719964,10.));
#7165=CARTESIAN_POINT('',(1.85607101768255,-15.7987720519304,10.));
#7166=CARTESIAN_POINT('Ctrl Pts',(1.17462482303381,-15.4877216368914,9.25));
#7167=CARTESIAN_POINT('Ctrl Pts',(1.17462482303381,-15.4877216368914,10.));
#7168=CARTESIAN_POINT('Ctrl Pts',(1.31077630613341,-15.4991830783375,9.25));
#7169=CARTESIAN_POINT('Ctrl Pts',(1.31077630613341,-15.4991830783375,10.));
#7170=CARTESIAN_POINT('Ctrl Pts',(1.57573241577021,-15.5214874915342,9.25));
#7171=CARTESIAN_POINT('Ctrl Pts',(1.57573241577021,-15.5214874915342,10.));
#7172=CARTESIAN_POINT('Ctrl Pts',(1.76436835257141,-15.7080684063781,9.25));
#7173=CARTESIAN_POINT('Ctrl Pts',(1.76436835257141,-15.7080684063781,10.));
#7174=CARTESIAN_POINT('Ctrl Pts',(1.85607101768255,-15.7987720519304,9.25));
#7175=CARTESIAN_POINT('Ctrl Pts',(1.85607101768255,-15.7987720519304,10.));
#7176=CARTESIAN_POINT('',(1.17462482303381,-15.4877216368914,10.));
#7177=CARTESIAN_POINT('Ctrl Pts',(1.17462482303381,-15.4877216368914,10.));
#7178=CARTESIAN_POINT('Ctrl Pts',(1.31077630613341,-15.4991830783375,10.));
#7179=CARTESIAN_POINT('Ctrl Pts',(1.57573241577021,-15.5214874915342,10.));
#7180=CARTESIAN_POINT('Ctrl Pts',(1.76436835257141,-15.7080684063781,10.));
#7181=CARTESIAN_POINT('Ctrl Pts',(1.85607101768255,-15.7987720519304,10.));
#7182=CARTESIAN_POINT('',(1.17462482303381,-15.4877216368914,10.));
#7183=CARTESIAN_POINT('Ctrl Pts',(0.495224855840207,-15.7946792989969,9.25));
#7184=CARTESIAN_POINT('Ctrl Pts',(0.495224855840207,-15.7946792989969,10.));
#7185=CARTESIAN_POINT('Ctrl Pts',(0.586545182863528,-15.7051738697979,9.25));
#7186=CARTESIAN_POINT('Ctrl Pts',(0.586545182863528,-15.7051738697979,10.));
#7187=CARTESIAN_POINT('Ctrl Pts',(0.775030030359024,-15.5204349653008,9.25));
#7188=CARTESIAN_POINT('Ctrl Pts',(0.775030030359024,-15.5204349653008,10.));
#7189=CARTESIAN_POINT('Ctrl Pts',(1.03870141214141,-15.4988491772412,9.25));
#7190=CARTESIAN_POINT('Ctrl Pts',(1.03870141214141,-15.4988491772412,10.));
#7191=CARTESIAN_POINT('Ctrl Pts',(1.17462482303381,-15.4877216368914,9.25));
#7192=CARTESIAN_POINT('Ctrl Pts',(1.17462482303381,-15.4877216368914,10.));
#7193=CARTESIAN_POINT('Ctrl Pts',(0.495224855840207,-15.7946792989969,10.));
#7194=CARTESIAN_POINT('Ctrl Pts',(0.586545182863528,-15.7051738697979,10.));
#7195=CARTESIAN_POINT('Ctrl Pts',(0.775030030359024,-15.5204349653008,10.));
#7196=CARTESIAN_POINT('Ctrl Pts',(1.03870141214141,-15.4988491772412,10.));
#7197=CARTESIAN_POINT('Ctrl Pts',(1.17462482303381,-15.4877216368914,10.));
#7198=CARTESIAN_POINT('Ctrl Pts',(1.49386074393988,-16.2950203567743,9.25));
#7199=CARTESIAN_POINT('Ctrl Pts',(1.49386074393988,-16.2950203567743,10.));
#7200=CARTESIAN_POINT('Ctrl Pts',(1.47818489023094,-16.2377542504702,9.25));
#7201=CARTESIAN_POINT('Ctrl Pts',(1.47818489023094,-16.2377542504702,10.));
#7202=CARTESIAN_POINT('Ctrl Pts',(1.4514461379272,-16.1400738140299,9.25));
#7203=CARTESIAN_POINT('Ctrl Pts',(1.4514461379272,-16.1400738140299,10.));
#7204=CARTESIAN_POINT('Ctrl Pts',(1.38663669232897,-16.0629471544378,9.25));
#7205=CARTESIAN_POINT('Ctrl Pts',(1.38663669232897,-16.0629471544378,10.));
#7206=CARTESIAN_POINT('Ctrl Pts',(1.35982241481543,-16.0310367494822,9.25));
#7207=CARTESIAN_POINT('Ctrl Pts',(1.35982241481543,-16.0310367494822,10.));
#7208=CARTESIAN_POINT('',(1.35982241481543,-16.0310367494822,10.));
#7209=CARTESIAN_POINT('',(1.35982241481543,-16.0310367494822,10.));
#7210=CARTESIAN_POINT('',(1.49386074393988,-16.2950203567743,10.));
#7211=CARTESIAN_POINT('Ctrl Pts',(1.49386074393988,-16.2950203567743,10.));
#7212=CARTESIAN_POINT('Ctrl Pts',(1.47818489023094,-16.2377542504702,10.));
#7213=CARTESIAN_POINT('Ctrl Pts',(1.4514461379272,-16.1400738140299,10.));
#7214=CARTESIAN_POINT('Ctrl Pts',(1.38663669232897,-16.0629471544378,10.));
#7215=CARTESIAN_POINT('Ctrl Pts',(1.35982241481543,-16.0310367494822,10.));
#7216=CARTESIAN_POINT('',(1.49386074393988,-16.2950203567743,10.));
#7217=CARTESIAN_POINT('Ctrl Pts',(1.54706683009863,-17.020463719964,9.25));
#7218=CARTESIAN_POINT('Ctrl Pts',(1.54706683009863,-17.020463719964,10.));
#7219=CARTESIAN_POINT('Ctrl Pts',(1.54768284201242,-16.8715818087276,9.25));
#7220=CARTESIAN_POINT('Ctrl Pts',(1.54768284201242,-16.8715818087276,10.));
#7221=CARTESIAN_POINT('Ctrl Pts',(1.5486900316478,-16.628157429207,9.25));
#7222=CARTESIAN_POINT('Ctrl Pts',(1.5486900316478,-16.628157429207,10.));
#7223=CARTESIAN_POINT('Ctrl Pts',(1.50919862760463,-16.3882117490938,9.25));
#7224=CARTESIAN_POINT('Ctrl Pts',(1.50919862760463,-16.3882117490938,10.));
#7225=CARTESIAN_POINT('Ctrl Pts',(1.49386074393988,-16.2950203567743,9.25));
#7226=CARTESIAN_POINT('Ctrl Pts',(1.49386074393988,-16.2950203567743,10.));
#7227=CARTESIAN_POINT('',(1.54706683009863,-17.020463719964,10.));
#7228=CARTESIAN_POINT('Ctrl Pts',(1.54706683009863,-17.020463719964,10.));
#7229=CARTESIAN_POINT('Ctrl Pts',(1.54768284201242,-16.8715818087276,10.));
#7230=CARTESIAN_POINT('Ctrl Pts',(1.5486900316478,-16.628157429207,10.));
#7231=CARTESIAN_POINT('Ctrl Pts',(1.50919862760463,-16.3882117490938,10.));
#7232=CARTESIAN_POINT('Ctrl Pts',(1.49386074393988,-16.2950203567743,10.));
#7233=CARTESIAN_POINT('',(1.54706683009863,-17.020463719964,10.));
#7234=CARTESIAN_POINT('Ctrl Pts',(1.48772146552801,-17.7694407850504,9.25));
#7235=CARTESIAN_POINT('Ctrl Pts',(1.48772146552801,-17.7694407850504,10.));
#7236=CARTESIAN_POINT('Ctrl Pts',(1.50486593285746,-17.6704007539207,9.25));
#7237=CARTESIAN_POINT('Ctrl Pts',(1.50486593285746,-17.6704007539207,10.));
#7238=CARTESIAN_POINT('Ctrl Pts',(1.54772055330857,-17.4228385017975,9.25));
#7239=CARTESIAN_POINT('Ctrl Pts',(1.54772055330857,-17.4228385017975,10.));
#7240=CARTESIAN_POINT('Ctrl Pts',(1.54731196069486,-17.1713446565466,9.25));
#7241=CARTESIAN_POINT('Ctrl Pts',(1.54731196069486,-17.1713446565466,10.));
#7242=CARTESIAN_POINT('Ctrl Pts',(1.54706683009863,-17.020463719964,9.25));
#7243=CARTESIAN_POINT('Ctrl Pts',(1.54706683009863,-17.020463719964,10.));
#7244=CARTESIAN_POINT('',(1.48772146552801,-17.7694407850504,10.));
#7245=CARTESIAN_POINT('Ctrl Pts',(1.48772146552801,-17.7694407850504,10.));
#7246=CARTESIAN_POINT('Ctrl Pts',(1.50486593285746,-17.6704007539207,10.));
#7247=CARTESIAN_POINT('Ctrl Pts',(1.54772055330857,-17.4228385017975,10.));
#7248=CARTESIAN_POINT('Ctrl Pts',(1.54731196069486,-17.1713446565466,10.));
#7249=CARTESIAN_POINT('Ctrl Pts',(1.54706683009863,-17.020463719964,10.));
#7250=CARTESIAN_POINT('',(1.48772146552801,-17.7694407850504,10.));
#7251=CARTESIAN_POINT('Ctrl Pts',(1.36084582656622,-18.0078444629908,9.25));
#7252=CARTESIAN_POINT('Ctrl Pts',(1.36084582656622,-18.0078444629908,10.));
#7253=CARTESIAN_POINT('Ctrl Pts',(1.38732573862595,-17.9781603516608,9.25));
#7254=CARTESIAN_POINT('Ctrl Pts',(1.38732573862595,-17.9781603516608,10.));
#7255=CARTESIAN_POINT('Ctrl Pts',(1.4486918407051,-17.9093686501668,9.25));
#7256=CARTESIAN_POINT('Ctrl Pts',(1.4486918407051,-17.9093686501668,10.));
#7257=CARTESIAN_POINT('Ctrl Pts',(1.47357536180132,-17.820156980842,9.25));
#7258=CARTESIAN_POINT('Ctrl Pts',(1.47357536180132,-17.820156980842,10.));
#7259=CARTESIAN_POINT('Ctrl Pts',(1.48772146552801,-17.7694407850504,9.25));
#7260=CARTESIAN_POINT('Ctrl Pts',(1.48772146552801,-17.7694407850504,10.));
#7261=CARTESIAN_POINT('',(1.36084582656622,-18.0078444629908,10.));
#7262=CARTESIAN_POINT('Ctrl Pts',(1.36084582656622,-18.0078444629908,10.));
#7263=CARTESIAN_POINT('Ctrl Pts',(1.38732573862595,-17.9781603516608,10.));
#7264=CARTESIAN_POINT('Ctrl Pts',(1.4486918407051,-17.9093686501668,10.));
#7265=CARTESIAN_POINT('Ctrl Pts',(1.47357536180132,-17.820156980842,10.));
#7266=CARTESIAN_POINT('Ctrl Pts',(1.48772146552801,-17.7694407850504,10.));
#7267=CARTESIAN_POINT('',(1.36084582656622,-18.0078444629908,10.));
#7268=CARTESIAN_POINT('Ctrl Pts',(1.17462482303381,-18.0743519216776,9.25));
#7269=CARTESIAN_POINT('Ctrl Pts',(1.17462482303381,-18.0743519216776,10.));
#7270=CARTESIAN_POINT('Ctrl Pts',(1.20851433740561,-18.0715491924382,9.25));
#7271=CARTESIAN_POINT('Ctrl Pts',(1.20851433740561,-18.0715491924382,10.));
#7272=CARTESIAN_POINT('Ctrl Pts',(1.27648834838123,-18.0659276085468,9.25));
#7273=CARTESIAN_POINT('Ctrl Pts',(1.27648834838123,-18.0659276085468,10.));
#7274=CARTESIAN_POINT('Ctrl Pts',(1.33267294566783,-18.0272425006889,9.25));
#7275=CARTESIAN_POINT('Ctrl Pts',(1.33267294566783,-18.0272425006889,10.));
#7276=CARTESIAN_POINT('Ctrl Pts',(1.36084582656622,-18.0078444629908,9.25));
#7277=CARTESIAN_POINT('Ctrl Pts',(1.36084582656622,-18.0078444629908,10.));
#7278=CARTESIAN_POINT('',(1.17462482303381,-18.0743519216776,10.));
#7279=CARTESIAN_POINT('Ctrl Pts',(1.17462482303381,-18.0743519216776,10.));
#7280=CARTESIAN_POINT('Ctrl Pts',(1.20851433740561,-18.0715491924382,10.));
#7281=CARTESIAN_POINT('Ctrl Pts',(1.27648834838123,-18.0659276085468,10.));
#7282=CARTESIAN_POINT('Ctrl Pts',(1.33267294566783,-18.0272425006889,10.));
#7283=CARTESIAN_POINT('Ctrl Pts',(1.36084582656622,-18.0078444629908,10.));
#7284=CARTESIAN_POINT('',(1.17462482303381,-18.0743519216776,10.));
#7285=CARTESIAN_POINT('Ctrl Pts',(0.989426635205747,-18.0088675767183,9.25));
#7286=CARTESIAN_POINT('Ctrl Pts',(0.989426635205747,-18.0088675767183,10.));
#7287=CARTESIAN_POINT('Ctrl Pts',(1.01736664901237,-18.0279672103371,9.25));
#7288=CARTESIAN_POINT('Ctrl Pts',(1.01736664901237,-18.0279672103371,10.));
#7289=CARTESIAN_POINT('Ctrl Pts',(1.0732959132107,-18.0662001354225,9.25));
#7290=CARTESIAN_POINT('Ctrl Pts',(1.0732959132107,-18.0662001354225,10.));
#7291=CARTESIAN_POINT('Ctrl Pts',(1.14082870256132,-18.0716330653233,9.25));
#7292=CARTESIAN_POINT('Ctrl Pts',(1.14082870256132,-18.0716330653233,10.));
#7293=CARTESIAN_POINT('Ctrl Pts',(1.17462482303381,-18.0743519216776,9.25));
#7294=CARTESIAN_POINT('Ctrl Pts',(1.17462482303381,-18.0743519216776,10.));
#7295=CARTESIAN_POINT('',(0.989426635205747,-18.0088675767183,10.));
#7296=CARTESIAN_POINT('Ctrl Pts',(0.989426635205747,-18.0088675767183,10.));
#7297=CARTESIAN_POINT('Ctrl Pts',(1.01736664901237,-18.0279672103371,10.));
#7298=CARTESIAN_POINT('Ctrl Pts',(1.0732959132107,-18.0662001354225,10.));
#7299=CARTESIAN_POINT('Ctrl Pts',(1.14082870256132,-18.0716330653233,10.));
#7300=CARTESIAN_POINT('Ctrl Pts',(1.17462482303381,-18.0743519216776,10.));
#7301=CARTESIAN_POINT('',(0.989426635205747,-18.0088675767183,10.));
#7302=CARTESIAN_POINT('Ctrl Pts',(0.855388902127744,-17.7459070831537,9.25));
#7303=CARTESIAN_POINT('Ctrl Pts',(0.855388902127744,-17.7459070831537,10.));
#7304=CARTESIAN_POINT('Ctrl Pts',(0.871021266567404,-17.8031233989614,9.25));
#7305=CARTESIAN_POINT('Ctrl Pts',(0.871021266567404,-17.8031233989614,10.));
#7306=CARTESIAN_POINT('Ctrl Pts',(0.897646093964962,-17.9005734384986,9.25));
#7307=CARTESIAN_POINT('Ctrl Pts',(0.897646093964962,-17.9005734384986,10.));
#7308=CARTESIAN_POINT('Ctrl Pts',(0.962606675811762,-17.97722204107,9.25));
#7309=CARTESIAN_POINT('Ctrl Pts',(0.962606675811762,-17.97722204107,10.));
#7310=CARTESIAN_POINT('Ctrl Pts',(0.989426635205747,-18.0088675767183,9.25));
#7311=CARTESIAN_POINT('Ctrl Pts',(0.989426635205747,-18.0088675767183,10.));
#7312=CARTESIAN_POINT('',(0.855388902127744,-17.7459070831537,10.));
#7313=CARTESIAN_POINT('Ctrl Pts',(0.855388902127744,-17.7459070831537,10.));
#7314=CARTESIAN_POINT('Ctrl Pts',(0.871021266567404,-17.8031233989614,10.));
#7315=CARTESIAN_POINT('Ctrl Pts',(0.897646093964962,-17.9005734384986,10.));
#7316=CARTESIAN_POINT('Ctrl Pts',(0.962606675811762,-17.97722204107,10.));
#7317=CARTESIAN_POINT('Ctrl Pts',(0.989426635205747,-18.0088675767183,10.));
#7318=CARTESIAN_POINT('',(0.855388902127744,-17.7459070831537,10.));
#7319=CARTESIAN_POINT('Ctrl Pts',(0.802182815968991,-17.020463719964,9.25));
#7320=CARTESIAN_POINT('Ctrl Pts',(0.802182815968991,-17.020463719964,10.));
#7321=CARTESIAN_POINT('Ctrl Pts',(0.801566804055196,-17.1693456312005,9.25));
#7322=CARTESIAN_POINT('Ctrl Pts',(0.801566804055196,-17.1693456312005,10.));
#7323=CARTESIAN_POINT('Ctrl Pts',(0.800559614419817,-17.4127700107211,9.25));
#7324=CARTESIAN_POINT('Ctrl Pts',(0.800559614419817,-17.4127700107211,10.));
#7325=CARTESIAN_POINT('Ctrl Pts',(0.840051018462994,-17.6527156908342,9.25));
#7326=CARTESIAN_POINT('Ctrl Pts',(0.840051018462994,-17.6527156908342,10.));
#7327=CARTESIAN_POINT('Ctrl Pts',(0.855388902127744,-17.7459070831537,9.25));
#7328=CARTESIAN_POINT('Ctrl Pts',(0.855388902127744,-17.7459070831537,10.));
#7329=CARTESIAN_POINT('',(0.802182815968991,-17.020463719964,10.));
#7330=CARTESIAN_POINT('Ctrl Pts',(0.802182815968991,-17.020463719964,10.));
#7331=CARTESIAN_POINT('Ctrl Pts',(0.801566804055196,-17.1693456312005,10.));
#7332=CARTESIAN_POINT('Ctrl Pts',(0.800559614419817,-17.4127700107211,10.));
#7333=CARTESIAN_POINT('Ctrl Pts',(0.840051018462994,-17.6527156908342,10.));
#7334=CARTESIAN_POINT('Ctrl Pts',(0.855388902127744,-17.7459070831537,10.));
#7335=CARTESIAN_POINT('',(0.802182815968991,-17.020463719964,10.));
#7336=CARTESIAN_POINT('Ctrl Pts',(0.861527584493161,-16.2694405764341,9.25));
#7337=CARTESIAN_POINT('Ctrl Pts',(0.861527584493161,-16.2694405764341,10.));
#7338=CARTESIAN_POINT('Ctrl Pts',(0.844380539996662,-16.3689927318029,9.25));
#7339=CARTESIAN_POINT('Ctrl Pts',(0.844380539996662,-16.3689927318029,10.));
#7340=CARTESIAN_POINT('Ctrl Pts',(0.801619458481298,-16.6172546309086,9.25));
#7341=CARTESIAN_POINT('Ctrl Pts',(0.801619458481298,-16.6172546309086,10.));
#7342=CARTESIAN_POINT('Ctrl Pts',(0.801971776341507,-16.869417363412,9.25));
#7343=CARTESIAN_POINT('Ctrl Pts',(0.801971776341507,-16.869417363412,10.));
#7344=CARTESIAN_POINT('Ctrl Pts',(0.802182815968991,-17.020463719964,9.25));
#7345=CARTESIAN_POINT('Ctrl Pts',(0.802182815968991,-17.020463719964,10.));
#7346=CARTESIAN_POINT('',(0.861527584493161,-16.2694405764341,10.));
#7347=CARTESIAN_POINT('Ctrl Pts',(0.861527584493161,-16.2694405764341,10.));
#7348=CARTESIAN_POINT('Ctrl Pts',(0.844380539996662,-16.3689927318029,10.));
#7349=CARTESIAN_POINT('Ctrl Pts',(0.801619458481298,-16.6172546309086,10.));
#7350=CARTESIAN_POINT('Ctrl Pts',(0.801971776341507,-16.869417363412,10.));
#7351=CARTESIAN_POINT('Ctrl Pts',(0.802182815968991,-17.020463719964,10.));
#7352=CARTESIAN_POINT('',(0.861527584493161,-16.2694405764341,10.));
#7353=CARTESIAN_POINT('Ctrl Pts',(0.988403819501401,-16.0310367494822,9.25));
#7354=CARTESIAN_POINT('Ctrl Pts',(0.988403819501401,-16.0310367494822,10.));
#7355=CARTESIAN_POINT('Ctrl Pts',(0.961923939402746,-16.0607209241832,9.25));
#7356=CARTESIAN_POINT('Ctrl Pts',(0.961923939402746,-16.0607209241832,10.));
#7357=CARTESIAN_POINT('Ctrl Pts',(0.900557899379426,-16.1295127860034,9.25));
#7358=CARTESIAN_POINT('Ctrl Pts',(0.900557899379426,-16.1295127860034,10.));
#7359=CARTESIAN_POINT('Ctrl Pts',(0.875673939670166,-16.2187244029076,9.25));
#7360=CARTESIAN_POINT('Ctrl Pts',(0.875673939670166,-16.2187244029076,10.));
#7361=CARTESIAN_POINT('Ctrl Pts',(0.861527584493161,-16.2694405764341,9.25));
#7362=CARTESIAN_POINT('Ctrl Pts',(0.861527584493161,-16.2694405764341,10.));
#7363=CARTESIAN_POINT('',(0.988403819501401,-16.0310367494822,10.));
#7364=CARTESIAN_POINT('Ctrl Pts',(0.988403819501401,-16.0310367494822,10.));
#7365=CARTESIAN_POINT('Ctrl Pts',(0.961923939402746,-16.0607209241832,10.));
#7366=CARTESIAN_POINT('Ctrl Pts',(0.900557899379426,-16.1295127860034,10.));
#7367=CARTESIAN_POINT('Ctrl Pts',(0.875673939670166,-16.2187244029076,10.));
#7368=CARTESIAN_POINT('Ctrl Pts',(0.861527584493161,-16.2694405764341,10.));
#7369=CARTESIAN_POINT('',(0.988403819501401,-16.0310367494822,10.));
#7370=CARTESIAN_POINT('Ctrl Pts',(1.17462482303381,-15.9645292907953,9.25));
#7371=CARTESIAN_POINT('Ctrl Pts',(1.17462482303381,-15.9645292907953,10.));
#7372=CARTESIAN_POINT('Ctrl Pts',(1.1407353152655,-15.9673320890133,9.25));
#7373=CARTESIAN_POINT('Ctrl Pts',(1.1407353152655,-15.9673320890133,10.));
#7374=CARTESIAN_POINT('Ctrl Pts',(1.07276135093915,-15.9729538084962,9.25));
#7375=CARTESIAN_POINT('Ctrl Pts',(1.07276135093915,-15.9729538084962,10.));
#7376=CARTESIAN_POINT('Ctrl Pts',(1.01657670901622,-16.011638786417,9.25));
#7377=CARTESIAN_POINT('Ctrl Pts',(1.01657670901622,-16.011638786417,10.));
#7378=CARTESIAN_POINT('Ctrl Pts',(0.988403819501401,-16.0310367494822,9.25));
#7379=CARTESIAN_POINT('Ctrl Pts',(0.988403819501401,-16.0310367494822,10.));
#7380=CARTESIAN_POINT('',(1.17462482303381,-15.9645292907953,10.));
#7381=CARTESIAN_POINT('Ctrl Pts',(1.17462482303381,-15.9645292907953,10.));
#7382=CARTESIAN_POINT('Ctrl Pts',(1.1407353152655,-15.9673320890133,10.));
#7383=CARTESIAN_POINT('Ctrl Pts',(1.07276135093915,-15.9729538084962,10.));
#7384=CARTESIAN_POINT('Ctrl Pts',(1.01657670901622,-16.011638786417,10.));
#7385=CARTESIAN_POINT('Ctrl Pts',(0.988403819501401,-16.0310367494822,10.));
#7386=CARTESIAN_POINT('',(1.17462482303381,-15.9645292907953,10.));
#7387=CARTESIAN_POINT('Ctrl Pts',(1.35982241481543,-16.0310367494822,9.25));
#7388=CARTESIAN_POINT('Ctrl Pts',(1.35982241481543,-16.0310367494822,10.));
#7389=CARTESIAN_POINT('Ctrl Pts',(1.33191194735148,-16.0116387443629,9.25));
#7390=CARTESIAN_POINT('Ctrl Pts',(1.33191194735148,-16.0116387443629,10.));
#7391=CARTESIAN_POINT('Ctrl Pts',(1.27613634641952,-15.9728742416255,9.25));
#7392=CARTESIAN_POINT('Ctrl Pts',(1.27613634641952,-15.9728742416255,10.));
#7393=CARTESIAN_POINT('Ctrl Pts',(1.20844365745673,-15.9673094333937,9.25));
#7394=CARTESIAN_POINT('Ctrl Pts',(1.20844365745673,-15.9673094333937,10.));
#7395=CARTESIAN_POINT('Ctrl Pts',(1.17462482303381,-15.9645292907953,9.25));
#7396=CARTESIAN_POINT('Ctrl Pts',(1.17462482303381,-15.9645292907953,10.));
#7397=CARTESIAN_POINT('Ctrl Pts',(1.35982241481543,-16.0310367494822,10.));
#7398=CARTESIAN_POINT('Ctrl Pts',(1.33191194735148,-16.0116387443629,10.));
#7399=CARTESIAN_POINT('Ctrl Pts',(1.27613634641952,-15.9728742416255,10.));
#7400=CARTESIAN_POINT('Ctrl Pts',(1.20844365745673,-15.9673094333937,10.));
#7401=CARTESIAN_POINT('Ctrl Pts',(1.17462482303381,-15.9645292907953,10.));
#7402=CARTESIAN_POINT('Origin',(-12.5,20.,10.));
#7403=CARTESIAN_POINT('Origin',(15.,0.,16.25));
#7404=CARTESIAN_POINT('',(-1.18383352644741,-12.8062755614519,16.25));
#7405=CARTESIAN_POINT('',(-1.30150062032044,-12.9658935219049,16.25));
#7406=CARTESIAN_POINT('Ctrl Pts',(-1.18383352644741,-12.8062755614519,16.25));
#7407=CARTESIAN_POINT('Ctrl Pts',(-1.20648180731393,-12.8326806914457,16.25));
#7408=CARTESIAN_POINT('Ctrl Pts',(-1.24964127681461,-12.8829993628427,16.25));
#7409=CARTESIAN_POINT('Ctrl Pts',(-1.28479438846653,-12.9391895772152,16.25));
#7410=CARTESIAN_POINT('Ctrl Pts',(-1.30150062032044,-12.9658935219049,16.25));
#7411=CARTESIAN_POINT('',(-0.839017750695347,-12.4747613817453,16.25));
#7412=CARTESIAN_POINT('Ctrl Pts',(-0.839017750695347,-12.4747613817453,
16.25));
#7413=CARTESIAN_POINT('Ctrl Pts',(-0.913992179269558,-12.543093509022,16.25));
#7414=CARTESIAN_POINT('Ctrl Pts',(-1.03189338049436,-12.65054934485,16.25));
#7415=CARTESIAN_POINT('Ctrl Pts',(-1.14327901379231,-12.7647105044862,16.25));
#7416=CARTESIAN_POINT('Ctrl Pts',(-1.18383352644741,-12.8062755614519,16.25));
#7417=CARTESIAN_POINT('',(-0.462482841685413,-12.0920873433352,16.25));
#7418=CARTESIAN_POINT('Ctrl Pts',(-0.462482841685413,-12.0920873433352,
16.25));
#7419=CARTESIAN_POINT('Ctrl Pts',(-0.51048056167162,-12.1468977583458,16.25));
#7420=CARTESIAN_POINT('Ctrl Pts',(-0.628528082215386,-12.2817006946903,
16.25));
#7421=CARTESIAN_POINT('Ctrl Pts',(-0.760628759240731,-12.4028631614808,
16.25));
#7422=CARTESIAN_POINT('Ctrl Pts',(-0.839017750695347,-12.4747613817453,
16.25));
#7423=CARTESIAN_POINT('',(-0.232264669612049,-11.7083901911974,16.25));
#7424=CARTESIAN_POINT('Ctrl Pts',(-0.232264669612049,-11.7083901911974,
16.25));
#7425=CARTESIAN_POINT('Ctrl Pts',(-0.261548794704372,-11.7720825164967,
16.25));
#7426=CARTESIAN_POINT('Ctrl Pts',(-0.32419918245869,-11.9083457261502,16.25));
#7427=CARTESIAN_POINT('Ctrl Pts',(-0.414428583641468,-12.02823621924,16.25));
#7428=CARTESIAN_POINT('Ctrl Pts',(-0.462482841685413,-12.0920873433352,
16.25));
#7429=CARTESIAN_POINT('',(-0.159617932513355,-11.3226466625929,16.25));
#7430=CARTESIAN_POINT('Ctrl Pts',(-0.159617932513355,-11.3226466625929,
16.25));
#7431=CARTESIAN_POINT('Ctrl Pts',(-0.162557442240467,-11.389146060367,16.25));
#7432=CARTESIAN_POINT('Ctrl Pts',(-0.168394757076213,-11.5212013883745,
16.25));
#7433=CARTESIAN_POINT('Ctrl Pts',(-0.211076344779317,-11.6462918259141,
16.25));
#7434=CARTESIAN_POINT('Ctrl Pts',(-0.232264669612049,-11.7083901911974,
16.25));
#7435=CARTESIAN_POINT('',(-0.413369657471775,-10.7271487265825,16.25));
#7436=CARTESIAN_POINT('Ctrl Pts',(-0.413369657471775,-10.7271487265825,
16.25));
#7437=CARTESIAN_POINT('Ctrl Pts',(-0.339359459335855,-10.8121574192657,
16.25));
#7438=CARTESIAN_POINT('Ctrl Pts',(-0.190478101873184,-10.9831637113926,
16.25));
#7439=CARTESIAN_POINT('Ctrl Pts',(-0.169944237174164,-11.209050254862,16.25));
#7440=CARTESIAN_POINT('Ctrl Pts',(-0.159617932513355,-11.3226466625929,
16.25));
#7441=CARTESIAN_POINT('',(-1.11118686385453,-10.4877216368914,16.25));
#7442=CARTESIAN_POINT('Ctrl Pts',(-1.11118686385453,-10.4877216368914,16.25));
#7443=CARTESIAN_POINT('Ctrl Pts',(-0.974398929873147,-10.4947469496487,
16.25));
#7444=CARTESIAN_POINT('Ctrl Pts',(-0.717948582441974,-10.5079180228933,
16.25));
#7445=CARTESIAN_POINT('Ctrl Pts',(-0.51027317428548,-10.657399231659,16.25));
#7446=CARTESIAN_POINT('Ctrl Pts',(-0.413369657471775,-10.7271487265825,
16.25));
#7447=CARTESIAN_POINT('',(-1.78649389185011,-10.6944064050913,16.25));
#7448=CARTESIAN_POINT('Ctrl Pts',(-1.78649389185011,-10.6944064050913,16.25));
#7449=CARTESIAN_POINT('Ctrl Pts',(-1.68789712935695,-10.6341601387568,16.25));
#7450=CARTESIAN_POINT('Ctrl Pts',(-1.48091886868138,-10.5076887709066,16.25));
#7451=CARTESIAN_POINT('Ctrl Pts',(-1.23825478385242,-10.4945838564302,16.25));
#7452=CARTESIAN_POINT('Ctrl Pts',(-1.11118686385453,-10.4877216368914,16.25));
#7453=CARTESIAN_POINT('',(-2.10777628235519,-11.37585259974,16.25));
#7454=CARTESIAN_POINT('Ctrl Pts',(-2.10777628235519,-11.37585259974,16.25));
#7455=CARTESIAN_POINT('Ctrl Pts',(-2.08658270329135,-11.2329422716416,16.25));
#7456=CARTESIAN_POINT('Ctrl Pts',(-2.04786727342545,-10.9718804298479,16.25));
#7457=CARTESIAN_POINT('Ctrl Pts',(-1.86793000222381,-10.7808589932229,16.25));
#7458=CARTESIAN_POINT('Ctrl Pts',(-1.78649389185011,-10.6944064050913,16.25));
#7459=CARTESIAN_POINT('',(-1.53478850610554,-11.4331514388323,16.25));
#7460=CARTESIAN_POINT('',(-1.53478850610554,-11.4331514388323,16.25));
#7461=CARTESIAN_POINT('',(-1.41200539655983,-11.072987690568,16.25));
#7462=CARTESIAN_POINT('Ctrl Pts',(-1.41200539655983,-11.072987690568,16.25));
#7463=CARTESIAN_POINT('Ctrl Pts',(-1.44388446198893,-11.1196388447625,16.25));
#7464=CARTESIAN_POINT('Ctrl Pts',(-1.51766582729657,-11.2276089437387,16.25));
#7465=CARTESIAN_POINT('Ctrl Pts',(-1.52858642371973,-11.3587009686355,16.25));
#7466=CARTESIAN_POINT('Ctrl Pts',(-1.53478850610554,-11.4331514388323,16.25));
#7467=CARTESIAN_POINT('',(-1.12551157362759,-10.9645292907953,16.25));
#7468=CARTESIAN_POINT('Ctrl Pts',(-1.12551157362759,-10.9645292907953,16.25));
#7469=CARTESIAN_POINT('Ctrl Pts',(-1.18152373175264,-10.9681212005585,16.25));
#7470=CARTESIAN_POINT('Ctrl Pts',(-1.28844697787799,-10.9749779021126,16.25));
#7471=CARTESIAN_POINT('Ctrl Pts',(-1.37215035765758,-11.0413736251456,16.25));
#7472=CARTESIAN_POINT('Ctrl Pts',(-1.41200539655983,-11.072987690568,16.25));
#7473=CARTESIAN_POINT('',(-0.840040864422916,-11.0678716748953,16.25));
#7474=CARTESIAN_POINT('Ctrl Pts',(-0.840040864422916,-11.0678716748953,
16.25));
#7475=CARTESIAN_POINT('Ctrl Pts',(-0.879444941590972,-11.0377608463831,
16.25));
#7476=CARTESIAN_POINT('Ctrl Pts',(-0.9634171420607,-10.9735930569092,16.25));
#7477=CARTESIAN_POINT('Ctrl Pts',(-1.06930940764086,-10.9676719236586,16.25));
#7478=CARTESIAN_POINT('Ctrl Pts',(-1.12551157362759,-10.9645292907953,16.25));
#7479=CARTESIAN_POINT('',(-0.736698480322956,-11.3635743409395,16.25));
#7480=CARTESIAN_POINT('Ctrl Pts',(-0.736698480322956,-11.3635743409395,
16.25));
#7481=CARTESIAN_POINT('Ctrl Pts',(-0.739521953851654,-11.3047475923598,
16.25));
#7482=CARTESIAN_POINT('Ctrl Pts',(-0.744767351624442,-11.1954603286955,
16.25));
#7483=CARTESIAN_POINT('Ctrl Pts',(-0.809946232952067,-11.108173889049,16.25));
#7484=CARTESIAN_POINT('Ctrl Pts',(-0.840040864422916,-11.0678716748953,
16.25));
#7485=CARTESIAN_POINT('',(-0.855388762429356,-11.7155525833368,16.25));
#7486=CARTESIAN_POINT('Ctrl Pts',(-0.855388762429356,-11.7155525833368,
16.25));
#7487=CARTESIAN_POINT('Ctrl Pts',(-0.820802446657802,-11.6581603315712,
16.25));
#7488=CARTESIAN_POINT('Ctrl Pts',(-0.755238137696128,-11.5493634492544,
16.25));
#7489=CARTESIAN_POINT('Ctrl Pts',(-0.742647389423448,-11.4231893864056,
16.25));
#7490=CARTESIAN_POINT('Ctrl Pts',(-0.736698480322956,-11.3635743409395,
16.25));
#7491=CARTESIAN_POINT('',(-1.33219641633332,-12.2066847234964,16.25));
#7492=CARTESIAN_POINT('Ctrl Pts',(-1.33219641633332,-12.2066847234964,16.25));
#7493=CARTESIAN_POINT('Ctrl Pts',(-1.22482547005514,-12.108077754367,16.25));
#7494=CARTESIAN_POINT('Ctrl Pts',(-1.05638335871941,-11.9533844537273,16.25));
#7495=CARTESIAN_POINT('Ctrl Pts',(-0.908871394713651,-11.7788372422499,
16.25));
#7496=CARTESIAN_POINT('Ctrl Pts',(-0.855388762429356,-11.7155525833368,
16.25));
#7497=CARTESIAN_POINT('',(-1.97885402478278,-12.9259891062975,16.25));
#7498=CARTESIAN_POINT('Ctrl Pts',(-1.97885402478278,-12.9259891062975,16.25));
#7499=CARTESIAN_POINT('Ctrl Pts',(-1.90028292604718,-12.818569403255,16.25));
#7500=CARTESIAN_POINT('Ctrl Pts',(-1.70918676043813,-12.5573093000795,16.25));
#7501=CARTESIAN_POINT('Ctrl Pts',(-1.471912810125,-12.3366297000216,16.25));
#7502=CARTESIAN_POINT('Ctrl Pts',(-1.33219641633332,-12.2066847234964,16.25));
#7503=CARTESIAN_POINT('',(-2.17530697584152,-13.5000000149012,16.25));
#7504=CARTESIAN_POINT('Ctrl Pts',(-2.17530697584152,-13.5000000149012,16.25));
#7505=CARTESIAN_POINT('Ctrl Pts',(-2.15866486323711,-13.3999198928689,16.25));
#7506=CARTESIAN_POINT('Ctrl Pts',(-2.12504121288346,-13.1977184590395,16.25));
#7507=CARTESIAN_POINT('Ctrl Pts',(-2.02790992885608,-13.0171730823709,16.25));
#7508=CARTESIAN_POINT('Ctrl Pts',(-1.97885402478278,-12.9259891062975,16.25));
#7509=CARTESIAN_POINT('',(-0.159617932513355,-13.5000000149012,16.25));
#7510=CARTESIAN_POINT('',(-0.159617932513355,-13.5000000149012,16.25));
#7511=CARTESIAN_POINT('',(-0.159617932513355,-12.9658935219049,16.25));
#7512=CARTESIAN_POINT('',(-0.159617932513355,-12.9658935219049,16.25));
#7513=CARTESIAN_POINT('',(-1.30150062032044,-12.9658935219049,16.25));
#7514=CARTESIAN_POINT('Ctrl Pts',(-1.18383352644741,-12.8062755614519,16.25));
#7515=CARTESIAN_POINT('Ctrl Pts',(-1.18383352644741,-12.8062755614519,17.));
#7516=CARTESIAN_POINT('Ctrl Pts',(-1.20648180731393,-12.8326806914457,16.25));
#7517=CARTESIAN_POINT('Ctrl Pts',(-1.20648180731393,-12.8326806914457,17.));
#7518=CARTESIAN_POINT('Ctrl Pts',(-1.24964127681461,-12.8829993628427,16.25));
#7519=CARTESIAN_POINT('Ctrl Pts',(-1.24964127681461,-12.8829993628427,17.));
#7520=CARTESIAN_POINT('Ctrl Pts',(-1.28479438846653,-12.9391895772152,16.25));
#7521=CARTESIAN_POINT('Ctrl Pts',(-1.28479438846653,-12.9391895772152,17.));
#7522=CARTESIAN_POINT('Ctrl Pts',(-1.30150062032044,-12.9658935219049,16.25));
#7523=CARTESIAN_POINT('Ctrl Pts',(-1.30150062032044,-12.9658935219049,17.));
#7524=CARTESIAN_POINT('',(-1.30150062032044,-12.9658935219049,17.));
#7525=CARTESIAN_POINT('',(-1.30150062032044,-12.9658935219049,17.));
#7526=CARTESIAN_POINT('',(-1.18383352644741,-12.8062755614519,17.));
#7527=CARTESIAN_POINT('Ctrl Pts',(-1.18383352644741,-12.8062755614519,17.));
#7528=CARTESIAN_POINT('Ctrl Pts',(-1.20648180731393,-12.8326806914457,17.));
#7529=CARTESIAN_POINT('Ctrl Pts',(-1.24964127681461,-12.8829993628427,17.));
#7530=CARTESIAN_POINT('Ctrl Pts',(-1.28479438846653,-12.9391895772152,17.));
#7531=CARTESIAN_POINT('Ctrl Pts',(-1.30150062032044,-12.9658935219049,17.));
#7532=CARTESIAN_POINT('',(-1.18383352644741,-12.8062755614519,17.));
#7533=CARTESIAN_POINT('Ctrl Pts',(-0.839017750695347,-12.4747613817453,
16.25));
#7534=CARTESIAN_POINT('Ctrl Pts',(-0.839017750695347,-12.4747613817453,
17.));
#7535=CARTESIAN_POINT('Ctrl Pts',(-0.913992179269558,-12.543093509022,16.25));
#7536=CARTESIAN_POINT('Ctrl Pts',(-0.913992179269558,-12.543093509022,17.));
#7537=CARTESIAN_POINT('Ctrl Pts',(-1.03189338049436,-12.65054934485,16.25));
#7538=CARTESIAN_POINT('Ctrl Pts',(-1.03189338049436,-12.65054934485,17.));
#7539=CARTESIAN_POINT('Ctrl Pts',(-1.14327901379231,-12.7647105044862,16.25));
#7540=CARTESIAN_POINT('Ctrl Pts',(-1.14327901379231,-12.7647105044862,17.));
#7541=CARTESIAN_POINT('Ctrl Pts',(-1.18383352644741,-12.8062755614519,16.25));
#7542=CARTESIAN_POINT('Ctrl Pts',(-1.18383352644741,-12.8062755614519,17.));
#7543=CARTESIAN_POINT('',(-0.839017750695347,-12.4747613817453,17.));
#7544=CARTESIAN_POINT('Ctrl Pts',(-0.839017750695347,-12.4747613817453,
17.));
#7545=CARTESIAN_POINT('Ctrl Pts',(-0.913992179269558,-12.543093509022,17.));
#7546=CARTESIAN_POINT('Ctrl Pts',(-1.03189338049436,-12.65054934485,17.));
#7547=CARTESIAN_POINT('Ctrl Pts',(-1.14327901379231,-12.7647105044862,17.));
#7548=CARTESIAN_POINT('Ctrl Pts',(-1.18383352644741,-12.8062755614519,17.));
#7549=CARTESIAN_POINT('',(-0.839017750695347,-12.4747613817453,17.));
#7550=CARTESIAN_POINT('Ctrl Pts',(-0.462482841685413,-12.0920873433352,
16.25));
#7551=CARTESIAN_POINT('Ctrl Pts',(-0.462482841685414,-12.0920873433352,
17.));
#7552=CARTESIAN_POINT('Ctrl Pts',(-0.51048056167162,-12.1468977583458,16.25));
#7553=CARTESIAN_POINT('Ctrl Pts',(-0.510480561671621,-12.1468977583458,
17.));
#7554=CARTESIAN_POINT('Ctrl Pts',(-0.628528082215386,-12.2817006946903,
16.25));
#7555=CARTESIAN_POINT('Ctrl Pts',(-0.628528082215386,-12.2817006946903,
17.));
#7556=CARTESIAN_POINT('Ctrl Pts',(-0.760628759240731,-12.4028631614808,
16.25));
#7557=CARTESIAN_POINT('Ctrl Pts',(-0.760628759240731,-12.4028631614808,
17.));
#7558=CARTESIAN_POINT('Ctrl Pts',(-0.839017750695347,-12.4747613817453,
16.25));
#7559=CARTESIAN_POINT('Ctrl Pts',(-0.839017750695347,-12.4747613817453,
17.));
#7560=CARTESIAN_POINT('',(-0.462482841685414,-12.0920873433352,17.));
#7561=CARTESIAN_POINT('Ctrl Pts',(-0.462482841685414,-12.0920873433352,
17.));
#7562=CARTESIAN_POINT('Ctrl Pts',(-0.510480561671621,-12.1468977583458,
17.));
#7563=CARTESIAN_POINT('Ctrl Pts',(-0.628528082215386,-12.2817006946903,
17.));
#7564=CARTESIAN_POINT('Ctrl Pts',(-0.760628759240731,-12.4028631614808,
17.));
#7565=CARTESIAN_POINT('Ctrl Pts',(-0.839017750695347,-12.4747613817453,
17.));
#7566=CARTESIAN_POINT('',(-0.462482841685414,-12.0920873433352,17.));
#7567=CARTESIAN_POINT('Ctrl Pts',(-0.232264669612049,-11.7083901911974,
16.25));
#7568=CARTESIAN_POINT('Ctrl Pts',(-0.23226466961205,-11.7083901911974,17.));
#7569=CARTESIAN_POINT('Ctrl Pts',(-0.261548794704372,-11.7720825164967,
16.25));
#7570=CARTESIAN_POINT('Ctrl Pts',(-0.261548794704372,-11.7720825164967,
17.));
#7571=CARTESIAN_POINT('Ctrl Pts',(-0.32419918245869,-11.9083457261502,16.25));
#7572=CARTESIAN_POINT('Ctrl Pts',(-0.32419918245869,-11.9083457261502,17.));
#7573=CARTESIAN_POINT('Ctrl Pts',(-0.414428583641468,-12.02823621924,16.25));
#7574=CARTESIAN_POINT('Ctrl Pts',(-0.414428583641469,-12.02823621924,17.));
#7575=CARTESIAN_POINT('Ctrl Pts',(-0.462482841685413,-12.0920873433352,
16.25));
#7576=CARTESIAN_POINT('Ctrl Pts',(-0.462482841685414,-12.0920873433352,
17.));
#7577=CARTESIAN_POINT('',(-0.23226466961205,-11.7083901911974,17.));
#7578=CARTESIAN_POINT('Ctrl Pts',(-0.23226466961205,-11.7083901911974,17.));
#7579=CARTESIAN_POINT('Ctrl Pts',(-0.261548794704372,-11.7720825164967,
17.));
#7580=CARTESIAN_POINT('Ctrl Pts',(-0.32419918245869,-11.9083457261502,17.));
#7581=CARTESIAN_POINT('Ctrl Pts',(-0.414428583641469,-12.02823621924,17.));
#7582=CARTESIAN_POINT('Ctrl Pts',(-0.462482841685414,-12.0920873433352,
17.));
#7583=CARTESIAN_POINT('',(-0.23226466961205,-11.7083901911974,17.));
#7584=CARTESIAN_POINT('Ctrl Pts',(-0.159617932513355,-11.3226466625929,
16.25));
#7585=CARTESIAN_POINT('Ctrl Pts',(-0.159617932513356,-11.3226466625929,
17.));
#7586=CARTESIAN_POINT('Ctrl Pts',(-0.162557442240467,-11.389146060367,16.25));
#7587=CARTESIAN_POINT('Ctrl Pts',(-0.162557442240467,-11.389146060367,17.));
#7588=CARTESIAN_POINT('Ctrl Pts',(-0.168394757076213,-11.5212013883745,
16.25));
#7589=CARTESIAN_POINT('Ctrl Pts',(-0.168394757076213,-11.5212013883745,
17.));
#7590=CARTESIAN_POINT('Ctrl Pts',(-0.211076344779317,-11.6462918259141,
16.25));
#7591=CARTESIAN_POINT('Ctrl Pts',(-0.211076344779317,-11.6462918259141,
17.));
#7592=CARTESIAN_POINT('Ctrl Pts',(-0.232264669612049,-11.7083901911974,
16.25));
#7593=CARTESIAN_POINT('Ctrl Pts',(-0.23226466961205,-11.7083901911974,17.));
#7594=CARTESIAN_POINT('',(-0.159617932513356,-11.3226466625929,17.));
#7595=CARTESIAN_POINT('Ctrl Pts',(-0.159617932513356,-11.3226466625929,
17.));
#7596=CARTESIAN_POINT('Ctrl Pts',(-0.162557442240467,-11.389146060367,17.));
#7597=CARTESIAN_POINT('Ctrl Pts',(-0.168394757076213,-11.5212013883745,
17.));
#7598=CARTESIAN_POINT('Ctrl Pts',(-0.211076344779317,-11.6462918259141,
17.));
#7599=CARTESIAN_POINT('Ctrl Pts',(-0.23226466961205,-11.7083901911974,17.));
#7600=CARTESIAN_POINT('',(-0.159617932513356,-11.3226466625929,17.));
#7601=CARTESIAN_POINT('Ctrl Pts',(-0.413369657471775,-10.7271487265825,
16.25));
#7602=CARTESIAN_POINT('Ctrl Pts',(-0.413369657471775,-10.7271487265825,
17.));
#7603=CARTESIAN_POINT('Ctrl Pts',(-0.339359459335855,-10.8121574192657,
16.25));
#7604=CARTESIAN_POINT('Ctrl Pts',(-0.339359459335855,-10.8121574192657,
17.));
#7605=CARTESIAN_POINT('Ctrl Pts',(-0.190478101873184,-10.9831637113926,
16.25));
#7606=CARTESIAN_POINT('Ctrl Pts',(-0.190478101873184,-10.9831637113926,
17.));
#7607=CARTESIAN_POINT('Ctrl Pts',(-0.169944237174164,-11.209050254862,16.25));
#7608=CARTESIAN_POINT('Ctrl Pts',(-0.169944237174165,-11.209050254862,17.));
#7609=CARTESIAN_POINT('Ctrl Pts',(-0.159617932513355,-11.3226466625929,
16.25));
#7610=CARTESIAN_POINT('Ctrl Pts',(-0.159617932513356,-11.3226466625929,
17.));
#7611=CARTESIAN_POINT('',(-0.413369657471775,-10.7271487265825,17.));
#7612=CARTESIAN_POINT('Ctrl Pts',(-0.413369657471775,-10.7271487265825,
17.));
#7613=CARTESIAN_POINT('Ctrl Pts',(-0.339359459335855,-10.8121574192657,
17.));
#7614=CARTESIAN_POINT('Ctrl Pts',(-0.190478101873184,-10.9831637113926,
17.));
#7615=CARTESIAN_POINT('Ctrl Pts',(-0.169944237174165,-11.209050254862,17.));
#7616=CARTESIAN_POINT('Ctrl Pts',(-0.159617932513356,-11.3226466625929,
17.));
#7617=CARTESIAN_POINT('',(-0.413369657471775,-10.7271487265825,17.));
#7618=CARTESIAN_POINT('Ctrl Pts',(-1.11118686385453,-10.4877216368914,16.25));
#7619=CARTESIAN_POINT('Ctrl Pts',(-1.11118686385453,-10.4877216368914,17.));
#7620=CARTESIAN_POINT('Ctrl Pts',(-0.974398929873147,-10.4947469496487,
16.25));
#7621=CARTESIAN_POINT('Ctrl Pts',(-0.974398929873147,-10.4947469496487,
17.));
#7622=CARTESIAN_POINT('Ctrl Pts',(-0.717948582441974,-10.5079180228933,
16.25));
#7623=CARTESIAN_POINT('Ctrl Pts',(-0.717948582441975,-10.5079180228933,
17.));
#7624=CARTESIAN_POINT('Ctrl Pts',(-0.51027317428548,-10.657399231659,16.25));
#7625=CARTESIAN_POINT('Ctrl Pts',(-0.51027317428548,-10.657399231659,17.));
#7626=CARTESIAN_POINT('Ctrl Pts',(-0.413369657471775,-10.7271487265825,
16.25));
#7627=CARTESIAN_POINT('Ctrl Pts',(-0.413369657471775,-10.7271487265825,
17.));
#7628=CARTESIAN_POINT('',(-1.11118686385453,-10.4877216368914,17.));
#7629=CARTESIAN_POINT('Ctrl Pts',(-1.11118686385453,-10.4877216368914,17.));
#7630=CARTESIAN_POINT('Ctrl Pts',(-0.974398929873147,-10.4947469496487,
17.));
#7631=CARTESIAN_POINT('Ctrl Pts',(-0.717948582441975,-10.5079180228933,
17.));
#7632=CARTESIAN_POINT('Ctrl Pts',(-0.51027317428548,-10.657399231659,17.));
#7633=CARTESIAN_POINT('Ctrl Pts',(-0.413369657471775,-10.7271487265825,
17.));
#7634=CARTESIAN_POINT('',(-1.11118686385453,-10.4877216368914,17.));
#7635=CARTESIAN_POINT('Ctrl Pts',(-1.78649389185011,-10.6944064050913,16.25));
#7636=CARTESIAN_POINT('Ctrl Pts',(-1.78649389185011,-10.6944064050913,17.));
#7637=CARTESIAN_POINT('Ctrl Pts',(-1.68789712935695,-10.6341601387568,16.25));
#7638=CARTESIAN_POINT('Ctrl Pts',(-1.68789712935695,-10.6341601387568,17.));
#7639=CARTESIAN_POINT('Ctrl Pts',(-1.48091886868138,-10.5076887709066,16.25));
#7640=CARTESIAN_POINT('Ctrl Pts',(-1.48091886868138,-10.5076887709066,17.));
#7641=CARTESIAN_POINT('Ctrl Pts',(-1.23825478385242,-10.4945838564302,16.25));
#7642=CARTESIAN_POINT('Ctrl Pts',(-1.23825478385242,-10.4945838564302,17.));
#7643=CARTESIAN_POINT('Ctrl Pts',(-1.11118686385453,-10.4877216368914,16.25));
#7644=CARTESIAN_POINT('Ctrl Pts',(-1.11118686385453,-10.4877216368914,17.));
#7645=CARTESIAN_POINT('',(-1.78649389185011,-10.6944064050913,17.));
#7646=CARTESIAN_POINT('Ctrl Pts',(-1.78649389185011,-10.6944064050913,17.));
#7647=CARTESIAN_POINT('Ctrl Pts',(-1.68789712935695,-10.6341601387568,17.));
#7648=CARTESIAN_POINT('Ctrl Pts',(-1.48091886868138,-10.5076887709066,17.));
#7649=CARTESIAN_POINT('Ctrl Pts',(-1.23825478385242,-10.4945838564302,17.));
#7650=CARTESIAN_POINT('Ctrl Pts',(-1.11118686385453,-10.4877216368914,17.));
#7651=CARTESIAN_POINT('',(-1.78649389185011,-10.6944064050913,17.));
#7652=CARTESIAN_POINT('Ctrl Pts',(-2.10777628235519,-11.37585259974,16.25));
#7653=CARTESIAN_POINT('Ctrl Pts',(-2.10777628235519,-11.37585259974,17.));
#7654=CARTESIAN_POINT('Ctrl Pts',(-2.08658270329135,-11.2329422716416,16.25));
#7655=CARTESIAN_POINT('Ctrl Pts',(-2.08658270329135,-11.2329422716416,17.));
#7656=CARTESIAN_POINT('Ctrl Pts',(-2.04786727342545,-10.9718804298479,16.25));
#7657=CARTESIAN_POINT('Ctrl Pts',(-2.04786727342545,-10.9718804298479,17.));
#7658=CARTESIAN_POINT('Ctrl Pts',(-1.86793000222381,-10.7808589932229,16.25));
#7659=CARTESIAN_POINT('Ctrl Pts',(-1.86793000222381,-10.7808589932229,17.));
#7660=CARTESIAN_POINT('Ctrl Pts',(-1.78649389185011,-10.6944064050913,16.25));
#7661=CARTESIAN_POINT('Ctrl Pts',(-1.78649389185011,-10.6944064050913,17.));
#7662=CARTESIAN_POINT('',(-2.10777628235519,-11.37585259974,17.));
#7663=CARTESIAN_POINT('Ctrl Pts',(-2.10777628235519,-11.37585259974,17.));
#7664=CARTESIAN_POINT('Ctrl Pts',(-2.08658270329135,-11.2329422716416,17.));
#7665=CARTESIAN_POINT('Ctrl Pts',(-2.04786727342545,-10.9718804298479,17.));
#7666=CARTESIAN_POINT('Ctrl Pts',(-1.86793000222381,-10.7808589932229,17.));
#7667=CARTESIAN_POINT('Ctrl Pts',(-1.78649389185011,-10.6944064050913,17.));
#7668=CARTESIAN_POINT('',(-2.10777628235519,-11.37585259974,17.));
#7669=CARTESIAN_POINT('Origin',(-1.82128239423037,-11.4045020192862,17.));
#7670=CARTESIAN_POINT('',(-1.53478850610554,-11.4331514388323,17.));
#7671=CARTESIAN_POINT('',(5.94150504922594,-12.1807815963852,17.));
#7672=CARTESIAN_POINT('',(-1.53478850610554,-11.4331514388323,17.));
#7673=CARTESIAN_POINT('Ctrl Pts',(-1.41200539655983,-11.072987690568,16.25));
#7674=CARTESIAN_POINT('Ctrl Pts',(-1.41200539655983,-11.072987690568,17.));
#7675=CARTESIAN_POINT('Ctrl Pts',(-1.44388446198893,-11.1196388447625,16.25));
#7676=CARTESIAN_POINT('Ctrl Pts',(-1.44388446198893,-11.1196388447625,17.));
#7677=CARTESIAN_POINT('Ctrl Pts',(-1.51766582729657,-11.2276089437387,16.25));
#7678=CARTESIAN_POINT('Ctrl Pts',(-1.51766582729657,-11.2276089437387,17.));
#7679=CARTESIAN_POINT('Ctrl Pts',(-1.52858642371973,-11.3587009686355,16.25));
#7680=CARTESIAN_POINT('Ctrl Pts',(-1.52858642371973,-11.3587009686355,17.));
#7681=CARTESIAN_POINT('Ctrl Pts',(-1.53478850610554,-11.4331514388323,16.25));
#7682=CARTESIAN_POINT('Ctrl Pts',(-1.53478850610554,-11.4331514388323,17.));
#7683=CARTESIAN_POINT('',(-1.41200539655983,-11.072987690568,17.));
#7684=CARTESIAN_POINT('Ctrl Pts',(-1.41200539655983,-11.072987690568,17.));
#7685=CARTESIAN_POINT('Ctrl Pts',(-1.44388446198893,-11.1196388447625,17.));
#7686=CARTESIAN_POINT('Ctrl Pts',(-1.51766582729657,-11.2276089437387,17.));
#7687=CARTESIAN_POINT('Ctrl Pts',(-1.52858642371973,-11.3587009686355,17.));
#7688=CARTESIAN_POINT('Ctrl Pts',(-1.53478850610554,-11.4331514388323,17.));
#7689=CARTESIAN_POINT('',(-1.41200539655983,-11.072987690568,17.));
#7690=CARTESIAN_POINT('Ctrl Pts',(-1.12551157362759,-10.9645292907953,16.25));
#7691=CARTESIAN_POINT('Ctrl Pts',(-1.12551157362759,-10.9645292907953,17.));
#7692=CARTESIAN_POINT('Ctrl Pts',(-1.18152373175264,-10.9681212005585,16.25));
#7693=CARTESIAN_POINT('Ctrl Pts',(-1.18152373175264,-10.9681212005585,17.));
#7694=CARTESIAN_POINT('Ctrl Pts',(-1.28844697787799,-10.9749779021126,16.25));
#7695=CARTESIAN_POINT('Ctrl Pts',(-1.28844697787799,-10.9749779021126,17.));
#7696=CARTESIAN_POINT('Ctrl Pts',(-1.37215035765758,-11.0413736251456,16.25));
#7697=CARTESIAN_POINT('Ctrl Pts',(-1.37215035765758,-11.0413736251456,17.));
#7698=CARTESIAN_POINT('Ctrl Pts',(-1.41200539655983,-11.072987690568,16.25));
#7699=CARTESIAN_POINT('Ctrl Pts',(-1.41200539655983,-11.072987690568,17.));
#7700=CARTESIAN_POINT('',(-1.12551157362759,-10.9645292907953,17.));
#7701=CARTESIAN_POINT('Ctrl Pts',(-1.12551157362759,-10.9645292907953,17.));
#7702=CARTESIAN_POINT('Ctrl Pts',(-1.18152373175264,-10.9681212005585,17.));
#7703=CARTESIAN_POINT('Ctrl Pts',(-1.28844697787799,-10.9749779021126,17.));
#7704=CARTESIAN_POINT('Ctrl Pts',(-1.37215035765758,-11.0413736251456,17.));
#7705=CARTESIAN_POINT('Ctrl Pts',(-1.41200539655983,-11.072987690568,17.));
#7706=CARTESIAN_POINT('',(-1.12551157362759,-10.9645292907953,17.));
#7707=CARTESIAN_POINT('Ctrl Pts',(-0.840040864422916,-11.0678716748953,
16.25));
#7708=CARTESIAN_POINT('Ctrl Pts',(-0.840040864422916,-11.0678716748953,
17.));
#7709=CARTESIAN_POINT('Ctrl Pts',(-0.879444941590972,-11.0377608463831,
16.25));
#7710=CARTESIAN_POINT('Ctrl Pts',(-0.879444941590972,-11.0377608463831,
17.));
#7711=CARTESIAN_POINT('Ctrl Pts',(-0.9634171420607,-10.9735930569092,16.25));
#7712=CARTESIAN_POINT('Ctrl Pts',(-0.9634171420607,-10.9735930569092,17.));
#7713=CARTESIAN_POINT('Ctrl Pts',(-1.06930940764086,-10.9676719236586,16.25));
#7714=CARTESIAN_POINT('Ctrl Pts',(-1.06930940764086,-10.9676719236586,17.));
#7715=CARTESIAN_POINT('Ctrl Pts',(-1.12551157362759,-10.9645292907953,16.25));
#7716=CARTESIAN_POINT('Ctrl Pts',(-1.12551157362759,-10.9645292907953,17.));
#7717=CARTESIAN_POINT('',(-0.840040864422916,-11.0678716748953,17.));
#7718=CARTESIAN_POINT('Ctrl Pts',(-0.840040864422916,-11.0678716748953,
17.));
#7719=CARTESIAN_POINT('Ctrl Pts',(-0.879444941590972,-11.0377608463831,
17.));
#7720=CARTESIAN_POINT('Ctrl Pts',(-0.9634171420607,-10.9735930569092,17.));
#7721=CARTESIAN_POINT('Ctrl Pts',(-1.06930940764086,-10.9676719236586,17.));
#7722=CARTESIAN_POINT('Ctrl Pts',(-1.12551157362759,-10.9645292907953,17.));
#7723=CARTESIAN_POINT('',(-0.840040864422916,-11.0678716748953,17.));
#7724=CARTESIAN_POINT('Ctrl Pts',(-0.736698480322956,-11.3635743409395,
16.25));
#7725=CARTESIAN_POINT('Ctrl Pts',(-0.736698480322956,-11.3635743409395,
17.));
#7726=CARTESIAN_POINT('Ctrl Pts',(-0.739521953851654,-11.3047475923598,
16.25));
#7727=CARTESIAN_POINT('Ctrl Pts',(-0.739521953851654,-11.3047475923598,
17.));
#7728=CARTESIAN_POINT('Ctrl Pts',(-0.744767351624442,-11.1954603286955,
16.25));
#7729=CARTESIAN_POINT('Ctrl Pts',(-0.744767351624442,-11.1954603286955,
17.));
#7730=CARTESIAN_POINT('Ctrl Pts',(-0.809946232952067,-11.108173889049,16.25));
#7731=CARTESIAN_POINT('Ctrl Pts',(-0.809946232952067,-11.108173889049,17.));
#7732=CARTESIAN_POINT('Ctrl Pts',(-0.840040864422916,-11.0678716748953,
16.25));
#7733=CARTESIAN_POINT('Ctrl Pts',(-0.840040864422916,-11.0678716748953,
17.));
#7734=CARTESIAN_POINT('',(-0.736698480322956,-11.3635743409395,17.));
#7735=CARTESIAN_POINT('Ctrl Pts',(-0.736698480322956,-11.3635743409395,
17.));
#7736=CARTESIAN_POINT('Ctrl Pts',(-0.739521953851654,-11.3047475923598,
17.));
#7737=CARTESIAN_POINT('Ctrl Pts',(-0.744767351624442,-11.1954603286955,
17.));
#7738=CARTESIAN_POINT('Ctrl Pts',(-0.809946232952067,-11.108173889049,17.));
#7739=CARTESIAN_POINT('Ctrl Pts',(-0.840040864422916,-11.0678716748953,
17.));
#7740=CARTESIAN_POINT('',(-0.736698480322956,-11.3635743409395,17.));
#7741=CARTESIAN_POINT('Ctrl Pts',(-0.855388762429356,-11.7155525833368,
16.25));
#7742=CARTESIAN_POINT('Ctrl Pts',(-0.855388762429356,-11.7155525833368,
17.));
#7743=CARTESIAN_POINT('Ctrl Pts',(-0.820802446657802,-11.6581603315712,
16.25));
#7744=CARTESIAN_POINT('Ctrl Pts',(-0.820802446657802,-11.6581603315712,
17.));
#7745=CARTESIAN_POINT('Ctrl Pts',(-0.755238137696128,-11.5493634492544,
16.25));
#7746=CARTESIAN_POINT('Ctrl Pts',(-0.755238137696129,-11.5493634492544,
17.));
#7747=CARTESIAN_POINT('Ctrl Pts',(-0.742647389423448,-11.4231893864056,
16.25));
#7748=CARTESIAN_POINT('Ctrl Pts',(-0.742647389423449,-11.4231893864056,
17.));
#7749=CARTESIAN_POINT('Ctrl Pts',(-0.736698480322956,-11.3635743409395,
16.25));
#7750=CARTESIAN_POINT('Ctrl Pts',(-0.736698480322956,-11.3635743409395,
17.));
#7751=CARTESIAN_POINT('',(-0.855388762429356,-11.7155525833368,17.));
#7752=CARTESIAN_POINT('Ctrl Pts',(-0.855388762429356,-11.7155525833368,
17.));
#7753=CARTESIAN_POINT('Ctrl Pts',(-0.820802446657802,-11.6581603315712,
17.));
#7754=CARTESIAN_POINT('Ctrl Pts',(-0.755238137696129,-11.5493634492544,
17.));
#7755=CARTESIAN_POINT('Ctrl Pts',(-0.742647389423449,-11.4231893864056,
17.));
#7756=CARTESIAN_POINT('Ctrl Pts',(-0.736698480322956,-11.3635743409395,
17.));
#7757=CARTESIAN_POINT('',(-0.855388762429356,-11.7155525833368,17.));
#7758=CARTESIAN_POINT('Ctrl Pts',(-1.33219641633332,-12.2066847234964,16.25));
#7759=CARTESIAN_POINT('Ctrl Pts',(-1.33219641633332,-12.2066847234964,17.));
#7760=CARTESIAN_POINT('Ctrl Pts',(-1.22482547005514,-12.108077754367,16.25));
#7761=CARTESIAN_POINT('Ctrl Pts',(-1.22482547005514,-12.108077754367,17.));
#7762=CARTESIAN_POINT('Ctrl Pts',(-1.05638335871941,-11.9533844537273,16.25));
#7763=CARTESIAN_POINT('Ctrl Pts',(-1.05638335871941,-11.9533844537273,17.));
#7764=CARTESIAN_POINT('Ctrl Pts',(-0.908871394713651,-11.7788372422499,
16.25));
#7765=CARTESIAN_POINT('Ctrl Pts',(-0.908871394713651,-11.7788372422499,
17.));
#7766=CARTESIAN_POINT('Ctrl Pts',(-0.855388762429356,-11.7155525833368,
16.25));
#7767=CARTESIAN_POINT('Ctrl Pts',(-0.855388762429356,-11.7155525833368,
17.));
#7768=CARTESIAN_POINT('',(-1.33219641633332,-12.2066847234964,17.));
#7769=CARTESIAN_POINT('Ctrl Pts',(-1.33219641633332,-12.2066847234964,17.));
#7770=CARTESIAN_POINT('Ctrl Pts',(-1.22482547005514,-12.108077754367,17.));
#7771=CARTESIAN_POINT('Ctrl Pts',(-1.05638335871941,-11.9533844537273,17.));
#7772=CARTESIAN_POINT('Ctrl Pts',(-0.908871394713651,-11.7788372422499,
17.));
#7773=CARTESIAN_POINT('Ctrl Pts',(-0.855388762429356,-11.7155525833368,
17.));
#7774=CARTESIAN_POINT('',(-1.33219641633332,-12.2066847234964,17.));
#7775=CARTESIAN_POINT('Ctrl Pts',(-1.97885402478278,-12.9259891062975,16.25));
#7776=CARTESIAN_POINT('Ctrl Pts',(-1.97885402478278,-12.9259891062975,17.));
#7777=CARTESIAN_POINT('Ctrl Pts',(-1.90028292604718,-12.818569403255,16.25));
#7778=CARTESIAN_POINT('Ctrl Pts',(-1.90028292604718,-12.818569403255,17.));
#7779=CARTESIAN_POINT('Ctrl Pts',(-1.70918676043813,-12.5573093000795,16.25));
#7780=CARTESIAN_POINT('Ctrl Pts',(-1.70918676043813,-12.5573093000795,17.));
#7781=CARTESIAN_POINT('Ctrl Pts',(-1.471912810125,-12.3366297000216,16.25));
#7782=CARTESIAN_POINT('Ctrl Pts',(-1.471912810125,-12.3366297000216,17.));
#7783=CARTESIAN_POINT('Ctrl Pts',(-1.33219641633332,-12.2066847234964,16.25));
#7784=CARTESIAN_POINT('Ctrl Pts',(-1.33219641633332,-12.2066847234964,17.));
#7785=CARTESIAN_POINT('',(-1.97885402478278,-12.9259891062975,17.));
#7786=CARTESIAN_POINT('Ctrl Pts',(-1.97885402478278,-12.9259891062975,17.));
#7787=CARTESIAN_POINT('Ctrl Pts',(-1.90028292604718,-12.818569403255,17.));
#7788=CARTESIAN_POINT('Ctrl Pts',(-1.70918676043813,-12.5573093000795,17.));
#7789=CARTESIAN_POINT('Ctrl Pts',(-1.471912810125,-12.3366297000216,17.));
#7790=CARTESIAN_POINT('Ctrl Pts',(-1.33219641633332,-12.2066847234964,17.));
#7791=CARTESIAN_POINT('',(-1.97885402478278,-12.9259891062975,17.));
#7792=CARTESIAN_POINT('Ctrl Pts',(-2.17530697584152,-13.5000000149012,16.25));
#7793=CARTESIAN_POINT('Ctrl Pts',(-2.17530697584152,-13.5000000149012,17.));
#7794=CARTESIAN_POINT('Ctrl Pts',(-2.15866486323711,-13.3999198928689,16.25));
#7795=CARTESIAN_POINT('Ctrl Pts',(-2.15866486323711,-13.3999198928689,17.));
#7796=CARTESIAN_POINT('Ctrl Pts',(-2.12504121288346,-13.1977184590395,16.25));
#7797=CARTESIAN_POINT('Ctrl Pts',(-2.12504121288346,-13.1977184590395,17.));
#7798=CARTESIAN_POINT('Ctrl Pts',(-2.02790992885608,-13.0171730823709,16.25));
#7799=CARTESIAN_POINT('Ctrl Pts',(-2.02790992885608,-13.0171730823709,17.));
#7800=CARTESIAN_POINT('Ctrl Pts',(-1.97885402478278,-12.9259891062975,16.25));
#7801=CARTESIAN_POINT('Ctrl Pts',(-1.97885402478278,-12.9259891062975,17.));
#7802=CARTESIAN_POINT('',(-2.17530697584152,-13.5000000149012,17.));
#7803=CARTESIAN_POINT('Ctrl Pts',(-2.17530697584152,-13.5000000149012,17.));
#7804=CARTESIAN_POINT('Ctrl Pts',(-2.15866486323711,-13.3999198928689,17.));
#7805=CARTESIAN_POINT('Ctrl Pts',(-2.12504121288346,-13.1977184590395,17.));
#7806=CARTESIAN_POINT('Ctrl Pts',(-2.02790992885608,-13.0171730823709,17.));
#7807=CARTESIAN_POINT('Ctrl Pts',(-1.97885402478278,-12.9259891062975,17.));
#7808=CARTESIAN_POINT('',(-2.17530697584152,-13.5000000149012,17.));
#7809=CARTESIAN_POINT('Origin',(-1.16746245417744,-13.5000000149012,17.));
#7810=CARTESIAN_POINT('',(-0.159617932513356,-13.5000000149012,17.));
#7811=CARTESIAN_POINT('',(6.91626877291128,-13.5000000149012,17.));
#7812=CARTESIAN_POINT('',(-0.159617932513356,-13.5000000149012,17.));
#7813=CARTESIAN_POINT('Origin',(-0.159617932513356,-13.2329467684031,17.));
#7814=CARTESIAN_POINT('',(-0.159617932513356,-12.9658935219049,17.));
#7815=CARTESIAN_POINT('',(-0.159617932513356,-6.61647338420153,17.));
#7816=CARTESIAN_POINT('',(-0.159617932513356,-12.9658935219049,17.));
#7817=CARTESIAN_POINT('Origin',(-0.730559276416897,-12.9658935219049,17.));
#7818=CARTESIAN_POINT('',(7.13472036179155,-12.9658935219049,17.));
#7819=CARTESIAN_POINT('Origin',(15.,0.,16.25));
#7820=CARTESIAN_POINT('',(0.22714856080711,-12.0143244415522,16.25));
#7821=CARTESIAN_POINT('',(0.521828113123776,-10.7946792989969,16.25));
#7822=CARTESIAN_POINT('Ctrl Pts',(0.22714856080711,-12.0143244415522,16.25));
#7823=CARTESIAN_POINT('Ctrl Pts',(0.229923912266362,-11.7656501257283,16.25));
#7824=CARTESIAN_POINT('Ctrl Pts',(0.234740590767489,-11.334070829053,16.25));
#7825=CARTESIAN_POINT('Ctrl Pts',(0.436374766797942,-10.955232467051,16.25));
#7826=CARTESIAN_POINT('Ctrl Pts',(0.521828113123776,-10.7946792989969,16.25));
#7827=CARTESIAN_POINT('',(0.495224772021175,-13.2145292311907,16.25));
#7828=CARTESIAN_POINT('Ctrl Pts',(0.495224772021175,-13.2145292311907,16.25));
#7829=CARTESIAN_POINT('Ctrl Pts',(0.41765521845461,-13.0610832258098,16.25));
#7830=CARTESIAN_POINT('Ctrl Pts',(0.22824283216893,-12.6863927356774,16.25));
#7831=CARTESIAN_POINT('Ctrl Pts',(0.227554815707103,-12.2638338842233,16.25));
#7832=CARTESIAN_POINT('Ctrl Pts',(0.22714856080711,-12.0143244415522,16.25));
#7833=CARTESIAN_POINT('',(1.20122748427093,-13.5511595755816,16.25));
#7834=CARTESIAN_POINT('Ctrl Pts',(1.20122748427093,-13.5511595755816,16.25));
#7835=CARTESIAN_POINT('Ctrl Pts',(1.06255947395887,-13.5374212879154,16.25));
#7836=CARTESIAN_POINT('Ctrl Pts',(0.786628958852181,-13.5100839605545,16.25));
#7837=CARTESIAN_POINT('Ctrl Pts',(0.592029090258736,-13.3127123574837,16.25));
#7838=CARTESIAN_POINT('Ctrl Pts',(0.495224772021175,-13.2145292311907,16.25));
#7839=CARTESIAN_POINT('',(1.88062745146453,-13.244201913476,16.25));
#7840=CARTESIAN_POINT('Ctrl Pts',(1.88062745146453,-13.244201913476,16.25));
#7841=CARTESIAN_POINT('Ctrl Pts',(1.78930722601854,-13.3337073416386,16.25));
#7842=CARTESIAN_POINT('Ctrl Pts',(1.60082245514599,-13.5184463743851,16.25));
#7843=CARTESIAN_POINT('Ctrl Pts',(1.33715101527339,-13.5400320736331,16.25));
#7844=CARTESIAN_POINT('Ctrl Pts',(1.20122748427093,-13.5511595755816,16.25));
#7845=CARTESIAN_POINT('',(2.17530685476959,-12.020463719964,16.25));
#7846=CARTESIAN_POINT('Ctrl Pts',(2.17530685476959,-12.020463719964,16.25));
#7847=CARTESIAN_POINT('Ctrl Pts',(2.17262407835342,-12.2701720827134,16.25));
#7848=CARTESIAN_POINT('Ctrl Pts',(2.16797285778244,-12.7030999504863,16.25));
#7849=CARTESIAN_POINT('Ctrl Pts',(1.96607337794378,-13.0832981456383,16.25));
#7850=CARTESIAN_POINT('Ctrl Pts',(1.88062745146453,-13.244201913476,16.25));
#7851=CARTESIAN_POINT('',(1.88267367891967,-10.7987720519304,16.25));
#7852=CARTESIAN_POINT('Ctrl Pts',(1.88267367891967,-10.7987720519304,16.25));
#7853=CARTESIAN_POINT('Ctrl Pts',(1.96750821500202,-10.958858768927,16.25));
#7854=CARTESIAN_POINT('Ctrl Pts',(2.16867367553234,-11.3384673533147,16.25));
#7855=CARTESIAN_POINT('Ctrl Pts',(2.17287645269509,-11.770579716378,16.25));
#7856=CARTESIAN_POINT('Ctrl Pts',(2.17530685476959,-12.020463719964,16.25));
#7857=CARTESIAN_POINT('',(1.20122748427093,-10.4877216368914,16.25));
#7858=CARTESIAN_POINT('Ctrl Pts',(1.20122748427093,-10.4877216368914,16.25));
#7859=CARTESIAN_POINT('Ctrl Pts',(1.33737908755663,-10.4991830400455,16.25));
#7860=CARTESIAN_POINT('Ctrl Pts',(1.60233525586076,-10.5214873639743,16.25));
#7861=CARTESIAN_POINT('Ctrl Pts',(1.79097111544827,-10.7080684073159,16.25));
#7862=CARTESIAN_POINT('Ctrl Pts',(1.88267367891967,-10.7987720519304,16.25));
#7863=CARTESIAN_POINT('Ctrl Pts',(0.521828113123776,-10.7946792989969,16.25));
#7864=CARTESIAN_POINT('Ctrl Pts',(0.613148335788709,-10.7051738697146,16.25));
#7865=CARTESIAN_POINT('Ctrl Pts',(0.801632957204005,-10.5204349755183,16.25));
#7866=CARTESIAN_POINT('Ctrl Pts',(1.06530416850434,-10.4988491803255,16.25));
#7867=CARTESIAN_POINT('Ctrl Pts',(1.20122748427093,-10.4877216368914,16.25));
#7868=CARTESIAN_POINT('',(1.52046400122345,-11.2950203567743,16.25));
#7869=CARTESIAN_POINT('',(1.386425672099,-11.0310367494822,16.25));
#7870=CARTESIAN_POINT('Ctrl Pts',(1.52046400122345,-11.2950203567743,16.25));
#7871=CARTESIAN_POINT('Ctrl Pts',(1.50478814751451,-11.2377542504702,16.25));
#7872=CARTESIAN_POINT('Ctrl Pts',(1.47804939521077,-11.1400738140299,16.25));
#7873=CARTESIAN_POINT('Ctrl Pts',(1.41323994961254,-11.0629471544378,16.25));
#7874=CARTESIAN_POINT('Ctrl Pts',(1.386425672099,-11.0310367494822,16.25));
#7875=CARTESIAN_POINT('',(1.5736700873822,-12.020463719964,16.25));
#7876=CARTESIAN_POINT('Ctrl Pts',(1.5736700873822,-12.020463719964,16.25));
#7877=CARTESIAN_POINT('Ctrl Pts',(1.57428609929599,-11.8715818087276,16.25));
#7878=CARTESIAN_POINT('Ctrl Pts',(1.57529328893137,-11.628157429207,16.25));
#7879=CARTESIAN_POINT('Ctrl Pts',(1.5358018848882,-11.3882117490938,16.25));
#7880=CARTESIAN_POINT('Ctrl Pts',(1.52046400122345,-11.2950203567743,16.25));
#7881=CARTESIAN_POINT('',(1.51432472281158,-12.7694407850504,16.25));
#7882=CARTESIAN_POINT('Ctrl Pts',(1.51432472281158,-12.7694407850504,16.25));
#7883=CARTESIAN_POINT('Ctrl Pts',(1.53146919014103,-12.6704007539207,16.25));
#7884=CARTESIAN_POINT('Ctrl Pts',(1.57432381059213,-12.4228385017975,16.25));
#7885=CARTESIAN_POINT('Ctrl Pts',(1.57391521797843,-12.1713446565466,16.25));
#7886=CARTESIAN_POINT('Ctrl Pts',(1.5736700873822,-12.020463719964,16.25));
#7887=CARTESIAN_POINT('',(1.38744848780334,-13.0078444629908,16.25));
#7888=CARTESIAN_POINT('Ctrl Pts',(1.38744848780334,-13.0078444629908,16.25));
#7889=CARTESIAN_POINT('Ctrl Pts',(1.41392836956745,-12.9781603400504,16.25));
#7890=CARTESIAN_POINT('Ctrl Pts',(1.47529444817818,-12.9093685592535,16.25));
#7891=CARTESIAN_POINT('Ctrl Pts',(1.50017837834992,-12.8201569665844,16.25));
#7892=CARTESIAN_POINT('Ctrl Pts',(1.51432472281158,-12.7694407850504,16.25));
#7893=CARTESIAN_POINT('',(1.20122748427093,-13.0743519216776,16.25));
#7894=CARTESIAN_POINT('Ctrl Pts',(1.20122748427093,-13.0743519216776,16.25));
#7895=CARTESIAN_POINT('Ctrl Pts',(1.23511699864273,-13.0715491924382,16.25));
#7896=CARTESIAN_POINT('Ctrl Pts',(1.30309100961835,-13.0659276085468,16.25));
#7897=CARTESIAN_POINT('Ctrl Pts',(1.35927560690495,-13.0272425006889,16.25));
#7898=CARTESIAN_POINT('Ctrl Pts',(1.38744848780334,-13.0078444629908,16.25));
#7899=CARTESIAN_POINT('',(1.01602989248932,-13.0088675767183,16.25));
#7900=CARTESIAN_POINT('Ctrl Pts',(1.01602989248932,-13.0088675767183,16.25));
#7901=CARTESIAN_POINT('Ctrl Pts',(1.04396980394066,-13.0279672103387,16.25));
#7902=CARTESIAN_POINT('Ctrl Pts',(1.09989885365632,-13.0662001288705,16.25));
#7903=CARTESIAN_POINT('Ctrl Pts',(1.16743146077859,-13.0716330634483,16.25));
#7904=CARTESIAN_POINT('Ctrl Pts',(1.20122748427093,-13.0743519216776,16.25));
#7905=CARTESIAN_POINT('',(0.881991563364865,-12.7459070831537,16.25));
#7906=CARTESIAN_POINT('Ctrl Pts',(0.881991563364865,-12.7459070831537,16.25));
#7907=CARTESIAN_POINT('Ctrl Pts',(0.89762388003698,-12.8031234359175,16.25));
#7908=CARTESIAN_POINT('Ctrl Pts',(0.924248658019504,-12.9005736553095,16.25));
#7909=CARTESIAN_POINT('Ctrl Pts',(0.989209698134424,-12.9772220662127,16.25));
#7910=CARTESIAN_POINT('Ctrl Pts',(1.01602989248932,-13.0088675767183,16.25));
#7911=CARTESIAN_POINT('',(0.828785477206112,-12.020463719964,16.25));
#7912=CARTESIAN_POINT('Ctrl Pts',(0.828785477206112,-12.020463719964,16.25));
#7913=CARTESIAN_POINT('Ctrl Pts',(0.828169465292317,-12.1693456312005,16.25));
#7914=CARTESIAN_POINT('Ctrl Pts',(0.827162275656936,-12.4127700107211,16.25));
#7915=CARTESIAN_POINT('Ctrl Pts',(0.866653679700115,-12.6527156908342,16.25));
#7916=CARTESIAN_POINT('Ctrl Pts',(0.881991563364865,-12.7459070831537,16.25));
#7917=CARTESIAN_POINT('',(0.88813084177673,-11.2694405764341,16.25));
#7918=CARTESIAN_POINT('Ctrl Pts',(0.88813084177673,-11.2694405764341,16.25));
#7919=CARTESIAN_POINT('Ctrl Pts',(0.870983558553888,-11.3689927259099,16.25));
#7920=CARTESIAN_POINT('Ctrl Pts',(0.828221889128199,-11.6172545672277,16.25));
#7921=CARTESIAN_POINT('Ctrl Pts',(0.828574351212454,-11.8694173505329,16.25));
#7922=CARTESIAN_POINT('Ctrl Pts',(0.828785477206112,-12.020463719964,16.25));
#7923=CARTESIAN_POINT('',(1.01500648073852,-11.0310367494822,16.25));
#7924=CARTESIAN_POINT('Ctrl Pts',(1.01500648073852,-11.0310367494822,16.25));
#7925=CARTESIAN_POINT('Ctrl Pts',(0.988526703660335,-11.0607209318761,16.25));
#7926=CARTESIAN_POINT('Ctrl Pts',(0.927160871413186,-11.1295128462415,16.25));
#7927=CARTESIAN_POINT('Ctrl Pts',(0.90227709702113,-11.2187244123545,16.25));
#7928=CARTESIAN_POINT('Ctrl Pts',(0.88813084177673,-11.2694405764341,16.25));
#7929=CARTESIAN_POINT('',(1.20122748427093,-10.9645292907953,16.25));
#7930=CARTESIAN_POINT('Ctrl Pts',(1.20122748427093,-10.9645292907953,16.25));
#7931=CARTESIAN_POINT('Ctrl Pts',(1.16733797650262,-10.9673320890133,16.25));
#7932=CARTESIAN_POINT('Ctrl Pts',(1.09936401217627,-10.9729538084962,16.25));
#7933=CARTESIAN_POINT('Ctrl Pts',(1.04317937025335,-11.011638786417,16.25));
#7934=CARTESIAN_POINT('Ctrl Pts',(1.01500648073852,-11.0310367494822,16.25));
#7935=CARTESIAN_POINT('Ctrl Pts',(1.386425672099,-11.0310367494822,16.25));
#7936=CARTESIAN_POINT('Ctrl Pts',(1.35851510219426,-11.0116387443613,16.25));
#7937=CARTESIAN_POINT('Ctrl Pts',(1.30273928651699,-10.9728742346496,16.25));
#7938=CARTESIAN_POINT('Ctrl Pts',(1.23504641565904,-10.9673094314036,16.25));
#7939=CARTESIAN_POINT('Ctrl Pts',(1.20122748427093,-10.9645292907953,16.25));
#7940=CARTESIAN_POINT('Ctrl Pts',(0.22714856080711,-12.0143244415522,16.25));
#7941=CARTESIAN_POINT('Ctrl Pts',(0.227148560807109,-12.0143244415522,17.));
#7942=CARTESIAN_POINT('Ctrl Pts',(0.229923912266362,-11.7656501257283,16.25));
#7943=CARTESIAN_POINT('Ctrl Pts',(0.229923912266362,-11.7656501257283,17.));
#7944=CARTESIAN_POINT('Ctrl Pts',(0.234740590767489,-11.334070829053,16.25));
#7945=CARTESIAN_POINT('Ctrl Pts',(0.234740590767489,-11.334070829053,17.));
#7946=CARTESIAN_POINT('Ctrl Pts',(0.436374766797942,-10.955232467051,16.25));
#7947=CARTESIAN_POINT('Ctrl Pts',(0.436374766797942,-10.955232467051,17.));
#7948=CARTESIAN_POINT('Ctrl Pts',(0.521828113123776,-10.7946792989969,16.25));
#7949=CARTESIAN_POINT('Ctrl Pts',(0.521828113123775,-10.7946792989969,17.));
#7950=CARTESIAN_POINT('',(0.521828113123775,-10.7946792989969,17.));
#7951=CARTESIAN_POINT('',(0.521828113123775,-10.7946792989969,17.));
#7952=CARTESIAN_POINT('',(0.227148560807109,-12.0143244415522,17.));
#7953=CARTESIAN_POINT('Ctrl Pts',(0.227148560807109,-12.0143244415522,17.));
#7954=CARTESIAN_POINT('Ctrl Pts',(0.229923912266362,-11.7656501257283,17.));
#7955=CARTESIAN_POINT('Ctrl Pts',(0.234740590767489,-11.334070829053,17.));
#7956=CARTESIAN_POINT('Ctrl Pts',(0.436374766797942,-10.955232467051,17.));
#7957=CARTESIAN_POINT('Ctrl Pts',(0.521828113123775,-10.7946792989969,17.));
#7958=CARTESIAN_POINT('',(0.227148560807109,-12.0143244415522,17.));
#7959=CARTESIAN_POINT('Ctrl Pts',(0.495224772021175,-13.2145292311907,16.25));
#7960=CARTESIAN_POINT('Ctrl Pts',(0.495224772021175,-13.2145292311907,17.));
#7961=CARTESIAN_POINT('Ctrl Pts',(0.41765521845461,-13.0610832258098,16.25));
#7962=CARTESIAN_POINT('Ctrl Pts',(0.41765521845461,-13.0610832258098,17.));
#7963=CARTESIAN_POINT('Ctrl Pts',(0.22824283216893,-12.6863927356774,16.25));
#7964=CARTESIAN_POINT('Ctrl Pts',(0.22824283216893,-12.6863927356774,17.));
#7965=CARTESIAN_POINT('Ctrl Pts',(0.227554815707103,-12.2638338842233,16.25));
#7966=CARTESIAN_POINT('Ctrl Pts',(0.227554815707103,-12.2638338842233,17.));
#7967=CARTESIAN_POINT('Ctrl Pts',(0.22714856080711,-12.0143244415522,16.25));
#7968=CARTESIAN_POINT('Ctrl Pts',(0.227148560807109,-12.0143244415522,17.));
#7969=CARTESIAN_POINT('',(0.495224772021175,-13.2145292311907,17.));
#7970=CARTESIAN_POINT('Ctrl Pts',(0.495224772021175,-13.2145292311907,17.));
#7971=CARTESIAN_POINT('Ctrl Pts',(0.41765521845461,-13.0610832258098,17.));
#7972=CARTESIAN_POINT('Ctrl Pts',(0.22824283216893,-12.6863927356774,17.));
#7973=CARTESIAN_POINT('Ctrl Pts',(0.227554815707103,-12.2638338842233,17.));
#7974=CARTESIAN_POINT('Ctrl Pts',(0.227148560807109,-12.0143244415522,17.));
#7975=CARTESIAN_POINT('',(0.495224772021175,-13.2145292311907,17.));
#7976=CARTESIAN_POINT('Ctrl Pts',(1.20122748427093,-13.5511595755816,16.25));
#7977=CARTESIAN_POINT('Ctrl Pts',(1.20122748427093,-13.5511595755816,17.));
#7978=CARTESIAN_POINT('Ctrl Pts',(1.06255947395887,-13.5374212879154,16.25));
#7979=CARTESIAN_POINT('Ctrl Pts',(1.06255947395887,-13.5374212879154,17.));
#7980=CARTESIAN_POINT('Ctrl Pts',(0.786628958852181,-13.5100839605545,16.25));
#7981=CARTESIAN_POINT('Ctrl Pts',(0.78662895885218,-13.5100839605545,17.));
#7982=CARTESIAN_POINT('Ctrl Pts',(0.592029090258736,-13.3127123574837,16.25));
#7983=CARTESIAN_POINT('Ctrl Pts',(0.592029090258736,-13.3127123574837,17.));
#7984=CARTESIAN_POINT('Ctrl Pts',(0.495224772021175,-13.2145292311907,16.25));
#7985=CARTESIAN_POINT('Ctrl Pts',(0.495224772021175,-13.2145292311907,17.));
#7986=CARTESIAN_POINT('',(1.20122748427093,-13.5511595755816,17.));
#7987=CARTESIAN_POINT('Ctrl Pts',(1.20122748427093,-13.5511595755816,17.));
#7988=CARTESIAN_POINT('Ctrl Pts',(1.06255947395887,-13.5374212879154,17.));
#7989=CARTESIAN_POINT('Ctrl Pts',(0.78662895885218,-13.5100839605545,17.));
#7990=CARTESIAN_POINT('Ctrl Pts',(0.592029090258736,-13.3127123574837,17.));
#7991=CARTESIAN_POINT('Ctrl Pts',(0.495224772021175,-13.2145292311907,17.));
#7992=CARTESIAN_POINT('',(1.20122748427093,-13.5511595755816,17.));
#7993=CARTESIAN_POINT('Ctrl Pts',(1.88062745146453,-13.244201913476,16.25));
#7994=CARTESIAN_POINT('Ctrl Pts',(1.88062745146453,-13.244201913476,17.));
#7995=CARTESIAN_POINT('Ctrl Pts',(1.78930722601854,-13.3337073416386,16.25));
#7996=CARTESIAN_POINT('Ctrl Pts',(1.78930722601854,-13.3337073416386,17.));
#7997=CARTESIAN_POINT('Ctrl Pts',(1.60082245514599,-13.5184463743851,16.25));
#7998=CARTESIAN_POINT('Ctrl Pts',(1.60082245514599,-13.5184463743851,17.));
#7999=CARTESIAN_POINT('Ctrl Pts',(1.33715101527339,-13.5400320736331,16.25));
#8000=CARTESIAN_POINT('Ctrl Pts',(1.33715101527339,-13.5400320736331,17.));
#8001=CARTESIAN_POINT('Ctrl Pts',(1.20122748427093,-13.5511595755816,16.25));
#8002=CARTESIAN_POINT('Ctrl Pts',(1.20122748427093,-13.5511595755816,17.));
#8003=CARTESIAN_POINT('',(1.88062745146453,-13.244201913476,17.));
#8004=CARTESIAN_POINT('Ctrl Pts',(1.88062745146453,-13.244201913476,17.));
#8005=CARTESIAN_POINT('Ctrl Pts',(1.78930722601854,-13.3337073416386,17.));
#8006=CARTESIAN_POINT('Ctrl Pts',(1.60082245514599,-13.5184463743851,17.));
#8007=CARTESIAN_POINT('Ctrl Pts',(1.33715101527339,-13.5400320736331,17.));
#8008=CARTESIAN_POINT('Ctrl Pts',(1.20122748427093,-13.5511595755816,17.));
#8009=CARTESIAN_POINT('',(1.88062745146453,-13.244201913476,17.));
#8010=CARTESIAN_POINT('Ctrl Pts',(2.17530685476959,-12.020463719964,16.25));
#8011=CARTESIAN_POINT('Ctrl Pts',(2.17530685476959,-12.020463719964,17.));
#8012=CARTESIAN_POINT('Ctrl Pts',(2.17262407835342,-12.2701720827134,16.25));
#8013=CARTESIAN_POINT('Ctrl Pts',(2.17262407835342,-12.2701720827134,17.));
#8014=CARTESIAN_POINT('Ctrl Pts',(2.16797285778244,-12.7030999504863,16.25));
#8015=CARTESIAN_POINT('Ctrl Pts',(2.16797285778244,-12.7030999504863,17.));
#8016=CARTESIAN_POINT('Ctrl Pts',(1.96607337794378,-13.0832981456383,16.25));
#8017=CARTESIAN_POINT('Ctrl Pts',(1.96607337794378,-13.0832981456383,17.));
#8018=CARTESIAN_POINT('Ctrl Pts',(1.88062745146453,-13.244201913476,16.25));
#8019=CARTESIAN_POINT('Ctrl Pts',(1.88062745146453,-13.244201913476,17.));
#8020=CARTESIAN_POINT('',(2.17530685476959,-12.020463719964,17.));
#8021=CARTESIAN_POINT('Ctrl Pts',(2.17530685476959,-12.020463719964,17.));
#8022=CARTESIAN_POINT('Ctrl Pts',(2.17262407835342,-12.2701720827134,17.));
#8023=CARTESIAN_POINT('Ctrl Pts',(2.16797285778244,-12.7030999504863,17.));
#8024=CARTESIAN_POINT('Ctrl Pts',(1.96607337794378,-13.0832981456383,17.));
#8025=CARTESIAN_POINT('Ctrl Pts',(1.88062745146453,-13.244201913476,17.));
#8026=CARTESIAN_POINT('',(2.17530685476959,-12.020463719964,17.));
#8027=CARTESIAN_POINT('Ctrl Pts',(1.88267367891967,-10.7987720519304,16.25));
#8028=CARTESIAN_POINT('Ctrl Pts',(1.88267367891967,-10.7987720519304,17.));
#8029=CARTESIAN_POINT('Ctrl Pts',(1.96750821500202,-10.958858768927,16.25));
#8030=CARTESIAN_POINT('Ctrl Pts',(1.96750821500202,-10.958858768927,17.));
#8031=CARTESIAN_POINT('Ctrl Pts',(2.16867367553234,-11.3384673533147,16.25));
#8032=CARTESIAN_POINT('Ctrl Pts',(2.16867367553234,-11.3384673533147,17.));
#8033=CARTESIAN_POINT('Ctrl Pts',(2.17287645269509,-11.770579716378,16.25));
#8034=CARTESIAN_POINT('Ctrl Pts',(2.17287645269508,-11.770579716378,17.));
#8035=CARTESIAN_POINT('Ctrl Pts',(2.17530685476959,-12.020463719964,16.25));
#8036=CARTESIAN_POINT('Ctrl Pts',(2.17530685476959,-12.020463719964,17.));
#8037=CARTESIAN_POINT('',(1.88267367891967,-10.7987720519304,17.));
#8038=CARTESIAN_POINT('Ctrl Pts',(1.88267367891967,-10.7987720519304,17.));
#8039=CARTESIAN_POINT('Ctrl Pts',(1.96750821500202,-10.958858768927,17.));
#8040=CARTESIAN_POINT('Ctrl Pts',(2.16867367553234,-11.3384673533147,17.));
#8041=CARTESIAN_POINT('Ctrl Pts',(2.17287645269508,-11.770579716378,17.));
#8042=CARTESIAN_POINT('Ctrl Pts',(2.17530685476959,-12.020463719964,17.));
#8043=CARTESIAN_POINT('',(1.88267367891967,-10.7987720519304,17.));
#8044=CARTESIAN_POINT('Ctrl Pts',(1.20122748427093,-10.4877216368914,16.25));
#8045=CARTESIAN_POINT('Ctrl Pts',(1.20122748427093,-10.4877216368914,17.));
#8046=CARTESIAN_POINT('Ctrl Pts',(1.33737908755663,-10.4991830400455,16.25));
#8047=CARTESIAN_POINT('Ctrl Pts',(1.33737908755663,-10.4991830400455,17.));
#8048=CARTESIAN_POINT('Ctrl Pts',(1.60233525586076,-10.5214873639743,16.25));
#8049=CARTESIAN_POINT('Ctrl Pts',(1.60233525586076,-10.5214873639743,17.));
#8050=CARTESIAN_POINT('Ctrl Pts',(1.79097111544827,-10.7080684073159,16.25));
#8051=CARTESIAN_POINT('Ctrl Pts',(1.79097111544827,-10.7080684073159,17.));
#8052=CARTESIAN_POINT('Ctrl Pts',(1.88267367891967,-10.7987720519304,16.25));
#8053=CARTESIAN_POINT('Ctrl Pts',(1.88267367891967,-10.7987720519304,17.));
#8054=CARTESIAN_POINT('',(1.20122748427093,-10.4877216368914,17.));
#8055=CARTESIAN_POINT('Ctrl Pts',(1.20122748427093,-10.4877216368914,17.));
#8056=CARTESIAN_POINT('Ctrl Pts',(1.33737908755663,-10.4991830400455,17.));
#8057=CARTESIAN_POINT('Ctrl Pts',(1.60233525586076,-10.5214873639743,17.));
#8058=CARTESIAN_POINT('Ctrl Pts',(1.79097111544827,-10.7080684073159,17.));
#8059=CARTESIAN_POINT('Ctrl Pts',(1.88267367891967,-10.7987720519304,17.));
#8060=CARTESIAN_POINT('',(1.20122748427093,-10.4877216368914,17.));
#8061=CARTESIAN_POINT('Ctrl Pts',(0.521828113123776,-10.7946792989969,16.25));
#8062=CARTESIAN_POINT('Ctrl Pts',(0.521828113123775,-10.7946792989969,17.));
#8063=CARTESIAN_POINT('Ctrl Pts',(0.613148335788709,-10.7051738697146,16.25));
#8064=CARTESIAN_POINT('Ctrl Pts',(0.613148335788708,-10.7051738697146,17.));
#8065=CARTESIAN_POINT('Ctrl Pts',(0.801632957204005,-10.5204349755183,16.25));
#8066=CARTESIAN_POINT('Ctrl Pts',(0.801632957204005,-10.5204349755183,17.));
#8067=CARTESIAN_POINT('Ctrl Pts',(1.06530416850434,-10.4988491803255,16.25));
#8068=CARTESIAN_POINT('Ctrl Pts',(1.06530416850434,-10.4988491803255,17.));
#8069=CARTESIAN_POINT('Ctrl Pts',(1.20122748427093,-10.4877216368914,16.25));
#8070=CARTESIAN_POINT('Ctrl Pts',(1.20122748427093,-10.4877216368914,17.));
#8071=CARTESIAN_POINT('Ctrl Pts',(0.521828113123775,-10.7946792989969,17.));
#8072=CARTESIAN_POINT('Ctrl Pts',(0.613148335788708,-10.7051738697146,17.));
#8073=CARTESIAN_POINT('Ctrl Pts',(0.801632957204005,-10.5204349755183,17.));
#8074=CARTESIAN_POINT('Ctrl Pts',(1.06530416850434,-10.4988491803255,17.));
#8075=CARTESIAN_POINT('Ctrl Pts',(1.20122748427093,-10.4877216368914,17.));
#8076=CARTESIAN_POINT('Ctrl Pts',(1.52046400122345,-11.2950203567743,16.25));
#8077=CARTESIAN_POINT('Ctrl Pts',(1.52046400122345,-11.2950203567743,17.));
#8078=CARTESIAN_POINT('Ctrl Pts',(1.50478814751451,-11.2377542504702,16.25));
#8079=CARTESIAN_POINT('Ctrl Pts',(1.50478814751451,-11.2377542504702,17.));
#8080=CARTESIAN_POINT('Ctrl Pts',(1.47804939521077,-11.1400738140299,16.25));
#8081=CARTESIAN_POINT('Ctrl Pts',(1.47804939521077,-11.1400738140299,17.));
#8082=CARTESIAN_POINT('Ctrl Pts',(1.41323994961254,-11.0629471544378,16.25));
#8083=CARTESIAN_POINT('Ctrl Pts',(1.41323994961254,-11.0629471544378,17.));
#8084=CARTESIAN_POINT('Ctrl Pts',(1.386425672099,-11.0310367494822,16.25));
#8085=CARTESIAN_POINT('Ctrl Pts',(1.386425672099,-11.0310367494822,17.));
#8086=CARTESIAN_POINT('',(1.386425672099,-11.0310367494822,17.));
#8087=CARTESIAN_POINT('',(1.386425672099,-11.0310367494822,17.));
#8088=CARTESIAN_POINT('',(1.52046400122345,-11.2950203567743,17.));
#8089=CARTESIAN_POINT('Ctrl Pts',(1.52046400122345,-11.2950203567743,17.));
#8090=CARTESIAN_POINT('Ctrl Pts',(1.50478814751451,-11.2377542504702,17.));
#8091=CARTESIAN_POINT('Ctrl Pts',(1.47804939521077,-11.1400738140299,17.));
#8092=CARTESIAN_POINT('Ctrl Pts',(1.41323994961254,-11.0629471544378,17.));
#8093=CARTESIAN_POINT('Ctrl Pts',(1.386425672099,-11.0310367494822,17.));
#8094=CARTESIAN_POINT('',(1.52046400122345,-11.2950203567743,17.));
#8095=CARTESIAN_POINT('Ctrl Pts',(1.5736700873822,-12.020463719964,16.25));
#8096=CARTESIAN_POINT('Ctrl Pts',(1.5736700873822,-12.020463719964,17.));
#8097=CARTESIAN_POINT('Ctrl Pts',(1.57428609929599,-11.8715818087276,16.25));
#8098=CARTESIAN_POINT('Ctrl Pts',(1.57428609929599,-11.8715818087276,17.));
#8099=CARTESIAN_POINT('Ctrl Pts',(1.57529328893137,-11.628157429207,16.25));
#8100=CARTESIAN_POINT('Ctrl Pts',(1.57529328893137,-11.628157429207,17.));
#8101=CARTESIAN_POINT('Ctrl Pts',(1.5358018848882,-11.3882117490938,16.25));
#8102=CARTESIAN_POINT('Ctrl Pts',(1.5358018848882,-11.3882117490938,17.));
#8103=CARTESIAN_POINT('Ctrl Pts',(1.52046400122345,-11.2950203567743,16.25));
#8104=CARTESIAN_POINT('Ctrl Pts',(1.52046400122345,-11.2950203567743,17.));
#8105=CARTESIAN_POINT('',(1.5736700873822,-12.020463719964,17.));
#8106=CARTESIAN_POINT('Ctrl Pts',(1.5736700873822,-12.020463719964,17.));
#8107=CARTESIAN_POINT('Ctrl Pts',(1.57428609929599,-11.8715818087276,17.));
#8108=CARTESIAN_POINT('Ctrl Pts',(1.57529328893137,-11.628157429207,17.));
#8109=CARTESIAN_POINT('Ctrl Pts',(1.5358018848882,-11.3882117490938,17.));
#8110=CARTESIAN_POINT('Ctrl Pts',(1.52046400122345,-11.2950203567743,17.));
#8111=CARTESIAN_POINT('',(1.5736700873822,-12.020463719964,17.));
#8112=CARTESIAN_POINT('Ctrl Pts',(1.51432472281158,-12.7694407850504,16.25));
#8113=CARTESIAN_POINT('Ctrl Pts',(1.51432472281158,-12.7694407850504,17.));
#8114=CARTESIAN_POINT('Ctrl Pts',(1.53146919014103,-12.6704007539207,16.25));
#8115=CARTESIAN_POINT('Ctrl Pts',(1.53146919014103,-12.6704007539207,17.));
#8116=CARTESIAN_POINT('Ctrl Pts',(1.57432381059213,-12.4228385017975,16.25));
#8117=CARTESIAN_POINT('Ctrl Pts',(1.57432381059213,-12.4228385017975,17.));
#8118=CARTESIAN_POINT('Ctrl Pts',(1.57391521797843,-12.1713446565466,16.25));
#8119=CARTESIAN_POINT('Ctrl Pts',(1.57391521797843,-12.1713446565466,17.));
#8120=CARTESIAN_POINT('Ctrl Pts',(1.5736700873822,-12.020463719964,16.25));
#8121=CARTESIAN_POINT('Ctrl Pts',(1.5736700873822,-12.020463719964,17.));
#8122=CARTESIAN_POINT('',(1.51432472281158,-12.7694407850504,17.));
#8123=CARTESIAN_POINT('Ctrl Pts',(1.51432472281158,-12.7694407850504,17.));
#8124=CARTESIAN_POINT('Ctrl Pts',(1.53146919014103,-12.6704007539207,17.));
#8125=CARTESIAN_POINT('Ctrl Pts',(1.57432381059213,-12.4228385017975,17.));
#8126=CARTESIAN_POINT('Ctrl Pts',(1.57391521797843,-12.1713446565466,17.));
#8127=CARTESIAN_POINT('Ctrl Pts',(1.5736700873822,-12.020463719964,17.));
#8128=CARTESIAN_POINT('',(1.51432472281158,-12.7694407850504,17.));
#8129=CARTESIAN_POINT('Ctrl Pts',(1.38744848780334,-13.0078444629908,16.25));
#8130=CARTESIAN_POINT('Ctrl Pts',(1.38744848780334,-13.0078444629908,17.));
#8131=CARTESIAN_POINT('Ctrl Pts',(1.41392836956745,-12.9781603400504,16.25));
#8132=CARTESIAN_POINT('Ctrl Pts',(1.41392836956745,-12.9781603400504,17.));
#8133=CARTESIAN_POINT('Ctrl Pts',(1.47529444817818,-12.9093685592535,16.25));
#8134=CARTESIAN_POINT('Ctrl Pts',(1.47529444817818,-12.9093685592535,17.));
#8135=CARTESIAN_POINT('Ctrl Pts',(1.50017837834992,-12.8201569665844,16.25));
#8136=CARTESIAN_POINT('Ctrl Pts',(1.50017837834992,-12.8201569665844,17.));
#8137=CARTESIAN_POINT('Ctrl Pts',(1.51432472281158,-12.7694407850504,16.25));
#8138=CARTESIAN_POINT('Ctrl Pts',(1.51432472281158,-12.7694407850504,17.));
#8139=CARTESIAN_POINT('',(1.38744848780334,-13.0078444629908,17.));
#8140=CARTESIAN_POINT('Ctrl Pts',(1.38744848780334,-13.0078444629908,17.));
#8141=CARTESIAN_POINT('Ctrl Pts',(1.41392836956745,-12.9781603400504,17.));
#8142=CARTESIAN_POINT('Ctrl Pts',(1.47529444817818,-12.9093685592535,17.));
#8143=CARTESIAN_POINT('Ctrl Pts',(1.50017837834992,-12.8201569665844,17.));
#8144=CARTESIAN_POINT('Ctrl Pts',(1.51432472281158,-12.7694407850504,17.));
#8145=CARTESIAN_POINT('',(1.38744848780334,-13.0078444629908,17.));
#8146=CARTESIAN_POINT('Ctrl Pts',(1.20122748427093,-13.0743519216776,16.25));
#8147=CARTESIAN_POINT('Ctrl Pts',(1.20122748427093,-13.0743519216776,17.));
#8148=CARTESIAN_POINT('Ctrl Pts',(1.23511699864273,-13.0715491924382,16.25));
#8149=CARTESIAN_POINT('Ctrl Pts',(1.23511699864273,-13.0715491924382,17.));
#8150=CARTESIAN_POINT('Ctrl Pts',(1.30309100961835,-13.0659276085468,16.25));
#8151=CARTESIAN_POINT('Ctrl Pts',(1.30309100961835,-13.0659276085468,17.));
#8152=CARTESIAN_POINT('Ctrl Pts',(1.35927560690495,-13.0272425006889,16.25));
#8153=CARTESIAN_POINT('Ctrl Pts',(1.35927560690495,-13.0272425006889,17.));
#8154=CARTESIAN_POINT('Ctrl Pts',(1.38744848780334,-13.0078444629908,16.25));
#8155=CARTESIAN_POINT('Ctrl Pts',(1.38744848780334,-13.0078444629908,17.));
#8156=CARTESIAN_POINT('',(1.20122748427093,-13.0743519216776,17.));
#8157=CARTESIAN_POINT('Ctrl Pts',(1.20122748427093,-13.0743519216776,17.));
#8158=CARTESIAN_POINT('Ctrl Pts',(1.23511699864273,-13.0715491924382,17.));
#8159=CARTESIAN_POINT('Ctrl Pts',(1.30309100961835,-13.0659276085468,17.));
#8160=CARTESIAN_POINT('Ctrl Pts',(1.35927560690495,-13.0272425006889,17.));
#8161=CARTESIAN_POINT('Ctrl Pts',(1.38744848780334,-13.0078444629908,17.));
#8162=CARTESIAN_POINT('',(1.20122748427093,-13.0743519216776,17.));
#8163=CARTESIAN_POINT('Ctrl Pts',(1.01602989248932,-13.0088675767183,16.25));
#8164=CARTESIAN_POINT('Ctrl Pts',(1.01602989248931,-13.0088675767183,17.));
#8165=CARTESIAN_POINT('Ctrl Pts',(1.04396980394066,-13.0279672103387,16.25));
#8166=CARTESIAN_POINT('Ctrl Pts',(1.04396980394066,-13.0279672103387,17.));
#8167=CARTESIAN_POINT('Ctrl Pts',(1.09989885365632,-13.0662001288705,16.25));
#8168=CARTESIAN_POINT('Ctrl Pts',(1.09989885365632,-13.0662001288705,17.));
#8169=CARTESIAN_POINT('Ctrl Pts',(1.16743146077859,-13.0716330634483,16.25));
#8170=CARTESIAN_POINT('Ctrl Pts',(1.16743146077859,-13.0716330634483,17.));
#8171=CARTESIAN_POINT('Ctrl Pts',(1.20122748427093,-13.0743519216776,16.25));
#8172=CARTESIAN_POINT('Ctrl Pts',(1.20122748427093,-13.0743519216776,17.));
#8173=CARTESIAN_POINT('',(1.01602989248931,-13.0088675767183,17.));
#8174=CARTESIAN_POINT('Ctrl Pts',(1.01602989248931,-13.0088675767183,17.));
#8175=CARTESIAN_POINT('Ctrl Pts',(1.04396980394066,-13.0279672103387,17.));
#8176=CARTESIAN_POINT('Ctrl Pts',(1.09989885365632,-13.0662001288705,17.));
#8177=CARTESIAN_POINT('Ctrl Pts',(1.16743146077859,-13.0716330634483,17.));
#8178=CARTESIAN_POINT('Ctrl Pts',(1.20122748427093,-13.0743519216776,17.));
#8179=CARTESIAN_POINT('',(1.01602989248931,-13.0088675767183,17.));
#8180=CARTESIAN_POINT('Ctrl Pts',(0.881991563364865,-12.7459070831537,16.25));
#8181=CARTESIAN_POINT('Ctrl Pts',(0.881991563364864,-12.7459070831537,17.));
#8182=CARTESIAN_POINT('Ctrl Pts',(0.89762388003698,-12.8031234359175,16.25));
#8183=CARTESIAN_POINT('Ctrl Pts',(0.89762388003698,-12.8031234359175,17.));
#8184=CARTESIAN_POINT('Ctrl Pts',(0.924248658019504,-12.9005736553095,16.25));
#8185=CARTESIAN_POINT('Ctrl Pts',(0.924248658019504,-12.9005736553095,17.));
#8186=CARTESIAN_POINT('Ctrl Pts',(0.989209698134424,-12.9772220662127,16.25));
#8187=CARTESIAN_POINT('Ctrl Pts',(0.989209698134424,-12.9772220662127,17.));
#8188=CARTESIAN_POINT('Ctrl Pts',(1.01602989248932,-13.0088675767183,16.25));
#8189=CARTESIAN_POINT('Ctrl Pts',(1.01602989248931,-13.0088675767183,17.));
#8190=CARTESIAN_POINT('',(0.881991563364864,-12.7459070831537,17.));
#8191=CARTESIAN_POINT('Ctrl Pts',(0.881991563364864,-12.7459070831537,17.));
#8192=CARTESIAN_POINT('Ctrl Pts',(0.89762388003698,-12.8031234359175,17.));
#8193=CARTESIAN_POINT('Ctrl Pts',(0.924248658019504,-12.9005736553095,17.));
#8194=CARTESIAN_POINT('Ctrl Pts',(0.989209698134424,-12.9772220662127,17.));
#8195=CARTESIAN_POINT('Ctrl Pts',(1.01602989248931,-13.0088675767183,17.));
#8196=CARTESIAN_POINT('',(0.881991563364864,-12.7459070831537,17.));
#8197=CARTESIAN_POINT('Ctrl Pts',(0.828785477206112,-12.020463719964,16.25));
#8198=CARTESIAN_POINT('Ctrl Pts',(0.828785477206112,-12.020463719964,17.));
#8199=CARTESIAN_POINT('Ctrl Pts',(0.828169465292317,-12.1693456312005,16.25));
#8200=CARTESIAN_POINT('Ctrl Pts',(0.828169465292316,-12.1693456312005,17.));
#8201=CARTESIAN_POINT('Ctrl Pts',(0.827162275656936,-12.4127700107211,16.25));
#8202=CARTESIAN_POINT('Ctrl Pts',(0.827162275656936,-12.4127700107211,17.));
#8203=CARTESIAN_POINT('Ctrl Pts',(0.866653679700115,-12.6527156908342,16.25));
#8204=CARTESIAN_POINT('Ctrl Pts',(0.866653679700115,-12.6527156908342,17.));
#8205=CARTESIAN_POINT('Ctrl Pts',(0.881991563364865,-12.7459070831537,16.25));
#8206=CARTESIAN_POINT('Ctrl Pts',(0.881991563364864,-12.7459070831537,17.));
#8207=CARTESIAN_POINT('',(0.828785477206112,-12.020463719964,17.));
#8208=CARTESIAN_POINT('Ctrl Pts',(0.828785477206112,-12.020463719964,17.));
#8209=CARTESIAN_POINT('Ctrl Pts',(0.828169465292316,-12.1693456312005,17.));
#8210=CARTESIAN_POINT('Ctrl Pts',(0.827162275656936,-12.4127700107211,17.));
#8211=CARTESIAN_POINT('Ctrl Pts',(0.866653679700115,-12.6527156908342,17.));
#8212=CARTESIAN_POINT('Ctrl Pts',(0.881991563364864,-12.7459070831537,17.));
#8213=CARTESIAN_POINT('',(0.828785477206112,-12.020463719964,17.));
#8214=CARTESIAN_POINT('Ctrl Pts',(0.88813084177673,-11.2694405764341,16.25));
#8215=CARTESIAN_POINT('Ctrl Pts',(0.88813084177673,-11.2694405764341,17.));
#8216=CARTESIAN_POINT('Ctrl Pts',(0.870983558553888,-11.3689927259099,16.25));
#8217=CARTESIAN_POINT('Ctrl Pts',(0.870983558553887,-11.3689927259099,17.));
#8218=CARTESIAN_POINT('Ctrl Pts',(0.828221889128199,-11.6172545672277,16.25));
#8219=CARTESIAN_POINT('Ctrl Pts',(0.828221889128199,-11.6172545672277,17.));
#8220=CARTESIAN_POINT('Ctrl Pts',(0.828574351212454,-11.8694173505329,16.25));
#8221=CARTESIAN_POINT('Ctrl Pts',(0.828574351212453,-11.8694173505329,17.));
#8222=CARTESIAN_POINT('Ctrl Pts',(0.828785477206112,-12.020463719964,16.25));
#8223=CARTESIAN_POINT('Ctrl Pts',(0.828785477206112,-12.020463719964,17.));
#8224=CARTESIAN_POINT('',(0.88813084177673,-11.2694405764341,17.));
#8225=CARTESIAN_POINT('Ctrl Pts',(0.88813084177673,-11.2694405764341,17.));
#8226=CARTESIAN_POINT('Ctrl Pts',(0.870983558553887,-11.3689927259099,17.));
#8227=CARTESIAN_POINT('Ctrl Pts',(0.828221889128199,-11.6172545672277,17.));
#8228=CARTESIAN_POINT('Ctrl Pts',(0.828574351212453,-11.8694173505329,17.));
#8229=CARTESIAN_POINT('Ctrl Pts',(0.828785477206112,-12.020463719964,17.));
#8230=CARTESIAN_POINT('',(0.88813084177673,-11.2694405764341,17.));
#8231=CARTESIAN_POINT('Ctrl Pts',(1.01500648073852,-11.0310367494822,16.25));
#8232=CARTESIAN_POINT('Ctrl Pts',(1.01500648073852,-11.0310367494822,17.));
#8233=CARTESIAN_POINT('Ctrl Pts',(0.988526703660335,-11.0607209318761,16.25));
#8234=CARTESIAN_POINT('Ctrl Pts',(0.988526703660335,-11.0607209318761,17.));
#8235=CARTESIAN_POINT('Ctrl Pts',(0.927160871413186,-11.1295128462415,16.25));
#8236=CARTESIAN_POINT('Ctrl Pts',(0.927160871413186,-11.1295128462415,17.));
#8237=CARTESIAN_POINT('Ctrl Pts',(0.90227709702113,-11.2187244123545,16.25));
#8238=CARTESIAN_POINT('Ctrl Pts',(0.902277097021129,-11.2187244123545,17.));
#8239=CARTESIAN_POINT('Ctrl Pts',(0.88813084177673,-11.2694405764341,16.25));
#8240=CARTESIAN_POINT('Ctrl Pts',(0.88813084177673,-11.2694405764341,17.));
#8241=CARTESIAN_POINT('',(1.01500648073852,-11.0310367494822,17.));
#8242=CARTESIAN_POINT('Ctrl Pts',(1.01500648073852,-11.0310367494822,17.));
#8243=CARTESIAN_POINT('Ctrl Pts',(0.988526703660335,-11.0607209318761,17.));
#8244=CARTESIAN_POINT('Ctrl Pts',(0.927160871413186,-11.1295128462415,17.));
#8245=CARTESIAN_POINT('Ctrl Pts',(0.902277097021129,-11.2187244123545,17.));
#8246=CARTESIAN_POINT('Ctrl Pts',(0.88813084177673,-11.2694405764341,17.));
#8247=CARTESIAN_POINT('',(1.01500648073852,-11.0310367494822,17.));
#8248=CARTESIAN_POINT('Ctrl Pts',(1.20122748427093,-10.9645292907953,16.25));
#8249=CARTESIAN_POINT('Ctrl Pts',(1.20122748427093,-10.9645292907953,17.));
#8250=CARTESIAN_POINT('Ctrl Pts',(1.16733797650262,-10.9673320890133,16.25));
#8251=CARTESIAN_POINT('Ctrl Pts',(1.16733797650262,-10.9673320890133,17.));
#8252=CARTESIAN_POINT('Ctrl Pts',(1.09936401217627,-10.9729538084962,16.25));
#8253=CARTESIAN_POINT('Ctrl Pts',(1.09936401217627,-10.9729538084962,17.));
#8254=CARTESIAN_POINT('Ctrl Pts',(1.04317937025335,-11.011638786417,16.25));
#8255=CARTESIAN_POINT('Ctrl Pts',(1.04317937025335,-11.011638786417,17.));
#8256=CARTESIAN_POINT('Ctrl Pts',(1.01500648073852,-11.0310367494822,16.25));
#8257=CARTESIAN_POINT('Ctrl Pts',(1.01500648073852,-11.0310367494822,17.));
#8258=CARTESIAN_POINT('',(1.20122748427093,-10.9645292907953,17.));
#8259=CARTESIAN_POINT('Ctrl Pts',(1.20122748427093,-10.9645292907953,17.));
#8260=CARTESIAN_POINT('Ctrl Pts',(1.16733797650262,-10.9673320890133,17.));
#8261=CARTESIAN_POINT('Ctrl Pts',(1.09936401217627,-10.9729538084962,17.));
#8262=CARTESIAN_POINT('Ctrl Pts',(1.04317937025335,-11.011638786417,17.));
#8263=CARTESIAN_POINT('Ctrl Pts',(1.01500648073852,-11.0310367494822,17.));
#8264=CARTESIAN_POINT('',(1.20122748427093,-10.9645292907953,17.));
#8265=CARTESIAN_POINT('Ctrl Pts',(1.386425672099,-11.0310367494822,16.25));
#8266=CARTESIAN_POINT('Ctrl Pts',(1.386425672099,-11.0310367494822,17.));
#8267=CARTESIAN_POINT('Ctrl Pts',(1.35851510219426,-11.0116387443613,16.25));
#8268=CARTESIAN_POINT('Ctrl Pts',(1.35851510219426,-11.0116387443613,17.));
#8269=CARTESIAN_POINT('Ctrl Pts',(1.30273928651699,-10.9728742346496,16.25));
#8270=CARTESIAN_POINT('Ctrl Pts',(1.30273928651699,-10.9728742346496,17.));
#8271=CARTESIAN_POINT('Ctrl Pts',(1.23504641565904,-10.9673094314036,16.25));
#8272=CARTESIAN_POINT('Ctrl Pts',(1.23504641565904,-10.9673094314036,17.));
#8273=CARTESIAN_POINT('Ctrl Pts',(1.20122748427093,-10.9645292907953,16.25));
#8274=CARTESIAN_POINT('Ctrl Pts',(1.20122748427093,-10.9645292907953,17.));
#8275=CARTESIAN_POINT('Ctrl Pts',(1.386425672099,-11.0310367494822,17.));
#8276=CARTESIAN_POINT('Ctrl Pts',(1.35851510219426,-11.0116387443613,17.));
#8277=CARTESIAN_POINT('Ctrl Pts',(1.30273928651699,-10.9728742346496,17.));
#8278=CARTESIAN_POINT('Ctrl Pts',(1.23504641565904,-10.9673094314036,17.));
#8279=CARTESIAN_POINT('Ctrl Pts',(1.20122748427093,-10.9645292907953,17.));
#8280=CARTESIAN_POINT('Origin',(15.,0.,17.));
#8281=CARTESIAN_POINT('Origin',(10.,0.,23.25));
#8282=CARTESIAN_POINT('',(-1.21043652296066,-5.48772163689137,23.25));
#8283=CARTESIAN_POINT('',(-0.743860751390456,-5.48772163689137,23.25));
#8284=CARTESIAN_POINT('',(-1.21043652296066,-5.48772163689137,23.25));
#8285=CARTESIAN_POINT('',(-1.57264664769173,-5.96759893000126,23.25));
#8286=CARTESIAN_POINT('Ctrl Pts',(-1.57264664769173,-5.96759893000126,23.25));
#8287=CARTESIAN_POINT('Ctrl Pts',(-1.4922260407864,-5.89798967132721,23.25));
#8288=CARTESIAN_POINT('Ctrl Pts',(-1.33708988673211,-5.76370925374747,23.25));
#8289=CARTESIAN_POINT('Ctrl Pts',(-1.25160643957604,-5.57743411537987,23.25));
#8290=CARTESIAN_POINT('Ctrl Pts',(-1.21043652296066,-5.48772163689137,23.25));
#8291=CARTESIAN_POINT('',(-2.06173256039619,-6.24693043529987,23.25));
#8292=CARTESIAN_POINT('Ctrl Pts',(-2.06173256039619,-6.24693043529987,23.25));
#8293=CARTESIAN_POINT('Ctrl Pts',(-1.98182680753282,-6.21428129986401,23.25));
#8294=CARTESIAN_POINT('Ctrl Pts',(-1.80670005948909,-6.14272528905842,23.25));
#8295=CARTESIAN_POINT('Ctrl Pts',(-1.65508417252887,-6.02928136164602,23.25));
#8296=CARTESIAN_POINT('Ctrl Pts',(-1.57264664769173,-5.96759893000126,23.25));
#8297=CARTESIAN_POINT('',(-2.06173256039619,-6.76875866949558,23.25));
#8298=CARTESIAN_POINT('',(-2.06173256039619,-6.76875866949558,23.25));
#8299=CARTESIAN_POINT('',(-1.31889492273331,-6.33287854492664,23.25));
#8300=CARTESIAN_POINT('Ctrl Pts',(-1.31889492273331,-6.33287854492664,23.25));
#8301=CARTESIAN_POINT('Ctrl Pts',(-1.42940922521969,-6.42496458165293,23.25));
#8302=CARTESIAN_POINT('Ctrl Pts',(-1.65292512911231,-6.61120919679948,23.25));
#8303=CARTESIAN_POINT('Ctrl Pts',(-1.92445621169385,-6.71585401391293,23.25));
#8304=CARTESIAN_POINT('Ctrl Pts',(-2.06173256039619,-6.76875866949558,23.25));
#8305=CARTESIAN_POINT('',(-1.31889492273331,-8.50000001490116,23.25));
#8306=CARTESIAN_POINT('',(-1.31889492273331,-8.50000001490116,23.25));
#8307=CARTESIAN_POINT('',(-0.743860751390457,-8.50000001490116,23.25));
#8308=CARTESIAN_POINT('',(-0.743860751390457,-8.50000001490116,23.25));
#8309=CARTESIAN_POINT('',(-0.743860751390456,-5.48772163689137,23.25));
#8310=CARTESIAN_POINT('Origin',(-0.977148637175559,-5.48772163689137,24.));
#8311=CARTESIAN_POINT('',(-0.743860751390456,-5.48772163689137,24.));
#8312=CARTESIAN_POINT('',(-0.743860751390456,-5.48772163689137,24.));
#8313=CARTESIAN_POINT('',(-1.21043652296066,-5.48772163689137,24.));
#8314=CARTESIAN_POINT('',(4.51142568141222,-5.48772163689137,24.));
#8315=CARTESIAN_POINT('',(-1.21043652296066,-5.48772163689137,24.));
#8316=CARTESIAN_POINT('Ctrl Pts',(-1.57264664769173,-5.96759893000126,23.25));
#8317=CARTESIAN_POINT('Ctrl Pts',(-1.57264664769173,-5.96759893000126,24.));
#8318=CARTESIAN_POINT('Ctrl Pts',(-1.4922260407864,-5.89798967132721,23.25));
#8319=CARTESIAN_POINT('Ctrl Pts',(-1.4922260407864,-5.89798967132721,24.));
#8320=CARTESIAN_POINT('Ctrl Pts',(-1.33708988673211,-5.76370925374747,23.25));
#8321=CARTESIAN_POINT('Ctrl Pts',(-1.33708988673211,-5.76370925374747,24.));
#8322=CARTESIAN_POINT('Ctrl Pts',(-1.25160643957604,-5.57743411537987,23.25));
#8323=CARTESIAN_POINT('Ctrl Pts',(-1.25160643957604,-5.57743411537987,24.));
#8324=CARTESIAN_POINT('Ctrl Pts',(-1.21043652296066,-5.48772163689137,23.25));
#8325=CARTESIAN_POINT('Ctrl Pts',(-1.21043652296066,-5.48772163689137,24.));
#8326=CARTESIAN_POINT('',(-1.57264664769173,-5.96759893000126,24.));
#8327=CARTESIAN_POINT('Ctrl Pts',(-1.57264664769173,-5.96759893000126,24.));
#8328=CARTESIAN_POINT('Ctrl Pts',(-1.4922260407864,-5.89798967132721,24.));
#8329=CARTESIAN_POINT('Ctrl Pts',(-1.33708988673211,-5.76370925374747,24.));
#8330=CARTESIAN_POINT('Ctrl Pts',(-1.25160643957604,-5.57743411537987,24.));
#8331=CARTESIAN_POINT('Ctrl Pts',(-1.21043652296066,-5.48772163689137,24.));
#8332=CARTESIAN_POINT('',(-1.57264664769173,-5.96759893000126,24.));
#8333=CARTESIAN_POINT('Ctrl Pts',(-2.06173256039619,-6.24693043529987,23.25));
#8334=CARTESIAN_POINT('Ctrl Pts',(-2.06173256039619,-6.24693043529987,24.));
#8335=CARTESIAN_POINT('Ctrl Pts',(-1.98182680753282,-6.21428129986401,23.25));
#8336=CARTESIAN_POINT('Ctrl Pts',(-1.98182680753282,-6.21428129986401,24.));
#8337=CARTESIAN_POINT('Ctrl Pts',(-1.80670005948909,-6.14272528905842,23.25));
#8338=CARTESIAN_POINT('Ctrl Pts',(-1.80670005948909,-6.14272528905842,24.));
#8339=CARTESIAN_POINT('Ctrl Pts',(-1.65508417252887,-6.02928136164602,23.25));
#8340=CARTESIAN_POINT('Ctrl Pts',(-1.65508417252887,-6.02928136164602,24.));
#8341=CARTESIAN_POINT('Ctrl Pts',(-1.57264664769173,-5.96759893000126,23.25));
#8342=CARTESIAN_POINT('Ctrl Pts',(-1.57264664769173,-5.96759893000126,24.));
#8343=CARTESIAN_POINT('',(-2.06173256039619,-6.24693043529987,24.));
#8344=CARTESIAN_POINT('Ctrl Pts',(-2.06173256039619,-6.24693043529987,24.));
#8345=CARTESIAN_POINT('Ctrl Pts',(-1.98182680753282,-6.21428129986401,24.));
#8346=CARTESIAN_POINT('Ctrl Pts',(-1.80670005948909,-6.14272528905842,24.));
#8347=CARTESIAN_POINT('Ctrl Pts',(-1.65508417252887,-6.02928136164602,24.));
#8348=CARTESIAN_POINT('Ctrl Pts',(-1.57264664769173,-5.96759893000126,24.));
#8349=CARTESIAN_POINT('',(-2.06173256039619,-6.24693043529987,24.));
#8350=CARTESIAN_POINT('Origin',(-2.06173256039619,-6.50784455239773,24.));
#8351=CARTESIAN_POINT('',(-2.06173256039619,-6.76875866949558,24.));
#8352=CARTESIAN_POINT('',(-2.06173256039619,-3.25392227619886,24.));
#8353=CARTESIAN_POINT('',(-2.06173256039619,-6.76875866949558,24.));
#8354=CARTESIAN_POINT('Ctrl Pts',(-1.31889492273331,-6.33287854492664,23.25));
#8355=CARTESIAN_POINT('Ctrl Pts',(-1.31889492273331,-6.33287854492664,24.));
#8356=CARTESIAN_POINT('Ctrl Pts',(-1.42940922521969,-6.42496458165293,23.25));
#8357=CARTESIAN_POINT('Ctrl Pts',(-1.42940922521969,-6.42496458165293,24.));
#8358=CARTESIAN_POINT('Ctrl Pts',(-1.65292512911231,-6.61120919679948,23.25));
#8359=CARTESIAN_POINT('Ctrl Pts',(-1.65292512911231,-6.61120919679948,24.));
#8360=CARTESIAN_POINT('Ctrl Pts',(-1.92445621169385,-6.71585401391293,23.25));
#8361=CARTESIAN_POINT('Ctrl Pts',(-1.92445621169385,-6.71585401391293,24.));
#8362=CARTESIAN_POINT('Ctrl Pts',(-2.06173256039619,-6.76875866949558,23.25));
#8363=CARTESIAN_POINT('Ctrl Pts',(-2.06173256039619,-6.76875866949558,24.));
#8364=CARTESIAN_POINT('',(-1.31889492273331,-6.33287854492664,24.));
#8365=CARTESIAN_POINT('Ctrl Pts',(-1.31889492273331,-6.33287854492664,24.));
#8366=CARTESIAN_POINT('Ctrl Pts',(-1.42940922521969,-6.42496458165293,24.));
#8367=CARTESIAN_POINT('Ctrl Pts',(-1.65292512911231,-6.61120919679948,24.));
#8368=CARTESIAN_POINT('Ctrl Pts',(-1.92445621169385,-6.71585401391293,24.));
#8369=CARTESIAN_POINT('Ctrl Pts',(-2.06173256039619,-6.76875866949558,24.));
#8370=CARTESIAN_POINT('',(-1.31889492273331,-6.33287854492664,24.));
#8371=CARTESIAN_POINT('Origin',(-1.31889492273331,-7.4164392799139,24.));
#8372=CARTESIAN_POINT('',(-1.31889492273331,-8.50000001490116,24.));
#8373=CARTESIAN_POINT('',(-1.31889492273331,-3.70821963995695,24.));
#8374=CARTESIAN_POINT('',(-1.31889492273331,-8.50000001490116,24.));
#8375=CARTESIAN_POINT('Origin',(-1.03137783706188,-8.50000001490116,24.));
#8376=CARTESIAN_POINT('',(-0.743860751390457,-8.50000001490116,24.));
#8377=CARTESIAN_POINT('',(4.48431108146906,-8.50000001490116,24.));
#8378=CARTESIAN_POINT('',(-0.743860751390457,-8.50000001490116,24.));
#8379=CARTESIAN_POINT('Origin',(-0.743860751390456,-6.99386082589626,24.));
#8380=CARTESIAN_POINT('',(-0.743860751390456,-3.49693041294813,24.));
#8381=CARTESIAN_POINT('Origin',(10.,0.,23.25));
#8382=CARTESIAN_POINT('',(6.995478785093,-0.41541169213882,23.25));
#8383=CARTESIAN_POINT('',(6.32728787721702,-1.45224022072771,23.25));
#8384=CARTESIAN_POINT('',(6.995478785093,-0.41541169213882,23.25));
#8385=CARTESIAN_POINT('',(7.65948353862104,-1.45361403191285,23.25));
#8386=CARTESIAN_POINT('',(7.65948353862104,-1.45361403191285,23.25));
#8387=CARTESIAN_POINT('',(8.39004252902616,-1.45436741232198,23.25));
#8388=CARTESIAN_POINT('',(8.39004252902616,-1.45436741232198,23.25));
#8389=CARTESIAN_POINT('',(7.36639546515663,0.0896631465904929,23.25));
#8390=CARTESIAN_POINT('',(7.36639546515663,0.0896631465904935,23.25));
#8391=CARTESIAN_POINT('',(8.3010489033217,1.5457260757006,23.25));
#8392=CARTESIAN_POINT('',(8.3010489033217,1.5457260757006,23.25));
#8393=CARTESIAN_POINT('',(7.59913931722907,1.54644991174682,23.25));
#8394=CARTESIAN_POINT('',(7.59913931722907,1.54644991174682,23.25));
#8395=CARTESIAN_POINT('',(7.00878701724768,0.583210853991233,23.25));
#8396=CARTESIAN_POINT('',(7.00878701724768,0.583210853991233,23.25));
#8397=CARTESIAN_POINT('',(6.40814415299733,1.54767811157172,23.25));
#8398=CARTESIAN_POINT('',(6.40814415299733,1.54767811157172,23.25));
#8399=CARTESIAN_POINT('',(5.70009545008201,1.54840827851031,23.25));
#8400=CARTESIAN_POINT('',(5.70009545008201,1.54840827851031,23.25));
#8401=CARTESIAN_POINT('',(6.62767426120365,0.112935246302,23.25));
#8402=CARTESIAN_POINT('',(6.62767426120365,0.112935246302,23.25));
#8403=CARTESIAN_POINT('',(5.60082171207494,-1.45149106099674,23.25));
#8404=CARTESIAN_POINT('',(5.60082171207494,-1.45149106099674,23.25));
#8405=CARTESIAN_POINT('',(6.32728787721702,-1.45224022072771,23.25));
#8406=CARTESIAN_POINT('Origin',(6.66138333115501,-0.933825956433265,24.));
#8407=CARTESIAN_POINT('',(6.32728787721702,-1.45224022072771,24.));
#8408=CARTESIAN_POINT('',(6.32728787721702,-1.45224022072771,24.));
#8409=CARTESIAN_POINT('',(6.995478785093,-0.41541169213882,24.));
#8410=CARTESIAN_POINT('',(7.36384377925324,0.156178448309053,24.));
#8411=CARTESIAN_POINT('',(6.995478785093,-0.41541169213882,24.));
#8412=CARTESIAN_POINT('Origin',(7.32748116185702,-0.934512862025836,24.));
#8413=CARTESIAN_POINT('',(7.65948353862104,-1.45361403191285,24.));
#8414=CARTESIAN_POINT('',(7.5033124801506,-1.20943331265216,24.));
#8415=CARTESIAN_POINT('',(7.65948353862104,-1.45361403191285,24.));
#8416=CARTESIAN_POINT('Origin',(8.0247630338236,-1.45399072211742,24.));
#8417=CARTESIAN_POINT('',(8.39004252902616,-1.45436741232198,24.));
#8418=CARTESIAN_POINT('',(9.01163076196685,-1.45500841791275,24.));
#8419=CARTESIAN_POINT('',(8.39004252902616,-1.45436741232198,24.));
#8420=CARTESIAN_POINT('Origin',(7.87821899709139,-0.682352132865742,24.));
#8421=CARTESIAN_POINT('',(7.36639546515663,0.0896631465904929,24.));
#8422=CARTESIAN_POINT('',(8.04501206394452,-0.933936493653573,24.));
#8423=CARTESIAN_POINT('',(7.36639546515663,0.0896631465904929,24.));
#8424=CARTESIAN_POINT('Origin',(7.83372218423916,0.817694611145549,24.));
#8425=CARTESIAN_POINT('',(8.3010489033217,1.5457260757006,24.));
#8426=CARTESIAN_POINT('',(7.96392883806252,1.02053886765186,24.));
#8427=CARTESIAN_POINT('',(8.3010489033217,1.5457260757006,24.));
#8428=CARTESIAN_POINT('Origin',(7.95009411027539,1.54608799372371,24.));
#8429=CARTESIAN_POINT('',(7.59913931722907,1.54644991174682,24.));
#8430=CARTESIAN_POINT('',(8.97584315687721,1.54503020202374,24.));
#8431=CARTESIAN_POINT('',(7.59913931722907,1.54644991174682,24.));
#8432=CARTESIAN_POINT('Origin',(7.30396316723838,1.06483038286903,24.));
#8433=CARTESIAN_POINT('',(7.00878701724768,0.583210853991233,24.));
#8434=CARTESIAN_POINT('',(7.43484284182702,1.27837814821879,24.));
#8435=CARTESIAN_POINT('',(7.00878701724768,0.583210853991233,24.));
#8436=CARTESIAN_POINT('Origin',(6.70846558512251,1.06544448278148,24.));
#8437=CARTESIAN_POINT('',(6.40814415299733,1.54767811157172,24.));
#8438=CARTESIAN_POINT('',(7.40743877232359,-0.0569142316993769,24.));
#8439=CARTESIAN_POINT('',(6.40814415299733,1.54767811157172,24.));
#8440=CARTESIAN_POINT('Origin',(6.05411980153967,1.54804319504101,24.));
#8441=CARTESIAN_POINT('',(5.70009545008201,1.54840827851031,24.));
#8442=CARTESIAN_POINT('',(8.02785600250936,1.54600780268239,24.));
#8443=CARTESIAN_POINT('',(5.70009545008201,1.54840827851031,24.));
#8444=CARTESIAN_POINT('Origin',(6.16388485564283,0.830671762406155,24.));
#8445=CARTESIAN_POINT('',(6.62767426120365,0.112935246302,24.));
#8446=CARTESIAN_POINT('',(6.91819441923433,-0.336658736619692,24.));
#8447=CARTESIAN_POINT('',(6.62767426120365,0.112935246302,24.));
#8448=CARTESIAN_POINT('Origin',(6.1142479866393,-0.669277907347369,24.));
#8449=CARTESIAN_POINT('',(5.60082171207494,-1.45149106099674,24.));
#8450=CARTESIAN_POINT('',(6.85276926906974,0.455871096484313,24.));
#8451=CARTESIAN_POINT('',(5.60082171207494,-1.45149106099674,24.));
#8452=CARTESIAN_POINT('Origin',(5.96405479464598,-1.45186564086222,24.));
#8453=CARTESIAN_POINT('',(7.98127664237804,-1.45394587728516,24.));
#8454=CARTESIAN_POINT('Origin',(10.,0.,23.25));
#8455=CARTESIAN_POINT('',(0.113574266433716,-7.01432444155216,23.25));
#8456=CARTESIAN_POINT('',(0.40825366973877,-5.79467929899693,23.25));
#8457=CARTESIAN_POINT('Ctrl Pts',(0.113574266433716,-7.01432444155216,23.25));
#8458=CARTESIAN_POINT('Ctrl Pts',(0.116349633024173,-6.76565013272817,23.25));
#8459=CARTESIAN_POINT('Ctrl Pts',(0.121166337554037,-6.33407086896825,23.25));
#8460=CARTESIAN_POINT('Ctrl Pts',(0.322800383945089,-5.95523247155489,23.25));
#8461=CARTESIAN_POINT('Ctrl Pts',(0.40825366973877,-5.79467929899693,23.25));
#8462=CARTESIAN_POINT('',(0.381650626659394,-8.21452923119068,23.25));
#8463=CARTESIAN_POINT('Ctrl Pts',(0.381650626659394,-8.21452923119068,23.25));
#8464=CARTESIAN_POINT('Ctrl Pts',(0.304081080203351,-8.06108322513994,23.25));
#8465=CARTESIAN_POINT('Ctrl Pts',(0.114668709212333,-7.68639272928095,23.25));
#8466=CARTESIAN_POINT('Ctrl Pts',(0.113980584975173,-7.26383388303659,23.25));
#8467=CARTESIAN_POINT('Ctrl Pts',(0.113574266433716,-7.01432444155216,23.25));
#8468=CARTESIAN_POINT('',(1.08765333890915,-8.55115957558155,23.25));
#8469=CARTESIAN_POINT('Ctrl Pts',(1.08765333890915,-8.55115957558155,23.25));
#8470=CARTESIAN_POINT('Ctrl Pts',(0.94898532859709,-8.53742128791544,23.25));
#8471=CARTESIAN_POINT('Ctrl Pts',(0.673054813490399,-8.51008396055447,23.25));
#8472=CARTESIAN_POINT('Ctrl Pts',(0.478454944896954,-8.31271235748372,23.25));
#8473=CARTESIAN_POINT('Ctrl Pts',(0.381650626659394,-8.21452923119068,23.25));
#8474=CARTESIAN_POINT('',(1.76705300807953,-8.24420191347599,23.25));
#8475=CARTESIAN_POINT('Ctrl Pts',(1.76705300807953,-8.24420191347599,23.25));
#8476=CARTESIAN_POINT('Ctrl Pts',(1.67573278402407,-8.33370734219845,23.25));
#8477=CARTESIAN_POINT('Ctrl Pts',(1.48724808788015,-8.51844630566988,23.25));
#8478=CARTESIAN_POINT('Ctrl Pts',(1.22357676229367,-8.54003205289026,23.25));
#8479=CARTESIAN_POINT('Ctrl Pts',(1.08765333890915,-8.55115957558155,23.25));
#8480=CARTESIAN_POINT('',(2.06173241138458,-7.02046371996403,23.25));
#8481=CARTESIAN_POINT('Ctrl Pts',(2.06173241138458,-7.02046371996403,23.25));
#8482=CARTESIAN_POINT('Ctrl Pts',(2.05904994864302,-7.27017211581284,23.25));
#8483=CARTESIAN_POINT('Ctrl Pts',(2.05439927084971,-7.70310013877574,23.25));
#8484=CARTESIAN_POINT('Ctrl Pts',(1.85249920772145,-8.0832981668189,23.25));
#8485=CARTESIAN_POINT('Ctrl Pts',(1.76705300807953,-8.24420191347599,23.25));
#8486=CARTESIAN_POINT('',(1.76909953355789,-5.79877205193043,23.25));
#8487=CARTESIAN_POINT('Ctrl Pts',(1.76909953355789,-5.79877205193043,23.25));
#8488=CARTESIAN_POINT('Ctrl Pts',(1.85393394867018,-5.95885877786194,23.25));
#8489=CARTESIAN_POINT('Ctrl Pts',(2.05509914877971,-6.33846743331466,23.25));
#8490=CARTESIAN_POINT('Ctrl Pts',(2.05930197861656,-6.77057973051942,23.25));
#8491=CARTESIAN_POINT('Ctrl Pts',(2.06173241138458,-7.02046371996403,23.25));
#8492=CARTESIAN_POINT('',(1.08765333890915,-5.48772163689137,23.25));
#8493=CARTESIAN_POINT('Ctrl Pts',(1.08765333890915,-5.48772163689137,23.25));
#8494=CARTESIAN_POINT('Ctrl Pts',(1.22380482200875,-5.4991830783375,23.25));
#8495=CARTESIAN_POINT('Ctrl Pts',(1.48876093164555,-5.5214874915342,23.25));
#8496=CARTESIAN_POINT('Ctrl Pts',(1.67739686844675,-5.70806840637805,23.25));
#8497=CARTESIAN_POINT('Ctrl Pts',(1.76909953355789,-5.79877205193043,23.25));
#8498=CARTESIAN_POINT('Ctrl Pts',(0.40825366973877,-5.79467929899693,23.25));
#8499=CARTESIAN_POINT('Ctrl Pts',(0.499573893794233,-5.70517387027446,23.25));
#8500=CARTESIAN_POINT('Ctrl Pts',(0.688058589938152,-5.52043490680304,23.25));
#8501=CARTESIAN_POINT('Ctrl Pts',(0.951729915524626,-5.49884915958266,23.25));
#8502=CARTESIAN_POINT('Ctrl Pts',(1.08765333890915,-5.48772163689137,23.25));
#8503=CARTESIAN_POINT('',(1.40688955783844,-6.29502035677433,23.25));
#8504=CARTESIAN_POINT('',(1.27285122871399,-6.03103674948215,23.25));
#8505=CARTESIAN_POINT('Ctrl Pts',(1.40688955783844,-6.29502035677433,23.25));
#8506=CARTESIAN_POINT('Ctrl Pts',(1.39121355874006,-6.23775427627388,23.25));
#8507=CARTESIAN_POINT('Ctrl Pts',(1.3644745808008,-6.14007396552881,23.25));
#8508=CARTESIAN_POINT('Ctrl Pts',(1.29966537517107,-6.06294717203008,23.25));
#8509=CARTESIAN_POINT('Ctrl Pts',(1.27285122871399,-6.03103674948215,23.25));
#8510=CARTESIAN_POINT('',(1.46009564399719,-7.02046371996403,23.25));
#8511=CARTESIAN_POINT('Ctrl Pts',(1.46009564399719,-7.02046371996403,23.25));
#8512=CARTESIAN_POINT('Ctrl Pts',(1.46071165591099,-6.8715818087276,23.25));
#8513=CARTESIAN_POINT('Ctrl Pts',(1.46171884554637,-6.62815742920696,23.25));
#8514=CARTESIAN_POINT('Ctrl Pts',(1.42222744150319,-6.38821174909381,23.25));
#8515=CARTESIAN_POINT('Ctrl Pts',(1.40688955783844,-6.29502035677433,23.25));
#8516=CARTESIAN_POINT('',(1.40075027942658,-7.76944078505039,23.25));
#8517=CARTESIAN_POINT('Ctrl Pts',(1.40075027942658,-7.76944078505039,23.25));
#8518=CARTESIAN_POINT('Ctrl Pts',(1.41789461417099,-7.6704007505281,23.25));
#8519=CARTESIAN_POINT('Ctrl Pts',(1.46074890753057,-7.42283846496637,23.25));
#8520=CARTESIAN_POINT('Ctrl Pts',(1.46034060223599,-7.17134464907574,23.25));
#8521=CARTESIAN_POINT('Ctrl Pts',(1.46009564399719,-7.02046371996403,23.25));
#8522=CARTESIAN_POINT('',(1.27387434244156,-8.00784446299076,23.25));
#8523=CARTESIAN_POINT('Ctrl Pts',(1.27387434244156,-8.00784446299076,23.25));
#8524=CARTESIAN_POINT('Ctrl Pts',(1.30035410603744,-7.97816032655234,23.25));
#8525=CARTESIAN_POINT('Ctrl Pts',(1.36171996513784,-7.90936845355841,23.25));
#8526=CARTESIAN_POINT('Ctrl Pts',(1.38660391453002,-7.82015695000863,23.25));
#8527=CARTESIAN_POINT('Ctrl Pts',(1.40075027942658,-7.76944078505039,23.25));
#8528=CARTESIAN_POINT('',(1.08765333890915,-8.07435192167759,23.25));
#8529=CARTESIAN_POINT('Ctrl Pts',(1.08765333890915,-8.07435192167759,23.25));
#8530=CARTESIAN_POINT('Ctrl Pts',(1.12154285328095,-8.07154919243821,23.25));
#8531=CARTESIAN_POINT('Ctrl Pts',(1.18951686425657,-8.06592760854682,23.25));
#8532=CARTESIAN_POINT('Ctrl Pts',(1.24570146154317,-8.02724250068893,23.25));
#8533=CARTESIAN_POINT('Ctrl Pts',(1.27387434244156,-8.00784446299076,23.25));
#8534=CARTESIAN_POINT('',(0.90245544910431,-8.00886757671833,23.25));
#8535=CARTESIAN_POINT('Ctrl Pts',(0.90245544910431,-8.00886757671833,23.25));
#8536=CARTESIAN_POINT('Ctrl Pts',(0.930395361312084,-8.02796721032454,23.25));
#8537=CARTESIAN_POINT('Ctrl Pts',(0.986324494964141,-8.06620018517154,23.25));
#8538=CARTESIAN_POINT('Ctrl Pts',(1.05385721112979,-8.07163307956061,23.25));
#8539=CARTESIAN_POINT('Ctrl Pts',(1.08765333890915,-8.07435192167759,23.25));
#8540=CARTESIAN_POINT('',(0.768417418003083,-7.74590708315372,23.25));
#8541=CARTESIAN_POINT('Ctrl Pts',(0.768417418003083,-7.74590708315372,23.25));
#8542=CARTESIAN_POINT('Ctrl Pts',(0.784049903874862,-7.80312339153175,23.25));
#8543=CARTESIAN_POINT('Ctrl Pts',(0.810674931672247,-7.90057339491085,23.25));
#8544=CARTESIAN_POINT('Ctrl Pts',(0.875635503178639,-7.9772220360153,23.25));
#8545=CARTESIAN_POINT('Ctrl Pts',(0.90245544910431,-8.00886757671833,23.25));
#8546=CARTESIAN_POINT('',(0.715211331844331,-7.02046371996403,23.25));
#8547=CARTESIAN_POINT('Ctrl Pts',(0.715211331844331,-7.02046371996403,23.25));
#8548=CARTESIAN_POINT('Ctrl Pts',(0.714595319930536,-7.16934563120045,23.25));
#8549=CARTESIAN_POINT('Ctrl Pts',(0.713588130295156,-7.4127700107211,23.25));
#8550=CARTESIAN_POINT('Ctrl Pts',(0.753079534338333,-7.65271569083425,23.25));
#8551=CARTESIAN_POINT('Ctrl Pts',(0.768417418003083,-7.74590708315372,23.25));
#8552=CARTESIAN_POINT('',(0.774556398391725,-6.26944057643414,23.25));
#8553=CARTESIAN_POINT('Ctrl Pts',(0.774556398391725,-6.26944057643414,23.25));
#8554=CARTESIAN_POINT('Ctrl Pts',(0.757409234532056,-6.36899272885641,23.25));
#8555=CARTESIAN_POINT('Ctrl Pts',(0.714647859061498,-6.61725459906829,23.25));
#8556=CARTESIAN_POINT('Ctrl Pts',(0.715000249033747,-6.86941735697249,23.25));
#8557=CARTESIAN_POINT('Ctrl Pts',(0.715211331844331,-7.02046371996403,23.25));
#8558=CARTESIAN_POINT('',(0.90143233537674,-6.03103674948215,23.25));
#8559=CARTESIAN_POINT('Ctrl Pts',(0.90143233537674,-6.03103674948215,23.25));
#8560=CARTESIAN_POINT('Ctrl Pts',(0.874952440130272,-6.06072091837796,23.25));
#8561=CARTESIAN_POINT('Ctrl Pts',(0.813586388372771,-6.12951274054658,23.25));
#8562=CARTESIAN_POINT('Ctrl Pts',(0.788702633201259,-6.21872439577879,23.25));
#8563=CARTESIAN_POINT('Ctrl Pts',(0.774556398391725,-6.26944057643414,23.25));
#8564=CARTESIAN_POINT('',(1.08765333890915,-5.96452929079533,23.25));
#8565=CARTESIAN_POINT('Ctrl Pts',(1.08765333890915,-5.96452929079533,23.25));
#8566=CARTESIAN_POINT('Ctrl Pts',(1.05376383114084,-5.96733208901333,23.25));
#8567=CARTESIAN_POINT('Ctrl Pts',(0.985789866814492,-5.97295380849617,23.25));
#8568=CARTESIAN_POINT('Ctrl Pts',(0.929605224891564,-6.01163878641704,23.25));
#8569=CARTESIAN_POINT('Ctrl Pts',(0.90143233537674,-6.03103674948215,23.25));
#8570=CARTESIAN_POINT('Ctrl Pts',(1.27285122871399,-6.03103674948215,23.25));
#8571=CARTESIAN_POINT('Ctrl Pts',(1.24494076047784,-6.01163874434963,23.25));
#8572=CARTESIAN_POINT('Ctrl Pts',(1.18916507601514,-5.97287418460368,23.25));
#8573=CARTESIAN_POINT('Ctrl Pts',(1.1214722777379,-5.96730941712636,23.25));
#8574=CARTESIAN_POINT('Ctrl Pts',(1.08765333890915,-5.96452929079533,23.25));
#8575=CARTESIAN_POINT('Ctrl Pts',(0.113574266433716,-7.01432444155216,23.25));
#8576=CARTESIAN_POINT('Ctrl Pts',(0.113574266433716,-7.01432444155216,24.));
#8577=CARTESIAN_POINT('Ctrl Pts',(0.116349633024173,-6.76565013272817,23.25));
#8578=CARTESIAN_POINT('Ctrl Pts',(0.116349633024173,-6.76565013272817,24.));
#8579=CARTESIAN_POINT('Ctrl Pts',(0.121166337554037,-6.33407086896825,23.25));
#8580=CARTESIAN_POINT('Ctrl Pts',(0.121166337554037,-6.33407086896825,24.));
#8581=CARTESIAN_POINT('Ctrl Pts',(0.322800383945089,-5.95523247155489,23.25));
#8582=CARTESIAN_POINT('Ctrl Pts',(0.322800383945089,-5.95523247155489,24.));
#8583=CARTESIAN_POINT('Ctrl Pts',(0.40825366973877,-5.79467929899693,23.25));
#8584=CARTESIAN_POINT('Ctrl Pts',(0.40825366973877,-5.79467929899693,24.));
#8585=CARTESIAN_POINT('',(0.40825366973877,-5.79467929899693,24.));
#8586=CARTESIAN_POINT('',(0.40825366973877,-5.79467929899693,24.));
#8587=CARTESIAN_POINT('',(0.113574266433716,-7.01432444155216,24.));
#8588=CARTESIAN_POINT('Ctrl Pts',(0.113574266433716,-7.01432444155216,24.));
#8589=CARTESIAN_POINT('Ctrl Pts',(0.116349633024173,-6.76565013272817,24.));
#8590=CARTESIAN_POINT('Ctrl Pts',(0.121166337554037,-6.33407086896825,24.));
#8591=CARTESIAN_POINT('Ctrl Pts',(0.322800383945089,-5.95523247155489,24.));
#8592=CARTESIAN_POINT('Ctrl Pts',(0.40825366973877,-5.79467929899693,24.));
#8593=CARTESIAN_POINT('',(0.113574266433716,-7.01432444155216,24.));
#8594=CARTESIAN_POINT('Ctrl Pts',(0.381650626659394,-8.21452923119068,23.25));
#8595=CARTESIAN_POINT('Ctrl Pts',(0.381650626659394,-8.21452923119068,24.));
#8596=CARTESIAN_POINT('Ctrl Pts',(0.304081080203351,-8.06108322513994,23.25));
#8597=CARTESIAN_POINT('Ctrl Pts',(0.304081080203351,-8.06108322513994,24.));
#8598=CARTESIAN_POINT('Ctrl Pts',(0.114668709212333,-7.68639272928095,23.25));
#8599=CARTESIAN_POINT('Ctrl Pts',(0.114668709212333,-7.68639272928095,24.));
#8600=CARTESIAN_POINT('Ctrl Pts',(0.113980584975173,-7.26383388303659,23.25));
#8601=CARTESIAN_POINT('Ctrl Pts',(0.113980584975173,-7.26383388303659,24.));
#8602=CARTESIAN_POINT('Ctrl Pts',(0.113574266433716,-7.01432444155216,23.25));
#8603=CARTESIAN_POINT('Ctrl Pts',(0.113574266433716,-7.01432444155216,24.));
#8604=CARTESIAN_POINT('',(0.381650626659394,-8.21452923119068,24.));
#8605=CARTESIAN_POINT('Ctrl Pts',(0.381650626659394,-8.21452923119068,24.));
#8606=CARTESIAN_POINT('Ctrl Pts',(0.304081080203351,-8.06108322513994,24.));
#8607=CARTESIAN_POINT('Ctrl Pts',(0.114668709212333,-7.68639272928095,24.));
#8608=CARTESIAN_POINT('Ctrl Pts',(0.113980584975173,-7.26383388303659,24.));
#8609=CARTESIAN_POINT('Ctrl Pts',(0.113574266433716,-7.01432444155216,24.));
#8610=CARTESIAN_POINT('',(0.381650626659394,-8.21452923119068,24.));
#8611=CARTESIAN_POINT('Ctrl Pts',(1.08765333890915,-8.55115957558155,23.25));
#8612=CARTESIAN_POINT('Ctrl Pts',(1.08765333890915,-8.55115957558155,24.));
#8613=CARTESIAN_POINT('Ctrl Pts',(0.94898532859709,-8.53742128791544,23.25));
#8614=CARTESIAN_POINT('Ctrl Pts',(0.94898532859709,-8.53742128791544,24.));
#8615=CARTESIAN_POINT('Ctrl Pts',(0.673054813490399,-8.51008396055447,23.25));
#8616=CARTESIAN_POINT('Ctrl Pts',(0.673054813490399,-8.51008396055447,24.));
#8617=CARTESIAN_POINT('Ctrl Pts',(0.478454944896954,-8.31271235748372,23.25));
#8618=CARTESIAN_POINT('Ctrl Pts',(0.478454944896954,-8.31271235748372,24.));
#8619=CARTESIAN_POINT('Ctrl Pts',(0.381650626659394,-8.21452923119068,23.25));
#8620=CARTESIAN_POINT('Ctrl Pts',(0.381650626659394,-8.21452923119068,24.));
#8621=CARTESIAN_POINT('',(1.08765333890915,-8.55115957558155,24.));
#8622=CARTESIAN_POINT('Ctrl Pts',(1.08765333890915,-8.55115957558155,24.));
#8623=CARTESIAN_POINT('Ctrl Pts',(0.94898532859709,-8.53742128791544,24.));
#8624=CARTESIAN_POINT('Ctrl Pts',(0.673054813490399,-8.51008396055447,24.));
#8625=CARTESIAN_POINT('Ctrl Pts',(0.478454944896954,-8.31271235748372,24.));
#8626=CARTESIAN_POINT('Ctrl Pts',(0.381650626659394,-8.21452923119068,24.));
#8627=CARTESIAN_POINT('',(1.08765333890915,-8.55115957558155,24.));
#8628=CARTESIAN_POINT('Ctrl Pts',(1.76705300807953,-8.24420191347599,23.25));
#8629=CARTESIAN_POINT('Ctrl Pts',(1.76705300807953,-8.24420191347599,24.));
#8630=CARTESIAN_POINT('Ctrl Pts',(1.67573278402407,-8.33370734219845,23.25));
#8631=CARTESIAN_POINT('Ctrl Pts',(1.67573278402407,-8.33370734219845,24.));
#8632=CARTESIAN_POINT('Ctrl Pts',(1.48724808788015,-8.51844630566988,23.25));
#8633=CARTESIAN_POINT('Ctrl Pts',(1.48724808788015,-8.51844630566988,24.));
#8634=CARTESIAN_POINT('Ctrl Pts',(1.22357676229367,-8.54003205289026,23.25));
#8635=CARTESIAN_POINT('Ctrl Pts',(1.22357676229367,-8.54003205289026,24.));
#8636=CARTESIAN_POINT('Ctrl Pts',(1.08765333890915,-8.55115957558155,23.25));
#8637=CARTESIAN_POINT('Ctrl Pts',(1.08765333890915,-8.55115957558155,24.));
#8638=CARTESIAN_POINT('',(1.76705300807953,-8.24420191347599,24.));
#8639=CARTESIAN_POINT('Ctrl Pts',(1.76705300807953,-8.24420191347599,24.));
#8640=CARTESIAN_POINT('Ctrl Pts',(1.67573278402407,-8.33370734219845,24.));
#8641=CARTESIAN_POINT('Ctrl Pts',(1.48724808788015,-8.51844630566988,24.));
#8642=CARTESIAN_POINT('Ctrl Pts',(1.22357676229367,-8.54003205289026,24.));
#8643=CARTESIAN_POINT('Ctrl Pts',(1.08765333890915,-8.55115957558155,24.));
#8644=CARTESIAN_POINT('',(1.76705300807953,-8.24420191347599,24.));
#8645=CARTESIAN_POINT('Ctrl Pts',(2.06173241138458,-7.02046371996403,23.25));
#8646=CARTESIAN_POINT('Ctrl Pts',(2.06173241138458,-7.02046371996403,24.));
#8647=CARTESIAN_POINT('Ctrl Pts',(2.05904994864302,-7.27017211581284,23.25));
#8648=CARTESIAN_POINT('Ctrl Pts',(2.05904994864302,-7.27017211581284,24.));
#8649=CARTESIAN_POINT('Ctrl Pts',(2.05439927084971,-7.70310013877574,23.25));
#8650=CARTESIAN_POINT('Ctrl Pts',(2.05439927084971,-7.70310013877574,24.));
#8651=CARTESIAN_POINT('Ctrl Pts',(1.85249920772145,-8.0832981668189,23.25));
#8652=CARTESIAN_POINT('Ctrl Pts',(1.85249920772145,-8.0832981668189,24.));
#8653=CARTESIAN_POINT('Ctrl Pts',(1.76705300807953,-8.24420191347599,23.25));
#8654=CARTESIAN_POINT('Ctrl Pts',(1.76705300807953,-8.24420191347599,24.));
#8655=CARTESIAN_POINT('',(2.06173241138458,-7.02046371996403,24.));
#8656=CARTESIAN_POINT('Ctrl Pts',(2.06173241138458,-7.02046371996403,24.));
#8657=CARTESIAN_POINT('Ctrl Pts',(2.05904994864302,-7.27017211581284,24.));
#8658=CARTESIAN_POINT('Ctrl Pts',(2.05439927084971,-7.70310013877574,24.));
#8659=CARTESIAN_POINT('Ctrl Pts',(1.85249920772145,-8.0832981668189,24.));
#8660=CARTESIAN_POINT('Ctrl Pts',(1.76705300807953,-8.24420191347599,24.));
#8661=CARTESIAN_POINT('',(2.06173241138458,-7.02046371996403,24.));
#8662=CARTESIAN_POINT('Ctrl Pts',(1.76909953355789,-5.79877205193043,23.25));
#8663=CARTESIAN_POINT('Ctrl Pts',(1.76909953355789,-5.79877205193043,24.));
#8664=CARTESIAN_POINT('Ctrl Pts',(1.85393394867018,-5.95885877786194,23.25));
#8665=CARTESIAN_POINT('Ctrl Pts',(1.85393394867018,-5.95885877786194,24.));
#8666=CARTESIAN_POINT('Ctrl Pts',(2.05509914877971,-6.33846743331466,23.25));
#8667=CARTESIAN_POINT('Ctrl Pts',(2.05509914877971,-6.33846743331466,24.));
#8668=CARTESIAN_POINT('Ctrl Pts',(2.05930197861656,-6.77057973051942,23.25));
#8669=CARTESIAN_POINT('Ctrl Pts',(2.05930197861656,-6.77057973051942,24.));
#8670=CARTESIAN_POINT('Ctrl Pts',(2.06173241138458,-7.02046371996403,23.25));
#8671=CARTESIAN_POINT('Ctrl Pts',(2.06173241138458,-7.02046371996403,24.));
#8672=CARTESIAN_POINT('',(1.76909953355789,-5.79877205193043,24.));
#8673=CARTESIAN_POINT('Ctrl Pts',(1.76909953355789,-5.79877205193043,24.));
#8674=CARTESIAN_POINT('Ctrl Pts',(1.85393394867018,-5.95885877786194,24.));
#8675=CARTESIAN_POINT('Ctrl Pts',(2.05509914877971,-6.33846743331466,24.));
#8676=CARTESIAN_POINT('Ctrl Pts',(2.05930197861656,-6.77057973051942,24.));
#8677=CARTESIAN_POINT('Ctrl Pts',(2.06173241138458,-7.02046371996403,24.));
#8678=CARTESIAN_POINT('',(1.76909953355789,-5.79877205193043,24.));
#8679=CARTESIAN_POINT('Ctrl Pts',(1.08765333890915,-5.48772163689137,23.25));
#8680=CARTESIAN_POINT('Ctrl Pts',(1.08765333890915,-5.48772163689137,24.));
#8681=CARTESIAN_POINT('Ctrl Pts',(1.22380482200875,-5.4991830783375,23.25));
#8682=CARTESIAN_POINT('Ctrl Pts',(1.22380482200875,-5.4991830783375,24.));
#8683=CARTESIAN_POINT('Ctrl Pts',(1.48876093164555,-5.5214874915342,23.25));
#8684=CARTESIAN_POINT('Ctrl Pts',(1.48876093164555,-5.5214874915342,24.));
#8685=CARTESIAN_POINT('Ctrl Pts',(1.67739686844675,-5.70806840637805,23.25));
#8686=CARTESIAN_POINT('Ctrl Pts',(1.67739686844675,-5.70806840637805,24.));
#8687=CARTESIAN_POINT('Ctrl Pts',(1.76909953355789,-5.79877205193043,23.25));
#8688=CARTESIAN_POINT('Ctrl Pts',(1.76909953355789,-5.79877205193043,24.));
#8689=CARTESIAN_POINT('',(1.08765333890915,-5.48772163689137,24.));
#8690=CARTESIAN_POINT('Ctrl Pts',(1.08765333890915,-5.48772163689137,24.));
#8691=CARTESIAN_POINT('Ctrl Pts',(1.22380482200875,-5.4991830783375,24.));
#8692=CARTESIAN_POINT('Ctrl Pts',(1.48876093164555,-5.5214874915342,24.));
#8693=CARTESIAN_POINT('Ctrl Pts',(1.67739686844675,-5.70806840637805,24.));
#8694=CARTESIAN_POINT('Ctrl Pts',(1.76909953355789,-5.79877205193043,24.));
#8695=CARTESIAN_POINT('',(1.08765333890915,-5.48772163689137,24.));
#8696=CARTESIAN_POINT('Ctrl Pts',(0.40825366973877,-5.79467929899693,23.25));
#8697=CARTESIAN_POINT('Ctrl Pts',(0.40825366973877,-5.79467929899693,24.));
#8698=CARTESIAN_POINT('Ctrl Pts',(0.499573893794233,-5.70517387027446,23.25));
#8699=CARTESIAN_POINT('Ctrl Pts',(0.499573893794233,-5.70517387027446,24.));
#8700=CARTESIAN_POINT('Ctrl Pts',(0.688058589938152,-5.52043490680304,23.25));
#8701=CARTESIAN_POINT('Ctrl Pts',(0.688058589938152,-5.52043490680304,24.));
#8702=CARTESIAN_POINT('Ctrl Pts',(0.951729915524626,-5.49884915958266,23.25));
#8703=CARTESIAN_POINT('Ctrl Pts',(0.951729915524626,-5.49884915958266,24.));
#8704=CARTESIAN_POINT('Ctrl Pts',(1.08765333890915,-5.48772163689137,23.25));
#8705=CARTESIAN_POINT('Ctrl Pts',(1.08765333890915,-5.48772163689137,24.));
#8706=CARTESIAN_POINT('Ctrl Pts',(0.40825366973877,-5.79467929899693,24.));
#8707=CARTESIAN_POINT('Ctrl Pts',(0.499573893794233,-5.70517387027446,24.));
#8708=CARTESIAN_POINT('Ctrl Pts',(0.688058589938152,-5.52043490680304,24.));
#8709=CARTESIAN_POINT('Ctrl Pts',(0.951729915524626,-5.49884915958266,24.));
#8710=CARTESIAN_POINT('Ctrl Pts',(1.08765333890915,-5.48772163689137,24.));
#8711=CARTESIAN_POINT('Ctrl Pts',(1.40688955783844,-6.29502035677433,23.25));
#8712=CARTESIAN_POINT('Ctrl Pts',(1.40688955783844,-6.29502035677433,24.));
#8713=CARTESIAN_POINT('Ctrl Pts',(1.39121355874006,-6.23775427627388,23.25));
#8714=CARTESIAN_POINT('Ctrl Pts',(1.39121355874006,-6.23775427627388,24.));
#8715=CARTESIAN_POINT('Ctrl Pts',(1.3644745808008,-6.14007396552881,23.25));
#8716=CARTESIAN_POINT('Ctrl Pts',(1.3644745808008,-6.14007396552881,24.));
#8717=CARTESIAN_POINT('Ctrl Pts',(1.29966537517107,-6.06294717203008,23.25));
#8718=CARTESIAN_POINT('Ctrl Pts',(1.29966537517107,-6.06294717203008,24.));
#8719=CARTESIAN_POINT('Ctrl Pts',(1.27285122871399,-6.03103674948215,23.25));
#8720=CARTESIAN_POINT('Ctrl Pts',(1.27285122871399,-6.03103674948215,24.));
#8721=CARTESIAN_POINT('',(1.27285122871399,-6.03103674948215,24.));
#8722=CARTESIAN_POINT('',(1.27285122871399,-6.03103674948215,24.));
#8723=CARTESIAN_POINT('',(1.40688955783844,-6.29502035677433,24.));
#8724=CARTESIAN_POINT('Ctrl Pts',(1.40688955783844,-6.29502035677433,24.));
#8725=CARTESIAN_POINT('Ctrl Pts',(1.39121355874006,-6.23775427627388,24.));
#8726=CARTESIAN_POINT('Ctrl Pts',(1.3644745808008,-6.14007396552881,24.));
#8727=CARTESIAN_POINT('Ctrl Pts',(1.29966537517107,-6.06294717203008,24.));
#8728=CARTESIAN_POINT('Ctrl Pts',(1.27285122871399,-6.03103674948215,24.));
#8729=CARTESIAN_POINT('',(1.40688955783844,-6.29502035677433,24.));
#8730=CARTESIAN_POINT('Ctrl Pts',(1.46009564399719,-7.02046371996403,23.25));
#8731=CARTESIAN_POINT('Ctrl Pts',(1.46009564399719,-7.02046371996403,24.));
#8732=CARTESIAN_POINT('Ctrl Pts',(1.46071165591099,-6.8715818087276,23.25));
#8733=CARTESIAN_POINT('Ctrl Pts',(1.46071165591099,-6.8715818087276,24.));
#8734=CARTESIAN_POINT('Ctrl Pts',(1.46171884554637,-6.62815742920696,23.25));
#8735=CARTESIAN_POINT('Ctrl Pts',(1.46171884554637,-6.62815742920696,24.));
#8736=CARTESIAN_POINT('Ctrl Pts',(1.42222744150319,-6.38821174909381,23.25));
#8737=CARTESIAN_POINT('Ctrl Pts',(1.42222744150319,-6.38821174909381,24.));
#8738=CARTESIAN_POINT('Ctrl Pts',(1.40688955783844,-6.29502035677433,23.25));
#8739=CARTESIAN_POINT('Ctrl Pts',(1.40688955783844,-6.29502035677433,24.));
#8740=CARTESIAN_POINT('',(1.46009564399719,-7.02046371996403,24.));
#8741=CARTESIAN_POINT('Ctrl Pts',(1.46009564399719,-7.02046371996403,24.));
#8742=CARTESIAN_POINT('Ctrl Pts',(1.46071165591099,-6.8715818087276,24.));
#8743=CARTESIAN_POINT('Ctrl Pts',(1.46171884554637,-6.62815742920696,24.));
#8744=CARTESIAN_POINT('Ctrl Pts',(1.42222744150319,-6.38821174909381,24.));
#8745=CARTESIAN_POINT('Ctrl Pts',(1.40688955783844,-6.29502035677433,24.));
#8746=CARTESIAN_POINT('',(1.46009564399719,-7.02046371996403,24.));
#8747=CARTESIAN_POINT('Ctrl Pts',(1.40075027942658,-7.76944078505039,23.25));
#8748=CARTESIAN_POINT('Ctrl Pts',(1.40075027942658,-7.76944078505039,24.));
#8749=CARTESIAN_POINT('Ctrl Pts',(1.41789461417099,-7.6704007505281,23.25));
#8750=CARTESIAN_POINT('Ctrl Pts',(1.41789461417099,-7.6704007505281,24.));
#8751=CARTESIAN_POINT('Ctrl Pts',(1.46074890753057,-7.42283846496637,23.25));
#8752=CARTESIAN_POINT('Ctrl Pts',(1.46074890753057,-7.42283846496637,24.));
#8753=CARTESIAN_POINT('Ctrl Pts',(1.46034060223599,-7.17134464907574,23.25));
#8754=CARTESIAN_POINT('Ctrl Pts',(1.46034060223599,-7.17134464907574,24.));
#8755=CARTESIAN_POINT('Ctrl Pts',(1.46009564399719,-7.02046371996403,23.25));
#8756=CARTESIAN_POINT('Ctrl Pts',(1.46009564399719,-7.02046371996403,24.));
#8757=CARTESIAN_POINT('',(1.40075027942658,-7.76944078505039,24.));
#8758=CARTESIAN_POINT('Ctrl Pts',(1.40075027942658,-7.76944078505039,24.));
#8759=CARTESIAN_POINT('Ctrl Pts',(1.41789461417099,-7.6704007505281,24.));
#8760=CARTESIAN_POINT('Ctrl Pts',(1.46074890753057,-7.42283846496637,24.));
#8761=CARTESIAN_POINT('Ctrl Pts',(1.46034060223599,-7.17134464907574,24.));
#8762=CARTESIAN_POINT('Ctrl Pts',(1.46009564399719,-7.02046371996403,24.));
#8763=CARTESIAN_POINT('',(1.40075027942658,-7.76944078505039,24.));
#8764=CARTESIAN_POINT('Ctrl Pts',(1.27387434244156,-8.00784446299076,23.25));
#8765=CARTESIAN_POINT('Ctrl Pts',(1.27387434244156,-8.00784446299076,24.));
#8766=CARTESIAN_POINT('Ctrl Pts',(1.30035410603744,-7.97816032655234,23.25));
#8767=CARTESIAN_POINT('Ctrl Pts',(1.30035410603744,-7.97816032655234,24.));
#8768=CARTESIAN_POINT('Ctrl Pts',(1.36171996513784,-7.90936845355841,23.25));
#8769=CARTESIAN_POINT('Ctrl Pts',(1.36171996513784,-7.90936845355841,24.));
#8770=CARTESIAN_POINT('Ctrl Pts',(1.38660391453002,-7.82015695000863,23.25));
#8771=CARTESIAN_POINT('Ctrl Pts',(1.38660391453002,-7.82015695000863,24.));
#8772=CARTESIAN_POINT('Ctrl Pts',(1.40075027942658,-7.76944078505039,23.25));
#8773=CARTESIAN_POINT('Ctrl Pts',(1.40075027942658,-7.76944078505039,24.));
#8774=CARTESIAN_POINT('',(1.27387434244156,-8.00784446299076,24.));
#8775=CARTESIAN_POINT('Ctrl Pts',(1.27387434244156,-8.00784446299076,24.));
#8776=CARTESIAN_POINT('Ctrl Pts',(1.30035410603744,-7.97816032655234,24.));
#8777=CARTESIAN_POINT('Ctrl Pts',(1.36171996513784,-7.90936845355841,24.));
#8778=CARTESIAN_POINT('Ctrl Pts',(1.38660391453002,-7.82015695000863,24.));
#8779=CARTESIAN_POINT('Ctrl Pts',(1.40075027942658,-7.76944078505039,24.));
#8780=CARTESIAN_POINT('',(1.27387434244156,-8.00784446299076,24.));
#8781=CARTESIAN_POINT('Ctrl Pts',(1.08765333890915,-8.07435192167759,23.25));
#8782=CARTESIAN_POINT('Ctrl Pts',(1.08765333890915,-8.07435192167759,24.));
#8783=CARTESIAN_POINT('Ctrl Pts',(1.12154285328095,-8.07154919243821,23.25));
#8784=CARTESIAN_POINT('Ctrl Pts',(1.12154285328095,-8.07154919243821,24.));
#8785=CARTESIAN_POINT('Ctrl Pts',(1.18951686425657,-8.06592760854682,23.25));
#8786=CARTESIAN_POINT('Ctrl Pts',(1.18951686425657,-8.06592760854682,24.));
#8787=CARTESIAN_POINT('Ctrl Pts',(1.24570146154317,-8.02724250068893,23.25));
#8788=CARTESIAN_POINT('Ctrl Pts',(1.24570146154317,-8.02724250068893,24.));
#8789=CARTESIAN_POINT('Ctrl Pts',(1.27387434244156,-8.00784446299076,23.25));
#8790=CARTESIAN_POINT('Ctrl Pts',(1.27387434244156,-8.00784446299076,24.));
#8791=CARTESIAN_POINT('',(1.08765333890915,-8.07435192167759,24.));
#8792=CARTESIAN_POINT('Ctrl Pts',(1.08765333890915,-8.07435192167759,24.));
#8793=CARTESIAN_POINT('Ctrl Pts',(1.12154285328095,-8.07154919243821,24.));
#8794=CARTESIAN_POINT('Ctrl Pts',(1.18951686425657,-8.06592760854682,24.));
#8795=CARTESIAN_POINT('Ctrl Pts',(1.24570146154317,-8.02724250068893,24.));
#8796=CARTESIAN_POINT('Ctrl Pts',(1.27387434244156,-8.00784446299076,24.));
#8797=CARTESIAN_POINT('',(1.08765333890915,-8.07435192167759,24.));
#8798=CARTESIAN_POINT('Ctrl Pts',(0.90245544910431,-8.00886757671833,23.25));
#8799=CARTESIAN_POINT('Ctrl Pts',(0.90245544910431,-8.00886757671833,24.));
#8800=CARTESIAN_POINT('Ctrl Pts',(0.930395361312084,-8.02796721032454,23.25));
#8801=CARTESIAN_POINT('Ctrl Pts',(0.930395361312084,-8.02796721032454,24.));
#8802=CARTESIAN_POINT('Ctrl Pts',(0.986324494964141,-8.06620018517154,23.25));
#8803=CARTESIAN_POINT('Ctrl Pts',(0.986324494964141,-8.06620018517154,24.));
#8804=CARTESIAN_POINT('Ctrl Pts',(1.05385721112979,-8.07163307956061,23.25));
#8805=CARTESIAN_POINT('Ctrl Pts',(1.05385721112979,-8.07163307956061,24.));
#8806=CARTESIAN_POINT('Ctrl Pts',(1.08765333890915,-8.07435192167759,23.25));
#8807=CARTESIAN_POINT('Ctrl Pts',(1.08765333890915,-8.07435192167759,24.));
#8808=CARTESIAN_POINT('',(0.90245544910431,-8.00886757671833,24.));
#8809=CARTESIAN_POINT('Ctrl Pts',(0.90245544910431,-8.00886757671833,24.));
#8810=CARTESIAN_POINT('Ctrl Pts',(0.930395361312084,-8.02796721032454,24.));
#8811=CARTESIAN_POINT('Ctrl Pts',(0.986324494964141,-8.06620018517154,24.));
#8812=CARTESIAN_POINT('Ctrl Pts',(1.05385721112979,-8.07163307956061,24.));
#8813=CARTESIAN_POINT('Ctrl Pts',(1.08765333890915,-8.07435192167759,24.));
#8814=CARTESIAN_POINT('',(0.90245544910431,-8.00886757671833,24.));
#8815=CARTESIAN_POINT('Ctrl Pts',(0.768417418003083,-7.74590708315372,23.25));
#8816=CARTESIAN_POINT('Ctrl Pts',(0.768417418003083,-7.74590708315372,24.));
#8817=CARTESIAN_POINT('Ctrl Pts',(0.784049903874862,-7.80312339153175,23.25));
#8818=CARTESIAN_POINT('Ctrl Pts',(0.784049903874862,-7.80312339153175,24.));
#8819=CARTESIAN_POINT('Ctrl Pts',(0.810674931672247,-7.90057339491085,23.25));
#8820=CARTESIAN_POINT('Ctrl Pts',(0.810674931672247,-7.90057339491085,24.));
#8821=CARTESIAN_POINT('Ctrl Pts',(0.875635503178639,-7.9772220360153,23.25));
#8822=CARTESIAN_POINT('Ctrl Pts',(0.875635503178639,-7.9772220360153,24.));
#8823=CARTESIAN_POINT('Ctrl Pts',(0.90245544910431,-8.00886757671833,23.25));
#8824=CARTESIAN_POINT('Ctrl Pts',(0.90245544910431,-8.00886757671833,24.));
#8825=CARTESIAN_POINT('',(0.768417418003083,-7.74590708315372,24.));
#8826=CARTESIAN_POINT('Ctrl Pts',(0.768417418003083,-7.74590708315372,24.));
#8827=CARTESIAN_POINT('Ctrl Pts',(0.784049903874862,-7.80312339153175,24.));
#8828=CARTESIAN_POINT('Ctrl Pts',(0.810674931672247,-7.90057339491085,24.));
#8829=CARTESIAN_POINT('Ctrl Pts',(0.875635503178639,-7.9772220360153,24.));
#8830=CARTESIAN_POINT('Ctrl Pts',(0.90245544910431,-8.00886757671833,24.));
#8831=CARTESIAN_POINT('',(0.768417418003083,-7.74590708315372,24.));
#8832=CARTESIAN_POINT('Ctrl Pts',(0.715211331844331,-7.02046371996403,23.25));
#8833=CARTESIAN_POINT('Ctrl Pts',(0.715211331844331,-7.02046371996403,24.));
#8834=CARTESIAN_POINT('Ctrl Pts',(0.714595319930536,-7.16934563120045,23.25));
#8835=CARTESIAN_POINT('Ctrl Pts',(0.714595319930536,-7.16934563120045,24.));
#8836=CARTESIAN_POINT('Ctrl Pts',(0.713588130295156,-7.4127700107211,23.25));
#8837=CARTESIAN_POINT('Ctrl Pts',(0.713588130295156,-7.4127700107211,24.));
#8838=CARTESIAN_POINT('Ctrl Pts',(0.753079534338333,-7.65271569083425,23.25));
#8839=CARTESIAN_POINT('Ctrl Pts',(0.753079534338333,-7.65271569083425,24.));
#8840=CARTESIAN_POINT('Ctrl Pts',(0.768417418003083,-7.74590708315372,23.25));
#8841=CARTESIAN_POINT('Ctrl Pts',(0.768417418003083,-7.74590708315372,24.));
#8842=CARTESIAN_POINT('',(0.715211331844331,-7.02046371996403,24.));
#8843=CARTESIAN_POINT('Ctrl Pts',(0.715211331844331,-7.02046371996403,24.));
#8844=CARTESIAN_POINT('Ctrl Pts',(0.714595319930536,-7.16934563120045,24.));
#8845=CARTESIAN_POINT('Ctrl Pts',(0.713588130295156,-7.4127700107211,24.));
#8846=CARTESIAN_POINT('Ctrl Pts',(0.753079534338333,-7.65271569083425,24.));
#8847=CARTESIAN_POINT('Ctrl Pts',(0.768417418003083,-7.74590708315372,24.));
#8848=CARTESIAN_POINT('',(0.715211331844331,-7.02046371996403,24.));
#8849=CARTESIAN_POINT('Ctrl Pts',(0.774556398391725,-6.26944057643414,23.25));
#8850=CARTESIAN_POINT('Ctrl Pts',(0.774556398391725,-6.26944057643414,24.));
#8851=CARTESIAN_POINT('Ctrl Pts',(0.757409234532056,-6.36899272885641,23.25));
#8852=CARTESIAN_POINT('Ctrl Pts',(0.757409234532056,-6.36899272885641,24.));
#8853=CARTESIAN_POINT('Ctrl Pts',(0.714647859061498,-6.61725459906829,23.25));
#8854=CARTESIAN_POINT('Ctrl Pts',(0.714647859061498,-6.61725459906829,24.));
#8855=CARTESIAN_POINT('Ctrl Pts',(0.715000249033747,-6.86941735697249,23.25));
#8856=CARTESIAN_POINT('Ctrl Pts',(0.715000249033747,-6.86941735697249,24.));
#8857=CARTESIAN_POINT('Ctrl Pts',(0.715211331844331,-7.02046371996403,23.25));
#8858=CARTESIAN_POINT('Ctrl Pts',(0.715211331844331,-7.02046371996403,24.));
#8859=CARTESIAN_POINT('',(0.774556398391725,-6.26944057643414,24.));
#8860=CARTESIAN_POINT('Ctrl Pts',(0.774556398391725,-6.26944057643414,24.));
#8861=CARTESIAN_POINT('Ctrl Pts',(0.757409234532056,-6.36899272885641,24.));
#8862=CARTESIAN_POINT('Ctrl Pts',(0.714647859061498,-6.61725459906829,24.));
#8863=CARTESIAN_POINT('Ctrl Pts',(0.715000249033747,-6.86941735697249,24.));
#8864=CARTESIAN_POINT('Ctrl Pts',(0.715211331844331,-7.02046371996403,24.));
#8865=CARTESIAN_POINT('',(0.774556398391725,-6.26944057643414,24.));
#8866=CARTESIAN_POINT('Ctrl Pts',(0.90143233537674,-6.03103674948215,23.25));
#8867=CARTESIAN_POINT('Ctrl Pts',(0.90143233537674,-6.03103674948215,24.));
#8868=CARTESIAN_POINT('Ctrl Pts',(0.874952440130272,-6.06072091837796,23.25));
#8869=CARTESIAN_POINT('Ctrl Pts',(0.874952440130272,-6.06072091837796,24.));
#8870=CARTESIAN_POINT('Ctrl Pts',(0.813586388372771,-6.12951274054658,23.25));
#8871=CARTESIAN_POINT('Ctrl Pts',(0.813586388372771,-6.12951274054658,24.));
#8872=CARTESIAN_POINT('Ctrl Pts',(0.788702633201259,-6.21872439577879,23.25));
#8873=CARTESIAN_POINT('Ctrl Pts',(0.788702633201259,-6.21872439577879,24.));
#8874=CARTESIAN_POINT('Ctrl Pts',(0.774556398391725,-6.26944057643414,23.25));
#8875=CARTESIAN_POINT('Ctrl Pts',(0.774556398391725,-6.26944057643414,24.));
#8876=CARTESIAN_POINT('',(0.90143233537674,-6.03103674948215,24.));
#8877=CARTESIAN_POINT('Ctrl Pts',(0.90143233537674,-6.03103674948215,24.));
#8878=CARTESIAN_POINT('Ctrl Pts',(0.874952440130272,-6.06072091837796,24.));
#8879=CARTESIAN_POINT('Ctrl Pts',(0.813586388372771,-6.12951274054658,24.));
#8880=CARTESIAN_POINT('Ctrl Pts',(0.788702633201259,-6.21872439577879,24.));
#8881=CARTESIAN_POINT('Ctrl Pts',(0.774556398391725,-6.26944057643414,24.));
#8882=CARTESIAN_POINT('',(0.90143233537674,-6.03103674948215,24.));
#8883=CARTESIAN_POINT('Ctrl Pts',(1.08765333890915,-5.96452929079533,23.25));
#8884=CARTESIAN_POINT('Ctrl Pts',(1.08765333890915,-5.96452929079533,24.));
#8885=CARTESIAN_POINT('Ctrl Pts',(1.05376383114084,-5.96733208901333,23.25));
#8886=CARTESIAN_POINT('Ctrl Pts',(1.05376383114084,-5.96733208901333,24.));
#8887=CARTESIAN_POINT('Ctrl Pts',(0.985789866814492,-5.97295380849617,23.25));
#8888=CARTESIAN_POINT('Ctrl Pts',(0.985789866814492,-5.97295380849617,24.));
#8889=CARTESIAN_POINT('Ctrl Pts',(0.929605224891564,-6.01163878641704,23.25));
#8890=CARTESIAN_POINT('Ctrl Pts',(0.929605224891564,-6.01163878641704,24.));
#8891=CARTESIAN_POINT('Ctrl Pts',(0.90143233537674,-6.03103674948215,23.25));
#8892=CARTESIAN_POINT('Ctrl Pts',(0.90143233537674,-6.03103674948215,24.));
#8893=CARTESIAN_POINT('',(1.08765333890915,-5.96452929079533,24.));
#8894=CARTESIAN_POINT('Ctrl Pts',(1.08765333890915,-5.96452929079533,24.));
#8895=CARTESIAN_POINT('Ctrl Pts',(1.05376383114084,-5.96733208901333,24.));
#8896=CARTESIAN_POINT('Ctrl Pts',(0.985789866814492,-5.97295380849617,24.));
#8897=CARTESIAN_POINT('Ctrl Pts',(0.929605224891564,-6.01163878641704,24.));
#8898=CARTESIAN_POINT('Ctrl Pts',(0.90143233537674,-6.03103674948215,24.));
#8899=CARTESIAN_POINT('',(1.08765333890915,-5.96452929079533,24.));
#8900=CARTESIAN_POINT('Ctrl Pts',(1.27285122871399,-6.03103674948215,23.25));
#8901=CARTESIAN_POINT('Ctrl Pts',(1.27285122871399,-6.03103674948215,24.));
#8902=CARTESIAN_POINT('Ctrl Pts',(1.24494076047784,-6.01163874434963,23.25));
#8903=CARTESIAN_POINT('Ctrl Pts',(1.24494076047784,-6.01163874434963,24.));
#8904=CARTESIAN_POINT('Ctrl Pts',(1.18916507601514,-5.97287418460368,23.25));
#8905=CARTESIAN_POINT('Ctrl Pts',(1.18916507601514,-5.97287418460368,24.));
#8906=CARTESIAN_POINT('Ctrl Pts',(1.1214722777379,-5.96730941712636,23.25));
#8907=CARTESIAN_POINT('Ctrl Pts',(1.1214722777379,-5.96730941712636,24.));
#8908=CARTESIAN_POINT('Ctrl Pts',(1.08765333890915,-5.96452929079533,23.25));
#8909=CARTESIAN_POINT('Ctrl Pts',(1.08765333890915,-5.96452929079533,24.));
#8910=CARTESIAN_POINT('Ctrl Pts',(1.27285122871399,-6.03103674948215,24.));
#8911=CARTESIAN_POINT('Ctrl Pts',(1.24494076047784,-6.01163874434963,24.));
#8912=CARTESIAN_POINT('Ctrl Pts',(1.18916507601514,-5.97287418460368,24.));
#8913=CARTESIAN_POINT('Ctrl Pts',(1.1214722777379,-5.96730941712636,24.));
#8914=CARTESIAN_POINT('Ctrl Pts',(1.08765333890915,-5.96452929079533,24.));
#8915=CARTESIAN_POINT('Origin',(10.,0.,23.25));
#8916=CARTESIAN_POINT('',(-3.69782753881981,-7.238492140831,23.25));
#8917=CARTESIAN_POINT('',(-3.68536185913883,-8.49695714563364,23.25));
#8918=CARTESIAN_POINT('',(-3.69782753881981,-7.238492140831,23.25));
#8919=CARTESIAN_POINT('',(-2.61212966564173,-5.48617898995121,23.25));
#8920=CARTESIAN_POINT('',(-2.61212966564173,-5.48617898995121,23.25));
#8921=CARTESIAN_POINT('',(-3.30991264025413,-5.49309085401987,23.25));
#8922=CARTESIAN_POINT('',(-3.30991264025413,-5.49309085401987,23.25));
#8923=CARTESIAN_POINT('',(-3.98980038687597,-6.68678695263931,23.25));
#8924=CARTESIAN_POINT('',(-3.98980038687597,-6.68678695263931,23.25));
#8925=CARTESIAN_POINT('',(-4.70752471655535,-5.50693484999509,23.25));
#8926=CARTESIAN_POINT('',(-4.70752471655535,-5.50693484999509,23.25));
#8927=CARTESIAN_POINT('',(-5.41758549665646,-5.51396833142285,23.25));
#8928=CARTESIAN_POINT('',(-5.41758549665646,-5.51396833142285,23.25));
#8929=CARTESIAN_POINT('',(-4.30152205138559,-7.24037935935743,23.25));
#8930=CARTESIAN_POINT('',(-4.30152205138559,-7.24037935935743,23.25));
#8931=CARTESIAN_POINT('',(-4.28901583602881,-8.50293661831293,23.25));
#8932=CARTESIAN_POINT('',(-4.28901583602881,-8.50293661831293,23.25));
#8933=CARTESIAN_POINT('',(-3.68536185913883,-8.49695714563364,23.25));
#8934=CARTESIAN_POINT('Origin',(-3.69159469897932,-7.86772464323232,24.));
#8935=CARTESIAN_POINT('',(-3.68536185913883,-8.49695714563364,24.));
#8936=CARTESIAN_POINT('',(-3.68536185913883,-8.49695714563364,24.));
#8937=CARTESIAN_POINT('',(-3.69782753881981,-7.238492140831,24.));
#8938=CARTESIAN_POINT('',(-3.72988597572484,-4.00205241302326,24.));
#8939=CARTESIAN_POINT('',(-3.69782753881981,-7.238492140831,24.));
#8940=CARTESIAN_POINT('Origin',(-3.15497860223077,-6.36233556539111,24.));
#8941=CARTESIAN_POINT('',(-2.61212966564173,-5.48617898995121,24.));
#8942=CARTESIAN_POINT('',(0.0938227131123764,-1.11877986714982,24.));
#8943=CARTESIAN_POINT('',(-2.61212966564173,-5.48617898995121,24.));
#8944=CARTESIAN_POINT('Origin',(-2.96102115294793,-5.48963492198554,24.));
#8945=CARTESIAN_POINT('',(-3.30991264025413,-5.49309085401987,24.));
#8946=CARTESIAN_POINT('',(3.54603965261987,-5.42517946604731,24.));
#8947=CARTESIAN_POINT('',(-3.30991264025413,-5.49309085401987,24.));
#8948=CARTESIAN_POINT('Origin',(-3.64985651356505,-6.08993890332959,24.));
#8949=CARTESIAN_POINT('',(-3.98980038687597,-6.68678695263931,24.));
#8950=CARTESIAN_POINT('',(-0.668632821348404,-0.855729126505672,24.));
#8951=CARTESIAN_POINT('',(-3.98980038687597,-6.68678695263931,24.));
#8952=CARTESIAN_POINT('Origin',(-4.34866255171566,-6.0968609013172,24.));
#8953=CARTESIAN_POINT('',(-4.70752471655535,-5.50693484999509,24.));
#8954=CARTESIAN_POINT('',(-3.76441569364163,-7.05729216365138,24.));
#8955=CARTESIAN_POINT('',(-4.70752471655535,-5.50693484999509,24.));
#8956=CARTESIAN_POINT('Origin',(-5.06255510660591,-5.51045159070897,24.));
#8957=CARTESIAN_POINT('',(-5.41758549665646,-5.51396833142285,24.));
#8958=CARTESIAN_POINT('',(2.49527267579087,-5.43558780040903,24.));
#8959=CARTESIAN_POINT('',(-5.41758549665646,-5.51396833142285,24.));
#8960=CARTESIAN_POINT('Origin',(-4.85955377402103,-6.37717384539014,24.));
#8961=CARTESIAN_POINT('',(-4.30152205138559,-7.24037935935743,24.));
#8962=CARTESIAN_POINT('',(-4.12346169348419,-7.51581653707482,24.));
#8963=CARTESIAN_POINT('',(-4.30152205138559,-7.24037935935743,24.));
#8964=CARTESIAN_POINT('Origin',(-4.2952689437072,-7.87165798883518,24.));
#8965=CARTESIAN_POINT('',(-4.28901583602881,-8.50293661831293,24.));
#8966=CARTESIAN_POINT('',(-4.33355008653376,-4.00700882216433,24.));
#8967=CARTESIAN_POINT('',(-4.28901583602881,-8.50293661831293,24.));
#8968=CARTESIAN_POINT('Origin',(-3.98718884758382,-8.49994688197329,24.));
#8969=CARTESIAN_POINT('',(3.04781327287385,-8.43026192239637,24.));
#8970=CARTESIAN_POINT('Origin',(10.,0.,24.));
#8971=CARTESIAN_POINT('Origin',(0.,0.,3.27953494659146));
#8972=CARTESIAN_POINT('',(-15.,-1.83697019872103E-15,0.));
#8973=CARTESIAN_POINT('Origin',(0.,0.,0.));
#8974=CARTESIAN_POINT('',(-15.,-1.83697019872103E-15,6.55906989318291));
#8975=CARTESIAN_POINT('',(-15.,-1.83697019872103E-15,3.27953494659146));
#8976=CARTESIAN_POINT('Origin',(0.,0.,6.55906989318291));
#8977=CARTESIAN_POINT('Origin',(0.,0.,6.55906989318291));
#8978=CARTESIAN_POINT('',(0.,0.,27.5590698931829));
#8979=CARTESIAN_POINT('',(-15.,-1.83697019872103E-15,6.55906989318291));
#8980=CARTESIAN_POINT('Origin',(-5.,-4.,30.));
#8981=CARTESIAN_POINT('',(-4.,-4.,31.));
#8982=CARTESIAN_POINT('',(-4.,-5.,30.));
#8983=CARTESIAN_POINT('',(-4.,-4.,31.));
#8984=CARTESIAN_POINT('',(-5.,-4.,30.));
#8985=CARTESIAN_POINT('',(-5.,-4.,30.));
#8986=CARTESIAN_POINT('',(-4.,-5.,30.));
#8987=CARTESIAN_POINT('Origin',(-4.,5.,30.));
#8988=CARTESIAN_POINT('',(-4.,4.,31.));
#8989=CARTESIAN_POINT('',(-5.,4.,30.));
#8990=CARTESIAN_POINT('',(-4.,4.,31.));
#8991=CARTESIAN_POINT('',(-4.,5.,30.));
#8992=CARTESIAN_POINT('',(-4.,5.,30.));
#8993=CARTESIAN_POINT('',(-5.,4.,30.));
#8994=CARTESIAN_POINT('Origin',(4.,-5.,30.));
#8995=CARTESIAN_POINT('',(4.,-4.,31.));
#8996=CARTESIAN_POINT('',(5.,-4.,30.));
#8997=CARTESIAN_POINT('',(4.,-4.,31.));
#8998=CARTESIAN_POINT('',(4.,-5.,30.));
#8999=CARTESIAN_POINT('',(4.,-5.,30.));
#9000=CARTESIAN_POINT('',(5.,-4.,30.));
#9001=CARTESIAN_POINT('Origin',(0.,-4.5,30.5));
#9002=CARTESIAN_POINT('',(0.,-5.,30.));
#9003=CARTESIAN_POINT('',(0.,-4.,31.));
#9004=CARTESIAN_POINT('Origin',(4.5,-4.5,24.));
#9005=CARTESIAN_POINT('',(4.,-5.,24.));
#9006=CARTESIAN_POINT('',(5.,-4.,24.));
#9007=CARTESIAN_POINT('',(7.,-2.,24.));
#9008=CARTESIAN_POINT('',(5.,-4.,24.));
#9009=CARTESIAN_POINT('',(4.,-5.,24.));
#9010=CARTESIAN_POINT('Origin',(4.,5.,30.));
#9011=CARTESIAN_POINT('',(5.,4.,30.));
#9012=CARTESIAN_POINT('',(4.,4.,31.));
#9013=CARTESIAN_POINT('',(5.,4.,30.));
#9014=CARTESIAN_POINT('',(4.,5.,30.));
#9015=CARTESIAN_POINT('',(4.,5.,30.));
#9016=CARTESIAN_POINT('',(4.,4.,31.));
#9017=CARTESIAN_POINT('Origin',(4.5,4.5,24.));
#9018=CARTESIAN_POINT('',(5.,4.,24.));
#9019=CARTESIAN_POINT('',(4.,5.,24.));
#9020=CARTESIAN_POINT('',(7.,2.,24.));
#9021=CARTESIAN_POINT('',(4.,5.,24.));
#9022=CARTESIAN_POINT('',(5.,4.,24.));
#9023=CARTESIAN_POINT('Origin',(-12.5,4.5,30.5));
#9024=CARTESIAN_POINT('',(-12.5,5.,30.));
#9025=CARTESIAN_POINT('',(-12.5,4.,31.));
#9026=CARTESIAN_POINT('Origin',(4.5,2.5,30.5));
#9027=CARTESIAN_POINT('',(5.,2.5,30.));
#9028=CARTESIAN_POINT('',(4.,2.5,31.));
#9029=CARTESIAN_POINT('Origin',(-4.5,4.5,24.));
#9030=CARTESIAN_POINT('',(-4.,5.,24.));
#9031=CARTESIAN_POINT('',(-5.,4.,24.));
#9032=CARTESIAN_POINT('',(-2.,6.99999999999999,24.));
#9033=CARTESIAN_POINT('',(-5.,4.,24.));
#9034=CARTESIAN_POINT('',(-4.,5.,24.));
#9035=CARTESIAN_POINT('Origin',(-4.5,-3.75,30.5));
#9036=CARTESIAN_POINT('',(-5.,-3.75,30.));
#9037=CARTESIAN_POINT('',(-4.,-3.75,31.));
#9038=CARTESIAN_POINT('Origin',(-4.5,-4.5,24.));
#9039=CARTESIAN_POINT('',(-5.,-4.,24.));
#9040=CARTESIAN_POINT('',(-4.,-5.,24.));
#9041=CARTESIAN_POINT('',(-1.99999999999999,-7.,24.));
#9042=CARTESIAN_POINT('',(-4.,-5.,24.));
#9043=CARTESIAN_POINT('',(-5.,-4.,24.));
#9044=CARTESIAN_POINT('Origin',(5.,0.,24.));
#9045=CARTESIAN_POINT('',(5.,12.5,24.));
#9046=CARTESIAN_POINT('Origin',(12.5,-5.,24.));
#9047=CARTESIAN_POINT('',(12.5,-5.,24.));
#9048=CARTESIAN_POINT('Origin',(-12.5,5.,31.));
#9049=CARTESIAN_POINT('Origin',(-9.,10.,23.));
#9050=CARTESIAN_POINT('',(-9.,9.,24.));
#9051=CARTESIAN_POINT('',(-10.,9.,23.));
#9052=CARTESIAN_POINT('',(-9.,9.,24.));
#9053=CARTESIAN_POINT('',(-9.,10.,23.));
#9054=CARTESIAN_POINT('',(-9.,10.,23.));
#9055=CARTESIAN_POINT('',(-10.,9.,23.));
#9056=CARTESIAN_POINT('Origin',(9.,10.,23.));
#9057=CARTESIAN_POINT('',(10.,9.,23.));
#9058=CARTESIAN_POINT('',(9.,9.,24.));
#9059=CARTESIAN_POINT('',(10.,9.,23.));
#9060=CARTESIAN_POINT('',(9.,10.,23.));
#9061=CARTESIAN_POINT('',(9.,10.,23.));
#9062=CARTESIAN_POINT('',(9.,9.,24.));
#9063=CARTESIAN_POINT('Origin',(9.5,9.5,17.));
#9064=CARTESIAN_POINT('',(10.,9.,17.));
#9065=CARTESIAN_POINT('',(9.,10.,17.));
#9066=CARTESIAN_POINT('',(13.25,5.75,17.));
#9067=CARTESIAN_POINT('',(9.,10.,17.));
#9068=CARTESIAN_POINT('',(10.,9.,17.));
#9069=CARTESIAN_POINT('Origin',(-1.25,9.5,23.5));
#9070=CARTESIAN_POINT('',(-1.25,10.,23.));
#9071=CARTESIAN_POINT('',(-1.25,9.,24.));
#9072=CARTESIAN_POINT('Origin',(-9.,-10.,23.));
#9073=CARTESIAN_POINT('',(-10.,-9.,23.));
#9074=CARTESIAN_POINT('',(-9.,-9.,24.));
#9075=CARTESIAN_POINT('',(-10.,-9.,23.));
#9076=CARTESIAN_POINT('',(-9.,-10.,23.));
#9077=CARTESIAN_POINT('',(-9.,-10.,23.));
#9078=CARTESIAN_POINT('',(-9.,-9.,24.));
#9079=CARTESIAN_POINT('Origin',(-9.5,-9.5,17.));
#9080=CARTESIAN_POINT('',(-10.,-9.,17.));
#9081=CARTESIAN_POINT('',(-9.,-10.,17.));
#9082=CARTESIAN_POINT('',(-5.75,-13.25,17.));
#9083=CARTESIAN_POINT('',(-9.,-10.,17.));
#9084=CARTESIAN_POINT('',(-10.,-9.,17.));
#9085=CARTESIAN_POINT('Origin',(9.,-10.,23.));
#9086=CARTESIAN_POINT('',(9.,-9.,24.));
#9087=CARTESIAN_POINT('',(10.,-9.,23.));
#9088=CARTESIAN_POINT('',(9.,-9.,24.));
#9089=CARTESIAN_POINT('',(9.,-10.,23.));
#9090=CARTESIAN_POINT('',(9.,-10.,23.));
#9091=CARTESIAN_POINT('',(10.,-9.,23.));
#9092=CARTESIAN_POINT('Origin',(11.25,-9.5,23.5));
#9093=CARTESIAN_POINT('',(11.25,-10.,23.));
#9094=CARTESIAN_POINT('',(11.25,-9.,24.));
#9095=CARTESIAN_POINT('Origin',(9.5,-9.5,17.));
#9096=CARTESIAN_POINT('',(9.,-10.,17.));
#9097=CARTESIAN_POINT('',(10.,-9.,17.));
#9098=CARTESIAN_POINT('',(13.25,-5.75,17.));
#9099=CARTESIAN_POINT('',(10.,-9.,17.));
#9100=CARTESIAN_POINT('',(9.,-10.,17.));
#9101=CARTESIAN_POINT('Origin',(9.5,0.,23.5));
#9102=CARTESIAN_POINT('',(10.,0.,23.));
#9103=CARTESIAN_POINT('',(9.,0.,24.));
#9104=CARTESIAN_POINT('Origin',(-9.5,-6.25,23.5));
#9105=CARTESIAN_POINT('',(-10.,-6.25,23.));
#9106=CARTESIAN_POINT('',(-9.,-6.25,24.));
#9107=CARTESIAN_POINT('Origin',(-9.5,9.5,17.));
#9108=CARTESIAN_POINT('',(-9.,10.,17.));
#9109=CARTESIAN_POINT('',(-10.,9.,17.));
#9110=CARTESIAN_POINT('',(-5.75,13.25,17.));
#9111=CARTESIAN_POINT('',(-10.,9.,17.));
#9112=CARTESIAN_POINT('',(-9.,10.,17.));
#9113=CARTESIAN_POINT('Origin',(12.5,-10.,17.));
#9114=CARTESIAN_POINT('',(12.5,-10.,17.));
#9115=CARTESIAN_POINT('Origin',(-10.,-12.5,17.));
#9116=CARTESIAN_POINT('',(-10.,-12.5,17.));
#9117=CARTESIAN_POINT('Origin',(10.,0.,24.));
#9118=CARTESIAN_POINT('',(-12.5,5.,24.));
#9119=CARTESIAN_POINT('',(-5.,-12.5,24.));
#9120=CARTESIAN_POINT('Origin',(-14.,14.,17.));
#9121=CARTESIAN_POINT('',(-15.,14.,16.));
#9122=CARTESIAN_POINT('',(-14.,15.,16.));
#9123=CARTESIAN_POINT('',(-15.,14.,16.));
#9124=CARTESIAN_POINT('',(-14.,14.,17.));
#9125=CARTESIAN_POINT('',(-14.,14.,17.));
#9126=CARTESIAN_POINT('',(-14.,15.,16.));
#9127=CARTESIAN_POINT('Origin',(-14.,-14.,17.));
#9128=CARTESIAN_POINT('',(-14.,-15.,16.));
#9129=CARTESIAN_POINT('',(-15.,-14.,16.));
#9130=CARTESIAN_POINT('',(-14.,-15.,16.));
#9131=CARTESIAN_POINT('',(-14.,-14.,17.));
#9132=CARTESIAN_POINT('',(-14.,-14.,17.));
#9133=CARTESIAN_POINT('',(-15.,-14.,16.));
#9134=CARTESIAN_POINT('Origin',(14.,14.,17.));
#9135=CARTESIAN_POINT('',(14.,15.,16.));
#9136=CARTESIAN_POINT('',(15.,14.,16.));
#9137=CARTESIAN_POINT('',(14.,15.,16.));
#9138=CARTESIAN_POINT('',(14.,14.,17.));
#9139=CARTESIAN_POINT('',(14.,14.,17.));
#9140=CARTESIAN_POINT('',(15.,14.,16.));
#9141=CARTESIAN_POINT('Origin',(1.25,14.5,16.5));
#9142=CARTESIAN_POINT('',(1.25,14.,17.));
#9143=CARTESIAN_POINT('',(1.25,15.,16.));
#9144=CARTESIAN_POINT('Origin',(14.,-14.,17.));
#9145=CARTESIAN_POINT('',(15.,-14.,16.));
#9146=CARTESIAN_POINT('',(14.,-15.,16.));
#9147=CARTESIAN_POINT('',(15.,-14.,16.));
#9148=CARTESIAN_POINT('',(14.,-14.,17.));
#9149=CARTESIAN_POINT('',(14.,-14.,17.));
#9150=CARTESIAN_POINT('',(14.,-15.,16.));
#9151=CARTESIAN_POINT('Origin',(14.5,6.25,16.5));
#9152=CARTESIAN_POINT('',(14.,6.25,17.));
#9153=CARTESIAN_POINT('',(15.,6.25,16.));
#9154=CARTESIAN_POINT('Origin',(13.75,-14.5,16.5));
#9155=CARTESIAN_POINT('',(13.75,-14.,17.));
#9156=CARTESIAN_POINT('',(13.75,-15.,16.));
#9157=CARTESIAN_POINT('Origin',(14.5,-14.5,10.));
#9158=CARTESIAN_POINT('',(14.,-15.,10.));
#9159=CARTESIAN_POINT('',(15.,-14.,10.));
#9160=CARTESIAN_POINT('',(16.3749999999999,-12.6250000000001,10.));
#9161=CARTESIAN_POINT('',(15.,-14.,10.));
#9162=CARTESIAN_POINT('',(14.,-15.,10.));
#9163=CARTESIAN_POINT('Origin',(14.5,14.5,10.));
#9164=CARTESIAN_POINT('',(15.,14.,10.));
#9165=CARTESIAN_POINT('',(14.,15.,10.));
#9166=CARTESIAN_POINT('',(6.37500000000011,22.625,10.));
#9167=CARTESIAN_POINT('',(14.,15.,10.));
#9168=CARTESIAN_POINT('',(15.,14.,10.));
#9169=CARTESIAN_POINT('Origin',(-14.5,-6.25,16.5));
#9170=CARTESIAN_POINT('',(-14.,-6.25,17.));
#9171=CARTESIAN_POINT('',(-15.,-6.25,16.));
#9172=CARTESIAN_POINT('Origin',(-14.5,-14.5,10.));
#9173=CARTESIAN_POINT('',(-15.,-14.,10.));
#9174=CARTESIAN_POINT('',(-14.,-15.,10.));
#9175=CARTESIAN_POINT('',(-22.625,-6.37499999999983,10.));
#9176=CARTESIAN_POINT('',(-14.,-15.,10.));
#9177=CARTESIAN_POINT('',(-15.,-14.,10.));
#9178=CARTESIAN_POINT('Origin',(-14.5,14.5,10.));
#9179=CARTESIAN_POINT('',(-14.,15.,10.));
#9180=CARTESIAN_POINT('',(-15.,14.,10.));
#9181=CARTESIAN_POINT('',(-12.625,16.375,10.));
#9182=CARTESIAN_POINT('',(-15.,14.,10.));
#9183=CARTESIAN_POINT('',(-14.,15.,10.));
#9184=CARTESIAN_POINT('Origin',(12.5,-15.,10.));
#9185=CARTESIAN_POINT('',(12.5,-15.,10.));
#9186=CARTESIAN_POINT('Origin',(-15.,-12.5,10.));
#9187=CARTESIAN_POINT('',(-15.,-12.5,10.));
#9188=CARTESIAN_POINT('Origin',(15.,0.,17.));
#9189=CARTESIAN_POINT('',(-12.5,10.,17.));
#9190=CARTESIAN_POINT('',(10.,12.5,17.));
#9191=CARTESIAN_POINT('Origin',(19.,20.,9.));
#9192=CARTESIAN_POINT('',(20.,19.,8.99999999999999));
#9193=CARTESIAN_POINT('',(19.,19.,10.));
#9194=CARTESIAN_POINT('',(20.,19.,8.99999999999999));
#9195=CARTESIAN_POINT('',(19.,20.,9.));
#9196=CARTESIAN_POINT('',(19.,20.,9.));
#9197=CARTESIAN_POINT('',(19.,19.,10.));
#9198=CARTESIAN_POINT('Origin',(19.5,19.5,3.00000000000001));
#9199=CARTESIAN_POINT('',(20.,19.,3.));
#9200=CARTESIAN_POINT('',(19.,20.,3.));
#9201=CARTESIAN_POINT('',(10.1250000000001,28.875,3.));
#9202=CARTESIAN_POINT('',(19.,20.,3.00000000000001));
#9203=CARTESIAN_POINT('',(20.,19.,3.00000000000001));
#9204=CARTESIAN_POINT('Origin',(-20.,19.,8.99999999999999));
#9205=CARTESIAN_POINT('',(-19.,20.,9.));
#9206=CARTESIAN_POINT('',(-19.,19.,10.));
#9207=CARTESIAN_POINT('',(-19.,20.,9.));
#9208=CARTESIAN_POINT('',(-20.,19.,8.99999999999999));
#9209=CARTESIAN_POINT('',(-20.,19.,8.99999999999999));
#9210=CARTESIAN_POINT('',(-19.,19.,10.));
#9211=CARTESIAN_POINT('Origin',(-19.5,19.5,3.00000000000001));
#9212=CARTESIAN_POINT('',(-19.,20.,3.));
#9213=CARTESIAN_POINT('',(-20.,19.,3.));
#9214=CARTESIAN_POINT('',(-16.375,22.625,3.));
#9215=CARTESIAN_POINT('',(-20.,19.,3.00000000000001));
#9216=CARTESIAN_POINT('',(-19.,20.,3.00000000000001));
#9217=CARTESIAN_POINT('Origin',(20.,-19.,9.00000000000001));
#9218=CARTESIAN_POINT('',(19.,-20.,9.));
#9219=CARTESIAN_POINT('',(19.,-19.,10.));
#9220=CARTESIAN_POINT('',(19.,-20.,9.));
#9221=CARTESIAN_POINT('',(20.,-19.,9.00000000000001));
#9222=CARTESIAN_POINT('',(20.,-19.,9.00000000000001));
#9223=CARTESIAN_POINT('',(19.,-19.,10.));
#9224=CARTESIAN_POINT('Origin',(19.5,-19.5,3.00000000000001));
#9225=CARTESIAN_POINT('',(19.,-20.,3.));
#9226=CARTESIAN_POINT('',(20.,-19.,3.));
#9227=CARTESIAN_POINT('',(22.6249999999999,-16.3750000000002,3.00000000000001));
#9228=CARTESIAN_POINT('',(20.,-19.,3.00000000000001));
#9229=CARTESIAN_POINT('',(19.,-20.,3.00000000000001));
#9230=CARTESIAN_POINT('Origin',(19.5,16.25,9.5));
#9231=CARTESIAN_POINT('',(19.,16.25,10.));
#9232=CARTESIAN_POINT('',(20.,16.25,8.99999999999999));
#9233=CARTESIAN_POINT('Origin',(-19.,-20.,9.));
#9234=CARTESIAN_POINT('',(-20.,-19.,9.00000000000001));
#9235=CARTESIAN_POINT('',(-19.,-19.,10.));
#9236=CARTESIAN_POINT('',(-20.,-19.,9.00000000000001));
#9237=CARTESIAN_POINT('',(-19.,-20.,9.));
#9238=CARTESIAN_POINT('',(-19.,-20.,9.));
#9239=CARTESIAN_POINT('',(-19.,-19.,10.));
#9240=CARTESIAN_POINT('Origin',(-19.5,-19.5,3.00000000000001));
#9241=CARTESIAN_POINT('',(-20.,-19.,3.));
#9242=CARTESIAN_POINT('',(-19.,-20.,3.));
#9243=CARTESIAN_POINT('',(-28.875,-10.1249999999998,3.00000000000001));
#9244=CARTESIAN_POINT('',(-19.,-20.,3.00000000000001));
#9245=CARTESIAN_POINT('',(-20.,-19.,3.00000000000001));
#9246=CARTESIAN_POINT('Origin',(0.,-19.5,9.50000000000001));
#9247=CARTESIAN_POINT('',(0.,-19.,10.));
#9248=CARTESIAN_POINT('',(0.,-20.,9.));
#9249=CARTESIAN_POINT('Origin',(-19.5,3.75,9.50000000000001));
#9250=CARTESIAN_POINT('',(-19.,3.75,10.));
#9251=CARTESIAN_POINT('',(-20.,3.75,9.));
#9252=CARTESIAN_POINT('Origin',(-12.5,19.5,9.5));
#9253=CARTESIAN_POINT('',(-12.5,19.,10.));
#9254=CARTESIAN_POINT('',(-12.5,20.,9.));
#9255=CARTESIAN_POINT('Origin',(20.,12.5,3.));
#9256=CARTESIAN_POINT('',(20.,12.5,3.));
#9257=CARTESIAN_POINT('Origin',(12.5,-20.,3.));
#9258=CARTESIAN_POINT('',(12.5,-20.,3.));
#9259=CARTESIAN_POINT('Origin',(-12.5,20.,10.));
#9260=CARTESIAN_POINT('',(-12.5,15.,10.));
#9261=CARTESIAN_POINT('',(15.,12.5,10.));
#9262=CARTESIAN_POINT('Origin',(-20.,25.,1.99999999999999));
#9263=CARTESIAN_POINT('',(-20.,25.,1.99999999999999));
#9264=CARTESIAN_POINT('',(-20.,24.,3.));
#9265=CARTESIAN_POINT('',(-20.,24.75,2.24999999999999));
#9266=CARTESIAN_POINT('',(-25.,20.,2.));
#9267=CARTESIAN_POINT('',(-21.25,23.75,1.99999999999999));
#9268=CARTESIAN_POINT('',(-24.,20.,3.));
#9269=CARTESIAN_POINT('',(-23.5,20.,3.50000000000001));
#9270=CARTESIAN_POINT('',(-17.625,26.375,3.));
#9271=CARTESIAN_POINT('Origin',(-22.5,22.5,0.));
#9272=CARTESIAN_POINT('',(-20.,25.,0.));
#9273=CARTESIAN_POINT('',(-25.,20.,0.));
#9274=CARTESIAN_POINT('',(-22.5,22.5,0.));
#9275=CARTESIAN_POINT('',(-25.,20.,0.));
#9276=CARTESIAN_POINT('',(-20.,25.,0.));
#9277=CARTESIAN_POINT('Origin',(-25.,-20.,2.));
#9278=CARTESIAN_POINT('',(-25.,-20.,2.));
#9279=CARTESIAN_POINT('',(-24.,-20.,3.00000000000001));
#9280=CARTESIAN_POINT('',(-24.75,-20.,2.24999999999998));
#9281=CARTESIAN_POINT('',(-20.,-25.,2.));
#9282=CARTESIAN_POINT('',(-23.75,-21.25,2.));
#9283=CARTESIAN_POINT('',(-20.,-24.,3.00000000000001));
#9284=CARTESIAN_POINT('',(-20.,-23.5,3.50000000000003));
#9285=CARTESIAN_POINT('',(-32.625,-11.3749999999999,3.00000000000001));
#9286=CARTESIAN_POINT('Origin',(-22.5,-22.5,0.));
#9287=CARTESIAN_POINT('',(-25.,-20.,0.));
#9288=CARTESIAN_POINT('',(-20.,-25.,0.));
#9289=CARTESIAN_POINT('',(-22.5,-22.5,0.));
#9290=CARTESIAN_POINT('',(-20.,-25.,0.));
#9291=CARTESIAN_POINT('',(-25.,-20.,0.));
#9292=CARTESIAN_POINT('Origin',(25.,20.,2.));
#9293=CARTESIAN_POINT('',(25.,20.,2.));
#9294=CARTESIAN_POINT('',(24.,20.,3.));
#9295=CARTESIAN_POINT('',(24.75,20.,2.25));
#9296=CARTESIAN_POINT('',(20.,25.,2.));
#9297=CARTESIAN_POINT('',(23.75,21.25,2.));
#9298=CARTESIAN_POINT('',(20.,24.,3.));
#9299=CARTESIAN_POINT('',(20.,23.5,3.5));
#9300=CARTESIAN_POINT('',(13.875,30.125,3.));
#9301=CARTESIAN_POINT('Origin',(22.5,22.5,0.));
#9302=CARTESIAN_POINT('',(25.,20.,0.));
#9303=CARTESIAN_POINT('',(20.,25.,0.));
#9304=CARTESIAN_POINT('',(22.5,22.5,0.));
#9305=CARTESIAN_POINT('',(20.,25.,0.));
#9306=CARTESIAN_POINT('',(25.,20.,0.));
#9307=CARTESIAN_POINT('Origin',(-12.5,24.5,2.5));
#9308=CARTESIAN_POINT('',(-12.5,24.,3.));
#9309=CARTESIAN_POINT('',(-12.5,25.,2.));
#9310=CARTESIAN_POINT('Origin',(20.,-25.,2.));
#9311=CARTESIAN_POINT('',(20.,-25.,2.));
#9312=CARTESIAN_POINT('',(20.,-24.,3.00000000000001));
#9313=CARTESIAN_POINT('',(20.,-24.75,2.24999999999999));
#9314=CARTESIAN_POINT('',(25.,-20.,2.));
#9315=CARTESIAN_POINT('',(21.25,-23.75,2.));
#9316=CARTESIAN_POINT('',(24.,-20.,3.00000000000001));
#9317=CARTESIAN_POINT('',(23.5,-20.,3.49999999999997));
#9318=CARTESIAN_POINT('',(23.875,-20.125,3.00000000000001));
#9319=CARTESIAN_POINT('Origin',(22.5,-22.5,0.));
#9320=CARTESIAN_POINT('',(20.,-25.,0.));
#9321=CARTESIAN_POINT('',(25.,-20.,0.));
#9322=CARTESIAN_POINT('',(22.5,-22.5,0.));
#9323=CARTESIAN_POINT('',(25.,-20.,0.));
#9324=CARTESIAN_POINT('',(20.,-25.,0.));
#9325=CARTESIAN_POINT('Origin',(24.5,18.75,2.5));
#9326=CARTESIAN_POINT('',(24.,18.75,3.));
#9327=CARTESIAN_POINT('',(25.,18.75,2.));
#9328=CARTESIAN_POINT('Origin',(0.,-24.5,2.50000000000001));
#9329=CARTESIAN_POINT('',(0.,-24.,3.00000000000001));
#9330=CARTESIAN_POINT('',(0.,-25.,2.));
#9331=CARTESIAN_POINT('Origin',(-24.5,6.25,2.5));
#9332=CARTESIAN_POINT('',(-24.,6.25,3.));
#9333=CARTESIAN_POINT('',(-25.,6.25,2.));
#9334=CARTESIAN_POINT('Origin',(-12.5,25.,0.));
#9335=CARTESIAN_POINT('',(-12.5,25.,0.));
#9336=CARTESIAN_POINT('Origin',(25.,12.5,0.));
#9337=CARTESIAN_POINT('',(25.,12.5,0.));
#9338=CARTESIAN_POINT('Origin',(0.,0.,0.));
#9339=CARTESIAN_POINT('',(12.5,-25.,0.));
#9340=CARTESIAN_POINT('',(-25.,-12.5,0.));
#9341=CARTESIAN_POINT('Origin',(-12.5,25.,3.));
#9342=CARTESIAN_POINT('',(-12.5,20.,3.));
#9343=CARTESIAN_POINT('',(-20.,-12.5,3.));
#9344=CARTESIAN_POINT('Origin',(15.,12.5,10.));
#9345=CARTESIAN_POINT('Origin',(-12.5,5.,24.));
#9346=CARTESIAN_POINT('Origin',(-12.5,10.,17.));
#9347=CARTESIAN_POINT('Origin',(-12.5,15.,10.));
#9348=CARTESIAN_POINT('Origin',(-12.5,20.,3.));
#9349=CARTESIAN_POINT('Origin',(-5.,-12.5,24.));
#9350=CARTESIAN_POINT('Origin',(-20.,-12.5,3.));
#9351=CARTESIAN_POINT('Origin',(-25.,-12.5,0.));
#9352=CARTESIAN_POINT('Origin',(12.5,-25.,0.));
#9353=CARTESIAN_POINT('Origin',(10.,0.,17.));
#9354=UNCERTAINTY_MEASURE_WITH_UNIT(LENGTH_MEASURE(0.01),#9358,
'DISTANCE_ACCURACY_VALUE',
'Maximum model space distance between geometric entities at asserted c
onnectivities');
#9355=UNCERTAINTY_MEASURE_WITH_UNIT(LENGTH_MEASURE(0.01),#9358,
'DISTANCE_ACCURACY_VALUE',
'Maximum model space distance between geometric entities at asserted c
onnectivities');
#9356=(
GEOMETRIC_REPRESENTATION_CONTEXT(3)
GLOBAL_UNCERTAINTY_ASSIGNED_CONTEXT((#9354))
GLOBAL_UNIT_ASSIGNED_CONTEXT((#9358,#9360,#9361))
REPRESENTATION_CONTEXT('','3D')
);
#9357=(
GEOMETRIC_REPRESENTATION_CONTEXT(3)
GLOBAL_UNCERTAINTY_ASSIGNED_CONTEXT((#9355))
GLOBAL_UNIT_ASSIGNED_CONTEXT((#9358,#9360,#9361))
REPRESENTATION_CONTEXT('','3D')
);
#9358=(
LENGTH_UNIT()
NAMED_UNIT(*)
SI_UNIT(.MILLI.,.METRE.)
);
#9359=(
LENGTH_UNIT()
NAMED_UNIT(*)
SI_UNIT($,.METRE.)
);
#9360=(
NAMED_UNIT(*)
PLANE_ANGLE_UNIT()
SI_UNIT($,.RADIAN.)
);
#9361=(
NAMED_UNIT(*)
SI_UNIT($,.STERADIAN.)
SOLID_ANGLE_UNIT()
);
#9362=SHAPE_DEFINITION_REPRESENTATION(#9363,#9364);
#9363=PRODUCT_DEFINITION_SHAPE('',$,#9366);
#9364=SHAPE_REPRESENTATION('',(#4887),#9356);
#9365=PRODUCT_DEFINITION_CONTEXT('part definition',#9370,'design');
#9366=PRODUCT_DEFINITION('Uo W\X\FCrfelstapel au\X\DFen',
'Uo W\X\FCrfelstapel au\X\DFen v4',#9367,#9365);
#9367=PRODUCT_DEFINITION_FORMATION('',$,#9372);
#9368=PRODUCT_RELATED_PRODUCT_CATEGORY('Uo W\X\FCrfelstapel au\X\DFen 
v4','Uo W\X\FCrfelstapel au\X\DFen v4',(#9372));
#9369=APPLICATION_PROTOCOL_DEFINITION('international standard',
'automotive_design',2009,#9370);
#9370=APPLICATION_CONTEXT(
'Core Data for Automotive Mechanical Design Process');
#9371=PRODUCT_CONTEXT('part definition',#9370,'mechanical');
#9372=PRODUCT('Uo W\X\FCrfelstapel au\X\DFen',
'Uo W\X\FCrfelstapel au\X\DFen v4',$,(#9371));
#9373=PRESENTATION_STYLE_ASSIGNMENT((#9374));
#9374=SURFACE_STYLE_USAGE(.BOTH.,#9375);
#9375=SURFACE_SIDE_STYLE('',(#9376));
#9376=SURFACE_STYLE_FILL_AREA(#9377);
#9377=FILL_AREA_STYLE('Stahl - satiniert',(#9378));
#9378=FILL_AREA_STYLE_COLOUR('Stahl - satiniert',#9379);
#9379=COLOUR_RGB('Stahl - satiniert',0.627450980392157,0.627450980392157,
0.627450980392157);
ENDSEC;
END-ISO-10303-21;
